time,x,y,z,a,b,slope,slip
1786712143.0377667,0.664811327465695,0.8473764076882372,0.1961998531565439,52.44804763793945,33.71276092529297,1.910006858452107e-06,4.06274330089218e-06
1786712143.0379436,0.30275809362560957,0.4853522982364108,0.1962062989670896,50.09007263183594,30.764938354492188,1.8952947584693902e-06,5.488053830049466e-06
1786712143.6377718,0.8062272813157136,0.705949196592078,0.19619966746191267,24.961769104003906,10.820531845092773,7.26191938156262e-05,4.004518632427789e-05
1786712143.6378396,0.44417360038154435,0.3439255342897932,0.1962071011724759,23.426591873168945,9.996729850769043,9.370381803819328e-07,2.327322363271378e-05
1786712144.2377415,0.94763893729693,0.5645221646418068,0.19620641775626343,0.0,0.0,9.243996464647353e-05,4.206727226119256e-06
1786712144.2379396,0.5855885375439625,0.20249522084308644,0.19620799081973198,8.94051742553711,3.3568620681762695,5.876490831724368e-05,1.783163497748319e-05
1786712144.8378265,1.0890531087114974,0.42310189002307247,0.1961988755234553,0.0,0.0,7.173910034907749e-06,0.0001085940093616955
1786712144.8380058,0.7270029993399549,0.06107465592711098,0.19620764376890495,4.970312118530273,1.8119096755981445,0.00012693698226939887,6.825866148574278e-05
1786712145.5378158,1.230462744938994,0.28167852632242135,0.19620957558639832,0.0,0.0,9.971527106245048e-07,6.812690116930753e-05
1786712145.5378857,0.8684205837181829,-0.08035665635415294,0.19620787158753125,4.970312118530273,1.8119096755981445,7.368205115199089e-05,5.591131412074901e-05
1786712146.2878218,1.3895548831434283,0.12258413115863245,0.19620989483109147,0.0,0.0,9.855708640316152e-07,0.00018328928854316473
1786712146.287976,1.0275099379501016,-0.23944826746973505,0.19620806403531493,0.0,0.0,0.0001648962206672877,0.00011809789430117235
1786712146.9876978,1.548655528883373,-0.0365134437983361,0.19620888714614607,0.0,0.0,5.597117365141457e-07,5.4637192079098895e-05
1786712146.9877927,1.1865971543730385,-0.3985324121497404,0.19620803909880655,0.0,0.0,5.137076186656486e-06,1.0707086403272115e-05
1786712147.7378254,1.7077356209655052,-0.1956128701163949,0.1962099094123162,0.0,0.0,6.055866469978355e-05,1.6825262719066814e-05
1786712147.7379103,1.3456833310255658,-0.5576379235841364,0.19620660411084212,0.0,0.0,1.8093749076797394e-06,1.688204974925611e-05
1786712148.4708552,1.866821402766938,-0.35471147830209515,0.1962085795196167,0.0,0.0,0.00024257067707367241,5.0175567594124004e-05
1786712148.470931,1.5047697398827264,-0.7167371588867181,0.19620844642557497,0.0,0.0,2.571409822849091e-07,1.3771264093520585e-05
1786712149.0377216,2.025904445835552,-0.5138135095641679,0.19620851292281388,0.0,0.0,5.1213850383646786e-05,0.15095409750938416
1786712149.0378022,1.6638583125360003,-0.8758447200457672,0.19620877955886779,0.0,0.0,3.872990532727272e-07,0.11613807827234268
1786712149.3376274,2.170926814305359,-0.6646668901934607,0.19619961512672604,0.0,0.0,7.032876396806387e-07,0.45149070024490356
1786712149.3377643,1.796094703884003,-1.0134431636646561,0.1962074009185866,0.0,0.0,5.584634550359624e-07,0.407070517539978
1786712149.6893604,2.241007908375697,-0.7547841109371614,0.19619768887330652,0.0,0.0,4.822850883101637e-07,0.4877118468284607
1786712149.6894906,1.8495677821682766,-1.0848123331427366,0.19620962814354587,0.0,0.0,4.694265953730792e-07,0.44712430238723755
1786712149.987773,2.305097382481936,-0.8527873014118263,0.1961976283599676,0.0,0.0,5.282190045363677e-07,0.46197640895843506
1786712149.987842,1.898538202134767,-1.1640004642226134,0.19621061853286562,0.0,0.0,5.739571520280151e-07,0.411670982837677
1786712150.287813,2.364342429989216,-0.9579687296118197,0.19619656161259805,0.0,0.0,6.346547252178425e-07,0.42117565870285034
1786712150.2879837,1.941977468849967,-1.2473678301363398,0.1962113074335803,0.0,0.0,1.7786959460863727e-07,0.3614221513271332
1786712150.7377882,2.4180559487615945,-1.0694697726741398,0.19619555766608363,0.0,0.0,1.0172885822612443e-06,0.3480164706707001
1786712150.7378924,1.9793908103963114,-1.3335093456650886,0.19621222272901787,0.0,0.0,3.294746022675099e-07,0.34908005595207214
1786712151.3377905,2.488752277633046,-1.2156962048781896,0.1962040559227245,0.0,0.0,6.98429403200862e-07,0.1129617691040039
1786712151.337864,2.0414159712675835,-1.4647629208278172,0.19620771280994403,0.0,0.0,1.0440007827128284e-06,0.08850345760583878
1786712151.6877239,2.588734845312815,-1.3991823550377036,0.19620050693165447,0.0,0.0,1.3109101928421296e-06,0.4555512070655823
1786712151.6878014,2.1337137161875983,-1.6339157612596813,0.1962077898642623,0.0,0.0,1.2824452824133914e-06,0.42368796467781067
1786712151.9877722,2.634014433332899,-1.5018261478638395,0.1961993751755255,0.0,0.0,1.5327042319768225e-06,0.5043625235557556
1786712151.9878685,2.1690058727714945,-1.7160947608919785,0.19620807046037153,0.0,0.0,1.8501722252040054e-06,0.4744681119918823
1786712152.2879033,2.6724431587900273,-1.6100788039242226,0.1961983897298594,0.0,0.0,1.589719772709941e-06,0.4921543300151825
1786712152.2880034,2.198732794077834,-1.8043530694219518,0.1962097721151422,0.0,0.0,1.5328897688959842e-06,0.4567398130893707
1786712152.5876484,2.7038376203384287,-1.7245056193391677,0.19619788297516036,0.0,0.0,1.6679715599821066e-06,0.44000956416130066
1786712152.5877464,2.2217467764558014,-1.896936527514458,0.1962101459469173,0.0,0.0,6.288782401497883e-07,0.39791232347488403
1786712152.938257,2.729033605939054,-1.8437697636785286,0.196197532342828,4.651993751525879,1.6920089721679688,6.761486019968288e-07,0.37929806113243103
1786712152.9383788,2.238676059845689,-1.9910568194920197,0.1962109147016432,0.0,0.0,1.3307914059623727e-06,0.33195099234580994
1786712153.486863,2.7470660861601925,-1.967051918667497,0.19619593755375173,4.651993751525879,1.6920089721679688,1.9200668077701266e-07,0.3575496971607208
1786712153.4869566,2.2490425793144397,-2.085865160266304,0.19621174395058708,0.0,0.0,1.1666924137898604e-06,0.31032243371009827
1786712153.587992,2.757917090459049,-2.0833210652185454,0.19619731531469103,4.651993751525879,1.6920089721679688,7.77296008891426e-06,0.36770257353782654
1786712153.5881102,2.253989215780658,-2.173878764663167,0.19621122276534503,0.0,0.0,1.3185049283492845e-06,0.31968551874160767
1786712153.937812,2.7596177835755182,-2.2001765436728995,0.19619663901824508,4.651993751525879,1.6920089721679688,4.005330629297532e-05,0.27555254101753235
1786712153.9379907,2.2512515948863947,-2.2610683983358655,0.196211916409596,0.0,0.0,9.850544984146836e-07,0.22362032532691956
1786712154.2878308,2.7526991060891652,-2.3211808660792506,0.19619555468372535,0.0,0.0,4.536120832199231e-05,0.190814808011055
1786712154.287894,2.2414290396837298,-2.3485106829360407,0.19621311476104375,0.0,0.0,7.510055297643703e-07,0.13630935549736023
1786712154.6377974,2.7362224709155054,-2.4448676281070414,0.1961944646397845,0.0,0.0,4.871257260674611e-05,0.1447412669658661
1786712154.6379778,2.2243109815567337,-2.4353478229903134,0.1962137784551792,0.0,0.0,1.0335845672670985e-06,0.08918026834726334
1786712154.9378886,2.7098443507760734,-2.5684812123780634,0.1961932648515466,0.0,0.0,7.361255848081782e-05,0.1329507827758789
1786712154.9379685,2.2000956444792985,-2.5205202282430528,0.1962139908163184,0.0,0.0,0.0005260008620098233,0.07736103236675262
1786712155.2892437,2.6740149212814233,-2.6895907381862734,0.196192321782716,0.0,0.0,7.768816203679307e-07,0.12144593894481659
1786712155.2893505,2.169373698604379,-2.6030966001608866,0.19621382209072108,0.0,0.0,0.0015372438356280327,0.06586083024740219
1786712155.58773,2.6288786189559903,-2.807531210561995,0.1961924106624038,0.0,0.0,7.184716537267377e-07,0.11228405684232712
1786712155.5878341,2.1323392620875885,-2.6826606108689304,0.19621273325998187,0.0,0.0,0.0015924334293231368,0.05675936117768288
1786712155.8892527,2.5746908134962276,-2.9215448693142565,0.19619161515426314,0.0,0.0,9.277590606870945e-07,0.10367461293935776
1786712155.8893802,2.089252367392009,-2.7587765840818084,0.19621075700128565,0.0,0.0,0.006552386097609997,0.04822343960404396
1786712156.2429366,2.511732954518295,-3.0309596968516885,0.19619021766551908,0.0,0.0,1.127565155911725e-06,0.09591206163167953
1786712156.2431679,2.040380224475914,-2.8310332017715005,0.19621134930964657,0.0,0.0,0.012744140811264515,0.04054216295480728
1786712156.537794,2.4403509348864407,-3.1350996660496357,0.19618901884803702,0.0,0.0,1.360050532639434e-06,0.08972518146038055
1786712156.5379353,1.986025056484505,-2.899023416387083,0.19621267416159172,0.0,0.0,0.01713041588664055,0.034441158175468445
1786712156.8880038,2.3609694152572027,-3.233290095377056,0.19619237687613408,0.0,0.0,1.6396415958297439e-06,0.0864463821053505
1786712156.888049,1.9265282653265998,-2.962356733035838,0.1962128086623229,0.0,0.0,0.02592342719435692,0.03125983104109764
1786712157.1876404,2.274140973388236,-3.324859442232547,0.1961927642486221,0.0,0.0,2.192984538851306e-06,0.0821303203701973
1786712157.1877265,1.862300328991041,-3.0206698909208574,0.19621501949608083,0.0,0.0,0.028675641864538193,0.027030395343899727
1786712157.537913,2.180347649740238,-3.409270878779814,0.19619278567138043,0.0,0.0,2.7936443984799553e-06,0.07928217202425003
1786712157.5380461,1.7937217362416362,-3.073615694830282,0.1962151279572164,0.0,0.0,0.04161158204078674,0.02426261641085148
1786712157.8378582,2.0801961694060536,-3.4859713808585315,0.19619288493830414,0.0,0.0,3.4765616874210536e-06,0.07449636608362198
1786712157.8379908,1.7212328093141658,-3.1208833015573108,0.19621441834062822,0.0,0.0,0.051558904349803925,0.019534103572368622
1786712158.5114539,1.9742007294636532,-3.554521504861724,0.19619267926317197,0.0,0.0,3.0704575237905374e-06,0.0733669176697731
1786712158.5115523,1.6452369445933765,-3.162186408584661,0.19621442991200455,0.0,0.0,0.05698661133646965,0.018464751541614532
1786712158.5379088,1.8631513347093316,-3.614422624585784,0.19619267817516559,0.0,0.0,2.7281673737888923e-06,0.07124018669128418
1786712158.5380476,1.566265624834951,-3.197286106410926,0.19621452631627875,0.0,0.0,0.06901289522647858,0.016385508701205254
1786712158.8879142,1.7476903821793273,-3.6653173287579848,0.19619252410856394,0.0,0.0,2.2067213194532087e-06,0.07008752226829529
1786712158.8880415,1.4847916819420073,-3.2259674989734166,0.19621447402231781,0.0,0.0,0.06799730658531189,0.015274601057171822
1786712159.2379205,1.6285736457284212,-3.706876729576764,0.19619257136998755,-2.9802322387695312e-05,1.1920928955078125e-05,2.291994860570412e-06,0.06782304495573044
1786712159.238148,1.401338859484004,-3.2480648384524726,0.19621455785290112,0.0,0.0,0.07388483732938766,0.013038710691034794
1786712159.5878108,1.5064866925691254,-3.7388403841443156,0.19619277531744056,0.0,0.0,2.6481229724595323e-06,0.06736212968826294
1786712159.5879803,1.316405365202658,-3.2634320455290626,0.19621647525686897,0.0,1.1920928955078125e-05,0.07448498159646988,0.012605263851583004
1786712159.937664,1.382270843759682,-3.7609906874506236,0.19619293512082708,0.0,0.0,3.0980236260802485e-06,0.06630551815032959
1786712159.9378746,1.230551379369129,-3.2719863893642303,0.19621697836281315,0.0,0.0,0.045135028660297394,0.011568308807909489
1786712160.337859,1.2566767701512016,-3.7731885860547254,0.1961929615201249,-2.9802322387695312e-05,1.1920928955078125e-05,3.073137122555636e-06,0.06598355621099472
1786712160.3379927,1.1443052276934367,-3.273672184039919,0.1962167069494256,-2.9802322387695312e-05,1.1920928955078125e-05,0.050418440252542496,0.011264604516327381
1786712161.589244,1.1305284771080708,-3.775355663441215,0.19619392100564376,-2.9802322387695312e-05,1.1920928955078125e-05,2.7503774617798626e-06,0.6055522561073303
1786712161.589303,1.0582219315358463,-3.2684870779739255,0.19621702513135209,-2.9802322387695312e-05,1.1920928955078125e-05,0.05485553666949272,0.5187906622886658
1786712162.3906372,0.769884321625975,-3.798616896390636,0.19620182540506836,0.0,0.0,2.0155134734523017e-06,5.542394319490995e-06
1786712162.3908281,0.7193700899220323,-3.289114872483544,0.19620729696388944,0.0,1.1920928955078125e-05,0.10978706926107407,5.271694590192055e-06
1786712163.0878122,0.5459836199822629,-3.8208154302866255,0.19620154354235184,0.0,0.0,2.5109393391176127e-06,4.684099258156493e-05
1786712163.0879712,0.4954695261349348,-3.31131339272231,0.1962079148886818,0.0,0.0,0.02971845678985119,3.9750782889313996e-05
1786712163.8934946,0.34695994063414054,-3.84054637868519,0.1962012821669853,0.0,0.0,2.144089421562967e-06,0.00010479614866198972
1786712163.893582,0.29644481949696394,-3.331044443011606,0.19621030254731564,0.0,0.0,0.004168810788542032,9.301037061959505e-05
1786712164.7377403,0.12306190202270142,-3.862745631363128,0.19620479686599773,0.0,0.0,1.3418261914921459e-06,0.8870192170143127
1786712164.7378805,0.07254546935088405,-3.353243825672894,0.1962101358873351,0.0,0.0,1.1140941751364153e-06,0.7292268872261047
1786712165.1379077,-0.13718582918008995,-3.8731690901300913,0.196198988393829,0.0,0.0,6.825396212661872e-07,0.7481819987297058
1786712165.1380734,-0.14827918852581548,-3.361289282707936,0.19621047245832263,0.0,0.0,9.513260010862723e-07,0.6834070682525635
1786712165.4878457,-0.2477325698752142,-3.862291834635119,0.19619818340406112,0.0,0.0,4.2738088268379215e-07,0.6650534272193909
1786712165.4879105,-0.23587461412457916,-3.3504291687573096,0.19621106277398878,0.0,0.0,6.052504772924294e-07,0.598361611366272
1786712165.7876182,-0.36178620639249576,-3.8428608037994048,0.19619652770391433,0.0,0.0,7.234671670630632e-07,0.5519277453422546
1786712165.787707,-0.3240043385264065,-3.3322567201461695,0.1962112650396845,0.0,0.0,6.90850640694407e-07,0.4835776686668396
1786712166.137639,-0.47846818370656746,-3.8152932247544706,0.19619535476083808,0.0,0.0,3.4407136695335794e-07,0.45193353295326233
1786712166.137705,-0.41102663469182393,-3.3077544211328878,0.19621223268888596,0.0,0.0,7.976143479027087e-07,0.38218754529953003
1786712167.337821,-0.5963421340481182,-3.778677272197332,0.19619444313035264,0.0,0.0,1.2522743872978026e-06,0.8303285837173462
1786712167.3379726,-0.4961334908581806,-3.2765794455854933,0.19621292825660439,0.0,0.0,7.725587352069851e-07,0.7170395851135254
1786712168.0392177,-0.9211335641912136,-3.690582867858293,0.19620906205912683,0.0,0.0,8.219195706260507e-07,2.1650499547831714e-05
1786712168.0392854,-0.8030389728739015,-3.192388460525631,0.1962070483163891,4.371941089630127,1.5869736671447754,8.722188908905082e-07,1.866928687377367e-05
1786712168.78907,-1.115739831170357,-3.6444525831181753,0.1962094221991402,0.0,0.0,1.1789860536737251e-06,3.390576603123918e-05
1786712168.7892597,-0.9976456047986592,-3.146258089274985,0.19620800868160373,4.651993751525879,1.6920089721679688,9.336633866041666e-07,3.0475714083877392e-05
1786712169.5889883,-1.3103473557409742,-3.5983202958267486,0.19621017790555845,0.0,0.0,9.811702739170869e-07,1.3607974324258976e-05
1786712169.5891473,-1.1922528640813908,-3.1001258648770444,0.19620695835854596,8.42413330078125,3.150463104248047,1.1595743671932723e-06,1.0179760465689469e-05
1786712170.4379458,-1.5292765049529446,-3.546425420146741,0.19621141010329418,0.0,0.0,1.0614145367071615e-06,4.4453357986640185e-05
1786712170.4380367,-1.411182830506713,-3.0482307954949497,0.1962065266628944,9.523838996887207,3.592073917388916,1.045953013090184e-06,4.074844400747679e-05
1786712171.7378182,-1.7482030261108823,-3.494530636223306,0.19620979984638295,0.0,0.0,4.440330201305187e-07,0.7248347401618958
1786712171.7379966,-1.630108565971535,-2.9963361977982474,0.19620720432734598,0.0,0.0,9.486370231570618e-07,0.595015287399292
1786712172.1391816,-2.0832236736693637,-3.3961808172018606,0.19619718079580578,0.0,0.0,9.224416430697602e-07,0.7557700872421265
1786712172.139272,-1.9206174007220709,-2.9106880779583766,0.1962090150215991,0.0,0.0,7.203338441286178e-07,0.6939897537231445
1786712172.5378752,-2.1889385597001763,-3.347584698131707,0.19619683534782667,0.0,0.0,1.255489792129083e-06,0.7004848122596741
1786712172.53806,-2.004875410930155,-2.8698140867815467,0.1962107981356836,0.0,0.0,6.832028134340362e-07,0.6364213824272156
1786712172.9382882,-2.2942800246968367,-3.2901666029535837,0.19619640555578519,0.0,0.0,1.3227052022557473e-06,0.606918215751648
1786712172.9392114,-2.0870527794375824,-2.8219776789027926,0.1962111847203801,0.0,0.0,8.438407235189516e-07,0.5414204001426697
1786712173.5382776,-2.3985426770620792,-3.224826546628185,0.19619615085231523,0.0,0.0,8.303271101794962e-07,0.5206282734870911
1786712173.53854,-2.165766895636226,-2.7688008507103263,0.19621177824966213,0.0,0.0,4.866678295911697e-07,0.4540773928165436
1786712173.6881099,-2.5003250255913283,-3.1512555822760793,0.19619531658826744,0.0,0.0,9.313446867054154e-07,0.4587059020996094
1786712173.6881735,-2.240199718805462,-2.71025804886419,0.19621246851119423,0.0,0.0,5.373132125896518e-07,0.39181333780288696
1786712174.087829,-2.5976330535737984,-3.070046716841928,0.1961949204657316,0.0,0.0,1.4243076975617441e-06,0.41999030113220215
1786712174.087986,-2.309479873103888,-2.646830762198602,0.1962128205541849,0.0,0.0,1.4470106179942377e-06,0.35334086418151855
1786712174.4376907,-2.688883992010043,-2.982187101486335,0.19619460008797754,0.0,0.0,1.409352421433141e-06,0.3855147361755371
1786712174.437795,-2.3730246204755088,-2.579226983021871,0.19621306395463436,0.0,0.0,2.4654159460624214e-06,0.3190944492816925
1786712174.837829,-2.7734822818517655,-2.887994973047327,0.19619420774742186,0.0,0.0,7.74266652570077e-07,0.3548751473426819
1786712174.8379545,-2.430591056802302,-2.507771870886158,0.1962133654065238,0.0,0.0,2.32459933613427e-05,0.2886480689048767
1786712175.2398024,-2.850875934215804,-2.7878518485736232,0.19619496123362504,0.0,0.0,1.312931090069469e-06,0.329433411359787
1786712175.2401152,-2.481964912025242,-2.432818529913455,0.19621360157223192,0.0,0.0,6.970767572056502e-05,0.26338881254196167
1786712175.6379929,-2.920513279161209,-2.682269829936319,0.19619416499136913,0.0,0.0,1.4877414287184365e-06,0.3069930672645569
1786712175.6380868,-2.5269566509825583,-2.354768410029266,0.1962135432205959,0.0,0.0,0.0011317981407046318,0.24107705056667328
1786712176.037773,-2.9819366138182746,-2.57175512460989,0.19619283337763652,0.0,0.0,1.256919972547621e-06,0.28805217146873474
1786712176.037879,-2.565401714740795,-2.2740259231461843,0.19621395913904824,0.0,0.0,0.001262205303646624,0.2222316414117813
1786712176.4377482,-3.0347111056997083,-2.4569016550869414,0.19619271432411634,0.0,0.0,1.715588609840779e-06,0.2717791497707367
1786712176.4379082,-2.5971553478881484,-2.1910277030935275,0.19621410019619406,0.0,0.0,0.004950338043272495,0.2060072124004364
1786712176.8378968,-3.078470665623134,-2.3383280908050836,0.19619326996994893,0.0,0.0,1.9782414710789453e-06,0.258016437292099
1786712176.8380015,-2.622103931286597,-2.1062216424708784,0.19621407105529273,0.0,0.0,0.009486906230449677,0.19225428998470306
1786712177.237901,-3.1128934949503275,-2.2167008830883046,0.19619314730819548,0.0,0.0,2.157544713554671e-06,0.24823430180549622
1786712177.2380824,-2.6401552729407554,-2.0200728764090345,0.19621413695330314,0.0,0.0,0.015673110261559486,0.18250590562820435
1786712177.6378205,-3.137716848231903,-2.092830679415304,0.1961930481288409,0.0,0.0,2.2099602574598975e-06,0.24093914031982422
1786712177.638006,-2.6512691666260797,-1.9331038732444763,0.19621427985406278,0.0,0.0,0.022399337962269783,0.17524383962154388
1786712178.0378952,-3.152764281495099,-1.9674904490712541,0.1961929728355591,0.0,0.0,1.798112293727172e-06,0.23256492614746094
1786712178.0381105,-2.6554314076787304,-1.8458187096827032,0.1962143203531893,0.0,0.0,0.02889196388423443,0.16679613292217255
1786712178.5467737,-3.157918024619218,-1.8412997668350357,0.1961928469309914,0.0,0.0,1.8879953813666361e-06,0.22750742733478546
1786712178.5468576,-2.6526277156476676,-1.758681952815683,0.19621443626354426,0.0,0.0,0.03031151555478573,0.16172264516353607
1786712178.787767,-3.153119383919308,-1.715140023620231,0.19619278182307118,0.0,0.0,2.024194373007049e-06,0.22323590517044067
1786712178.7879312,-2.6429201985348714,-1.6722355860663027,0.1962144898552677,0.0,0.0,0.03537829592823982,0.1574140042066574
1786712179.1879609,-3.138388714163038,-1.5897784758193698,0.19619274052889216,0.0,0.0,1.9070457710768096e-06,0.21971386671066284
1786712179.1882107,-2.6263963079700936,-1.586990013076823,0.1962145646546655,0.0,0.0,0.0396670326590538,0.153845876455307
1786712179.5946763,-3.1137950052804153,-1.4659850704431752,0.1961924262657297,0.0,0.0,2.1266248495521722e-06,0.21611957252025604
1786712179.5964842,-2.6031674828116773,-1.5034488241633075,0.1962137484468785,0.0,0.0,0.04707936570048332,0.15016448497772217
1786712179.9879622,-3.0794624882173043,-1.3444953663796333,0.1961923971333497,0.0,0.0,2.2838389668322634e-06,0.21476083993911743
1786712179.9881816,-2.573379532130329,-1.4221100626559398,0.1962143107292019,0.0,0.0,0.04832776263356209,0.1487971395254135
1786712180.3378725,-3.0356337427206554,-1.2261611588943109,0.19619269211550375,-2.9802322387695312e-05,1.1920928955078125e-05,2.443706989652128e-06,0.21375423669815063
1786712180.33808,-2.5372575123587877,-1.3434860605253252,0.1962143154197872,0.0,0.0,0.054506946355104446,0.1477796882390976
1786712180.6876936,-2.9825919772252556,-1.1117197323540313,0.19619271186678597,0.0,1.1920928955078125e-05,2.3998290998861194e-06,0.21118897199630737
1786712180.6878285,-2.4950435610278667,-1.2680544418271447,0.1962145607884814,0.0,0.0,0.06251196563243866,0.14509786665439606
1786712181.0879183,-2.9205900145525883,-1.0017936706243813,0.19619264370785416,0.0,1.1920928955078125e-05,2.229146275567473e-06,0.2400614470243454
1786712181.0880668,-2.4469586351313204,-1.1962604182926866,0.1962145256398639,0.0,0.0,0.05510919541120529,0.1757684350013733
1786712182.8439574,-2.7940066071825678,-0.804707008112533,0.19620299834273222,0.0,0.0,2.3095253709470853e-06,0.8219928741455078
1786712182.8440793,-2.346065504098145,-1.052684362232462,0.196206343505932,0.0,0.0,0.07374124974012375,0.8160589337348938
1786712183.553941,-2.7643624334145103,-0.7548880793517173,0.19619911304503637,-2.9802322387695312e-05,1.1920928955078125e-05,2.2457888917415403e-06,0.7003202438354492
1786712183.5540085,-2.319707127722958,-1.008710180604734,0.1962051009905604,-2.9802322387695312e-05,1.1920928955078125e-05,0.07691960781812668,0.7267480492591858
1786712183.5879261,-2.7262704842211187,-0.6889860568749253,0.19620184847178945,0.0,0.0,2.0470890831347788e-06,0.7379891276359558
1786712183.588032,-2.282932209898245,-0.9451016059948245,0.1962062563212873,-2.9802322387695312e-05,1.1920928955078125e-05,0.083031564950943,0.7522454261779785
1786712183.987863,-2.687940453330023,-0.6257732317998903,0.19620319790409504,0.0,0.0,2.352752744627651e-06,0.7511541843414307
1786712183.9879563,-2.2468787713154588,-0.8857897555941894,0.19620672094434718,0.0,1.1920928955078125e-05,0.0771075189113617,0.7551344037055969
1786712184.3880243,-2.646394206007898,-0.5617694597274857,0.19620317671738835,0.0,0.0,2.487433675923967e-06,0.7544288039207458
1786712184.3881154,-2.208751033523049,-0.8274994986071816,0.1962069703797944,0.0,1.1920928955078125e-05,0.07380243390798569,0.7481855750083923
1786712185.9378088,-2.574109375672199,-0.4519225766326014,0.19620226115853234,0.0,0.0,2.0837981082877377e-06,0.8069568276405334
1786712185.937944,-2.144511656615377,-0.7304720332467822,0.19620331946370184,-2.9802322387695312e-05,1.1920928955078125e-05,0.062325648963451385,0.7801946997642517
1786712186.3404417,-2.542820476661694,-0.408641176160244,0.19620428399929804,0.0,0.0,1.9308736227685586e-06,0.7283670902252197
1786712186.3405926,-2.1193011312663748,-0.6963482564875572,0.19620661927251717,0.0,0.0,0.05313699319958687,0.7393193244934082
1786712186.7418344,-2.4968978713335894,-0.34505612853654805,0.1962035432564554,0.0,0.0,1.9791839349636575e-06,0.7602972984313965
1786712186.7418973,-2.07657266792909,-0.6374098926126979,0.19620721382867334,0.0,0.0,0.032364461570978165,0.7569115161895752
1786712187.1878262,-2.44995259926612,-0.28429695100176045,0.19620273552844147,0.0,0.0,1.6895675116757047e-06,0.7581219673156738
1786712187.1879456,-2.034364490680047,-0.5833463181362297,0.196207016178797,-2.9802322387695312e-05,1.1920928955078125e-05,0.02681976556777954,0.738419234752655
1786712187.5878954,-2.397499857785994,-0.2225125096319505,0.1962010724229573,0.0,0.0,8.27977373774047e-07,0.7229800820350647
1786712187.5880656,-1.9892222580929708,-0.5314678486875107,0.19620868603974084,0.0,0.0,0.011879504658281803,0.6869573593139648
1786712187.9879596,-2.3375716332565504,-0.15991898033639887,0.196199320395257,0.0,0.0,2.3293976880722767e-07,0.6563579440116882
1786712187.9881856,-1.9400488616075902,-0.4825947400671413,0.19620945533183992,0.0,0.0,0.010431500151753426,0.604370653629303
1786712188.5741704,-2.2683009894827233,-0.09694561459970094,0.19619749460768338,0.0,0.0,2.2974806768161216e-07,0.5746041536331177
1786712188.5742545,-1.885959224470996,-0.43747281549481754,0.1962108457794638,0.0,0.0,0.004656268283724785,0.5077155828475952
1786712188.8879354,-2.1882986328612217,-0.034720520087904605,0.19619559520451904,0.0,0.0,1.0311749747415888e-06,0.49552586674690247
1786712188.888085,-1.826298538357179,-0.39679776502544006,0.19621225378311338,0.0,0.0,0.00406466843560338,0.4152715802192688
1786712189.3380687,-2.0970349828779766,0.02507558501085111,0.1961938584400842,0.0,0.0,9.026687735058658e-07,0.4306079149246216
1786712189.3381507,-1.760898159793771,-0.3611316595884259,0.196213502565725,0.0,0.0,6.10191250416392e-07,0.33915698528289795
1786712189.7378523,-1.9949147853714435,0.08040622734165159,0.19619245905679508,0.0,0.0,5.24529184531275e-07,0.3861790597438812
1786712189.7379398,-1.6900628140288867,-0.33094432276839497,0.19621465633472837,0.0,0.0,5.491286856340594e-07,0.28672924637794495
1786712190.1879437,-1.88329407759415,0.12902863521550756,0.1961915562920128,0.0,0.0,4.582259407470701e-07,0.378012090921402
1786712190.1880221,-1.6144421309563444,-0.3067036567136944,0.19621520343031973,0.0,0.0,2.9682669264730066e-05,0.2772940695285797
1786712190.5878615,-1.7658877862701154,0.16883132524254746,0.19619518363734725,0.0,0.0,8.806154028206947e-07,0.3862287402153015
1786712190.5880585,-1.5354794132132445,-0.28839507516585494,0.19621505474936043,0.0,0.0,0.0001685992901911959,0.2876947820186615
1786712190.9879422,-1.645400500651054,0.1990178014142763,0.19619500893051783,0.0,0.0,9.013838280225173e-07,0.49427706003189087
1786712190.9880672,-1.4544042942488336,-0.2760237215519551,0.19621946059472722,0.0,0.0,0.000341895007295534,0.41514918208122253
1786712191.3879309,-1.5499657951643464,0.21068996034258297,0.1961950045283622,0.0,0.0,9.376515208714409e-07,0.28010955452919006
1786712191.3880172,-1.3919950376093146,-0.2763308186848017,0.19621852151639946,0.0,0.0,0.0014520772965624928,0.16595201194286346
1786712191.7435677,-1.39761688666174,0.22968666802337248,0.19619421673698836,0.0,0.0,1.4241539929571445e-06,0.501679539680481
1786712191.743638,-1.2882697751451528,-0.2705005055700352,0.19621820876441712,0.0,0.0,0.005067054182291031,0.42317333817481995
1786712192.1895504,-1.3006090761806237,0.22578395001670246,0.19619324813120279,0.0,0.0,2.2160454591357848e-06,0.27621859312057495
1786712192.1896148,-1.22544258768368,-0.2806684153796736,0.19621756796734105,0.0,0.0,0.009725742042064667,0.16458694636821747
1786712192.5931573,-1.146658593422677,0.21971557461328206,0.19619264477754647,0.0,0.0,1.595651156094391e-06,0.3924373984336853
1786712192.5941248,-1.1211190605732477,-0.2916470479075429,0.19621610660049218,0.0,0.0,0.015436758287250996,0.298284649848938
1786712192.987893,-1.0223525060072158,0.19948790351430246,0.19619225703106177,0.0,0.0,2.2123749658931047e-06,0.39305293560028076
1786712192.9880743,-1.0387882548713905,-0.3122482254152842,0.19621478335605388,0.0,0.0,0.018195267766714096,0.29962626099586487
1786712193.5712001,-0.900002405102058,0.16927751074873226,0.19619193982997224,0.0,0.0,2.5384815671714023e-06,0.3934673070907593
1786712193.5713012,-0.9581055909771218,-0.33941494970100367,0.19621368291313435,0.0,0.0,0.022158322855830193,0.30068308115005493
1786712193.7905955,-0.7804290944471451,0.12929390580342282,0.1961917428418347,0.0,0.0,1.798385937945568e-06,0.3941133916378021
1786712193.7908063,-0.8796440273315546,-0.3730012232265175,0.19621285060595897,0.0,0.0,0.018257463350892067,0.30200546979904175
1786712194.2884827,-0.6644737263879723,0.07985567601359328,0.1961918088969479,0.0,0.0,3.4490124107833253e-06,0.3951044976711273
1786712194.292455,-0.8039650663092681,-0.4127762004033729,0.1962124210422662,18.519580841064453,7.5380144119262695,0.016128448769450188,0.30376240611076355
1786712194.6890712,-0.5529528367558794,0.021367227126040556,0.19619229036125613,0.0,0.0,3.584793603295111e-06,0.39408761262893677
1786712194.6891317,-0.7316013140980335,-0.45845432404821596,0.19621620813999785,21.133363723754883,8.816361427307129,0.011572747491300106,0.30266985297203064
1786712195.0878544,-0.44629329263406703,-0.046003399988559956,0.19619245368395774,0.0,0.0,4.03717103836243e-06,0.5265740752220154
1786712195.0879934,-0.6629877883850197,-0.5098864619684542,0.19621032539214692,33.14076232910156,15.756404876708984,0.010698213241994381,0.4505052864551544
1786712195.487998,-0.370618743619354,-0.10750698481009027,0.19619368791693445,0.0,0.0,3.7511451864702394e-06,0.26069775223731995
1786712195.488074,-0.6170819252698597,-0.5562829863129642,0.19621747451561353,44.084938049316406,24.416732788085938,0.02293715439736843,0.1559385359287262
1786712195.8412075,-0.25097029108056323,-0.20492664105667,0.19619382173292826,0.0,0.0,3.0852122563373996e-06,0.39450278878211975
1786712195.8413057,-0.5389108948271787,-0.6282872534750781,0.19621762813913246,48.724830627441406,29.187185287475586,0.0500812828540802,0.30399543046951294
1786712196.2424622,-0.16336922565371614,-0.2956613994658651,0.1961953517640792,0.0,1.1920928955078125e-05,1.8879408116845298e-06,0.39419856667518616
1786712196.2425995,-0.48427010832087813,-0.6946183183699156,0.19621437867377362,52.44804763793945,33.71276092529297,0.04082842171192169,0.3037347197532654
1786712196.6378121,-0.08325114401018727,-0.39314931133993947,0.19618955185252235,0.0,0.0,1.3325702639122028e-06,0.3945409953594208
1786712196.6379318,-0.4350525876096323,-0.765143590396756,0.19621465854321823,58.51356506347656,42.85289001464844,6.5583744799369015e-06,0.3043751120567322
1786712196.98785,-0.011202165112856488,-0.49666602970471435,0.19619106132895417,0.0,0.0,2.406342503036285e-07,0.3952326476573944
1786712196.9879584,-0.3915905394545962,-0.8393738996117186,0.19621492452966624,58.97966003417969,43.59415054321289,4.387449735077098e-06,0.3054429888725281
1786712197.3879008,0.05232205425693384,-0.6054624572735448,0.19619139382562645,-2.9802322387695312e-05,1.1920928955078125e-05,1.4193726656230865e-06,0.39430704712867737
1786712197.3879626,-0.354153346654965,-0.9167850356466551,0.19621686203299044,59.0042610168457,43.55530548095703,1.721454827929847e-05,0.30417102575302124
1786712197.7378504,0.10702780461044621,-0.7191552374208052,0.196193221307006,0.0,0.0,2.0216507436998654e-06,0.39465662837028503
1786712197.7380373,-0.3230139540268804,-0.9970186665487721,0.19621733276884695,56.484073638916016,39.21892547607422,1.284044083149638e-05,0.3047224283218384
1786712198.5897646,0.15248345834355237,-0.8367794842131634,0.19619260210007095,0.0,0.0,5.685989890480414e-06,0.3956514894962311
1786712198.589856,-0.29834817589027746,-1.0794620694881343,0.1962120523127458,56.52217483520508,39.112056732177734,3.3333332538604736,0.30614563822746277
1786712198.589955,0.18841019157846217,-0.9574510615912997,0.19619454559000252,-2.9802322387695312e-05,1.1920928955078125e-05,2.5467286377534037e-06,0.40680697560310364
1786712198.5901744,-0.28028447089461156,-1.1635319021155321,0.19621774208455575,56.529640197753906,39.090675354003906,3.3333332538604736,0.3311922550201416
1786712199.139456,0.21548689539169846,-1.0765459754987636,0.1961978349050512,-2.9802322387695312e-05,1.1920928955078125e-05,2.5179881504300283e-06,0.22593346238136292
1786712199.139964,-0.26643154684510834,-1.24945813444179,0.1962157712091945,51.28319549560547,31.851572036743164,3.3333332538604736,0.24050606787204742
1786712199.937771,0.25940654262699503,-1.2225959005341729,0.19620320504444574,0.0,0.0,2.8554838991112774e-06,0.0006895599653944373
1786712199.9378676,-0.22478863066228322,-1.3890261686230907,0.19620842201810704,44.52876663208008,24.676578521728516,0.0710197165608406,0.005133753176778555
1786712200.437965,0.32452801815866955,-1.4120173632175768,0.19620398500545702,0.0,0.0,3.806224185609608e-06,0.26401570439338684
1786712200.438197,-0.15995690917813965,-1.5776022511927275,0.19621158129413382,19.710779190063477,8.104455947875977,0.04739153012633324,0.2104644626379013
1786712200.8378289,0.3625139033335404,-1.5419184903274408,0.19620049650986832,0.0,0.0,2.887977416321519e-06,0.44778382778167725
1786712200.8379645,-0.12969461835915375,-1.682896400229807,0.19621012215389405,15.591949462890625,6.180995941162109,0.046241555362939835,0.40992817282676697
1786712201.2378888,0.382746794037741,-1.6530843545943648,0.1961990280285937,0.0,0.0,2.635129703776329e-06,0.4445283114910126
1786712201.2380583,-0.11613914303384687,-1.7682226263457417,0.19621207830735013,9.519547462463379,3.589940071105957,0.0415094755589962,0.4050881564617157
1786712201.6379478,0.3929801143373926,-1.769485206388298,0.19619876675963607,0.0,0.0,2.317616690561408e-06,0.4173349440097809
1786712201.6380286,-0.11131561425062547,-1.8579714646497187,0.19621382574764037,4.651993751525879,1.6920089721679688,0.026450293138623238,0.3692217469215393
1786712202.0880487,0.3948082179969177,-1.89029512312426,0.1961976460557781,0.0,0.0,2.525120635255007e-06,0.5488691329956055
1786712202.088166,-0.11383396055294448,-1.9488368510511058,0.19621471618547948,4.651993751525879,1.6920089721679688,0.001792614464648068,0.5059669017791748
1786712202.5884223,0.386861566554335,-1.984681335925656,0.19619692345184195,0.0,0.0,1.5958482890710002e-06,0.19198280572891235
1786712202.5885625,-0.12402403015175101,-2.0184438412496517,0.19621460150482448,0.0,0.0,0.0003139709879178554,0.1736997365951538
1786712203.616207,0.3844858088266133,-2.1453234726789168,0.19620423427793857,0.0,0.0,2.0553808610657143e-07,0.00436621718108654
1786712203.6163046,-0.12731112621627994,-2.159742115799908,0.19620758837717076,0.0,0.0,6.371655558723432e-07,0.0020145573653280735
1786712204.5379179,0.39062887511880884,-2.344588007791744,0.19620509237595507,0.0,0.0,1.1240261983402888e-06,6.73142085361178e-06
1786712204.5380921,-0.12113038550424737,-2.360287025740261,0.1962065048014477,0.0,0.0,6.826472258580907e-07,2.6901691398961702e-06
1786712205.4378695,0.39752827780161687,-2.56948159805909,0.1962053168777991,0.0,0.0,6.956673814784153e-07,0.016721336171030998
1786712205.4379976,-0.11423101447373368,-2.5851795841024288,0.19620732076554306,0.0,0.0,9.597129064786714e-07,0.006545360665768385
1786712205.9380016,0.4042136519676559,-2.7963380693816213,0.1962038678628472,0.0,0.0,1.264849771587251e-07,0.30144259333610535
1786712205.9382195,-0.10764304180186071,-2.808451080630309,0.19620522008970467,0.0,0.0,2.2959266061661765e-06,0.27271416783332825
1786712206.437928,0.40000843683921483,-2.9351529207001796,0.19619930313164646,0.0,0.0,2.21348742002192e-07,0.39671358466148376
1786712206.4380348,-0.1118136492691362,-2.9216565465607047,0.19620683858582189,0.0,0.0,1.3370068927542889e-06,0.43237045407295227
1786712207.2379372,0.39222435271188805,-3.062375755756134,0.19620342716167968,0.0,0.0,5.548276362787874e-07,0.0068030343391001225
1786712207.2380056,-0.11948989352946263,-3.0452722416855686,0.1962037175008768,0.0,0.0,6.139040920061234e-07,0.00044901121873408556
1786712208.0379357,0.3860946156281647,-3.2616419248848674,0.19620390988701691,0.0,0.0,0.0,0.1250000298023224
1786712208.0380716,-0.12566079234735628,-3.245817816451644,0.19620422875569615,0.0,0.0,4.0103034848471e-07,0.12499947845935822
1786712208.8879158,0.3806857795510812,-3.4365590705209175,0.1962030932610543,0.0,0.0,4.4164715973238344e-07,0.11111142486333847
1786712208.8881006,-0.1310696275656573,-3.4207349343150955,0.19620344087952332,0.0,0.0,3.9347443703263707e-07,0.11111070215702057
1786712209.7879434,0.3737320943571799,-3.661451579211468,0.1962017181067393,0.0,0.0,2.570538697455049e-07,4.085540240339469e-06
1786712209.788103,-0.13802331944469678,-3.645627659202128,0.19620180772266066,0.0,0.0,9.486372221090278e-08,2.8172378279123222e-06
1786712210.7879198,0.36755067240720773,-3.8613564946590557,0.19620004112557846,0.0,0.0,0.005106446798890829,0.027513660490512848
1786712210.788057,-0.14420476072778987,-3.8455331999084805,0.19619982346577722,-6.46364688873291,4.706370830535889,0.00860216747969389,0.023065324872732162
1786712211.6905236,0.3568521863745795,-4.077207407370263,0.2155050074031993,-24.93014907836914,19.340307235717773,0.11472497880458832,0.011784616857767105
1786712211.6912978,-0.1548511000901878,-4.060294006713724,0.21129983209320194,-40.834068298339844,33.996952056884766,0.1162976324558258,0.0018384079448878765
1786712212.042305,0.34577482919468505,-4.2887924714536405,0.24681361968373391,-54.53944396972656,48.93473434448242,0.304795503616333,0.7173246145248413
1786712212.0423896,-0.16560587210290378,-4.267451367290886,0.2334593838950104,-62.47982406616211,58.642887115478516,0.30131664872169495,0.7297541499137878
1786712212.2423666,0.36271528504714856,-4.358366408751355,0.25681343513466953,-61.961143493652344,57.99686813354492,0.3435142934322357,0.7449151873588562
1786712212.2424414,-0.14555363415811098,-4.298453519991439,0.24207737289405318,-65.85791778564453,62.80695724487305,0.33547070622444153,0.7521826028823853
1786712212.4378912,0.376921309324953,-4.40974395491431,0.26325726767137275,-65.5991439819336,62.493526458740234,0.3745881915092468,0.6047391295433044
1786712212.4379773,-0.12537264146335986,-4.311592854025907,0.24872632152659865,-65.85791778564453,62.80695724487305,0.33733317255973816,0.6155983209609985
1786712212.7378745,0.38349321249959334,-4.452820086562032,0.2664067723228279,-67.74967956542969,65.05130004882812,0.37555810809135437,0.7947164177894592
1786712212.738009,-0.11253340744494586,-4.326229159470066,0.2576700976469341,-67.74967956542969,65.05130004882812,0.34996551275253296,0.7750940918922424
1786712213.037781,0.3693969687297695,-4.459793308698136,0.2732943685525729,-67.74967956542969,65.05130004882812,0.37546905875205994,0.7251151204109192
1786712213.0379126,-0.1317115426320677,-4.354924494447947,0.26722875741412283,-66.27738189697266,63.31184005737305,0.3424878418445587,0.7193074226379395
1786712213.6218235,0.35062456527859376,-4.465054694809698,0.28063917911780023,-66.27738189697266,63.31184005737305,0.37580305337905884,0.7378664612770081
1786712213.6219175,-0.15545111534304001,-4.38747792513635,0.2769990842840566,-69.34761810302734,66.93091583251953,0.3704887926578522,0.7308166027069092
1786712213.7378721,0.3329912456260089,-4.472063670313877,0.28931459176529395,-67.74967956542969,65.05130004882812,0.3761211633682251,0.713218092918396
1786712213.7380338,-0.17656130601159836,-4.422387801208349,0.2836132631294188,-69.34761810302734,66.93091583251953,0.37178778648376465,0.7066935896873474
1786712214.0378377,0.31537130159520893,-4.479877438799042,0.2978424210637133,-67.64873504638672,64.93263244628906,0.3761995732784271,0.724712073802948
1786712214.037967,-0.19618868919772653,-4.4600965067686165,0.2901553834067544,-69.34761810302734,66.93091583251953,0.3700156509876251,0.6992836594581604
1786712214.3879373,0.2991240748002525,-4.502327877548758,0.29736611916070554,-69.34761810302734,66.93091583251953,0.3760041892528534,0.6757161021232605
1786712214.3880892,-0.21286774877042972,-4.503249287311611,0.29462320085781757,-69.34761810302734,66.93091583251953,0.3727884590625763,0.6347715258598328
1786712215.0378706,0.2856589757100413,-4.51968931259728,0.29745593210906124,-69.34761810302734,66.93091583251953,0.37560197710990906,0.2908671200275421
1786712215.0380402,-0.22580944017628946,-4.542861356163331,0.3001235054820955,-69.34761810302734,66.93091583251953,0.37277501821517944,0.21448390185832977
1786712215.989005,0.27941492020212405,-4.573962394825443,0.28960832669654424,-69.34761810302734,66.93091583251953,0.37427499890327454,0.09975424408912659
1786712215.9891694,-0.23073949939434626,-4.616758969907265,0.29701921918358754,-69.34761810302734,66.93091583251953,0.37185096740722656,0.127691388130188
1786712216.8879008,0.2952096103205267,-4.754658449941141,0.3012839361810099,-69.34761810302734,66.93091583251953,0.374199241399765,0.015063632279634476
1786712216.8880763,-0.21441614589786673,-4.803159859019814,0.30983974801939385,-69.34761810302734,66.93091583251953,0.37264251708984375,0.015070914290845394
1786712217.7379656,0.31444801585221827,-4.9507070391411885,0.33585242036511237,-69.34761810302734,66.93091583251953,0.3738791048526764,0.015050222165882587
1786712217.7381024,-0.19517783884541087,-4.9992073935409875,0.3444083450261292,-69.34761810302734,66.93091583251953,0.37820565700531006,0.015049343928694725
1786712218.6899104,0.33368550797977564,-5.146755677722745,0.3704214411640952,-69.34761810302734,66.93091583251953,0.36878103017807007,0.01505440752953291
1786712218.6900957,-0.17594040231442537,-5.19525542966223,0.378977469367381,-69.34761810302734,66.93091583251953,0.36865556240081787,0.015059339813888073
1786712219.6879716,0.3529234238580753,-5.342803874174501,0.40499040925584456,-69.34761810302734,66.93091583251953,0.36104199290275574,0.015052336268126965
1786712219.68811,-0.15670244820190216,-5.391304143076176,0.41354578438337025,-69.34761810302734,66.93091583251953,0.3591655492782593,0.015054394491016865
1786712220.5878515,0.37216125042087267,-5.538852483426671,0.439559343489605,-69.34761810302734,66.93091583251953,0.36482465267181396,0.015054432675242424
1786712220.5879798,-0.13746461540497967,-5.587352899173408,0.4481142574952457,-69.34761810302734,66.93091583251953,0.3640052080154419,0.015057770535349846
1786712221.439205,0.3913993966523006,-5.734900624181559,0.47412841557836355,-69.34761810302734,66.93091583251953,0.3699902892112732,0.015054052695631981
1786712221.4392815,-0.11822644590642106,-5.783401402990638,0.4826826572879435,-69.34761810302734,66.93091583251953,0.3697368800640106,0.015055899508297443
1786712222.2879205,0.410637393215496,-5.930948516993141,0.508697291660228,-69.34761810302734,66.93091583251953,0.37021711468696594,0.015052009373903275
1786712222.2880557,-0.09898844576169602,-5.97944938319865,0.5172512512175548,-69.34761810302734,66.93091583251953,0.36998647451400757,0.015052393078804016
1786712223.087805,0.4298749732651782,-6.126996866391987,0.5432657492289702,-69.34761810302734,66.93091583251953,0.3696346580982208,0.015051237307488918
1786712223.0879,-0.07975088628036386,-6.175497455865739,0.5518200524247837,-69.34761810302734,66.93091583251953,0.37016043066978455,0.015056489035487175
1786712223.9878633,0.44911291033787104,-6.323044480740613,0.5778356086634385,-69.34761810302734,66.93091583251953,0.36918720602989197,0.015054609626531601
1786712223.987956,-0.06051290599012463,-6.3715457817512515,0.5863884521847132,-69.34761810302734,66.93091583251953,0.37120410799980164,0.015055547468364239
1786712224.9884853,0.4683509107649432,-6.519092796032045,0.6124043333029513,-69.34761810302734,66.93091583251953,0.37061047554016113,0.0015876481775194407
1786712224.9887629,-0.04127492606953631,-6.567593897154066,0.6209570884560066,-69.34761810302734,66.93091583251953,0.3711901307106018,0.0012621644418686628
1786712225.8378346,0.4898022823434135,-6.736944508159083,0.6537684019786205,-67.75128936767578,65.39020538330078,0.3930519223213196,0.037851300090551376
1786712225.837953,-0.019824005481367007,-6.785434176232786,0.6623590275691209,-68.50069427490234,66.113525390625,0.3941810727119446,0.03682905435562134
1786712226.6879642,0.5083804899400357,-6.924634701844,0.6962492906658102,-63.88083267211914,61.65462875366211,0.4562718868255615,0.07629051804542542
1786712226.6881635,-0.0012472239255248985,-6.97311051296579,0.7048335201738609,-64.22582244873047,61.98762130737305,0.47150319814682007,0.07773364335298538
1786712227.4379878,0.5245788323664086,-7.088233426841006,0.7324893007753073,-59.8785285949707,57.79181671142578,0.5296182036399841,0.12748806178569794
1786712227.438122,0.014954359037622544,-7.1367410366026345,0.7410862757997589,-59.62038040161133,57.54267120361328,0.5338296890258789,0.13151763379573822
1786712228.6166327,0.5451890271023752,-7.27993334834702,0.7760655781210422,-56.29079055786133,54.32910919189453,0.5552012920379639,0.03378843143582344
1786712228.6167312,0.035549017388966264,-7.327362614537453,0.7887748349031565,-56.244224548339844,54.284156799316406,0.5569255948066711,0.033775780349969864
1786712229.28798,0.5643686911954346,-7.4722221672481375,0.8275893855425765,-55.450767517089844,53.51835632324219,0.5551134943962097,0.033770281821489334
1786712229.288224,0.0547284383766492,-7.519649242136095,0.8402970711846055,-55.450767517089844,53.51835632324219,0.5559382438659668,0.03376591205596924
1786712230.337842,0.5859461415802785,-7.688547288846402,0.885553255046359,-55.450767517089844,53.51835632324219,0.5521256923675537,0.03376435488462448
1786712230.3379512,0.0763059022940471,-7.735974476855458,0.898261061223133,-55.450767517089844,53.51835632324219,0.55256187915802,0.033763110637664795
1786712231.3379676,0.6075232376076626,-7.904875222260733,0.9435172407107841,-55.450767517089844,53.51835632324219,0.5547186732292175,0.03376732021570206
1786712231.3381696,0.0978830340541732,-7.9523024324770955,0.9562263969790359,-55.450767517089844,53.51835632324219,0.5540774464607239,0.0337655209004879
1786712232.3378856,0.6291006951722808,-8.121203150530716,1.0014823863898068,-55.450767517089844,53.51835632324219,0.5558890700340271,0.03375324606895447
1786712232.3379872,0.11946054306206216,-8.168630946645484,1.014191419113405,-55.450767517089844,53.51835632324219,0.555213212966919,0.03374836593866348
1786712233.6469553,0.6506783455404902,-8.337531801111776,1.059447706870308,-55.450767517089844,53.51835632324219,0.5557105541229248,0.03376296907663345
1786712233.6470473,0.14103813467557114,-8.384959211922368,1.072155821339578,-55.450767517089844,53.51835632324219,0.5557841062545776,0.03376051411032677
1786712234.5379307,0.6722548418080652,-8.553859352360128,1.1174117429337103,-55.450767517089844,53.51835632324219,0.555849552154541,0.033758457750082016
1786712234.5381079,0.16261470801231015,-8.601287179787313,1.130121393211426,-55.450767517089844,53.51835632324219,0.5561369061470032,0.03375416621565819
1786712235.5387664,0.693832263952652,-8.770187972956302,1.1753770023364039,-55.450767517089844,53.51835632324219,0.5554628968238831,0.03376680985093117
1786712235.5388527,0.18419210772136702,-8.817615642103148,1.1880863436194493,-55.450767517089844,53.51835632324219,0.5555254220962524,0.033763717859983444
1786712236.4879127,0.7154101024019919,-8.986516859559746,1.23334246931681,-55.450767517089844,53.51835632324219,0.5559386610984802,0.03375886753201485
1786712236.4880977,0.2057699518991391,-9.033944652160816,1.246051579609017,-55.450767517089844,53.51835632324219,0.5554072856903076,0.03375596925616264
1786712237.4943757,0.7369877478222492,-9.202844843576228,1.2913073947505662,-55.450767517089844,53.51835632324219,0.5561584830284119,0.03376300632953644
1786712237.4947486,0.22734761901082656,-9.250272876181112,1.3040164792300528,-55.450767517089844,53.51835632324219,0.5548199415206909,0.033759705722332
1786712238.6180594,0.7585657922895184,-9.419172638138708,1.3492726515742175,-55.450767517089844,53.51835632324219,0.5556873083114624,0.03375554084777832
1786712238.618243,0.24892566061624666,-9.466600602139344,1.3619818773100618,-55.450767517089844,53.51835632324219,0.5556029677391052,0.03375379368662834
1786712239.3880305,0.7801432623341817,-9.635501586996044,1.4072378651901882,-55.450767517089844,53.51835632324219,0.5550670623779297,0.033768415451049805
1786712239.3882587,0.2705031142105798,-9.682929668666352,1.4199459921028197,-55.450767517089844,53.51835632324219,0.5549929141998291,0.0337667390704155
1786712244.4887888,0.8157833164867994,-9.976754618529448,1.4986749396991241,-55.450767517089844,53.51835632324219,0.5554665327072144,0.5552258491516113
1786712244.4889355,0.3061451433913944,-10.024202402214971,1.511388725418175,-55.450767517089844,53.51835632324219,0.5555408000946045,0.5552434325218201
1786712245.4379876,0.8401088555669343,-10.0726930739021,1.524382404480635,-55.450767517089844,53.51835632324219,0.5557354688644409,0.41082581877708435
1786712245.4381247,0.33047105515979486,-10.12014483499234,1.5370962853046608,-55.450767517089844,53.51835632324219,0.5565418601036072,0.41082367300987244
1786712246.4380217,0.8616971051231652,-10.203485803355438,1.5594282493827998,-55.450767517089844,53.51835632324219,0.5557796955108643,0.12892217934131622
1786712246.4381242,0.3520592594922207,-10.250937087225608,1.5721420985136554,-55.450767517089844,53.51835632324219,0.5563550591468811,0.12915019690990448
1786712247.1379926,0.8832249448210525,-10.392582667833523,1.6111259718011903,-55.450767517089844,53.51835632324219,0.5588549971580505,0.14230968058109283
1786712247.1381075,0.3735880214431467,-10.440040242317355,1.6238533027866715,-53.79493713378906,51.92024230957031,0.5764413475990295,0.14100594818592072
1786712247.838579,0.8994563941954777,-10.552267167121501,1.6622375610465308,-52.805782318115234,50.965545654296875,0.613940954208374,0.1507013887166977
1786712247.8386822,0.38981762405075127,-10.599699446602417,1.674985220777434,-51.6790885925293,49.87811279296875,0.6216732859611511,0.14929567277431488
1786712248.6378956,0.9156736388200848,-10.712404334149468,1.7134774025570745,-48.32157516479492,46.63760757446289,0.6833580732345581,0.1362607777118683
1786712248.6380317,0.40603535750370273,-10.759841444138402,1.7262266304859324,-45.88733673095703,44.2882194519043,0.697816789150238,0.13639499247074127
1786712249.6924107,0.9324016198288343,-10.872328572611362,1.7639258163522153,-45.309932708740234,43.730918884277344,0.7174567580223083,0.2467435747385025
1786712249.6925821,0.42275932743178274,-10.919402908487399,1.7778089248697053,-42.688175201416016,41.20052719116211,0.7382988929748535,0.2421587109565735
1786712250.7380316,0.9550775053900096,-11.039570918635599,1.821071612471942,-41.805355072021484,40.34846878051758,0.7417279481887817,0.7265486717224121
1786712250.7381816,0.4454271955998672,-11.08561154459217,1.8378293716401344,-40.9178581237793,39.49189376831055,0.7414332032203674,0.7265335321426392
1786712251.7380066,0.9766068607733476,-11.09718030328694,1.8420359935288086,-41.805355072021484,40.34846878051758,0.7416592240333557,0.7372581362724304
1786712251.7381332,0.46695637508849125,-11.143217721710148,1.858797215027157,-40.9178581237793,39.49189376831055,0.7398139834403992,0.7369998097419739
1786712252.7380571,0.9980941279544833,-11.042728242732098,1.8222181313211558,-41.86065673828125,40.40185546875,0.7416767477989197,0.2657085657119751
1786712252.738266,0.4884377265613766,-11.088708074223112,1.838957534389557,-40.9178581237793,39.49189376831055,0.7414513230323792,0.2693585753440857
1786712253.6075635,1.0184950304479683,-10.8776731160664,1.7654105728036649,-44.65812301635742,43.101829528808594,0.725619375705719,0.18932338058948517
1786712253.6076531,0.5088364655030981,-10.92448015514815,1.7795967728140647,-42.92282485961914,41.426998138427734,0.7382515072822571,0.1901516318321228
1786712254.1411924,1.03406533619742,-10.713323946697148,1.7137093942444037,-48.32157516479492,46.637611389160156,0.6829765439033508,0.5969120860099792
1786712254.1412783,0.5243775920798641,-10.76026313035629,1.7263235344755248,-47.89426803588867,46.225196838378906,0.6872502565383911,0.597879946231842
1786712261.6932073,1.0439396105961818,-9.940514375814617,1.4889664951800274,-55.450767517089844,53.51835632324219,0.555702269077301,0.563970685005188
1786712261.6933298,0.5342193687194083,-9.987132500071306,1.501457512427298,-55.450767517089844,53.51835632324219,0.5553098320960999,0.5639557838439941
1786712262.6880863,1.0664427129560288,-10.030388809043416,1.513048640184337,-55.450767517089844,53.51835632324219,0.5556876063346863,0.41189679503440857
1786712262.688241,0.5567222769203919,-10.077005105930649,1.525538554201717,-55.450767517089844,53.51835632324219,0.5557031035423279,0.4118918776512146
1786712263.7443786,1.08765099049084,-10.160999782660117,1.548045401457235,-55.450767517089844,53.51835632324219,0.5559610724449158,0.15065109729766846
1786712263.7444751,0.577930588451781,-10.207616325074476,1.5605357864981582,-55.450767517089844,53.51835632324219,0.55574631690979,0.15064813196659088
1786712264.6379485,1.1088581931700832,-10.350922941700762,1.5989342510523208,-55.450767517089844,53.51835632324219,0.5571156144142151,0.12008707970380783
1786712264.6380844,0.5991379732834986,-10.397540576075205,1.6114279936502254,-55.450767517089844,53.51835632324219,0.558372437953949,0.1188884824514389
1786712265.487983,1.127173664258488,-10.533727354460495,1.6562546127678157,-52.96228790283203,51.11658477783203,0.6007698774337769,0.1387893706560135
1786712265.488105,0.617451956476927,-10.580321795477712,1.6687741448094822,-51.91680908203125,50.1075439453125,0.6117751598358154,0.13738597929477692
1786712266.2459385,1.1431073038456414,-10.691602679098771,1.7067776335716636,-49.22649383544922,47.510986328125,0.669986367225647,0.1390942931175232
1786712266.2460344,0.633386191525172,-10.738202580842124,1.7193010840663698,-47.89426803588867,46.225196838378906,0.6850155591964722,0.13758739829063416
1786712267.1881013,1.1590527387631309,-10.84842473502527,1.7569313016738015,-45.309932708740234,43.730918884277344,0.7246586680412292,0.19577375054359436
1786712267.1882257,0.6493346226295229,-10.895055355299975,1.7694623566174974,-43.73063278198242,42.206661224365234,0.7418678402900696,0.18972603976726532
1786712268.089957,1.1817697902590028,-11.025047902994233,1.8157838792777716,-41.86065673828125,40.40185546875,0.7414757013320923,0.6047967672348022
1786712268.0912497,0.6720385053521644,-11.070289826203451,1.832251592280933,-41.805355072021484,40.34846878051758,0.7464447617530823,0.6047540307044983
1786712269.1386359,1.200574195790714,-11.101779949377482,1.8437096138646585,-40.917842864990234,39.49188995361328,0.7423118352890015,0.8924930095672607
1786712269.138868,0.6908421515160841,-11.147012904470477,1.8601784575751912,-40.9178581237793,39.49189376831055,0.7400357127189636,0.8924821615219116
1786712270.1879344,1.2217268245849198,-11.090165703162725,1.8394824544522315,-40.9178581237793,39.49189376831055,0.742199718952179,0.4467156231403351
1786712270.1880484,0.7119945303976649,-11.135396339017547,1.8559499327888311,-40.9178581237793,39.49189376831055,0.7400363087654114,0.4466449022293091
1786712271.0380235,1.2428644371526893,-10.967568354743197,1.7948593740286412,-42.688175201416016,41.20052719116211,0.7387705445289612,0.03039572574198246
1786712271.0381525,0.733130860883435,-11.012784954116452,1.811325714389354,-41.75618362426758,40.30101013183594,0.746118426322937,0.02570977434515953
1786712271.6880512,1.260313078371282,-10.784459102008613,1.7364585583823815,-48.32157516479492,46.637611389160156,0.6942794322967529,0.37804439663887024
1786712271.6881855,0.7505715189433877,-10.830848740303077,1.7489302884519304,-46.175376892089844,44.56620788574219,0.7174338698387146,0.37968748807907104
1786712278.7380898,1.2717343406138084,-9.8707750709608,1.4702778021533953,-55.450767517089844,53.51835632324219,0.5571860671043396,0.1027427539229393
1786712278.7382638,0.7619363790797264,-9.916593382523391,1.48255463974489,-55.450767517089844,53.51835632324219,0.5555310845375061,0.10274407267570496
1786712279.7881463,1.250566058536171,-9.65167530041851,1.4115703747043027,-55.450767517089844,53.51835632324219,0.5570403337478638,0.03376765176653862
1786712279.7883892,0.7407679763195217,-9.697492743763377,1.4238454410408383,-55.450767517089844,53.51835632324219,0.5555921196937561,0.03377252817153931
1786712280.7880225,1.2297206753529002,-9.43527426659099,1.353585998381475,-55.450767517089844,53.51835632324219,0.5565609335899353,0.03375976160168648
1786712280.7881727,0.7199226304803632,-9.481092276474111,1.3658605009982465,-55.450767517089844,53.51835632324219,0.555367112159729,0.03376351296901703
1786712281.7881072,1.208875925197633,-9.218873036137047,1.2956014601746917,-55.450767517089844,53.51835632324219,0.5584217309951782,0.033754196017980576
1786712281.7881992,0.699077871335936,-9.264690821095215,1.3078764290281488,-55.450767517089844,53.51835632324219,0.555993914604187,0.03375875949859619
1786712282.787973,1.188030615391837,-9.002472000353439,1.237616854786209,-55.450767517089844,53.51835632324219,0.5598273873329163,0.033763594925403595
1786712282.788101,0.6782326041169195,-9.048290123955962,1.249892328287597,-55.450767517089844,53.51835632324219,0.5560265183448792,0.033767201006412506
1786712283.838362,1.167185555123381,-8.786071927006166,1.1796327066658312,-55.450767517089844,53.51835632324219,0.5577868819236755,0.03375958651304245
1786712283.83859,0.6573875198764776,-8.83188991010418,1.1919077090376005,-55.450767517089844,53.51835632324219,0.5554925203323364,0.03375961259007454
1786712284.8406258,1.1463408760968075,-8.569671244283342,1.1216484433201106,-55.450767517089844,53.51835632324219,0.5574657320976257,0.033772390335798264
1786712284.8408582,0.6365428141643468,-8.615488842969818,1.1339237722571263,-55.450767517089844,53.51835632324219,0.5552319884300232,0.03377215936779976
1786712285.7879715,1.127812074049586,-8.377315608311683,1.0701068292602265,-55.450767517089844,53.51835632324219,0.5588727593421936,0.03377464413642883
1786712285.7880526,0.6180140446181115,-8.423133358538873,1.0823829423219424,-55.450767517089844,53.51835632324219,0.5560384392738342,0.033774491399526596
1786712286.4880757,1.1092833198263494,-8.184960363497542,1.0185653560402583,-55.450767517089844,53.51835632324219,0.5582221746444702,0.3251948356628418
1786712286.488212,0.599485308914054,-8.230778209892922,1.0308418792270722,-55.450767517089844,53.51835632324219,0.5562463402748108,0.3277348577976227
1786712286.6882331,1.0947798891210934,-8.02690094738328,0.9762113552456363,-55.450767517089844,53.51835632324219,0.5560924410820007,0.7011703252792358
1786712286.6884234,0.5855798765943159,-8.078551338297972,0.9900527555031714,-55.450767517089844,53.51835632324219,0.5557209849357605,0.7053346633911133
1786712286.7901716,1.0893067281704143,-7.963781314543096,0.9592985249950017,-55.450767517089844,53.51835632324219,0.5556417107582092,0.7622479796409607
1786712286.7902334,0.5806493273533777,-8.020199980376745,0.9744174779881027,-55.450767517089844,53.51835632324219,0.5556520223617554,0.7656157612800598
1786712286.888233,1.0864178013045243,-7.930868065898734,0.9504789021679034,-55.450767517089844,53.51835632324219,0.5545811057090759,0.8245421051979065
1786712286.8883586,0.5780683761898471,-7.989819342924491,0.9662779186755697,-55.450767517089844,53.51835632324219,0.5550549030303955,0.8245009779930115
1786712287.038676,1.0835495259330008,-7.898231176835004,0.9417343353928146,-55.450767517089844,53.51835632324219,0.5536161065101624,0.8226883411407471
1786712287.0387418,0.575367122338523,-7.958511349036048,0.9578881434996319,-55.450767517089844,53.51835632324219,0.5550549030303955,0.822698175907135
1786712287.138088,1.080598876409613,-7.86535696798929,0.932925301759663,-55.450767517089844,53.51835632324219,0.5529055595397949,0.8207769989967346
1786712287.138207,0.5725905553607715,-7.926990621054396,0.9494431271306789,-55.450767517089844,53.51835632324219,0.554920494556427,0.8208642601966858
1786712287.238127,1.077564800955084,-7.832288189333508,0.924064258212624,-55.450767517089844,53.51835632324219,0.5521816611289978,0.819128155708313
1786712287.2382817,0.5697385014106102,-7.895305860718326,0.9409527923171968,-55.450767517089844,53.51835632324219,0.5536173582077026,0.8192937970161438
1786712287.3380017,1.0744504858671828,-7.799085894709683,0.9151680529040357,-55.450767517089844,53.51835632324219,0.5526866316795349,0.8174602389335632
1786712287.3381138,0.5668142402059697,-7.863516418511781,0.932435064619317,-55.450767517089844,53.51835632324219,0.5532658696174622,0.8177219033241272
1786712287.438688,1.071251776659194,-7.765786882896112,0.9062456178975604,-55.450767517089844,53.51835632324219,0.5529744029045105,0.8159064054489136
1786712287.4387658,0.5638143897236182,-7.831662819617334,0.9238994928573669,-55.450767517089844,53.51835632324219,0.5530844926834106,0.8162592053413391
1786712287.5389514,1.0679695731801246,-7.732409692907102,0.8973017120678802,-55.450767517089844,53.51835632324219,0.552989661693573,0.8139876127243042
1786712287.5401816,0.5607399602844367,-7.79976172264796,0.9153523046198481,-55.450767517089844,53.51835632324219,0.5528525114059448,0.8144441843032837
1786712287.6882405,1.0645992700263867,-7.698909963851742,0.8883255556903802,-55.450767517089844,53.51835632324219,0.551800012588501,0.8122639060020447
1786712287.688488,0.5575872974557041,-7.767774177696516,0.9067803578168385,-55.450767517089844,53.51835632324219,0.5528078675270081,0.8128162622451782
1786712287.7885406,1.0611417309066042,-7.66531215145296,0.8793232758351968,-55.450767517089844,53.51835632324219,0.5525620579719543,0.8103756904602051
1786712287.7887743,0.5543572420722326,-7.735721378779215,0.8981918365700396,-55.450767517089844,53.51835632324219,0.552358090877533,0.8110321164131165
1786712287.8941097,1.0575918683857763,-7.631610552602048,0.87029259896031,-55.450767517089844,53.51835632324219,0.5526562333106995,0.808443546295166
1786712287.8950775,0.5510455324793111,-7.703600581775653,0.8895862580046167,-55.450767517089844,53.51835632324219,0.5516977906227112,0.8092120289802551
1786712287.988118,1.0539492628027487,-7.597811134994696,0.861235828127044,-55.450767517089844,53.51835632324219,0.5524606704711914,0.8067107200622559
1786712287.9882622,0.5476522700351367,-7.671419637693267,0.8809625471889517,-55.450767517089844,53.51835632324219,0.5522904396057129,0.8075851202011108
1786712288.0940344,1.0502142728551687,-7.563944617317376,0.8521616959229118,-55.450767517089844,53.51835632324219,0.5530735850334167,0.8048439621925354
1786712288.0941598,0.544177852396265,-7.639206517328712,0.8723306714998601,-55.450767517089844,53.51835632324219,0.552859902381897,0.8058314919471741
1786712288.6036754,1.0463807184788452,-7.530012683845986,0.8430690426127807,-55.450767517089844,53.51835632324219,0.554996132850647,0.8028236627578735
1786712288.6037648,0.5406169799943041,-7.606965309214524,0.8636926767016244,-55.450767517089844,53.51835632324219,0.5525757670402527,0.8039318919181824
1786712288.6038287,1.042447215380944,-7.495999435109749,0.8339550723470439,-55.450767517089844,53.51835632324219,0.5557912588119507,0.8009838461875916
1786712288.60391,0.5369689574143364,-7.574682742163859,0.8550422227963623,-55.450767517089844,53.51835632324219,0.5538162589073181,0.8021941781044006
1786712288.603995,1.0384159120075975,-7.4618910808724,0.824816062231256,-55.450767517089844,53.51835632324219,0.5559733510017395,0.798958420753479
1786712288.6040654,0.5332355439276892,-7.542339719125927,0.8463755684825979,-55.450767517089844,53.51835632324219,0.5544906854629517,0.8002913594245911
1786712288.6041439,1.0342800192595916,-7.427714512037345,0.8156594635294323,-55.450767517089844,53.51835632324219,0.5559521913528442,0.7967771291732788
1786712288.6042295,0.5294113447963527,-7.50996879488759,0.8377015709269564,-55.450767517089844,53.51835632324219,0.5550456643104553,0.7982347011566162
1786712288.6880672,1.0300356589157624,-7.393450672967712,0.8064772188365454,-55.450767517089844,53.51835632324219,0.5563913583755493,0.794750452041626
1786712288.688185,0.5254933580412147,-7.477552320158948,0.8290156209080837,-55.450767517089844,53.51835632324219,0.5560604929924011,0.7963244915008545
1786712288.788198,1.025683891256361,-7.359097758295256,0.7972719403383034,-55.450767517089844,53.51835632324219,0.5570703148841858,0.7925335168838501
1786712288.7884376,0.5214824191512812,-7.445085521617203,0.8203149454799755,-55.450767517089844,53.51835632324219,0.5564539432525635,0.7942368388175964
1786712288.8911877,1.021220457186162,-7.324668647061922,0.7880472394156167,-55.450767517089844,53.51835632324219,0.5572258830070496,0.790327250957489
1786712288.8913286,0.5173756411340478,-7.412585431149499,0.8116065350992586,-55.450767517089844,53.51835632324219,0.5564539432525635,0.7921563982963562
1786712289.0381064,1.0166424919253145,-7.290155990958128,0.7787998471324651,-56.34321212768555,54.37968826293945,0.5562275052070618,0.7880049347877502
1786712289.038261,0.5131705850838364,-7.380043728897114,0.8028878854423496,-55.450767517089844,53.51835632324219,0.5572945475578308,0.7899689674377441
1786712289.138096,1.0119457673225547,-7.255557920914121,0.7695282083303843,-56.402549743652344,54.436981201171875,0.5557399392127991,0.803339421749115
1786712289.1382613,0.5088639358140049,-7.347460986144494,0.7941553764027578,-55.450767517089844,53.51835632324219,0.557325005531311,0.8043602705001831
1786712289.3883104,1.0072800838741753,-7.221270016901945,0.760342531575372,-57.822792053222656,55.8077278137207,0.5542658567428589,0.8056684136390686
1786712289.3887095,0.5045342509127465,-7.314872405497811,0.785426795349055,-55.450767517089844,53.51835632324219,0.5569921135902405,0.7999469637870789
1786712289.588252,0.9976288171562032,-7.1561814620146365,0.7453612005126162,-59.62039566040039,57.54267120361328,0.5402153134346008,0.7078836560249329
1786712289.5885499,0.4948532017925623,-7.250151138734335,0.7683911908058798,-56.29079055786133,54.32910919189453,0.5549832582473755,0.696840763092041
1786712290.4880736,0.9871170115911014,-7.0984966484324135,0.734726405616621,-61.626644134521484,59.4789924621582,0.5263611674308777,0.203217551112175
1786712290.4882255,0.48411399759283236,-7.192202423259057,0.7534666210048067,-58.11759948730469,56.09224319458008,0.5517377853393555,0.19945868849754333
1786712291.3880394,0.9516931061039334,-6.906328540317531,0.6938935813133513,-65.94407653808594,63.64598846435547,0.4407254457473755,0.06347978860139847
1786712291.3881478,0.44801444999312745,-6.996862940637209,0.7098727470352815,-62.496036529541016,60.31809616088867,0.48741400241851807,0.0659448653459549
1786712292.1380448,0.9169836293542448,-6.720302971910681,0.6534713623037656,-68.55058288574219,66.16167449951172,0.38583436608314514,0.03778887912631035
1786712292.1387377,0.41330909949721173,-6.810855034988374,0.6694804798831353,-66.14547729492188,63.840370178222656,0.4173697829246521,0.039434511214494705
1786712293.0879915,0.8819132653652436,-6.532145073403152,0.614706431883233,-69.34761810302734,66.93091583251953,0.37041473388671875,0.12407179176807404
1786712293.0881019,0.3782439198759108,-6.6227322588453195,0.6306799176647885,-69.34761810302734,66.93091583251953,0.3732492923736572,0.12408055365085602
1786712293.9881291,0.8459829546380212,-6.338388336688143,0.5805421777551318,-69.34761810302734,66.93091583251953,0.371155321598053,0.09785521775484085
1786712293.988316,0.3423136061711821,-6.428975739592938,0.5965143363429397,-69.34761810302734,66.93091583251953,0.37096038460731506,0.09785546362400055
1786712294.638079,0.80555980417204,-6.120412815517481,0.5421075664489907,-69.34761810302734,66.93091583251953,0.37058162689208984,0.4604645073413849
1786712294.6382732,0.30189044543384114,-6.211000140611606,0.5580798424465652,-69.34761810302734,66.93091583251953,0.3715048134326935,0.46395477652549744
1786712294.8882306,0.7844652887374424,-5.98756587231057,0.5186839940843667,-69.34761810302734,66.93091583251953,0.3694215416908264,0.5484193563461304
1786712294.8884034,0.27975277837916807,-6.07233601521694,0.5336273792257137,-69.34761810302734,66.93091583251953,0.37089279294013977,0.5382961630821228
1786712295.7381768,0.7731565672693914,-5.910540144105485,0.5051020866577398,-69.34761810302734,66.93091583251953,0.36949649453163147,0.03963412344455719
1786712295.73837,0.2671494557697043,-5.9874616328525,0.5186626058471444,-69.34761810302734,66.93091583251953,0.36988088488578796,0.01470425445586443
1786712296.7881935,0.740852778744401,-5.710342646074428,0.4697994655000806,-69.34761810302734,66.93091583251953,0.37096449732780457,0.014783487655222416
1786712296.7883751,0.23544173206641872,-5.790974703628429,0.48401724276921637,-69.34761810302734,66.93091583251953,0.3691368103027344,0.014783190563321114
1786712297.638166,0.7048720885713865,-5.4916118548669415,0.43123114964767845,-69.34761810302734,66.93091583251953,0.36385080218315125,0.014810396358370781
1786712297.63829,0.19946099550578755,-5.572243507028589,0.4454495769840416,-69.34761810302734,66.93091583251953,0.36453089118003845,0.014810730703175068
1786712298.6881175,0.6728893679778325,-5.297184370158282,0.39694815690641594,-69.34761810302734,66.93091583251953,0.3605720102787018,0.014791924506425858
1786712298.6883023,0.16747830382287454,-5.377816255831844,0.41116628767239716,-69.34761810302734,66.93091583251953,0.36118748784065247,0.014790324494242668
1786712299.6380854,0.6369083473884258,-5.078454018660886,0.3583802199135711,-69.34761810302734,66.93091583251953,0.3709224760532379,0.15110807120800018
1786712299.6381795,0.1314971914126275,-5.159085356694832,0.37259819241540443,-69.34761810302734,66.93091583251953,0.3670257329940796,0.15265533328056335
1786712299.8881965,0.6069217716267477,-4.874296160987922,0.3223839889358771,-69.34761810302734,66.93091583251953,0.37596917152404785,0.7109442353248596
1786712299.8883166,0.09992386271091991,-4.9446060662046305,0.33477905179960005,-69.34761810302734,66.93091583251953,0.37467333674430847,0.7018954753875732
1786712300.0881948,0.600773410228342,-4.816458944104736,0.3121870351648113,-69.34761810302734,66.93091583251953,0.3754483759403229,0.7812686562538147
1786712300.0882618,0.09284941593834478,-4.879956604733446,0.3233791359138236,-69.34761810302734,66.93091583251953,0.3748250901699066,0.7786510586738586
1786712300.2880297,0.5948199368111511,-4.756956616325682,0.3016950723981849,-69.34761810302734,66.93091583251953,0.37508150935173035,0.7835224866867065
1786712300.2881176,0.08637077938709409,-4.816237954729968,0.31214386332168037,-69.34761810302734,66.93091583251953,0.3745851516723633,0.7813142538070679
1786712300.5381446,0.5892447956592624,-4.6972191897680675,0.29116184172188475,-69.34761810302734,66.93091583251953,0.37454983592033386,0.7857466340065002
1786712300.5382705,0.08032583558356132,-4.752452459050766,0.3008972430906939,-69.34761810302734,66.93091583251953,0.37446779012680054,0.7839725017547607
1786712300.7380786,0.5840222864852328,-4.637248656539106,0.2805870372794253,-69.34761810302734,66.93091583251953,0.37441495060920715,0.7879261374473572
1786712300.7381904,0.07468548428220068,-4.688610749868661,0.2896400638670064,-69.34761810302734,66.93091583251953,0.37427818775177,0.7866213917732239
1786712300.9381812,0.5791287251592309,-4.577030903443833,0.26996921070236113,-69.34761810302734,66.93091583251953,0.3747440278530121,0.7899016737937927
1786712300.9383442,0.0694229020277588,-4.624710620400511,0.2783726895533839,-69.34761810302734,66.93091583251953,0.3751802146434784,0.789060115814209
1786712301.1383107,0.5745450171002305,-4.516579648540863,0.2593095635958505,-69.34761810302734,66.93091583251953,0.37415406107902527,0.7917150855064392
1786712301.138511,0.06451428397970294,-4.560761184291242,0.2670969361485875,-69.34761810302734,66.93091583251953,0.3750814199447632,0.7913467288017273
1786712301.3922,0.5702515909093522,-4.455893653289528,0.24860902993632222,-69.34761810302734,66.93091583251953,0.3722679018974304,0.7933258414268494
1786712301.392285,0.05993616513175942,-4.496762655337338,0.2558125627536562,-69.34761810302734,66.93091583251953,0.3716205954551697,0.7934228181838989
1786712301.537992,0.5662329639327963,-4.394983882443254,0.23786906102749972,-66.27741241455078,63.31184387207031,0.35527503490448,0.7052082419395447
1786712301.5381193,0.055668867408355915,-4.432720720060784,0.2445199577196776,-69.34761810302734,66.93091583251953,0.3706675171852112,0.6887689828872681
1786712301.8380876,0.5549008966219398,-4.3469882281513055,0.23596026227000136,-66.08179473876953,63.07695388793945,0.35409870743751526,0.5134595632553101
1786712301.8382397,0.0436958809370005,-4.375500462924988,0.23526426889973626,-67.64873504638672,64.93263244628906,0.34924882650375366,0.4881872832775116
1786712302.6879995,0.54483028104291,-4.282353879470732,0.23037662420461646,-59.41757583618164,54.8386344909668,0.29547789692878723,0.06859985738992691
1786712302.6881492,0.03309443127002509,-4.298714281846977,0.22871611485181487,-63.780189514160156,60.25908660888672,0.3338059186935425,0.0540715754032135
1786712303.6109018,0.5380173824378767,-4.09597893099549,0.2149919126367924,-40.834068298339844,33.996952056884766,0.14030443131923676,0.03738132119178772
1786712303.6110039,0.026342090874691693,-4.11421062516657,0.2150284007413763,-45.37391662597656,38.672340393066406,0.19171559810638428,0.03701857849955559
1786712304.4881978,0.5313533828797593,-3.90959672035702,0.20020602774003413,-12.814432144165039,9.518062591552734,0.03785452991724014,0.003085121978074312
1786712304.488379,0.019681088248017953,-3.927912295434492,0.20025717331608853,-20.123332977294922,15.329742431640625,0.043553322553634644,0.0030289667192846537
1786712305.4881313,0.5243105155074363,-3.7131875357797206,0.19621379500442443,0.0,0.0,0.00047729082871228456,1.1689891834976152e-05
1786712305.4882283,0.012637711515047112,-3.7314889467639745,0.19621054670232457,0.0,0.0,0.0008711874252185225,4.925753273710143e-06
1786712306.3381772,0.5162681880777975,-3.4883375100548966,0.19621685468593156,4.651993751525879,1.6920089721679688,8.101700927909405e-07,7.355069101322442e-05
1786712306.338298,0.0045953227068961655,-3.506637203885618,0.19620986659884007,0.0,0.0,7.504908694500045e-07,6.941720494069159e-05
1786712307.2399693,0.5091239193701473,-3.2884713612890755,0.19621524992966835,5.335330963134766,1.9500732421875,6.307909643510357e-07,0.00013111410953570157
1786712307.240082,-0.0025488899809761323,-3.3067726221654494,0.1962106603927509,0.0,0.0,8.665127211315848e-07,5.1168743084417656e-05
1786712308.6115446,0.5010858610272371,-3.0636138794650587,0.19621755455815146,4.970312118530273,1.8119096755981445,8.34429386031843e-07,0.05264313519001007
1786712308.6116517,-0.010586557702554289,-3.0819260566187174,0.19620866084787356,0.0,0.0,2.5734973974067543e-07,0.05263382941484451
1786712315.0380588,0.4941465768075536,-2.868598894831499,0.1962052926109915,0.0,0.0,3.660006484551559e-07,0.1208965852856636
1786712315.038181,-0.01752935210729567,-2.8868127293452153,0.19620648971253168,0.0,0.0,1.5860147186685936e-06,0.12095580250024796
1786712317.0381503,0.5017785388472206,-3.081756312750538,0.19620476442867538,4.970312118530273,1.8119096755981445,1.0664552974049002e-06,0.057032857090234756
1786712317.0382779,-0.009897840469698105,-3.09995748962449,0.19620785180587005,0.0,0.0,6.32424956847899e-08,0.05697853863239288
1786712317.8882272,0.5085894083638367,-3.277329631794604,0.1962046400734786,4.651993751525879,1.6920089721679688,7.196893534455739e-07,0.052802421152591705
1786712317.8883498,-0.003087470798375902,-3.2955167516394637,0.1962062423287,0.0,0.0,5.129211899657093e-07,0.050700072199106216
1786712318.5995054,0.5157332700500998,-3.479836207630312,0.19620385065091078,4.371941089630127,1.5869736671447754,6.784768515899486e-07,0.5485662817955017
1786712318.5996096,0.00407261821433319,-3.4984742696578865,0.1962064688047413,0.0,0.0,7.773153924972576e-07,0.5746883749961853
1786712318.5997605,0.5175058560925179,-3.5424986306652615,0.19620490158515713,4.651993751525879,1.6920089721679688,7.750509212200996e-07,0.7366728186607361
1786712318.599908,0.006436436465503792,-3.5733539108732817,0.19620257962686755,0.0,0.0,5.523646109395486e-07,0.7574991583824158
1786712319.5381625,0.5109067418206977,-3.559960204592128,0.19620091364455522,0.0,0.0,6.487595669568691e-07,0.9563890099525452
1786712319.5382817,0.002860408058313779,-3.6234655014846777,0.19620505966647528,0.0,0.0,8.077602160483366e-07,0.9463804960250854
1786712319.74064,0.5077943336114314,-3.555619806472213,0.19620128514554952,4.651993751525879,1.6920089721679688,6.487595669568691e-07,0.682705819606781
1786712319.7407658,-0.0005509510589437605,-3.616685930723372,0.19620601136382282,0.0,0.0,8.077602160483366e-07,0.7061262726783752
1786712319.989588,0.49939937899601056,-3.5093566181920126,0.19620146018070672,4.371941089630127,1.5869736671447754,7.402573487524933e-07,0.8393697142601013
1786712319.9897585,-0.007332803567223822,-3.582612984087879,0.19620469001710478,0.0,0.0,6.014944347043638e-07,0.8454981446266174
1786712320.2406414,0.4915886727255049,-3.4696941971699036,0.19620163924524348,4.651993751525879,1.6920089721679688,4.0105817333824234e-07,0.8264469504356384
1786712320.2408435,-0.014489141441974995,-3.5473424166657677,0.19620571206229825,0.0,0.0,4.3252759951428743e-07,0.8341842293739319
1786712320.4381964,0.4827980486010506,-3.4287525644209267,0.19620053376814614,4.970312118530273,1.8119096755981445,4.091345147116954e-07,0.9642308950424194
1786712320.4383445,-0.022466972312229605,-3.5115248943815263,0.196206398600085,0.0,0.0,2.5312203888461227e-07,0.9584798812866211
1786712320.638208,0.47794713241146325,-3.417763991935584,0.19620053072338395,4.651993751525879,1.6920089721679688,2.390304132404708e-07,0.5978516936302185
1786712320.6383123,-0.027530501158445436,-3.499227860797076,0.19620606991886508,0.0,0.0,9.881637907938057e-08,0.6260316371917725
1786712320.8380961,0.46202825949563364,-3.348829411626018,0.1961990411039106,4.12362813949585,1.4942169189453125,3.988991181813617e-07,0.7549290657043457
1786712320.8381972,-0.04077753250409691,-3.4454230731843234,0.1962078888854952,0.0,0.0,2.1130463778717967e-07,0.7711324095726013
1786712321.0383737,0.44913683060510007,-3.30726816349131,0.1961978605326473,4.651993751525879,1.6920089721679688,4.350746394266025e-07,0.7234860062599182
1786712321.038476,-0.051883733820040245,-3.412730924249832,0.19620864499779891,0.0,0.0,7.510042365765912e-08,0.7428005337715149
1786712321.2883081,0.43425743698145297,-3.2645595547358197,0.196197329634702,4.371941089630127,1.5869736671447754,4.7360978783217433e-07,0.6902964115142822
1786712321.288485,-0.0644850113898297,-3.380317794498066,0.19620827334862667,0.0,0.0,2.2636662322383927e-07,0.7128394842147827
1786712321.4881861,0.4171537484968998,-3.2207018256337037,0.1961958685028601,4.371941089630127,1.5869736671447754,4.2240463926646044e-07,0.6565610766410828
1786712321.4883776,-0.07871223046176129,-3.348220180194571,0.19620857510228815,0.0,0.0,1.1503240671117965e-07,0.6823514699935913
1786712321.6881588,0.39760419276721,-3.175753724866053,0.1961935830231036,4.12362813949585,1.4942169189453125,3.6768884115190303e-07,0.6233792901039124
1786712321.6883793,-0.09467702007099726,-3.3164775934924,0.1962104761643331,0.0,0.0,8.297443088167711e-08,0.6523494124412537
1786712321.9383135,0.37542127374191914,-3.1298304601309166,0.19619198379349898,4.371941089630127,1.5869736671447754,2.987295601997175e-07,0.5916861295700073
1786712321.9385304,-0.11245667921390326,-3.28513372051237,0.19621027387191733,0.0,0.0,8.769955428533649e-08,0.6236885786056519
1786712322.138152,0.35045355329119804,-3.0831017986148193,0.19619265888750048,0.0,0.0,1.8577483729131927e-07,0.5622501373291016
1786712322.1382823,-0.13209826381394746,-3.2542384210529565,0.19620905976112513,0.0,0.0,6.318600753729697e-07,0.597075343132019
1786712322.3382,0.3226041114806676,-3.0357914738667944,0.19619016474771114,0.0,0.0,3.371824774944798e-08,0.5727096796035767
1786712322.3383372,-0.15360549711507512,-3.2238563781457428,0.1962116039531641,0.0,0.0,4.2879858597189013e-07,0.6049908995628357
1786712322.5380988,0.2937836615513417,-2.9888356942370344,0.19619345544755493,0.0,0.0,5.430086957858293e-07,0.5688456296920776
1786712322.538213,-0.17640881408626105,-3.19147585704513,0.19620991420544168,0.0,0.0,4.7052617446752265e-07,0.5936205387115479
1786712323.5947416,0.2674135017711003,-2.942677547951085,0.19619510916112293,0.0,0.0,9.463115588914661e-07,0.3124220073223114
1786712323.5948298,-0.19914787479533422,-3.1535435759315353,0.19620694898801094,0.0,0.0,5.859155294274387e-07,0.2935556471347809
1786712324.242827,0.2053732617632387,-2.8072416008800856,0.19620792411318097,0.0,0.0,2.007444891205523e-06,3.6147571336186957e-06
1786712324.2442899,-0.26171968929967077,-3.016927496998883,0.1962019075207397,0.0,0.0,0.00011253595585003495,2.3395784864987945e-06
1786712327.6883688,0.0844056517268762,-2.537967490243797,0.19620474644304237,0.0,0.0,1.708287186374946e-06,0.12054669111967087
1786712327.6884432,-0.3826972446317305,-2.747631231056268,0.19620613266693654,0.0,0.0,0.007581521291285753,0.12046869099140167
1786712328.5958614,0.17171187427244794,-2.7325093096887385,0.19619738130609488,0.0,0.0,1.999346295633586e-06,1.3390965250437148e-05
1786712328.595945,-0.2953835948314594,-2.9421895964263203,0.19620719182427854,0.0,0.0,0.0008175222901627421,1.1067965715483297e-05
1786712333.600455,0.28927857552122094,-2.997249640849475,0.1962061527694847,0.0,0.0,6.110158778938057e-07,0.744533896446228
1786712333.600541,-0.17426296269901925,-3.214673747927894,0.19620379361299842,0.0,0.0,2.4362040562664333e-07,0.7644151449203491
1786712333.6006172,0.2772747102827315,-2.97618390445996,0.19620314873517644,0.0,0.0,6.110158778938057e-07,0.810302734375
1786712333.6007123,-0.18299988709129106,-3.200441111723724,0.19620158714857325,0.0,0.0,2.4362040562664333e-07,0.8219233155250549
1786712333.738234,0.2613671512039663,-2.948631015170134,0.19620360484618343,0.0,0.0,9.876299600364291e-07,0.9543656706809998
1786712333.738394,-0.1960024894786261,-3.1787549203989287,0.19620851657449878,0.0,0.0,2.4362040562664333e-07,0.9420315623283386
1786712333.9382632,0.25329053319312334,-2.9370468834899848,0.19620522543677313,0.0,0.0,1.2484614444474573e-06,0.8225799202919006
1786712333.9383738,-0.20553380307676444,-3.1642565408944208,0.196210578541523,0.0,0.0,4.5118025582269183e-07,0.8298719525337219
1786712334.189691,0.23343585812841636,-2.9031528872346253,0.19620617860396367,0.0,0.0,1.8473654108674964e-06,0.8017075061798096
1786712334.1897717,-0.22309725020564394,-3.1349319220228336,0.19621142147732284,0.0,0.0,2.853670082458848e-07,0.8115312457084656
1786712334.4381986,0.2121895883023622,-2.8687280962672084,0.1962045113329794,0.0,0.0,1.78138009232498e-06,0.5891472101211548
1786712334.438378,-0.24147508835086842,-3.106072489716876,0.19621193622242805,0.0,0.0,3.106382280293474e-07,0.6165186166763306
1786712334.6881652,0.17535246333557714,-2.808442917220994,0.19620434203597686,0.0,0.0,1.8849214029614814e-06,0.7509550452232361
1786712334.6882982,-0.2710333500503993,-3.0592091540772164,0.1962121336435636,0.0,0.0,7.946896221255884e-05,0.7666214108467102
1786712334.888299,0.15007733242842636,-2.7731601486360518,0.19620308086598215,0.0,0.0,1.6171237575690611e-06,0.7220740914344788
1786712334.888419,-0.29185525012066516,-3.031693690739602,0.19621250859734407,0.0,0.0,0.0003486530913505703,0.7409662008285522
1786712335.1383228,0.1225670461684799,-2.7374108177595518,0.19620189044937572,0.0,0.0,1.550179035803012e-06,0.6917321681976318
1786712335.138583,-0.31399585781067857,-3.004911903293784,0.19621224860597444,0.0,0.0,0.0003486530913505703,0.7139723896980286
1786712335.3417265,0.09258957297007438,-2.7012718796346524,0.19620088252883006,0.0,0.0,1.5324022797358339e-06,0.6608586311340332
1786712335.3418062,-0.33757664034523677,-2.9789425996520276,0.19621380533719202,0.0,0.0,0.0026531487237662077,0.6864789724349976
1786712335.5382652,0.05995257288664721,-2.6648631999540306,0.1961998554534835,0.0,0.0,1.3080548342259135e-06,0.6303828954696655
1786712335.5384152,-0.3626899588624838,-2.9538567814549603,0.19621427592850954,0.0,0.0,0.002793191699311137,0.6593206524848938
1786712335.7882788,0.024510763736298624,-2.6283527107402254,0.196198657859335,0.0,0.0,1.1380977866792819e-06,0.6011801958084106
1786712335.7884886,-0.38939747328304325,-2.9297228669476807,0.19621524202306756,0.0,0.0,0.004462840035557747,0.6332850456237793
1786712335.9882045,-0.013825782128927128,-2.591946068566767,0.19619779810860322,0.0,0.0,7.415572440550022e-07,0.5739455819129944
1786712335.9882903,-0.41772633804839443,-2.906601976866203,0.19621512446048406,0.0,0.0,0.006706843618303537,0.6089949607849121
1786712336.188296,-0.05508591596676324,-2.5558811460724318,0.19619599213875943,0.0,0.0,3.730318383077247e-07,0.5492795705795288
1786712336.1884522,-0.447666744275822,-2.884551638898891,0.19621572498699996,0.0,0.0,0.00908906664699316,0.5869840383529663
1786712336.388356,-0.09924719581511662,-2.520431560219433,0.19619464268071762,0.0,0.0,4.349854134488851e-05,0.527508020401001
1786712336.388509,-0.47918700405309167,-2.8636366616623006,0.1962160828694312,0.0,0.0,0.00982825830578804,0.5675421953201294
1786712336.58824,-0.14623549138675473,-2.485885589672585,0.19619223586123022,0.0,0.0,0.00023717584554105997,0.5087437033653259
1786712336.5883346,-0.5122301949412809,-2.8439245211479465,0.19621499583006072,0.0,0.0,0.012864010408520699,0.5507656931877136
1786712336.7898674,-0.1959411609859004,-2.4525372235566567,0.19619108174076544,0.0,0.0,0.0008792108856141567,0.49480366706848145
1786712336.790034,-0.5467288511378164,-2.8254876168624903,0.19621497540409494,0.0,0.0,0.014741198159754276,0.538255512714386
1786712336.9881163,-0.24811398968569703,-2.420723820879142,0.1961880511939423,0.0,0.0,0.0011560845887288451,0.5375939607620239
1786712336.9882998,-0.5825714107547408,-2.8083863452453173,0.1962143929619082,0.0,0.0,0.014632944948971272,0.5782196521759033
1786712337.1880853,-0.29498612548254954,-2.393994663678659,0.19618842239236514,0.0,0.0,0.0042125871405005455,0.611442506313324
1786712337.1881967,-0.6138157931333029,-2.794608745458852,0.19621089733043476,0.0,0.0,0.015193301253020763,0.6463221907615662
1786712337.4382672,-0.3320559442920821,-2.3742556980392093,0.1961923572059731,0.0,0.0,0.00826957356184721,0.6723002791404724
1786712337.4384074,-0.6374503657202885,-2.7852036839784624,0.19620695181939235,0.0,0.0,0.014301590621471405,0.7026453018188477
1786712338.613568,-0.39018984578597876,-2.346568393106907,0.19620453672178426,0.0,0.0,0.01566706784069538,0.9008373022079468
1786712338.6136746,-0.647227365498847,-2.7893727669031008,0.19620192559398345,0.0,0.0,0.012349686585366726,0.9267321228981018
1786712338.7381814,-0.3756380714383029,-2.3518846683699044,0.19620385739946092,0.0,0.0,0.012981182895600796,0.9524106979370117
1786712338.7383053,-0.6256162687580757,-2.798712264718712,0.19620142762699802,0.0,0.0,0.014631698839366436,0.9776690006256104
1786712338.988342,-0.35117002106378803,-2.361821511647934,0.19620795500907448,0.0,0.0,0.011781339533627033,0.9472284317016602
1786712338.9891973,-0.5950868171266727,-2.8119865886682978,0.1962025082325585,0.0,0.0,0.014631698839366436,0.9723309874534607
1786712339.23841,-0.31818910939678413,-2.3758846087118983,0.1962077225992799,0.0,0.0,0.005137408617883921,0.9465500712394714
1786712339.2503653,-0.5561824839456944,-2.8292091653239013,0.19620113829453648,0.0,0.0,0.013567749410867691,0.9759911894798279
1786712339.4396272,-0.28409449892202293,-2.389497018429666,0.19620837330609156,0.0,0.0,0.005137408617883921,0.933732807636261
1786712339.43975,-0.5153980749299594,-2.846271202976962,0.196200817269603,0.0,0.0,0.014519388787448406,0.9687397480010986
1786712339.6883073,-0.25161064208532935,-2.4007720133305304,0.1962099378356305,0.0,0.0,0.003536761971190572,0.9094573259353638
1786712339.68842,-0.47485687380787467,-2.8615378105795646,0.19619958672299148,0.0,0.0,0.010743696242570877,0.9492929577827454
1786712339.8915207,-0.2184305469497654,-2.4106664280792667,0.1962104473204193,0.0,0.0,0.0007470987620763481,0.8802477121353149
1786712339.8917863,-0.4322129180726225,-2.875898733126902,0.19619873608184546,0.0,0.0,0.008814935572445393,0.924977719783783
1786712340.138287,-0.18450648892063992,-2.4190774335238228,0.19621117022886989,0.0,0.0,0.0007470987620763481,0.8494014739990234
1786712340.13848,-0.3873013047502988,-2.88920322785079,0.19619771462580834,0.0,0.0,0.006981611251831055,0.8990178108215332
1786712340.3382819,-0.1498025053761195,-2.425895280394648,0.1962116490319901,0.0,0.0,0.000711427943315357,0.8186923265457153
1786712340.3384264,-0.34002560270784504,-2.9012469113152526,0.19619672768328109,0.0,0.0,0.005290776025503874,0.8730854392051697
1786712340.5882666,-0.11430231002911857,-2.431028924663659,0.19621320076071538,0.0,0.0,0.0001869821862783283,0.7893622517585754
1786712340.5884738,-0.29035537519417115,-2.911808830592122,0.19619583964938178,0.0,0.0,0.0024026541505008936,0.8483094573020935
1786712340.7882514,-0.07801355117271119,-2.4344130363638348,0.196213851541835,0.0,0.0,0.0001597268128534779,0.7621164321899414
1786712340.7884142,-0.23832955792035954,-2.920666856519891,0.19619476937397104,0.0,0.0,0.0008014313643798232,0.8253144025802612
1786712340.9945536,-0.04097780663968981,-2.4360049479076373,0.1962142234648987,0.0,0.0,4.2615472921170294e-05,0.7376893162727356
1786712340.994803,-0.18405615447649532,-2.9276070084959995,0.19619408478251799,0.0,0.0,6.947541260160506e-05,0.8047442436218262
1786712341.2425737,-0.0032580748119634476,-2.435774979241792,0.19621474958480517,0.0,0.0,1.0279887874276028e-06,0.7165130376815796
1786712341.2426548,-0.12770533544289633,-2.9324206062837206,0.19619326502128076,0.0,0.0,5.850956586073153e-05,0.7869753241539001
1786712341.4381592,0.03506469323831198,-2.433697490399032,0.19621528902500582,0.0,0.0,9.9238070561114e-07,0.698720395565033
1786712341.4382625,-0.06949676655197551,-2.9349069282699025,0.19619258022091055,0.0,0.0,2.3087791305442806e-06,0.7721197009086609
1786712341.63816,0.07389195095956556,-2.4297515572923354,0.19621606139499723,0.0,0.0,1.1603094662859803e-06,0.6864995360374451
1786712341.6383042,-0.00968840550731409,-2.9348835434468175,0.19619205102543955,0.0,0.0,1.792832335922867e-06,0.7620474696159363
1786712341.8882527,0.11309530901204636,-2.4239505466580167,0.19621637676245057,0.0,1.1920928955078125e-05,1.0301577049176558e-06,0.6850386261940002
1786712341.888324,0.05131380980158727,-2.9322093840127086,0.19619175634472402,0.0,0.0,1.808252022783563e-06,0.761174201965332
1786712342.0882726,0.15247323471175608,-2.416451127557754,0.19621638842063202,0.0,1.1920928955078125e-05,1.0301577049176558e-06,0.6882067322731018
1786712342.088463,0.11276058000604314,-2.92690867176801,0.19619158802782818,0.0,0.0,1.6622580005787313e-06,0.7642268538475037
1786712342.2881196,0.19186941258310422,-2.4073294224319968,0.19621615413889285,0.0,1.1920928955078125e-05,9.686797284302884e-07,0.6924422383308411
1786712342.288261,0.1742253177368908,-2.919025313874166,0.19619169474861406,0.0,0.0,1.2808267229047487e-06,0.7681561708450317
1786712342.5382297,0.23116692116913534,-2.3966038861507823,0.196216096542691,-2.9802322387695312e-05,1.1920928955078125e-05,4.901293664261175e-07,0.6962993144989014
1786712342.5383368,0.2354895243166093,-2.9085856382771893,0.1961917736381435,0.0,0.0,1.000397674033593e-06,0.7717264294624329
1786712342.7882428,0.2702635104144104,-2.384272248998224,0.19621466419455016,0.0,1.1920928955078125e-05,2.798661000724678e-07,0.7001422047615051
1786712342.7883759,0.2964204232716671,-2.8956036634241773,0.19619162224331568,0.0,1.1920928955078125e-05,2.1976766220177524e-06,0.7752520442008972
1786712342.9882302,0.30906000631329344,-2.3703476708146374,0.19621369456674173,0.0,0.0,1.4107179424627247e-07,0.7037844657897949
1786712342.9883542,0.3568730120505422,-2.880110278220651,0.19618975731552393,-2.9802322387695312e-05,1.1920928955078125e-05,2.226109472758253e-06,0.7785784006118774
1786712343.6046956,0.3474632694333103,-2.354842045309588,0.19621364232248426,0.0,0.0,5.344591613720695e-07,0.7071433663368225
1786712343.6047893,0.4167193553137384,-2.862136431301727,0.19619107283007295,0.0,0.0,2.247304564662045e-06,0.781633734703064
1786712343.6048503,0.3853863720243224,-2.3377743476071764,0.19621351953906666,-2.9802322387695312e-05,1.1920928955078125e-05,4.251929226484208e-07,0.7095141410827637
1786712343.6049318,0.47584407254088207,-2.8417201819115396,0.19619105765926168,0.0,0.0,2.2024444206181215e-06,0.783828616142273
1786712343.638288,0.4227512662388175,-2.3191424028346646,0.19621395242052403,-2.9802322387695312e-05,1.1920928955078125e-05,5.933612783337594e-07,0.71161288022995
1786712343.63841,0.5341765623855297,-2.8188707319231314,0.19619192819696685,0.0,0.0,2.3551226604467956e-06,0.785769522190094
1786712343.8382084,0.4594772996218477,-2.2989700798907275,0.1962116851556136,0.0,0.0,8.032781124711619e-07,0.7144790291786194
1786712343.8383198,0.5916100868237277,-2.793626451667895,0.19619152302698217,0.0,1.1920928955078125e-05,2.0411166588019114e-06,0.7883420586585999
1786712344.091181,0.4954802221302894,-2.277311511997363,0.19621137170046488,0.0,0.0,1.2722471183224116e-06,0.7164129614830017
1786712344.0912561,0.6479854508178389,-2.7660713250060427,0.19619110650233718,0.0,0.0,2.258391987197683e-06,0.7901049256324768
1786712344.344987,0.5306898127061851,-2.2541806966088065,0.19621142669531946,0.0,0.0,1.6197162722164649e-06,0.7181755304336548
1786712344.345066,0.7032413785999004,-2.73622836718642,0.19619146866066342,0.0,0.0,2.2688150238536764e-06,0.7917085886001587
1786712344.5382764,0.5650364834721001,-2.22961236104089,0.19621163347300485,0.0,0.0,1.5298215885195532e-06,0.7193466424942017
1786712344.5383964,0.7572814379220895,-2.7041499012792842,0.1961918088469986,0.0,0.0,2.2752444692741847e-06,0.7927981019020081
1786712344.7886026,0.598452322428924,-2.203631412516969,0.1962147601079786,0.0,0.0,1.1171483720318065e-06,0.7441507577896118
1786712344.7886837,0.8100315069403847,-2.669869815241992,0.19619226823029826,0.0,0.0,2.433513373034657e-06,0.8130853176116943
1786712345.1920657,0.6301098062643383,-2.177792537070739,0.19621379735412534,0.0,0.0,1.2522401675596484e-06,0.881714940071106
1786712345.1921954,0.8594063600945979,-2.635577519365744,0.1961941319319445,0.0,0.0,1.91188337339554e-06,0.9309197068214417
1786712346.1882737,0.6641850108329843,-2.152862790840246,0.19620597466064246,0.0,0.0,1.4178433502820553e-06,0.2817436754703522
1786712346.1884325,0.90481576551913,-2.6047929180050464,0.1961982297574729,0.0,0.0,1.964828243217198e-06,0.3065677881240845
1786712347.1383154,0.8361231126396327,-2.0613400731559657,0.1962059407373721,-2.9802322387695312e-05,0.0,2.4561677491874434e-06,1.9053170035476796e-05
1786712347.1384945,1.0752842480069924,-2.514049639356126,0.19620512943512994,0.0,0.0,2.665510692168027e-06,1.9624849301180802e-05
1786712350.7382874,1.1489563271887053,-1.8960358349380313,0.19619303638728286,0.0,0.0,3.264942642999813e-05,0.0949442982673645
1786712350.7383728,1.3880900702235557,-2.348759870888811,0.19620768490999946,0.0,0.0,1.6498856894031633e-06,0.0948227271437645
1786712351.6383507,1.3444628636496598,-1.7927501248647564,0.1961918038621943,0.0,0.0,3.5870314604835585e-05,0.6435004472732544
1786712351.6385846,1.5836206048701862,-2.245461483892811,0.19620667892921037,0.0,0.0,1.282610810449114e-06,0.716988742351532
1786712351.8883312,1.488683333625052,-1.710775974251571,0.1962066723571598,0.0,0.0,1.1591329212023993e-06,0.8397969603538513
1786712351.8884437,1.7473440219654641,-2.152634150870374,0.19619877482310846,3.9019882678985596,1.4117121696472168,4.3251853298897913e-07,0.9251773357391357
1786712352.1389303,1.5426983398686787,-1.6738016943814467,0.19620830950291343,0.0,0.0,1.455340679967776e-06,0.9174964427947998
1786712352.1389809,1.8184351384656434,-2.1052101061460538,0.19619573032286683,4.651993751525879,1.6920089721679688,4.2351959450570575e-07,0.9727561473846436
1786712352.3382049,1.5776321484377827,-1.64559354752631,0.19620689634617702,0.0,0.0,1.0229093732050387e-06,0.9796123504638672
1786712352.338299,1.863928183162644,-2.070068022982635,0.19619322526215419,4.651993751525879,1.6920089721679688,2.4598969616818067e-07,1.003864049911499
1786712352.588264,1.5942858424951571,-1.627340269230151,0.1962101771818089,0.0,0.0,1.0228085329799796e-06,0.8448603749275208
1786712352.588438,1.884961450400157,-2.048827743211378,0.19619449333113437,4.371941089630127,1.5869736671447754,1.6159675908511417e-07,0.9325389266014099
1786712352.8882484,1.645026721037695,-1.582851627255026,0.19621085294480584,0.0,0.0,6.392070304173103e-07,0.8317877650260925
1786712352.8883708,1.9522734911263897,-1.9924165452505815,0.19619610985606295,5.335330963134766,1.9500732421875,2.1647404935265513e-07,0.8670575618743896
1786712353.620965,1.6987432478973115,-1.5337097515525495,0.19621064674627092,0.0,0.0,3.0139011641949764e-07,0.08219996839761734
1786712353.6210527,2.0135266957960245,-1.9375109165707136,0.19620296744702587,4.371941089630127,1.5869736671447754,1.7290103642153554e-06,0.11687114089727402
1786712353.7882268,1.823479716018383,-1.4380212365364777,0.19619592382516038,0.0,0.0,1.536821287118073e-06,0.5210703015327454
1786712353.7883723,2.128362261586298,-1.8493491269008884,0.19619997250412397,4.371941089630127,1.5869736671447754,1.425613390892977e-06,0.49744078516960144
1786712354.0383267,1.870014261147365,-1.4066454764079044,0.19619262775673346,0.0,0.0,2.1270800516504096e-06,0.623109757900238
1786712354.0384896,2.1663041225904505,-1.8242054337407403,0.1961988114117344,0.0,0.0,1.2775786899510422e-06,0.6059404611587524
1786712354.2381914,1.9182218935306283,-1.3765800414993583,0.19618874004210182,0.0,0.0,2.0612967546185246e-06,0.6360819935798645
1786712354.2383802,2.2058745623504827,-1.8001363444095726,0.19620838300750312,0.0,0.0,5.932944304731791e-07,0.621492862701416
1786712354.4882538,1.9677617289095601,-1.3479422143901827,0.19619008342548924,0.0,0.0,1.7713990700940485e-06,0.6285654306411743
1786712354.4883707,2.247418364424403,-1.7768200126414855,0.19620956760618488,0.0,0.0,1.0725185006776883e-07,0.6132996678352356
1786712354.7383199,2.019070840291796,-1.320555872466911,0.19618754275768274,0.0,0.0,1.1778861335187685e-06,0.6220346093177795
1786712354.738419,2.2903770014531113,-1.7547643089771003,0.1962116111476569,0.0,0.0,1.478484023209603e-06,0.6051428914070129
1786712354.9384222,2.070673934323276,-1.2946924904996466,0.1961877707365443,0.0,0.0,9.9073656656401e-07,0.681063175201416
1786712354.9384735,2.3330579092685726,-1.7343499133212057,0.19620357614199274,0.0,0.0,2.5216709218511824e-06,0.6703287363052368
1786712366.4884171,2.1785853916002886,-1.2361945262657916,0.1962073172583033,0.0,0.0,1.082531753127114e-06,0.17126081883907318
1786712366.4885614,2.436628427249105,-1.678413693368594,0.19620753490202633,0.0,0.0,2.929211632363149e-06,0.1637069284915924
1786712366.6884053,2.3174747533882614,-1.1564889186009162,0.1961908697216375,0.0,0.0,1.4406473383132834e-06,0.5856878757476807
1786712366.688538,2.5684297241317586,-1.6027686540370696,0.19621082384829822,0.0,0.0,2.9318298402358778e-06,0.5664496421813965
1786712366.9382732,2.360247036634215,-1.1344618224831549,0.19618922563873992,0.0,0.0,1.592073658684967e-06,0.6693273782730103
1786712366.9383736,2.6034026171687294,-1.5850385230487989,0.1962129385339132,0.0,0.0,2.9318298402358778e-06,0.6547330021858215
1786712367.0882928,2.4040858449576135,-1.1138819253998897,0.19618162927450492,0.0,0.0,1.9996220999018988e-06,0.6782500743865967
1786712367.0884552,2.6392417038667473,-1.568684872824159,0.19621379921088142,0.0,0.0,3.0264025099313585e-06,0.6653721332550049
1786712367.3383217,2.449246703266818,-1.0946203944736557,0.19618409926086863,0.0,0.0,9.416424404662393e-07,0.6650369763374329
1786712367.3384173,2.6768701887969493,-1.5532395698253263,0.1962129933389223,0.0,0.0,4.460804120753892e-06,0.6506884694099426
1786712367.5383916,2.496244250117857,-1.0766285531310456,0.19617928573529986,0.0,0.0,6.577928957085533e-07,0.6525286436080933
1786712367.5384963,2.715728913181307,-1.5391979874812056,0.196212223508702,0.0,0.0,4.40221447206568e-06,0.6367769241333008
1786712367.7383409,2.5450389767269073,-1.060058373277956,0.19619530066590324,0.0,0.0,2.1901365698795416e-07,0.6309888362884521
1786712367.7384386,2.755793290517178,-1.5266702236932248,0.19621175760456044,0.0,0.0,3.920356448361417e-06,0.6127209663391113
1786712367.938442,2.5956394769436746,-1.044528481918217,0.19620138076279744,0.0,0.0,1.8817432874129736e-06,0.6064029932022095
1786712367.9386277,2.796656034854783,-1.5154173683470722,0.19621051106481494,0.0,0.0,2.5566250769770704e-06,0.5852574110031128
1786712368.5874863,2.648048961004889,-1.030062393416756,0.1961797233823162,0.0,0.0,2.0294830846978584e-06,0.581599771976471
1786712368.5875745,2.8381643457569554,-1.5054571138240695,0.19619673590792686,0.0,0.0,2.228234734502621e-06,0.5575839281082153
1786712368.587683,2.702214621732057,-1.0168414382976585,0.19617936760588314,0.0,0.0,1.7667597376203048e-06,0.5574066042900085
1786712368.5879195,2.8802392369442216,-1.4968948062149616,0.196197528418412,0.0,0.0,1.5603092151650344e-06,0.5306212306022644
1786712368.588043,2.7580821979505705,-1.0050720530198423,0.19618112465722215,0.0,0.0,5.994096454742248e-07,0.5908277630805969
1786712368.5881178,2.922837487046987,-1.4898397235005014,0.19620039928749305,0.0,0.0,6.560127872035082e-07,0.5662415027618408
1786712368.9384305,2.8062082223168,-0.9958949167815307,0.1961862394217814,0.0,0.0,4.885346243099775e-07,0.6803125143051147
1786712368.9385152,2.959625041061923,-1.4843693577442834,0.1962021218718437,0.0,0.0,5.00716055285011e-07,0.6695106029510498
1786712371.4884274,2.902869813471224,-0.9699107043239376,0.19619907540323617,0.0,0.0,2.2085557702666847e-06,0.015131134539842606
1786712371.4885666,3.0526386043467997,-1.4595159629546033,0.19620000653864966,0.0,0.0,1.6160707900780835e-06,0.0291888564825058
1786712371.8384042,3.0867691527282126,-0.9143026702660813,0.196177887544827,0.0,0.0,1.8004227513301885e-06,0.6811084151268005
1786712371.8385143,3.229750762807914,-1.4059328758640952,0.19618896323677287,0.0,0.0,9.324575103164534e-07,0.6687953472137451
1786712372.0383525,3.1391124094387894,-0.9015662985856372,0.1961776221370058,0.0,0.0,6.9928114498907235e-06,0.38491755723953247
1786712372.0384817,3.2738846035431646,-1.3955100762759531,0.19619093800758314,0.0,0.0,1.539034769848513e-06,0.3576701879501343
1786712372.2383957,3.220400782066241,-0.8832534686927762,0.19617556567259947,0.0,0.0,1.0440918231324758e-05,0.6278769969940186
1786712372.2385173,3.3388845089561663,-1.3813554724886987,0.1961922017834884,0.0,0.0,5.1255997277621645e-06,0.6137731671333313
1786712372.4383082,3.2751825044917946,-0.8739494657209864,0.19617496412156554,0.0,0.0,9.577261153026484e-06,0.6185160875320435
1786712372.4384036,3.384377373878795,-1.3741698972643825,0.19619409772178326,0.0,0.0,6.962457518966403e-06,0.603507399559021
1786712372.6383913,3.33133851462133,-0.866413514640337,0.19617923954088587,0.0,0.0,9.942646101990249e-06,0.610699474811554
1786712372.6385562,3.43082589900549,-1.3686547515978482,0.1961949808067567,0.0,0.0,7.293708677025279e-06,0.5949093699455261
1786712372.8383045,3.388736244230766,-0.860772596799241,0.196179430919893,0.0,0.0,7.569230547233019e-06,0.5959469676017761
1786712372.8384044,3.478152718215231,-1.3649042203542998,0.19619709234608165,0.0,0.0,6.9024194999656174e-06,0.578669011592865
1786712373.0883253,3.447235593557482,-0.8567763004498492,0.19618225564881406,0.0,0.0,6.828151072113542e-06,0.5757579207420349
1786712373.0884352,3.5259244644162755,-1.3626933502920446,0.19619904665012403,0.0,0.0,8.907033588911872e-06,0.55647873878479
1786712373.592913,3.5067289387547858,-0.8543053015594284,0.19618125624379673,0.0,0.0,5.465944468596717e-06,0.5561466217041016
1786712373.593012,3.5738110676791655,-1.3618917352173316,0.19619984182341998,0.0,0.0,7.935128451208584e-06,0.5349515676498413
1786712373.593121,3.567101017771637,-0.853506675254696,0.19618378546255816,0.0,0.0,3.9606011341675185e-06,0.6001342535018921
1786712373.593223,3.6217265257038744,-1.362584325070194,0.19620226449272,0.0,0.0,9.497220162302256e-06,0.5811996459960938
1786712373.7383726,3.617364197118258,-0.8533671396587671,0.1961901143285697,0.0,0.0,3.84235272576916e-06,0.5108360648155212
1786712373.7385013,3.661685672601057,-1.3634451794133455,0.19620319692129157,0.0,0.0,9.725494237500243e-06,0.48649048805236816
1786712373.9385116,3.667273695154709,-0.8540937381269627,0.19618715877218867,0.0,0.0,2.5091683255595854e-06,0.6161251068115234
1786712373.9386456,3.700934839527632,-1.3649860233875797,0.19620201440135038,0.0,0.0,0.0007791771786287427,0.599916934967041
1786712374.338481,3.720509271274195,-0.8558299330871253,0.19619038632674313,0.0,0.0,0.00026333541609346867,0.5935233235359192
1786712374.3386016,3.7446982888851066,-1.3672582186555529,0.1962025336709473,0.0,0.0,0.0008426439017057419,0.5874330997467041
1786712375.2883427,3.7957299581605035,-0.8574028524489251,0.19619314569124285,0.0,0.0,0.0012789261527359486,0.21782290935516357
1786712375.2884824,3.8137803583884624,-1.3690845728690832,0.1961994288067933,0.0,0.0,0.009683860465884209,0.22641249001026154
1786712376.1883197,3.9659186789699863,-0.8485562165530963,0.2036083026300792,4.348903656005859,1.578366756439209,0.044022686779499054,0.11188817024230957
1786712376.1884325,3.984805246489005,-1.3601998360061378,0.20645509737873194,8.893192291259766,3.3379673957824707,0.06907770782709122,0.11889669299125671
1786712376.938288,4.177874025542372,-0.8357315464783834,0.22628318424945026,35.582096099853516,17.459529876708984,0.22344467043876648,0.32455208897590637
1786712376.93839,4.194794288053454,-1.3474331199686862,0.2306654672280366,35.582096099853516,17.459529876708984,0.22382134199142456,0.25873810052871704
1786712377.188456,4.318713262639046,-0.8371603259792594,0.24554221264443127,55.493743896484375,38.128353118896484,0.35048457980155945,0.7788562774658203
1786712377.1886258,4.355538662244245,-1.3477936214593944,0.2519863953710787,56.7923469543457,40.158897399902344,0.3527354896068573,0.7795059680938721
1786712377.588444,4.3248063517578474,-0.8494016582356796,0.25232873790400784,53.24262237548828,34.876060485839844,0.3416881561279297,0.6491239666938782
1786712377.5886698,4.388308178208773,-1.3574246306040276,0.25724580851823203,60.63966369628906,46.81564712524414,0.3691807985305786,0.6801125407218933
1786712378.6134741,4.367486215801719,-0.8319884038801691,0.26815093812166735,56.7923469543457,40.158897399902344,0.3546896278858185,0.02895345352590084
1786712378.6135647,4.401500407152724,-1.3428522794790556,0.27041707907548207,60.63966369628906,46.81564712524414,0.3691807985305786,0.025584548711776733
1786712378.688457,4.410289193117507,-0.8177883890862676,0.27836038629218374,60.63966369628906,46.81564712524414,0.3711431920528412,0.5280058979988098
1786712378.6885486,4.423164930481827,-1.329613854924636,0.28195314382119707,60.8887825012207,47.271121978759766,0.3692757785320282,0.5736925005912781
1786712379.1883852,4.424423863745083,-0.8038335760812065,0.28908854637126497,60.011192321777344,45.6743049621582,0.3706994652748108,0.4760986268520355
1786712379.1885731,4.414654995577465,-1.3157403683625704,0.2890162212130774,60.63966369628906,46.81564712524414,0.3687531054019928,0.522648811340332
1786712380.2383156,4.489649585393653,-0.7954232017479584,0.2900783044701646,62.355072021484375,49.94089889526367,0.37210938334465027,0.28278839588165283
1786712380.2384489,4.4617691330186,-1.306641040482932,0.2852822921156135,60.63966369628906,46.81564712524414,0.36944806575775146,0.2130035012960434
1786712381.2882864,4.58265069604177,-0.7988011943019098,0.27088628950603433,64.46380615234375,54.08966064453125,0.3729817867279053,0.8492414355278015
1786712381.2884068,4.54041834587091,-1.3090021022744014,0.2634390012014932,64.44705963134766,54.075599670410156,0.37256839871406555,0.8574553728103638
1786712389.5907347,4.423756918421243,-0.7903511725692012,0.24293990331476836,60.3862419128418,46.32209396362305,0.3721572756767273,0.7237828373908997
1786712389.590916,4.425075937622844,-1.3023494191542098,0.24317587412338001,60.350582122802734,46.28898239135742,0.36945071816444397,0.6872937679290771
1786712390.5883796,4.4224018958536,-0.7963290081736768,0.24269988122787,60.67295455932617,46.84644317626953,0.3718588352203369,0.1592099666595459
1786712390.5884435,4.415967235662398,-1.3082873171746567,0.24156630587490824,60.350582122802734,46.28898239135742,0.3687138259410858,0.2590825855731964
1786712391.5885289,4.439029802850351,-0.7793623952670142,0.24563593936097342,60.689598083496094,46.86184310913086,0.3721572756767273,0.48565298318862915
1786712391.5886555,4.452568919465428,-1.2911778041935174,0.24801911092001724,60.63966369628906,46.81564712524414,0.36947953701019287,0.42241308093070984
1786712392.5884745,4.433243047906139,-0.7819968581521027,0.2446118015556177,60.689598083496094,46.86184310913086,0.3721572756767273,0.9513160586357117
1786712392.5886657,4.432561465835555,-1.2939963979415863,0.24452994046464024,60.63966369628906,46.81564712524414,0.3695415258407593,0.9557770490646362
1786712393.6385522,4.432917152476846,-0.7835278506013378,0.24455685060057544,60.689598083496094,46.86184310913086,0.3721572756767273,0.994340181350708
1786712393.6387737,4.433239247007937,-1.2955277463327475,0.2446118609519162,60.63966369628906,46.81564712524414,0.3695415258407593,0.9930809140205383
1786712394.6892135,4.4328909285161044,-0.7846483628621266,0.24455087697132857,60.689598083496094,46.86184310913086,0.3721572756767273,0.9999379515647888
1786712394.6892729,4.432929733081534,-1.2966483613440676,0.24455785537108046,60.350582122802734,46.28898239135742,0.3694523274898529,0.9997501969337463
1786712395.7884548,4.4328524573158665,-0.7849954505126403,0.2445439529276172,60.689598083496094,46.86184310913086,0.3721572756767273,0.9994171857833862
1786712395.7886028,4.4328490177413284,-1.2969954504995473,0.2445426973482108,60.350582122802734,46.28898239135742,0.3694523274898529,0.9992899894714355
1786712396.6383955,4.432951843142923,-0.7852205573720046,0.24456107532113203,60.689598083496094,46.86184310913086,0.3721572756767273,0.9979540109634399
1786712396.638537,4.432919782848098,-1.2972205563385162,0.24455555901029302,60.350582122802734,46.28898239135742,0.3694523274898529,0.9981818199157715
1786712397.638483,4.432880715651762,-0.7851819829573121,0.24454920552404807,60.689598083496094,46.86184310913086,0.3721572756767273,0.9992635846138
1786712397.6385877,4.4328942084437815,-1.2971819827722344,0.24455193758875465,60.350582122802734,46.28898239135742,0.3694523274898529,0.999170184135437
1786712398.639872,4.432868664753374,-0.7851907619119338,0.2445471547708256,60.689598083496094,46.86184310913086,0.3721572756767273,0.9994798898696899
1786712398.6399624,4.432861149993774,-1.2971907618552192,0.24454588827223464,60.350582122802734,46.28898239135742,0.3694523274898529,0.9994789958000183
1786712399.6383493,4.432886682454529,-0.7850763925154312,0.24454984513169442,60.689598083496094,46.86184310913086,0.3721572756767273,0.9770646095275879
1786712399.6422462,4.432878974505079,-1.2970763924572115,0.244549392901238,60.350582122802734,46.28898239135742,0.3694523274898529,0.9771967530250549
1786712405.8884602,4.418139005650987,-0.7847441105284501,0.24194890460003832,60.689598083496094,46.86184310913086,0.3721572756767273,0.9308053851127625
1786712405.8886,4.41814124827437,-1.2967441105233164,0.24194938167063768,60.350582122802734,46.28898239135742,0.36915528774261475,0.9307948350906372
1786712406.8384497,4.432837907343407,-0.7846612424908828,0.2445438790503389,60.689598083496094,46.86184310913086,0.3721572756767273,0.999587893486023
1786712406.8385737,4.432837994374564,-1.29666124248081,0.2445406686174363,60.350582122802734,46.28898239135742,0.3694523274898529,0.9997352361679077
1786712407.7885191,4.432864737695512,-0.7842978010652042,0.24454684428838083,60.689598083496094,46.86184310913086,0.3721572756767273,0.965022623538971
1786712407.7885852,4.432897964354902,-1.2962977999570706,0.24455238665888776,60.350582122802734,46.28898239135742,0.3694523274898529,0.9649683833122253
1786712409.8921669,4.3795311283463025,-0.7841715163776141,0.23713153435614615,58.3231315612793,42.674285888671875,0.3537074327468872,0.17522163689136505
1786712409.8922188,4.379494622177431,-1.2961715150647697,0.2371281208326947,57.76594543457031,41.7574462890625,0.3495365381240845,0.17513315379619598
1786712410.738714,4.190913175176231,-0.7841737436581935,0.22087029467299016,37.316650390625,18.737173080444336,0.2595859467983246,0.03839271515607834
1786712410.7388382,4.190899420328494,-1.296173743472402,0.22086926778776358,39.8560905456543,20.734107971191406,0.26237139105796814,0.038391999900341034
1786712411.53932,4.004543587555196,-0.7841696451069056,0.20614616471770722,9.473413467407227,3.571784496307373,0.07572886347770691,0.016817715018987656
1786712411.5394552,4.0045316952111545,-1.296169644964988,0.2061441909752296,10.892719268798828,4.153192043304443,0.08582178503274918,0.016821395605802536
1786712412.488542,3.81313809969178,-0.7841638221947015,0.19620663905086183,0.0,0.0,0.008541827090084553,1.4789527085667942e-05
1786712412.488633,3.8131251590988895,-1.296163822030251,0.19620567040377357,0.0,0.0,0.002116420306265354,1.4478203411272261e-05
1786712413.5733159,3.5881385015226774,-0.7841579742670572,0.19620636983610817,0.0,0.0,1.7291224594373489e-06,1.017056820273865e-05
1786712413.5733998,3.5881253242999662,-1.2961579740964764,0.19620535212839701,0.0,0.0,1.3577317076851614e-05,8.47309911478078e-06
1786712414.0884693,3.388137911025097,-0.7841528505565657,0.19620564065109067,0.0,0.0,1.1221768545510713e-05,1.8359292880631983e-05
1786712414.0885937,3.3881249713818975,-1.2961528503929678,0.19620594026801721,0.0,0.0,7.727890078967903e-06,1.5869463823037222e-05
1786712416.3887515,3.0899579358210887,-0.7837126949292398,0.19620433739404872,0.0,0.0,6.115511496318504e-06,0.9261271953582764
1786712416.3888955,3.0985492192094735,-1.2956406096290594,0.19620342383419329,0.0,0.0,2.176980842705234e-06,0.932426929473877
1786712416.589043,3.1065817015317547,-0.7808309826834795,0.19620719309939022,0.0,0.0,7.358562015724601e-06,0.6587433815002441
1786712416.5891237,3.1183059618443423,-1.2926967284576039,0.19620237414218505,0.0,0.0,1.4980977312006871e-06,0.6886305809020996
1786712416.788649,3.148604257742522,-0.7775747693405807,0.19620608636457493,0.0,0.0,8.852985047269613e-06,0.8131649494171143
1786712416.788781,3.171889494773972,-1.2890450008458463,0.1962015764557941,0.0,0.0,1.7932341052073753e-06,0.8187695145606995
1786712417.089018,3.1868886837330055,-0.7745255621132032,0.19620599135000652,0.0,0.0,1.0605317584122531e-05,0.7915472388267517
1786712417.089205,3.2141786121549285,-1.2857977594680259,0.19620166729213676,0.0,0.0,1.2051865496687242e-06,0.7969643473625183
1786712417.9386044,3.2273786416516628,-0.771298978005255,0.19620414225900232,0.0,0.0,1.0391633622930385e-05,0.32410502433776855
1786712417.938736,3.2589094113954977,-1.2823271675852659,0.19620040894065152,0.0,0.0,1.3848068647348555e-06,0.3458804190158844
1786712418.7885492,3.4433788845909206,-0.7576212041844046,0.19620129045250218,0.0,0.0,5.849130502610933e-06,3.403931259526871e-05
1786712418.7887206,3.473499644726518,-1.2687344399833187,0.1962011585550114,0.0,0.0,1.0217241651844233e-05,3.42061321134679e-05
1786712419.7394705,3.643034330601957,-0.7458548511794285,0.19619809721527165,0.0,0.0,1.9204105683456874e-06,6.563969350281695e-07
1786712419.739682,3.6731545644889425,-1.256968117989275,0.1961993461344853,0.0,0.0,6.9963998612365685e-06,2.7013181806978537e-06
1786712420.7914586,3.8676446156324626,-0.7326179442588223,0.1961921238805786,4.101902008056641,1.4861345291137695,0.011470021679997444,0.013543623499572277
1786712420.793881,3.897765792401284,-1.243731155503159,0.19619337427517763,4.101902008056641,1.4861345291137695,0.011129176244139671,0.0013762826565653086
1786712421.7385893,4.080864921470867,-0.7151598900355185,0.2146732076032448,24.834781646728516,10.75456714630127,0.14311033487319946,0.0414825938642025
1786712421.7386823,4.107343432527524,-1.226445396366703,0.22015221005686839,29.996126174926758,13.744979858398438,0.1646289974451065,0.052903495728969574
1786712421.938553,4.288985566614594,-0.6990356371541295,0.23887866991334306,56.40247344970703,39.53709030151367,0.3315635919570923,0.8960534334182739
1786712421.9386177,4.313073123549085,-1.2103785583198148,0.24848109537108054,57.14665222167969,40.73313522338867,0.3328823149204254,0.8931249380111694
1786712422.138516,4.309641921828848,-0.7056245306935183,0.2441223691096736,55.493743896484375,38.128353118896484,0.34043365716934204,0.6553239822387695
1786712422.1386502,4.3574425650353605,-1.215283993996404,0.25443401179442887,58.7347297668457,43.410987854003906,0.35478726029396057,0.6428875923156738
1786712422.6894393,4.3247250083185005,-0.7159189785451201,0.25040064622840674,57.76594543457031,41.7574462890625,0.3514738082885742,0.44534072279930115
1786712422.6896133,4.398345484879101,-1.2225021147253639,0.260277465998896,60.63966369628906,46.81564712524414,0.37139251828193665,0.490100234746933
1786712423.6134222,4.364247628858823,-0.7049006299271074,0.26524460700344843,60.350582122802734,46.28898239135742,0.35324957966804504,0.23676666617393494
1786712423.6135206,4.417425026045998,-1.2140593390203775,0.2738220998115032,62.60341262817383,50.42262268066406,0.3725406527519226,0.2913692593574524
1786712423.6888542,4.414438812936485,-0.6882864893590809,0.278259122854673,62.60341262817383,50.42262268066406,0.3723536729812622,0.5128726959228516
1786712423.6890554,4.444350098914375,-1.1993418831211997,0.28672667727107004,62.478973388671875,50.189369201660156,0.37242069840431213,0.5596705675125122
1786712424.142361,4.452892843005688,-0.6756152108901987,0.288831267880515,62.81040573120117,50.81401062011719,0.3719983398914337,0.4923003911972046
1786712424.1425097,4.462066948602357,-1.1875235784591207,0.2919391609646928,62.713069915771484,50.62940216064453,0.37228265404701233,0.5401519536972046
1786712424.7386622,4.4953103397137,-0.6647661951903054,0.2896115057407597,62.713069915771484,50.62940216064453,0.37326690554618835,0.33719033002853394
1786712424.738895,4.484190142318881,-1.176642178848396,0.2877898131315237,62.713069915771484,50.62940216064453,0.37430381774902344,0.39868277311325073
1786712425.58859,4.551279513913826,-0.6587067413582472,0.2815745774783408,64.44705963134766,54.075599670410156,0.37377145886421204,0.15070700645446777
1786712425.5888252,4.521250721866549,-1.1697990220871077,0.27638302399666037,64.44705963134766,54.075599670410156,0.3737833797931671,0.23020197451114655
1786712426.4886746,4.620653604090612,-0.6600500718167142,0.2776516067173849,64.44705963134766,54.075599670410156,0.37396183609962463,0.5543289184570312
1786712426.488836,4.56992986103563,-1.1694529066157637,0.26871551197837856,64.44705963134766,54.075599670410156,0.3743257224559784,0.4903735816478729
1786712427.3384838,4.592465599727942,-0.6815017694476406,0.27268204466182155,64.44705963134766,54.075599670410156,0.37376800179481506,0.22191749513149261
1786712427.3386202,4.529032608016219,-1.1894340830215937,0.2615007929469201,64.44705963134766,54.075599670410156,0.3743210434913635,0.25669917464256287
1786712427.5885925,4.472887165991359,-0.6983014285170053,0.2520545730615807,62.60341262817383,50.42262268066406,0.3734123706817627,0.790292501449585
1786712427.588727,4.416352952217345,-1.2071246183089814,0.24521029056648186,62.478973388671875,50.189369201660156,0.37239181995391846,0.763536810874939
1786712427.7886055,4.465726500642863,-0.6827937168831328,0.2503575895204784,62.60341262817383,50.42262268066406,0.3734276294708252,0.815703272819519
1786712427.788697,4.436081713680843,-1.1939086099327874,0.24518528743953946,62.60341262817383,50.42262268066406,0.37233906984329224,0.7918300032615662
1786712427.988928,4.464385790746659,-0.6611835317825261,0.25012361534140337,62.713069915771484,50.62940216064453,0.37390998005867004,0.767449676990509
1786712427.9890165,4.465842743592917,-1.173181410023299,0.2503471446471802,62.713069915771484,50.62940216064453,0.37430381774902344,0.7367089986801147
1786712428.6232517,4.458775104525858,-0.6392700748245903,0.2491310146349271,62.81040573120117,50.81401062011719,0.3739739954471588,0.6970160603523254
1786712428.6249585,4.485323326285326,-1.150560141398582,0.25378501766172573,62.81040573120117,50.81401062011719,0.37485653162002563,0.6557786464691162
1786712429.3892102,4.441081279615794,-0.6054755494865985,0.24600771150528744,60.350582122802734,46.28898239135742,0.37200140953063965,0.5400539636611938
1786712429.3892915,4.49717879777862,-1.1142973487781198,0.2558791360078758,62.60341262817383,50.42262268066406,0.3753349483013153,0.6176928877830505
1786712430.3386588,4.442343481150955,-0.5454058541493434,0.24621876532425974,61.10554885864258,47.6683235168457,0.37205007672309875,0.014061212539672852
1786712430.3388999,4.515762205279366,-1.0519491916464658,0.2591624195467915,64.44705963134766,54.075599670410156,0.37560293078422546,0.11386004835367203
1786712431.0385911,4.439565828925689,-0.5322225130449135,0.24572567816821209,62.713069915771484,50.62940216064453,0.3718350827693939,0.2464638203382492
1786712431.0386825,4.490329869772076,-1.041620879674535,0.2546876105502491,62.713069915771484,50.62940216064453,0.3756468594074249,0.3320116400718689
1786712431.9385352,4.436219758596328,-0.5448083036313245,0.24513602859188138,62.713069915771484,50.62940216064453,0.3719884157180786,0.06883196532726288
1786712431.938637,4.461576112676832,-1.0561604188720923,0.24961593333823945,62.713069915771484,50.62940216064453,0.3756670355796814,0.05447344854474068
1786712432.8385577,4.432896748400434,-0.5685242943716707,0.24454910943224453,60.8887825012207,47.271121978759766,0.3726613223552704,0.9504755735397339
1786712432.8387117,4.432988574100871,-1.080524285625864,0.2445719949466578,60.63966369628906,46.81564712524414,0.37573757767677307,0.951534628868103
1786712433.9386425,4.432930189964688,-0.57647421102924,0.2445573698337184,60.8887825012207,47.271121978759766,0.3726613223552704,0.9949239492416382
1786712433.9387481,4.433233769438514,-1.0884741182484043,0.24461072777679976,60.8887825012207,47.271121978759766,0.3751964271068573,0.9935908317565918
1786712434.9392838,4.432815357718392,-0.5803690581010571,0.24453999948137436,60.63966369628906,46.81564712524414,0.3720998466014862,0.9909956455230713
1786712434.9401598,4.432819055355764,-1.0923690580848633,0.2445382936751537,60.63966369628906,46.81564712524414,0.3752560317516327,0.990951418876648
1786712436.040736,4.43286159885348,-0.5824848508804323,0.24454537420253522,60.63966369628906,46.81564712524414,0.3720998466014862,0.9937409162521362
1786712436.040942,4.432855357019262,-1.094484850840464,0.24454397167096872,60.63966369628906,46.81564712524414,0.3752560317516327,0.9937427043914795
1786712436.8886771,4.432893340726367,-0.5838885283385984,0.2445505948801252,60.63966369628906,46.81564712524414,0.3720998466014862,0.9947424530982971
1786712436.8888142,4.432887508303701,-1.0958885283050515,0.24455001605082183,60.350582122802734,46.28898239135742,0.37527236342430115,0.9949132204055786
1786712447.1887898,4.41810801519701,-0.5849712121551562,0.24194450140759519,60.63966369628906,46.81564712524414,0.3720998466014862,0.9303233027458191
1786712447.1889122,4.4181097077380045,-1.096971212152341,0.2419446359264865,60.350582122802734,46.28898239135742,0.37579911947250366,0.9303094148635864
1786712448.640905,4.432908138376571,-0.5847536361787982,0.2445538242193545,60.63966369628906,46.81564712524414,0.3720998466014862,0.9971485137939453
1786712448.6409798,4.432906906451133,-1.096753636177316,0.24455383470635922,60.350582122802734,46.28898239135742,0.37527236342430115,0.9970100522041321
1786712449.1415503,4.432917512997361,-0.5843687136845067,0.24455391745621846,60.63966369628906,46.81564712524414,0.3720998466014862,0.9954261183738708
1786712449.1417232,4.432885143317164,-1.0963687126568828,0.2445517983768316,60.350582122802734,46.28898239135742,0.37527236342430115,0.9959646463394165
1786712450.238835,4.432890833066799,-0.5842774636525787,0.24455155999043737,60.63966369628906,46.81564712524414,0.3720998466014862,0.9984004497528076
1786712450.2390575,4.432966175893619,-1.0962774579739893,0.24456332153583643,60.350582122802734,46.28898239135742,0.37527236342430115,0.9981184005737305
1786712451.188624,4.432877680958251,-0.5844444283419552,0.24454827259176637,60.63966369628906,46.81564712524414,0.3720998466014862,0.996033787727356
1786712451.1887589,4.432889557971327,-1.096444428200202,0.24455029547263607,60.350582122802734,46.28898239135742,0.37527236342430115,0.9955220222473145
1786712452.0886695,4.432996654210356,-0.5845269089311267,0.24456838264335204,60.63966369628906,46.81564712524414,0.3720998466014862,0.9989145398139954
1786712452.08885,4.432906160947962,-1.096526900782022,0.24455590656383938,60.350582122802734,46.28898239135742,0.37527236342430115,0.9991867542266846
1786712452.988902,4.432919280376859,-0.5841801247943224,0.24455435334559436,60.63966369628906,46.81564712524414,0.3720998466014862,0.9992231130599976
1786712452.989049,4.432883239745705,-1.0961801235080666,0.24455008734404418,60.350582122802734,46.28898239135742,0.37527236342430115,0.9994243383407593
1786712454.0388541,4.432837619365641,-0.5838726004584783,0.2445410648791121,60.63966369628906,46.81564712524414,0.3720998466014862,0.9991834759712219
1786712454.0391722,4.432841828579376,-1.0958726004401593,0.24454208533433042,60.350582122802734,46.28898239135742,0.37527236342430115,0.9991393685340881
1786712455.1387746,4.4328594208675,-0.5837744148116453,0.2445453366654085,60.63966369628906,46.81564712524414,0.3720998466014862,0.9990105032920837
1786712455.1389298,4.432853696955114,-1.0957744147761683,0.24454344850270843,60.350582122802734,46.28898239135742,0.37527236342430115,0.9990389347076416
1786712456.0887988,4.432864828447514,-0.5839373831416178,0.2445461086778158,60.63966369628906,46.81564712524414,0.3720998466014862,0.9991807341575623
1786712456.088991,4.432865502020109,-1.095937383141083,0.2445464152983281,60.350582122802734,46.28898239135742,0.37527236342430115,0.9990919232368469
1786712456.941241,4.43290440917225,-0.584254159248332,0.24455226182882547,60.63966369628906,46.81564712524414,0.3720998466014862,0.9973304271697998
1786712456.941345,4.432887315139735,-1.0962541589582293,0.2445500574544565,60.350582122802734,46.28898239135742,0.37527236342430115,0.9975512623786926
1786712460.0421793,4.349008391464581,-0.5822120107122515,0.23433375338122636,56.19260787963867,39.206687927246094,0.3435134291648865,0.7868754267692566
1786712460.0422642,4.3595438753845155,-1.094101006698794,0.23596450978919875,55.493743896484375,38.128353118896484,0.344692587852478,0.795113205909729
1786712460.1886697,4.300155859778709,-0.5811472392207926,0.22995324175634876,52.236305236816406,33.52504348754883,0.3357383906841278,0.8292380571365356
1786712460.1888776,4.316727416891558,-1.0928723615682026,0.23255759453277117,54.670616149902344,36.900733947753906,0.3423543870449066,0.8314189314842224
1786712460.288753,4.272551539552641,-0.5808313255245403,0.22768842045976972,53.260459899902344,34.892093658447266,0.3357383906841278,0.821674644947052
1786712460.2888536,4.290893733623854,-1.0924953691395312,0.23042162155205131,53.68927001953125,35.495460510253906,0.3349475562572479,0.8229965567588806
1786712460.3887398,4.242678797833451,-0.5806522122199205,0.2251832220350675,48.540950775146484,29.034460067749023,0.30321642756462097,0.8138336539268494
1786712460.388959,4.262683260663136,-1.0922522349204515,0.22822266930582366,48.52054977416992,29.017471313476562,0.28589552640914917,0.8143928647041321
1786712460.538665,4.21032877279263,-0.5807852468418064,0.22262776233333204,48.540950775146484,29.034460067749023,0.30321642756462097,0.7696177959442139
1786712460.538837,4.231905559284476,-1.0923210009809168,0.22572849160511277,44.37598419189453,24.72922134399414,0.28068092465400696,0.7307507395744324
1786712460.6387138,4.205703642026335,-0.5803982577968512,0.22347418065214694,46.15150451660156,26.478504180908203,0.295960396528244,0.49893882870674133
1786712460.6392083,4.221045308100538,-1.092166231011829,0.2249489258848151,44.37598419189453,24.72922134399414,0.28068092465400696,0.5231907963752747
1786712460.738951,4.145878734909514,-0.5825482303996805,0.21871853413295203,35.05793380737305,17.084247589111328,0.2037118822336197,0.8324260115623474
1786712460.7390301,4.17008276957163,-1.0939752177353999,0.21949398934443168,35.03396987915039,17.06911277770996,0.21684017777442932,0.8313449621200562
1786712460.841701,4.1153459601523705,-0.5830992843287809,0.21642787248756587,35.05793380737305,17.084247589111328,0.2037118822336197,0.8355743885040283
1786712460.841781,4.140618690466748,-1.0944746388350621,0.21715992851823182,35.03396987915039,17.06911277770996,0.21684017777442932,0.8337670564651489
1786712460.9386017,4.08485494166957,-0.5838055660899182,0.21413249471348958,32.05741882324219,15.049415588378906,0.1749371737241745,0.8372558951377869
1786712460.9388082,4.111021805664646,-1.0951360539566253,0.21478625817099758,26.5632266998291,11.71525764465332,0.1991431564092636,0.834965705871582
1786712461.090178,4.054348526568645,-0.5845922195624987,0.21182955466326506,23.330598831176758,9.94819450378418,0.13892142474651337,0.8381373286247253
1786712461.090244,4.081296303046982,-1.0958822424012222,0.21240391382900634,21.024078369140625,8.76329517364502,0.16287094354629517,0.8355485200881958
1786712461.1887321,4.02380124474563,-0.5854598755068205,0.2095124202116118,19.66631317138672,8.09156322479248,0.11164750903844833,0.8389573693275452
1786712461.1888282,4.051460485144998,-1.096711981143739,0.21001332174606643,19.640653610229492,8.0794038772583,0.1414562463760376,0.83610999584198
1786712461.288703,3.993245586232791,-0.5863755299773061,0.20717934580802144,15.545129776000977,6.161653995513916,0.08046547323465347,0.8395841717720032
1786712461.2888687,4.021556064574912,-1.0975920296110229,0.20763466799107033,16.690195083618164,6.682801246643066,0.1075349897146225,0.8365325927734375
1786712461.3892252,3.9626337730813206,-0.5873795945592235,0.20484250505214696,14.522194862365723,5.705606937408447,0.06437551975250244,0.8398234844207764
1786712461.3894045,3.991547863087153,-1.098562403741994,0.2051756643920037,11.772871017456055,4.520726203918457,0.07786006480455399,0.8366990089416504
1786712461.5389018,3.9320337788900868,-0.5884179373018661,0.20249272782556246,9.498625755310059,3.5819292068481445,0.04193947836756706,0.8398499488830566
1786712461.5400004,3.9615332861883954,-1.0995673397436114,0.20275244421646885,9.473413467407227,3.571784496307373,0.05498116463422775,0.8367133140563965
1786712461.5885615,3.901407112071088,-0.5894923320094061,0.2001351771029302,4.970312118530273,1.8119096755981445,0.01700044982135296,0.8401809930801392
1786712461.5886786,3.931488393879348,-1.1006078606976755,0.20031633582588756,4.94411563873291,1.8020272254943848,0.04091333597898483,0.8369273543357849
1786712461.688576,3.8707521181704956,-0.5906064546024218,0.1977848307539981,4.651993751525879,1.6920089721679688,0.0130312480032444,0.8359628915786743
1786712461.688721,3.9013876758304122,-1.1016890838669342,0.19787794862979313,0.0,0.0,0.012404926121234894,0.8347196578979492
1786712461.8387542,3.8398988296048313,-0.5920452380944148,0.19620481809081944,4.970312118530273,1.8119096755981445,0.009623290970921516,0.8059858083724976
1786712461.8389702,3.871535327755788,-1.1030668931608432,0.1962109754293114,0.0,0.0,0.010155866853892803,0.8114554286003113
1786712461.938633,3.8091708960189226,-0.5944444465856775,0.1962034545711324,4.651993751525879,1.6920089721679688,0.009668716229498386,0.7901843786239624
1786712461.9388208,3.843422482863456,-1.1052974868859902,0.19620727013707048,0.0,0.0,0.009505652822554111,0.7979628443717957
1786712461.9885592,3.77887378700841,-0.5974601396024595,0.19620032009846336,4.970312118530273,1.8119096755981445,0.0011592169757932425,0.7813416719436646
1786712461.9887109,3.8163365924737547,-1.1080877320047422,0.19620949147240987,0.0,0.0,0.0070763686671853065,0.7902481555938721
1786712462.1398878,3.7487541748165794,-0.6009601312794187,0.19620121144741043,4.651993751525879,1.6920089721679688,0.0017244517803192139,0.8600946068763733
1786712462.1401646,3.7897267505611434,-1.111318091898987,0.19620952355820231,0.0,0.0,0.0002627942885737866,0.8329299688339233
1786712462.3386989,3.7481763307339175,-0.6022919313426744,0.19620102451523522,4.651993751525879,1.6920089721679688,0.0017244517803192139,0.6096090078353882
1786712462.3388069,3.784621361941306,-1.1129931743666244,0.19620963178534942,0.0,0.0,0.0002627942885737866,0.6263374090194702
1786712462.5389905,3.6642397903101545,-0.6111982277846609,0.19620125435139088,4.651993751525879,1.6920089721679688,4.286235707695596e-06,0.8710358738899231
1786712462.5391316,3.7105198677223683,-1.1211022916918028,0.19620801460362466,0.0,0.0,3.2562452361162286e-06,0.8523669838905334
1786712463.595999,3.6390607733052103,-0.6143100425432364,0.19620280614101113,4.651993751525879,1.6920089721679688,2.9373504730756395e-06,0.2436751425266266
1786712463.5960848,3.682472851242434,-1.124466284745229,0.19620841992227858,0.0,0.0,1.1720883321686415e-06,0.20252251625061035
1786712463.5961843,3.452119495155134,-0.6212166414549458,0.19621038049431866,0.0,0.0,2.1141818251635414e-06,0.7235742211341858
1786712463.5963063,3.4692688540567693,-1.1329293532510654,0.1962016900150914,0.0,0.0,8.344858542841394e-06,0.697556734085083
1786712463.7388906,3.4080491885091906,-0.616824551473718,0.19621123470561241,0.0,0.0,2.96101757157885e-06,0.7339233756065369
1786712463.7392333,3.4121009821565123,-1.1288085188396848,0.19619990138298898,0.0,0.0,9.642586519476026e-06,0.709984540939331
1786712463.9389243,3.3629073768005395,-0.6102925334933442,0.19621128020764772,0.0,0.0,5.473179498949321e-06,0.7183085083961487
1786712463.9391084,3.3547252116230566,-1.1222271504199977,0.19619842840551954,0.0,0.0,1.020253785100067e-05,0.692600667476654
1786712464.1900666,3.3178056349377405,-0.6020977689200124,0.19621113484846625,0.0,0.0,5.118711669638287e-06,0.701846182346344
1786712464.1902623,3.296552992018012,-1.1136564898395194,0.19619629825229645,0.0,0.0,1.1454544619482476e-05,0.6741488575935364
1786712464.4389923,3.2729415915737214,-0.5923371824318526,0.19621147643817066,0.0,0.0,9.232961929228622e-06,0.6862726807594299
1786712464.4415157,3.237704478354322,-1.1031231900432832,0.1961947331211749,0.0,0.0,7.0376349867729004e-06,0.656688928604126
1786712464.6387997,3.2284162261607317,-0.5809575876011834,0.1962115019565911,0.0,0.0,9.997920642490499e-06,0.6717100143432617
1786712464.6389234,3.1783439080386784,-1.0905032309194131,0.19619324557741946,0.0,0.0,6.477829970208404e-07,0.6403502225875854
1786712464.8388736,3.1843283287629007,-0.5679215129709273,0.19621190344997141,0.0,0.0,1.1135614840895869e-05,0.701781690120697
1786712464.8389828,3.1186418761291788,-1.0756904461751287,0.1961915794504543,0.0,0.0,2.5208978513546754e-06,0.6757895350456238
1786712465.1896548,3.139299128120283,-0.5548230235291118,0.19621265846258829,0.0,0.0,1.1152997103636153e-05,0.6251997351646423
1786712465.1897435,3.061498768272084,-1.0608774708324111,0.19619337004667176,0.0,0.0,3.5174639378965367e-06,0.6132640838623047
1786712465.788771,3.06920682006408,-0.538422373625012,0.1962090481735407,0.0,0.0,1.0559838301560376e-05,0.3039136826992035
1786712465.7889478,2.984408616123492,-1.0433513433663775,0.19619789587687467,0.0,0.0,4.839526354771806e-06,0.3550387918949127
1786712465.9887588,2.936207512469003,-0.5200982085541627,0.19620497304106854,0.0,0.0,1.2358082130958792e-05,0.6436557173728943
1786712465.9889255,2.8686815196113775,-1.027625784425212,0.19620933746245772,0.0,0.0,1.36540279527253e-06,0.6771220564842224
1786712466.1387045,2.879278848011496,-0.516804943593161,0.19620042079452904,0.0,0.0,8.628764771856368e-05,0.7014257907867432
1786712466.1388562,2.8259863383965786,-1.026023863443503,0.19620966173015508,0.0,0.0,1.36540279527253e-06,0.7297906279563904
1786712466.2386663,2.8502184361346434,-0.5162852773967034,0.19619894340678068,0.0,0.0,8.75882979016751e-05,0.7318069934844971
1786712466.2387989,2.8047701361326145,-1.026264151369991,0.19621025106221024,0.0,0.0,1.36540279527253e-06,0.7554333806037903
1786712466.3387964,2.82150882812144,-0.5164760951537439,0.19619924306082473,0.0,0.0,0.00010356587881688029,0.7272423505783081
1786712466.3389046,2.7827518964879903,-1.0270070933490714,0.19621073404085557,0.0,0.0,9.768256177267176e-07,0.7511991262435913
1786712466.4408267,2.792535504660097,-0.5173603073371164,0.19619811142547378,0.0,0.0,0.00011005411215592176,0.7230443954467773
1786712466.440888,2.7605764997921236,-1.0283618942606956,0.19621112804769747,0.0,0.0,1.4970720485507627e-06,0.7472792863845825
1786712466.5889769,2.7633253207045083,-0.5189566743842077,0.1961983743663133,0.0,0.0,0.00024514590040780604,0.7190873026847839
1786712466.58912,2.738256884352703,-1.0303426082241733,0.19621139365359516,0.0,0.0,1.4970720485507627e-06,0.7435728311538696
1786712466.6902652,2.7339007590185855,-0.5212712304591846,0.1961980653337497,0.0,0.0,0.0002861049142666161,0.9964964389801025
1786712466.6904688,2.715807187017272,-1.0329514259605155,0.19621162826081653,0.0,0.0,1.6849829762577428e-06,0.9937110543251038
1786712466.78913,2.733099197549533,-0.5249974907668431,0.19619754800462935,0.0,0.0,0.0002861049142666161,0.42263567447662354
1786712466.7893481,2.7144841420678287,-1.0366589799488184,0.19621160134899612,0.0,0.0,1.6849829762577428e-06,0.4766100347042084
1786712466.8889985,2.6744525369762746,-0.5275711734966049,0.19619698340978578,0.0,0.0,0.00031054450664669275,0.6998097896575928
1786712466.8891098,2.6709003896085894,-1.0395588511102745,0.19621184407284611,0.0,0.0,2.306257556483615e-06,0.7267361283302307
1786712466.9887881,2.644463292478043,-0.5315040391982135,0.1961962802838435,0.0,0.0,0.0003314969944767654,0.6934583783149719
1786712466.988961,2.6485210393104768,-1.0434879593011108,0.19621198742108742,0.0,0.0,2.306257556483615e-06,0.7212279438972473
1786712467.0886543,2.6143253315889674,-0.535980298032775,0.19619563113098576,0.0,0.0,0.0007263051811605692,0.6873460412025452
1786712467.0887825,2.6262069042280616,-1.0478424161430808,0.1962122218940462,0.0,0.0,2.306257556483615e-06,0.7159326076507568
1786712467.246192,2.5840597760385102,-0.5410126190518518,0.19619484181396898,0.0,0.0,0.0007824921049177647,0.6815060377120972
1786712467.2462811,2.6039701192108358,-1.052625341651101,0.1962124299847771,0.0,0.0,1.7739408804118284e-06,0.7108757495880127
1786712467.3390262,2.553689437728364,-0.5466166341732461,0.19619416936958164,0.0,0.0,0.0007998882210813463,0.6759288907051086
1786712467.3391283,2.5818224684214552,-1.0578431321625679,0.19621254314185102,0.0,0.0,1.684362587184296e-06,0.7060496211051941
1786712467.44285,2.5232365004659676,-0.5528057063020891,0.19619331375898874,0.0,0.0,0.000836696766782552,0.6706324815750122
1786712467.4429405,2.5597752609068425,-1.0635002516053782,0.19621288187113284,0.0,0.0,1.0064277375931852e-06,0.701469898223877
1786712467.5389078,2.492723606418701,-0.5595912506120254,0.1961928463692899,0.0,0.0,0.0009959888411685824,0.6655735373497009
1786712467.539043,2.5378393927202465,-1.069599648013726,0.19621299934690278,0.0,0.0,1.0064277375931852e-06,0.6970995664596558
1786712467.6422298,2.462173457995329,-0.5669837982685417,0.19619229828881454,0.0,0.0,0.001099953893572092,0.6608119010925293
1786712467.6423943,2.5160270806607854,-1.076143681702863,0.1962129611834533,0.0,0.0,1.0064277375931852e-06,0.6929858922958374
1786712467.7392914,2.431609809232783,-0.5749957592681108,0.19619140914774733,0.0,0.0,0.001099953893572092,0.6577315926551819
1786712467.7394078,2.494348381862986,-1.0831373448764967,0.19621331165939707,0.0,0.0,7.439096521011379e-07,0.6903426647186279
1786712467.8401935,2.401121694541874,-0.5836050194432943,0.1961910309503069,0.0,0.0,0.0011109033366665244,0.6573245525360107
1786712467.8402512,2.4728348436518597,-1.0905579006442445,0.19621309414268148,0.0,0.0,1.366109700029483e-06,0.6900315880775452
1786712467.9387345,2.3708423442083224,-0.592762105539725,0.1961907233793601,0.0,0.0,0.0012748667504638433,0.6550712585449219
1786712467.9388835,2.4515294283155566,-1.098364314727623,0.19621358358413854,0.0,0.0,1.4513530004478525e-06,0.6881114840507507
1786712468.0888078,2.340695891387692,-0.6025039715417,0.1961914806589491,0.0,0.0,0.0012147272936999798,0.6547311544418335
1786712468.0889878,2.430413197846736,-1.1065821444984043,0.1962131685508295,0.0,0.0,1.9561705357773462e-06,0.6878597736358643
1786712468.6160414,2.310776936313007,-0.6127873411160745,0.19619014651986594,0.0,0.0,0.0008060335530899465,0.654208242893219
1786712468.6161215,2.4095154642068084,-1.115176336381645,0.19621350065785292,0.0,0.0,2.04361163014255e-06,0.6874470114707947
1786712468.6162255,2.2810874420628653,-0.6236159769979535,0.19619015636767653,0.0,0.0,0.0022597787901759148,0.6531494855880737
1786712468.6162906,2.3888405013291236,-1.1241489705906065,0.1962134788776467,0.0,0.0,2.883066599679296e-06,0.6865668892860413
1786712468.6163723,2.251610093984116,-0.6350003457335559,0.19619151303897384,0.0,0.0,0.0026794234290719032,0.6515600085258484
1786712468.6164513,2.368385060031592,-1.133505718643885,0.19621351632136222,0.0,0.0,2.2111241833044915e-06,0.6852253675460815
1786712468.6165302,2.2223311057378043,-0.6469533342279091,0.19619177952292302,0.0,0.0,0.0030435004737228155,0.6501755118370056
1786712468.6166093,2.3481489964754787,-1.1432535033682034,0.1962137257743546,0.0,0.0,2.2111241833044915e-06,0.6840624809265137
1786712468.6387627,2.1932686388493465,-0.6594687545819962,0.19619022667539457,0.0,0.0,0.0027549718506634235,0.6490834355354309
1786712468.6388829,2.3281402663744952,-1.1533853907887424,0.19621403696961434,0.0,0.0,2.2024521513230866e-06,0.6831541657447815
1786712468.7387052,2.164445763170276,-0.6725377578100842,0.19619016894754326,0.0,0.0,0.00340780196711421,0.6497058272361755
1786712468.7388988,2.3083688925198445,-1.1638931610285752,0.19621396435423782,0.0,0.0,2.3066147605277365e-06,0.6837318539619446
1786712468.8919392,2.135942273795446,-0.6861098038461914,0.19619054805426112,0.0,0.0,0.004043090622872114,0.6482424736022949
1786712468.892397,2.2888553126632676,-1.1747421830688982,0.19621333763078874,0.0,0.0,1.96186419998412e-06,0.6824989318847656
1786712468.9888272,2.1076785750788267,-0.7002397823460083,0.19618991863273394,0.0,0.0,0.005730950739234686,0.6476309895515442
1786712468.9889472,2.269583710571189,-1.18596679063589,0.19621269935378055,0.0,0.0,1.2472648904804373e-06,0.6820066571235657
1786712469.088694,2.0796984649213908,-0.7148986233167908,0.19618529289871103,0.0,0.0,0.005730950739234686,0.6467323303222656
1786712469.0889237,2.2505671505147973,-1.1975453797766398,0.19621290392501636,0.0,0.0,1.1787701623688918e-06,0.6812634468078613
1786712469.2388375,2.052003660719364,-0.7300937688914193,0.19619078215033536,0.0,0.0,0.005486947484314442,0.6464325785636902
1786712469.2390656,2.2318123166351067,-1.2094817607817796,0.19621289780173545,0.0,0.0,9.554888720231247e-07,0.681035578250885
1786712469.3434558,2.024617961378131,-0.7458032935993317,0.19618914999948386,0.0,0.0,0.007408446166664362,0.6456618309020996
1786712469.3436644,2.2133200754506435,-1.2217607618632684,0.19621256683269786,0.0,0.0,7.873908884903358e-07,0.680402398109436
1786712469.4886994,1.9975396170261703,-0.7620376449854506,0.19618819025810444,0.0,0.0,0.008180075325071812,0.6458494663238525
1786712469.4888566,2.195100105407316,-1.2343869360526418,0.1962138597979017,0.0,0.0,7.873908884903358e-07,0.6805973052978516
1786712469.5898058,1.9708140185018777,-0.7787608385280835,0.19619152593908606,0.0,0.0,0.008499585092067719,0.6447471380233765
1786712469.5899067,2.177163944674945,-1.2473370943366642,0.1962129917588008,0.0,0.0,1.0485069878996e-07,0.6796758770942688
1786712469.6932514,1.9443937324996297,-0.7960067814504631,0.19618957077631646,0.0,0.0,0.01017671823501587,0.643701434135437
1786712469.693344,2.1595009894261983,-1.26062798999762,0.19621377215295907,0.0,0.0,7.472482366210897e-07,0.6788020133972168
1786712469.8394182,1.9183005309456451,-0.8137776471556808,0.19619234945853525,0.0,0.0,0.010269075632095337,0.6429867148399353
1786712469.8402522,2.142127051771542,-1.2742618359035294,0.19621444493314205,0.0,0.0,1.090479258891719e-06,0.6782176494598389
1786712469.9387882,1.8925485817086236,-0.8320505112722176,0.19619294991188227,0.0,0.0,0.010269075632095337,0.931010901927948
1786712469.9389322,2.1250428711989104,-1.2882197834418156,0.19621491957313783,0.0,0.0,9.157251383840048e-07,0.9384876489639282
1786712470.0387723,1.8927313921592148,-0.8373998688334605,0.19619991501048487,0.0,0.0,0.010121401399374008,0.35093849897384644
1786712470.038962,2.127008282615961,-1.2926562123927943,0.19621562818543944,0.0,0.0,9.157251383840048e-07,0.4134466350078583
1786712470.1889443,1.8422836160431457,-0.8699127467981338,0.19620270712837976,0.0,0.0,0.011507476679980755,0.6442248225212097
1786712470.1890306,2.0918051969186515,-1.316995491388857,0.19621561505300392,0.0,0.0,1.313203938480001e-06,0.679375171661377
1786712470.2888672,1.8177380062710853,-0.8895322737390312,0.19620289576264008,0.0,0.0,0.01051926240324974,0.6420661211013794
1786712470.2890813,2.075647079119974,-1.33182958322969,0.19621552710792403,0.0,0.0,1.313203938480001e-06,0.6775459051132202
1786712470.388688,1.7935194552858664,-0.9096831922626425,0.19620155993539445,0.0,0.0,0.009466525167226791,0.641729474067688
1786712470.3889072,2.059793861178577,-1.3469953697039672,0.19621665998364185,0.0,0.0,1.078264972420584e-06,0.6772867441177368
1786712470.5387723,1.7697039158776546,-0.9302891123059783,0.1961996085362616,0.0,0.0,0.009600638411939144,0.6420819759368896
1786712470.5390162,2.044262455894359,-1.3624483512942684,0.19621576271907468,0.0,0.0,9.511556413599465e-07,0.6776085495948792
1786712470.6388655,1.7463215402694867,-0.9513288992280967,0.19619776332138283,0.0,0.0,0.009311763569712639,0.6415240168571472
1786712470.6389978,2.0290570959781973,-1.3781832130919418,0.1962143136337079,0.0,0.0,1.2523159966804087e-06,0.6771508455276489
1786712470.7388282,1.723348234419392,-0.9728278360126938,0.19619725682304412,0.0,0.0,0.00922000128775835,0.6408741474151611
1786712470.738936,2.0141782443497935,-1.3942087859961951,0.1962150018118125,0.0,0.0,1.1792780014729942e-06,0.6766183972358704
1786712470.8887331,1.700790087628766,-0.9947770369288459,0.19619617877094975,0.0,0.0,0.009093505330383778,0.639603316783905
1786712470.8888724,1.999631566195235,-1.4105146589425843,0.19621436031709388,0.0,0.0,1.5868898799453746e-06,0.6755502820014954
1786712470.9887445,1.678638484995402,-1.0171973854808614,0.19619551616771938,0.0,0.0,0.007165641523897648,0.6388576626777649
1786712470.9888635,1.985421774248504,-1.4271095871568922,0.19621428200656152,0.0,0.0,1.6905195252547855e-06,0.6749312281608582
1786712471.0907066,1.6569172910022407,-1.0400631755760732,0.19619982726257224,0.0,0.0,0.006799106951802969,0.6391474008560181
1786712471.0910666,1.9715528893377032,-1.4439795530547062,0.1962160945290342,0.0,0.0,2.2082124360167654e-06,0.6752033233642578
1786712471.1886246,1.6356652124490374,-1.0633218293496898,0.19619742472253393,0.0,0.0,0.006781249772757292,0.6389328241348267
1786712471.1887648,1.9580315553081746,-1.4610955600885214,0.19620863796010984,0.0,0.0,2.212277649960015e-06,0.6750377416610718
1786712471.2886403,1.614878163747396,-1.0869820032111024,0.19619686485249171,0.0,0.0,0.006913342047482729,0.6665533781051636
1786712471.2887456,1.9448639183761258,-1.478457930491886,0.19620695237826552,0.0,0.0,1.7149546920336434e-06,0.6997897028923035
1786712471.438978,1.5956567941451394,-1.108972220914212,0.1961965772196852,0.0,0.0,0.004302046727389097,0.6995782256126404
1786712471.4391892,1.932554104017779,-1.4945162553087992,0.1962085490177326,0.0,0.0,1.726518576106173e-06,0.7311570644378662
1786712471.6389043,1.579867974778962,-1.1277266508978254,0.196196424191652,0.0,0.0,0.004302046727389097,0.7321799397468567
1786712471.6390212,1.9230815343780192,-1.5076588190129478,0.19620820071104317,0.0,0.0,1.3975308092994965e-06,0.7606691718101501
1786712471.840611,1.553380602015607,-1.1604101457764904,0.19619454930713812,0.0,0.0,0.002874100813642144,0.7763136625289917
1786712471.8408356,1.9075638270123938,-1.5301374006566684,0.19620593541511697,0.0,0.0,1.344536144642916e-06,0.8011942505836487
1786712472.9902246,1.5139367590162245,-1.2129952120481482,0.19620484957172654,0.0,0.0,0.002322140848264098,0.9573308229446411
1786712472.9903367,1.9033184421431282,-1.54544957709262,0.19620199710458133,0.0,0.0,1.3718265563511522e-06,0.9769287109375
1786712473.6185489,1.5222578206487187,-1.1996039746331264,0.19620111552843905,0.0,0.0,0.002327434252947569,0.9849873781204224
1786712473.618635,1.916138241504776,-1.5267159035892717,0.1962020346531429,0.0,0.0,1.579865511303069e-06,1.005942463874817
1786712473.6186647,1.536882573715539,-1.1782918547550993,0.1962079209794575,0.0,0.0,0.0036849500611424446,0.9493577480316162
1786712473.6186907,1.9350726774580789,-1.5001437480908657,0.19620178193215732,0.0,0.0,1.4137689277049503e-06,0.9666472673416138
1786712473.6388743,1.5572170308181748,-1.1486671123114338,0.1962082044652458,0.0,0.0,0.004795139189809561,0.9515368938446045
1786712473.6391468,1.9591746321820986,-1.465801290007909,0.19620168209447178,0.0,0.0,1.499474024058145e-06,0.971243679523468
1786712473.8887455,1.5772982819552943,-1.1179290036783542,0.19620818837684081,0.0,0.0,0.005058859940618277,0.9720650315284729
1786712473.8889132,1.983313234102183,-1.4298518444379464,0.19620143367427081,0.0,0.0,2.019117800955428e-06,0.9975042939186096
1786712474.1387477,1.5948871723622566,-1.0884386485783089,0.19620794956941529,0.0,0.0,0.006817767862230539,0.9738545417785645
1786712474.1389287,2.0057227934831765,-1.3939842136936247,0.19620042958601763,0.0,0.0,2.230133304692572e-06,1.0043625831604004
1786712474.3887804,1.6113756065519216,-1.0581077659477414,0.1962097816746856,0.0,0.0,0.007825660519301891,0.9578202366828918
1786712474.388893,2.0277942348949156,-1.3559995678300236,0.19619133535837985,0.0,0.0,1.8691195009523653e-06,0.9923489689826965
1786712474.5888143,1.6265615889069978,-1.0267885375909447,0.1962101607538763,0.0,0.0,0.009324219077825546,0.9378662109375
1786712474.588988,2.049236313546816,-1.3157350326585602,0.1961983796525089,0.0,0.0,8.45951888095442e-07,0.9766597151756287
1786712474.8393,1.6403918193649423,-0.9944660851799523,0.1962108431256852,0.0,0.0,0.009349475614726543,0.9176236987113953
1786712474.8394618,2.069989128846024,-1.2730161731468985,0.19619741844089195,0.0,0.0,7.555902357125888e-07,0.9606763124465942
1786712475.08884,1.6527671470134861,-0.9610853373985365,0.19621158231781358,0.0,0.0,0.010832730680704117,0.8980278372764587
1786712475.0922158,2.0898549283147063,-1.2277279281594855,0.19619643418845614,0.0,0.0,9.306672836828511e-07,0.9452385902404785
1786712475.3388102,1.6636045237520631,-0.9266253523844977,0.1962123095001137,0.0,0.0,0.012155341915786266,0.8797203302383423
1786712475.3390176,2.108615250665197,-1.1798237975829737,0.19619553694344383,0.0,0.0,9.306672836828511e-07,0.9308888912200928
1786712475.541097,1.6728457357899211,-0.891095081276217,0.19621300358999183,0.0,0.0,0.012250211089849472,0.8631401658058167
1786712475.5411983,2.1260462653178145,-1.1293245498453703,0.19619454023223865,0.0,0.0,1.2713941259789863e-06,0.9179760217666626
1786712475.7907445,1.6804406549445061,-0.8545344400132882,0.196213683972572,0.0,0.0,0.014012257568538189,0.8486118912696838
1786712475.7908218,2.141911930163822,-1.076318708505366,0.1961937618165402,0.0,0.0,1.3275779338073335e-06,0.9067552089691162
1786712476.0406427,1.6863512362150588,-0.8170072994557084,0.1962152034426494,0.0,0.0,0.014199473895132542,0.8362985253334045
1786712476.0467112,2.155978679652162,-1.0209535273846813,0.1961931972139885,0.0,0.0,1.6177529005290125e-06,0.8973430395126343
1786712476.2406795,1.6905395458128722,-0.7785946698135802,0.19621593389894024,0.0,0.0,0.014876259490847588,0.8262374401092529
1786712476.2408779,2.168014587144512,-0.9634231967364952,0.19619267762390827,0.0,0.0,7.598064826197515e-07,0.8897506594657898
1786712476.4890528,1.6929621543901503,-0.7393928733375648,0.19621650299850363,0.0,0.0,0.014943879097700119,0.820808470249176
1786712476.489239,2.1777932333078245,-0.9039614739774067,0.1961920291717254,0.0,0.0,2.2414233171730302e-05,0.8858278393745422
1786712476.7399693,1.6936473991100924,-0.6995601754758022,0.1962163331190523,0.0,0.0,0.01612122170627117,0.8210814595222473
1786712476.7402496,2.1851244399991763,-0.8430673796821656,0.19619143768025055,0.0,0.0,2.076953933283221e-05,0.8863680958747864
1786712476.940442,1.6927036514769709,-0.6593155118021564,0.1962171705348142,0.0,0.0,0.015544597059488297,0.8233675360679626
1786712476.940627,2.1899302934473375,-0.7814206545378676,0.19619202367574518,0.0,0.0,0.0001696677500149235,0.8884477615356445
1786712477.1387286,1.6901629907350015,-0.6188079128486695,0.1962170711123118,0.0,0.0,0.015626121312379837,0.8258069157600403
1786712477.138866,2.192188725172965,-0.7193770996441261,0.19619198478078298,0.0,0.0,0.00014500146789941937,0.8906025886535645
1786712477.388758,1.6860106859996666,-0.5781486180998332,0.19621731276027227,0.0,0.0,0.016264766454696655,0.8279218077659607
1786712477.3889248,2.1918844242240767,-0.6571154487370787,0.19619213401010932,0.0,0.0,0.0005405350821092725,0.8924688696861267
1786712477.588775,1.6802260131492812,-0.5374295055659252,0.19621598995520223,0.0,0.0,0.0173511803150177,0.8298225998878479
1786712477.5889482,2.189006731618269,-0.5947547175363354,0.19619176748077977,0.0,0.0,0.0005200956366024911,0.8941335082054138
1786712477.7901318,1.6727977284047135,-0.4967492767360701,0.1962169534456121,0.0,0.0,0.022932590916752815,0.8320381045341492
1786712477.790206,2.1835530862756194,-0.5324278949908737,0.1961923446944163,0.0,0.0,0.00034930973197333515,0.8960051536560059
1786712478.0387468,1.6637433808067845,-0.4562106995722981,0.1962170868534104,0.0,0.0,0.02494521252810955,0.848808765411377
1786712478.038923,2.1755490850554557,-0.47031461689430987,0.19619229380280137,0.0,0.0,0.0003046297060791403,0.9092941880226135
1786712478.610984,1.6536966267229523,-0.41554074847896233,0.19621609219126754,0.0,0.0,0.02494521252810955,0.8951175212860107
1786712478.611158,2.1656590483164173,-0.40933765599992816,0.1961932919340819,0.0,0.0,5.385645999922417e-05,0.9444260001182556
1786712479.2959895,1.6455122228209658,-0.37235762724966376,0.19621182787020763,0.0,0.0,0.03449114039540291,0.1481262743473053
1786712479.2960832,2.157192216623949,-0.35425835371261566,0.19619636145799396,0.0,0.0,5.054616121924482e-05,0.17612417042255402
1786712480.3890471,1.6336975932009894,-0.14945586045024348,0.19620312522280614,0.0,0.0,0.050160739570856094,0.007249903399497271
1786712480.389169,2.1453066767685396,-0.12945222159099198,0.19620972522058855,0.0,0.0,2.4003550151974196e-06,0.006066653877496719
1786712480.7387376,1.6251424205665268,0.07306699798838173,0.19620440966640518,0.0,0.0,0.04156776890158653,0.877149224281311
1786712480.738863,2.13657571520122,0.0971498785923813,0.19620345223348734,0.0,1.1920928955078125e-05,2.334890950805857e-06,0.946444034576416
1786712480.988805,1.6202503524339122,0.1391972686754433,0.1962050606647933,0.0,0.0,0.03345483914017677,0.983888566493988
1786712480.988988,2.1307472117510793,0.1784013065932855,0.19619887638866387,-2.9802322387695312e-05,1.1920928955078125e-05,2.20923561755626e-06,1.009235143661499
1786712481.2947335,1.6144730850531976,0.1806499681381925,0.19620631545965941,0.0,0.0,0.03220805898308754,0.958474338054657
1786712481.2948062,2.123730778170879,0.23357068179853768,0.19619818297658434,0.0,0.0,2.3802806481398875e-06,0.9978013038635254
1786712481.4889157,1.6065212302927077,0.2235859391102515,0.1962081875974397,0.0,1.1920928955078125e-05,0.03366086259484291,0.9822721481323242
1786712481.4890418,2.114418297082392,0.2882741870377036,0.19619693986707404,0.0,0.0,2.6409345537103945e-06,0.9758739471435547
1786712481.7389174,1.5962873226267322,0.2667583515240597,0.19620669099266225,0.0,0.0,0.018246855586767197,0.9613492488861084
1786712481.7391243,2.1024723137730965,0.3437047915873678,0.19619670405009126,-2.9802322387695312e-05,1.1920928955078125e-05,2.1286559785949066e-06,0.9772248268127441
1786712481.9887235,1.5872289390612817,0.28918753370408284,0.19620722889621875,0.0,0.0,0.013793561607599258,0.9546264410018921
1786712481.9888813,2.0926194447422377,0.3711901961902649,0.1961966116905157,0.0,0.0,1.7736763311404502e-06,0.9983222484588623
1786712482.1890934,1.5727656589526067,0.33256249757189243,0.1962084626785522,0.0,0.0,0.01303132064640522,0.9444234371185303
1786712482.1893425,2.0758835038493286,0.42751740268082067,0.19619653656529318,0.0,1.1920928955078125e-05,1.1979557257291162e-06,1.0171606540679932
1786712482.3887398,1.551933531003441,0.39621557507876654,0.19620972147888122,0.0,1.1920928955078125e-05,0.0061135138384997845,0.9533180594444275
1786712482.3890414,2.050602616786031,0.5122894425158026,0.1961961950171484,0.0,0.0,1.141792722592072e-06,1.0026602745056152
1786712482.6389573,1.5336416573547322,0.43851487429142877,0.1962092970495958,0.0,1.1920928955078125e-05,0.00605400837957859,0.9487528800964355
1786712482.639364,2.0287527892476147,0.5689333043265229,0.19619577189518603,0.0,0.0,1.001895952867926e-06,1.0007331371307373
1786712482.8387504,1.5137855115086722,0.4801199490331004,0.1962096523890467,0.0,0.0,0.0004507123085204512,0.9426197409629822
1786712482.8389351,2.0046932676731504,0.6255626344331252,0.19619546836262164,-2.9802322387695312e-05,1.1920928955078125e-05,5.933836746407906e-07,0.9969573020935059
1786712483.0887728,1.4923534857637615,0.5209311763842861,0.19620865058744244,0.0,0.0,0.0004466729878913611,0.9360246658325195
1786712483.0889807,1.9783616068461136,0.6819905010264633,0.19619494629454917,0.0,0.0,3.7896788285252114e-07,0.9924657344818115
1786712483.6130817,1.4693338769249764,0.5608565007926333,0.19621128938158858,0.0,0.0,0.0003348624159116298,0.930840253829956
1786712483.6131873,1.9497037291431245,0.7380253603075629,0.19619402399036542,-2.9802322387695312e-05,1.1920928955078125e-05,1.7589309209142812e-07,0.9887118935585022
1786712483.6146734,1.4448269828994258,0.599744941915779,0.19620946302146777,0.0,0.0,1.7436076404919731e-06,0.9276731610298157
1786712483.6147504,1.9188406869747983,0.7932779057967643,0.19619396506220252,0.0,0.0,2.0371365039295597e-08,0.9862426519393921
1786712483.8391302,1.4189662474385658,0.6374764383249039,0.19621097800531884,-2.9802322387695312e-05,1.1920928955078125e-05,1.380068624712294e-06,0.9248934984207153
1786712483.8393216,1.8859651717997985,0.8473716606290567,0.1961936765011208,0.0,1.1920928955078125e-05,1.1846870506815321e-07,0.9840468168258667
1786712484.0888152,1.3918023404792492,0.6740010782544679,0.19620938721811404,-2.9802322387695312e-05,1.1920928955078125e-05,8.52308346566133e-07,0.9222633838653564
1786712484.0889237,1.8511294112468806,0.9001926824656086,0.19619375334055444,0.0,0.0,9.94888978311792e-07,0.9819745421409607
1786712484.3388243,1.3633794162938113,0.7092824872910902,0.19620881657392703,-2.9802322387695312e-05,1.1920928955078125e-05,8.52308346566133e-07,0.9196439981460571
1786712484.3389363,1.8143719410256012,0.9516659488140614,0.19619411322495223,0.0,0.0,1.4717712701894925e-06,0.9799314141273499
1786712484.5946372,1.3337151148287536,0.7432922016503426,0.19621278692989214,0.0,0.0,6.611749995499849e-05,0.9171967506408691
1786712484.5951998,1.7756992251091235,1.0017376424914983,0.1961936012369338,0.0,0.0,1.4444415228354046e-06,0.9780281782150269
1786712484.8889174,1.302852037635234,0.7759859885492416,0.1962136293009606,0.0,1.1920928955078125e-05,0.00018878790433518589,0.9150443077087402
1786712484.889044,1.7351528625221275,1.0503215429455723,0.19619372530112927,0.0,1.1920928955078125e-05,1.112361132982187e-06,0.9763453006744385
1786712485.1412375,1.2708426488963036,0.8073265094093495,0.1962138086275417,0.0,0.0,0.0003659078502096236,0.913378119468689
1786712485.1413178,1.6927947272229866,1.0973272735230113,0.19619357783422078,0.0,1.1920928955078125e-05,1.0462370028108126e-06,0.975007951259613
1786712485.438709,1.237750157664642,0.8372763619114638,0.19621380804791494,0.0,0.0,0.0004252135695423931,0.9114298820495605
1786712485.4389381,1.6487149869392939,1.1426481168065596,0.1961935214612841,0.0,0.0,1.0851202887351974e-06,0.9735143780708313
1786712485.738766,1.2035976858260926,0.865809579014496,0.19621392988013725,-2.9802322387695312e-05,0.0,0.001222210587002337,0.910027265548706
1786712485.7388678,1.602915745510482,1.186260958772321,0.19619340671147667,0.0,1.1920928955078125e-05,1.366719061479671e-06,0.9724007248878479
1786712485.9911778,1.1684566285277027,0.8928900653025195,0.19621396134913233,0.0,0.0,0.001390378805808723,0.9086146950721741
1786712485.9912448,1.5555069708052467,1.2280557439166557,0.1961934196505669,0.0,0.0,1.5397499737446196e-06,0.9713051319122314
1786712486.2890184,1.1323685220384465,0.9184899327237045,0.19621406249582662,0.0,0.0,0.003007289720699191,0.9071449637413025
1786712486.2893164,1.5065327835929978,1.267982572051589,0.1961933027624756,-2.9802322387695312e-05,1.1920928955078125e-05,1.5969812920957338e-06,0.9701972603797913
1786712486.5397491,1.0953735781688407,0.9425802143025905,0.1962141492400606,0.0,0.0,0.0041783577762544155,0.906262218952179
1786712486.5398896,1.4560325706872717,1.3059933272702875,0.19619320364087756,0.0,0.0,1.6756852119215182e-06,0.9694874286651611
1786712486.7889266,1.0575544414772684,0.9651346381322121,0.19621417655117154,0.0,0.0,0.004322431515902281,0.9049215316772461
1786712486.7891111,1.4041444458885992,1.3419892100849216,0.19619318860765203,-2.9802322387695312e-05,1.1920928955078125e-05,1.6682963632774772e-06,0.9685035943984985
1786712487.0387442,1.0189255526817955,0.9861213846007708,0.19621280144511166,0.0,1.1920928955078125e-05,0.007253954187035561,0.9039684534072876
1786712487.0389223,1.3508529068370054,1.3759524135872028,0.19619272903678142,0.0,0.0,1.5919234783723368e-06,0.9677915573120117
1786712487.3388305,0.9795655980293949,1.0055216353822676,0.19621247739922168,0.0,1.1920928955078125e-05,0.011118493042886257,0.9033394455909729
1786712487.3388944,1.2962793084994333,1.4078106175998122,0.19619281340014774,0.0,1.1920928955078125e-05,2.078301577057573e-06,0.9672949910163879
1786712487.5407922,0.9395441308728394,1.0233136937683298,0.1962141623882386,0.0,0.0,0.01343973632901907,0.9026974439620972
1786712487.5429037,1.2405387328214457,1.4374951143383323,0.19619289234449963,0.0,0.0,2.569703610788565e-06,0.9668107628822327
1786712487.7890348,0.8989204296601966,1.0394787968984642,0.19621672045772923,0.0,0.0,0.013538391329348087,0.9024468660354614
1786712487.7892487,1.1837043045797029,1.464969271570599,0.1961932873107645,-2.9802322387695312e-05,1.1920928955078125e-05,2.527309561628499e-06,0.9665812849998474
1786712488.0387585,0.8577802533585984,1.0540061639063742,0.1962147140789381,0.0,1.1920928955078125e-05,0.017766393721103668,0.9016247391700745
1786712488.0389235,1.125920424261161,1.4901768280752428,0.19619310776668986,0.0,0.0,2.650887836352922e-06,0.9660148620605469
1786712488.6338766,0.8161341824214992,1.0668651419326785,0.19621592783520064,-2.9802322387695312e-05,1.1920928955078125e-05,0.02203621156513691,0.9008643627166748
1786712488.633968,1.0671562967293082,1.5131071139619512,0.19619295256655228,0.0,0.0,2.650887836352922e-06,0.9654954671859741
1786712488.6340134,0.774038877715526,1.0780315426328821,0.19621546093913328,0.0,0.0,0.02400989644229412,0.9005845189094543
1786712488.6341033,1.0074936937346253,1.533709991067804,0.19619289036575,0.0,0.0,2.7116327601106605e-06,0.965275764465332
1786712488.789226,0.731589896062192,1.0875081238539739,0.1962154992089945,0.0,0.0,0.03170935809612274,0.899850606918335
1786712488.7893996,0.9471038657359707,1.551940819058398,0.196193125023301,0.0,0.0,2.710145281525911e-06,0.9648116827011108
1786712489.0402322,0.6888159924114583,1.0952674950740267,0.1962147294618233,0.0,0.0,0.029679320752620697,0.8996378183364868
1786712489.04038,0.8859800574474592,1.5677823953495509,0.19619290995399571,0.0,0.0,2.5813349111558637e-06,0.9646481275558472
1786712489.2889287,0.6458094870211614,1.1013144320872774,0.19621447787768329,0.0,0.0,0.03228025510907173,0.8993699550628662
1786712489.2891707,0.824305130905811,1.5811928590290756,0.19619279678579124,0.0,0.0,2.350796876271488e-06,0.9644660949707031
1786712489.5388873,0.6026315981643312,1.105641200962093,0.19621445951274794,0.0,0.0,0.03640914708375931,0.9187775254249573
1786712489.5390542,0.762157274874289,1.5921548780581083,0.19619280900671063,0.0,0.0,2.270043978569447e-06,0.9581348896026611
1786712489.7445977,0.5796462031816862,1.1022895781695514,0.19621445373443755,0.0,0.0,0.03605833649635315,0.8761077523231506
1786712489.7447925,0.7272817878168929,1.592542302464387,0.19619275321168758,0.0,0.0,2.2732672277925303e-06,0.967246949672699
1786712489.988813,0.5159920007473756,1.1090977223331533,0.1962144179684022,0.0,0.0,0.03613513708114624,0.898682177066803
1786712489.9890246,0.6367282282642225,1.6066585355948602,0.19619270738995212,0.0,0.0,1.910450691866572e-06,0.9640268683433533
1786712490.2887905,0.4726855778047605,1.1082413002830789,0.19621414182604102,0.0,0.0,0.034244854003190994,0.9059727191925049
1786712490.2896018,0.5737226779410247,1.6101730724764942,0.19619272146436967,0.0,0.0,2.69157726506819e-06,0.9675288796424866
1786712490.4912586,0.42931082369329066,1.106358346670085,0.19621218374774782,0.0,0.0,0.036480940878391266,0.8772010803222656
1786712490.4915152,0.5116683084795336,1.6116911522167736,0.19619379906243503,0.0,0.0,2.2712281406711554e-06,0.9200800061225891
1786712490.991987,0.384220390706427,1.106491414656404,0.19620955797342876,0.0,0.0,0.04242778196930885,0.5365085601806641
1786712490.9920793,0.45579476239328176,1.6134639081649382,0.1961975842008139,0.0,0.0,2.4612049855932128e-06,0.5281900763511658
1786712491.9890208,0.28648795880667344,1.1168191312418558,0.19620062583934572,4.324108123779297,1.567232608795166,0.04324810206890106,0.00010457022290211171
1786712491.98916,0.35616204596374124,1.624056276546675,0.19619926679223526,0.0,0.0,2.321773763469537e-06,0.00010266229219269007
1786712492.888849,0.08834487871497515,1.1440347581116008,0.19620498272795556,4.345149040222168,1.575911045074463,0.03542637825012207,4.387376520753605e-06
1786712492.8890104,0.15801733449171915,1.6512721275014066,0.1962042429360295,0.0,0.0,2.0572754237946356e-06,4.79988966617384e-06
1786712493.634568,-0.1097946392244358,1.1712503849926983,0.19620496588795505,4.646211624145508,1.6895771026611328,0.01400727778673172,0.5803062915802002
1786712493.6346698,-0.04012202657706465,1.6784877328356522,0.19620459746126595,0.0,0.0,2.1989103515807074e-06,0.6266229152679443
1786712493.691429,-0.2252548107927194,1.1839071444591995,0.19620664540237168,0.0,0.0,0.0002108046755893156,0.9669424891471863
1786712493.691531,-0.1686573671445847,1.6927693353684494,0.19620068433883706,0.0,0.0,2.2844160412205383e-06,0.9980744123458862
1786712493.9389575,-0.2450357347659712,1.1820703903639513,0.19621027293345789,0.0,0.0,0.0002477079979144037,0.8946256637573242
1786712493.9392288,-0.19538136707139228,1.6916569322087884,0.1961984631181053,0.0,0.0,1.7625019381739548e-06,0.9628962874412537
1786712494.1889439,-0.3087374599855513,1.1815776277052963,0.19621112459161344,0.0,0.0,1.3244272167867166e-06,0.9289143085479736
1786712494.1932082,-0.2791490685075017,1.6927219584979405,0.19619740302187033,0.0,0.0,1.6426273532488267e-06,0.9725733995437622
1786712494.4889066,-0.35194506116917423,1.176821980647042,0.1962115055401817,0.0,0.0,1.535550836706534e-06,0.9332259297370911
1786712494.489223,-0.33527145035983663,1.6885504149725301,0.1961971750373884,0.0,0.0,1.712928451524931e-06,0.9803376197814941
1786712494.6888385,-0.39530356670154493,1.170215779378605,0.19621208612898997,0.0,0.0,1.5397841934827738e-06,0.9384769201278687
1786712494.6890547,-0.3924252395560454,1.6822076884943367,0.19619682598999214,0.0,0.0,9.23478580716619e-07,0.9897217154502869
1786712494.9387524,-0.4385524641932023,1.1619824796778568,0.1962130064825739,0.0,0.0,1.609290279702691e-06,0.9428431391716003
1786712494.9388442,-0.45051103448140545,1.6738428046394944,0.1961949280743575,0.0,0.0,7.165711508605455e-07,0.9979486465454102
1786712495.2389345,-0.4815915516789223,1.1520693502498311,0.19621284932592084,0.0,0.0,1.6191205531868036e-06,0.945902407169342
1786712495.2392247,-0.5093551928060095,1.6633160420239823,0.19619332107243512,0.0,0.0,5.320073341863463e-07,1.0045315027236938
1786712495.4388194,-0.5243226867227618,1.1404342246132693,0.19621316847855572,0.0,0.0,1.5604983900630032e-06,0.9472637176513672
1786712495.438986,-0.5687696034312976,1.650501348787619,0.1961923931833666,0.0,0.0,5.835220804328856e-07,1.0090162754058838
1786712495.6889231,-0.566650750514689,1.127037294142809,0.19621376829276782,0.0,0.0,1.5671249684601207e-06,0.9468061327934265
1786712495.689093,-0.6285536505457366,1.6352813600465315,0.19619275879656545,0.0,0.0,5.111955374559329e-07,1.0112721920013428
1786712495.945692,-0.608484225450011,1.111850948466797,0.19621363730604802,0.0,0.0,1.5995224202924874e-06,0.9245893955230713
1786712495.9458175,-0.6885039785316279,1.6175592030229309,0.1961938750793526,0.0,0.0,5.340816642274149e-07,0.9754018783569336
1786712496.2888043,-0.6513778196119848,1.0967803739759794,0.19621349249891026,0.0,0.0,1.3899962141294964e-06,0.7743222117424011
1786712496.2889345,-0.7450637712287047,1.6001360554740334,0.19619417154001892,0.0,0.0,3.3103492569352966e-07,0.7974035739898682
1786712497.3440762,-0.7196693796784506,1.0779392857794934,0.19621251460701358,0.0,0.0,7.689992003179213e-07,0.052150946110486984
1786712497.3441837,-0.8212537076457964,1.5797605924473819,0.19619047927936964,0.0,0.0,1.244724501248129e-07,0.035564422607421875
1786712498.655949,-0.9170006599348869,1.0389201209537593,0.19620586066915208,0.0,0.0,1.1792492387030507e-06,4.211104169371538e-05
1786712498.6560738,-1.0162701530618772,1.5412044704305814,0.19620363440164484,0.0,0.0,9.757427505974192e-07,4.94956475449726e-05
1786712499.5890555,-1.1132019287952906,1.0001430622220306,0.1962066176553758,0.0,0.0,1.096288178814575e-05,4.4866905227536336e-05
1786712499.5891292,-1.2124731868621894,1.5024270628738585,0.19620329954476792,0.0,0.0,2.356467803110718e-06,6.113487324910238e-05
1786712500.6390364,-1.3339275923694704,0.9565230658766519,0.19620652522729057,0.0,0.0,1.8764017113426235e-06,2.7536163543118164e-05
1786712500.6391919,-1.433202393534017,1.4588063662120794,0.19619891663585073,0.0,0.0,1.7552513327245833e-06,2.2774358512833714e-05
1786712501.7391787,-1.5301335192042422,0.9177410218728806,0.19620741588198312,0.0,0.0,2.2959295620239573e-06,0.11733337491750717
1786712501.7393138,-1.6294077657009296,1.4200244318748152,0.1962030177428483,0.0,0.0,1.0205966418652679e-06,0.13090045750141144
1786712502.1390476,-1.7245931135148505,0.8785506702749981,0.1962054378620985,0.0,0.0,7.458205004695628e-07,0.7478031516075134
1786712502.1391852,-1.8278351551770804,1.3800335521665266,0.19620365410726548,0.0,0.0,1.4046461274119793e-06,0.8013662695884705
1786712502.4391804,-1.790471374917503,0.86068407615853,0.19620738050200595,0.0,0.0,9.942289125319803e-07,0.8189744353294373
1786712502.4393284,-1.9084187157125396,1.3589133654672336,0.19619875939402073,0.0,0.0,1.0090195701195626e-06,0.8664472699165344
1786712502.6891687,-1.8318805016985837,0.8458211743517473,0.1962080223745297,0.0,0.0,1.144989937529317e-06,0.9343847632408142
1786712502.6911666,-1.9632798881791362,1.3406728704017692,0.19619581781476444,0.0,0.0,9.505365028417145e-07,0.9464413523674011
1786712502.9912186,-1.8540344658302845,0.8342273831554776,0.19620853892687584,0.0,0.0,1.144989937529317e-06,0.7603782415390015
1786712502.99131,-1.9893859758992152,1.3280127297577768,0.19619429436887942,0.0,0.0,1.1051020010199863e-06,0.8147395849227905
1786712503.3905952,-1.9182795566657078,0.810054733499536,0.19620751897266317,0.0,0.0,1.6135430769281811e-06,0.7354297041893005
1786712503.3920453,-2.0693194726806294,1.2992693526538843,0.19619425731683957,0.0,0.0,1.353241259494098e-06,0.7452486753463745
1786712504.4890544,-1.9869350194594906,0.7840966784448233,0.1962046715364056,0.0,0.0,1.4433574051508913e-06,0.1662491261959076
1786712504.4892287,-2.1430172488797066,1.2717259819181654,0.19619736960156478,0.0,0.0,1.0218818715657108e-06,0.1503303498029709
1786712505.3900356,-2.154965867394932,0.7311310392006296,0.19620404781909712,0.0,0.0,1.3425123142951634e-05,0.12501735985279083
1786712505.3902383,-2.308782141062761,1.2194798427737836,0.1962059484900746,0.0,0.0,1.90669845778757e-06,0.12501990795135498
1786712506.589607,-2.345727026584145,0.6710462566536138,0.19620470891318414,0.0,0.0,1.2471219861254212e-06,2.6557510864222422e-05
1786712506.5909224,-2.499542565449387,1.1593952916695192,0.19620633048311653,0.0,0.0,1.2727827197522856e-05,3.2374409784097224e-05
1786712507.6927254,-2.560330760876858,0.6034503949879518,0.19620388455157975,0.0,0.0,5.67021231745457e-07,1.01755695141037e-05
1786712507.6927989,-2.7141447902229103,1.0917999054507694,0.19620654125532552,0.0,0.0,3.7797249774484953e-07,2.2518320292874705e-06
1786712508.688945,-2.774933024901518,0.535858112636642,0.19620080007008853,0.0,0.0,4.4524699660541955e-07,0.010148863308131695
1786712508.6890907,-2.928748193454208,1.0242072642282916,0.19620872621222976,0.0,0.0,8.569099350097531e-07,0.01400511059910059
1786712509.33906,-2.965999647814434,0.47568890580988743,0.1962060418514182,0.0,0.0,9.57407337409677e-07,0.4172566831111908
1786712509.3394837,-3.119060136286505,0.9642751181289844,0.19620543390650075,0.0,0.0,5.342084818948933e-07,0.3961169123649597
1786712509.6888666,-3.0969755337905807,0.4402885948936347,0.1962009675600881,0.0,0.0,1.6499457160534803e-06,0.3240596055984497
1786712509.6890097,-3.226952729220194,0.9355157434024154,0.19620790401141291,0.0,0.0,8.596553584538924e-07,0.3126496970653534
1786712510.089037,-3.180210345835547,0.42502917614838986,0.1961989828787135,0.0,0.0,2.1736580038123066e-06,0.33277392387390137
1786712510.0892932,-3.2922982218091,0.9246093078130994,0.19620925949257828,0.0,0.0,1.2251957741682418e-06,0.3219396471977234
1786712510.4893727,-3.2659882731847634,0.41480206686341664,0.19619868620807673,0.0,0.0,2.1584960450127255e-06,0.31244638562202454
1786712510.4894984,-3.360380380593092,0.9180258043078697,0.1962101514068449,0.0,0.0,1.5232335499604233e-06,0.29978951811790466
1786712510.8451767,-3.3544743762198506,0.4096847766325415,0.1961982701289607,0.0,0.0,1.886729023681255e-06,0.26758769154548645
1786712510.845252,-3.430141689774336,0.9160625580407613,0.19621074155132698,0.0,0.0,1.7144660660051159e-06,0.2517215311527252
1786712511.1889215,-3.4451305764849023,0.4087586011652988,0.19619737463401637,0.0,0.0,8.948312029133376e-07,0.22130337357521057
1786712511.189019,-3.5001480486464924,0.9177940395802673,0.19621132559830362,0.0,0.0,1.9856722701661056e-06,0.20233464241027832
1786712511.593237,-3.537500097020113,0.4123029532119066,0.19619624193458768,0.0,0.0,9.190001151182514e-07,0.17849119007587433
1786712511.5933592,-3.5699425084073284,0.9232740773423448,0.19621199817238644,0.0,0.0,1.7035033579304582e-06,0.1567944884300232
1786712511.9899156,-3.6310947466759544,0.42074238949179094,0.1961962313300974,0.0,0.0,1.8310113318875665e-06,0.4512093663215637
1786712511.9900997,-3.6392338939820497,0.9326776920673436,0.19621229392480227,0.0,0.0,1.7598737258595065e-06,0.4345629811286926
1786712512.488858,-3.693259850771135,0.43265551006391656,0.1961954659604021,0.0,0.0,2.0792565464944346e-06,0.21122971177101135
1786712512.4890227,-3.684614734190293,0.9445825182311242,0.19621184508019396,0.0,0.0,1.7754423424776178e-06,0.20511315762996674
1786712513.6504462,-3.8200687816417362,0.4465864281271273,0.19620103429495123,0.0,0.0,0.006530718877911568,0.05142723023891449
1786712513.6505268,-3.790370512856141,0.9577243867532002,0.19621012877700744,0.0,0.0,0.0013837292790412903,0.03755471110343933
1786712514.8912454,-4.03774104562551,0.4626314679173532,0.21001659127761368,8.609742164611816,-20.030344009399414,0.11395268142223358,0.029080698266625404
1786712514.8936656,-4.009909202086063,0.9738483800943497,0.2048535311953793,5.420416831970215,-13.315558433532715,0.07949281483888626,0.024502746760845184
1786712515.6406298,-4.244661732262564,0.4768661274733331,0.2426910034007372,37.32396697998047,-61.03898239135742,0.29737934470176697,0.783961296081543
1786712515.6406987,-4.216899328471817,0.987902741178471,0.22803397817235652,27.314781188964844,-49.39125061035156,0.2593204975128174,0.7921302318572998
1786712515.889905,-4.359026912867997,0.46870827232314954,0.2601928143523994,51.45069885253906,-75.20040893554688,0.35150375962257385,0.7642455101013184
1786712515.8901079,-4.300560194983544,0.9770213911414605,0.24166132393685444,40.4075813293457,-64.3028564453125,0.32355552911758423,0.7624170184135437
1786712516.138922,-4.3905755842468634,0.4531801566440106,0.2669400039616859,58.40227127075195,-81.78632354736328,0.3691606819629669,0.837039053440094
1786712516.1390705,-4.301314908154986,0.9569542701007068,0.24723786411492904,45.54572677612305,-69.49797058105469,0.3342544436454773,0.8340560793876648
1786712516.4392166,-4.463358828672075,0.44928036447167363,0.27206569008166825,61.4006233215332,-84.7106704711914,0.3712669014930725,0.800503671169281
1786712516.4394853,-4.337926486112575,0.945319500694384,0.2532003044385528,51.45069885253906,-75.20040893554688,0.3413594663143158,0.7964469790458679
1786712516.6391623,-4.510132521121509,0.4470898532266765,0.2763230576018144,64.21564483642578,-87.46720123291016,0.37388119101524353,0.8598076105117798
1786712516.639423,-4.357867415505973,0.9357165834023213,0.2620662637915804,54.71499252319336,-78.28762817382812,0.35459473729133606,0.8437215685844421
1786712516.9392653,-4.516169966931819,0.46200824049389805,0.2811395994436756,64.21564483642578,-87.46720123291016,0.3738636076450348,0.6498457789421082
1786712516.9394686,-4.3868241802261805,0.957219759323001,0.2677523263653864,57.951778411865234,-81.35519409179688,0.3696071207523346,0.6330754160881042
1786712517.1889923,-4.514278499897939,0.4803131253021405,0.2854782742288238,64.21564483642578,-87.46720123291016,0.3741931617259979,0.6029003262519836
1786712517.1892014,-4.413608289987701,0.9822058944183307,0.2748407394809876,58.40227127075195,-81.78632354736328,0.37080952525138855,0.5841593742370605
1786712517.4891539,-4.518499246757768,0.49889183372891716,0.29105413395606494,64.21564483642578,-87.46720123291016,0.37394335865974426,0.6154067516326904
1786712517.4893425,-4.445334977657533,1.0055078795087165,0.2796011044237322,58.78895568847656,-82.15779876708984,0.37011954188346863,0.5961799025535583
1786712517.8389962,-4.521583249608811,0.5161206081162626,0.2974702855746661,64.21564483642578,-87.46720123291016,0.37438341975212097,0.37173354625701904
1786712517.8392143,-4.475641031907544,1.0258608222368428,0.28339098371007715,58.78895568847656,-82.15779876708984,0.3704219162464142,0.33617672324180603
1786712518.2894588,-4.537823675740014,0.5279141856954286,0.3075069599623115,64.21564483642578,-87.46720123291016,0.37443041801452637,0.9354987740516663
1786712518.2895417,-4.513579257764495,1.0390241392008284,0.28953966676782505,64.21564483642578,-87.46720123291016,0.37477850914001465,0.934018075466156
1786712518.5392573,-4.586315423955054,0.5097029024638596,0.314014876215531,64.21564483642578,-87.46720123291016,0.37529245018959045,0.800767719745636
1786712518.5393655,-4.5281129399795335,1.0181755538630344,0.29945350134319954,64.21564483642578,-87.46720123291016,0.3747536838054657,0.7953937649726868
1786712519.2390277,-4.619879542479391,0.5000649396360454,0.31741018050904474,64.21564483642578,-87.46720123291016,0.37564408779144287,0.8164461851119995
1786712519.2392123,-4.536365146244592,1.0050888704546481,0.30644774820302484,64.21564483642578,-87.46720123291016,0.3747765123844147,0.8064671754837036
1786712519.4892676,-4.696214420270147,0.509363639023042,0.330104787756656,64.21564483642578,-87.46720123291016,0.37588512897491455,0.8689293265342712
1786712519.489452,-4.590240078669126,1.009900794901938,0.31071420997011273,64.21564483642578,-87.46720123291016,0.3749358355998993,0.8601151704788208
1786712519.8389752,-4.734154996414643,0.507109090426924,0.33173109092361003,64.21564483642578,-87.46720123291016,0.37517547607421875,0.8941694498062134
1786712519.8391738,-4.605953864497183,1.0023044681009776,0.30959497325738444,64.21564483642578,-87.46720123291016,0.374773770570755,0.8830799460411072
1786712520.2396533,-4.7821450307373965,0.5097645632066224,0.33427718495792724,64.21564483642578,-87.46720123291016,0.3753466010093689,0.8825817704200745
1786712520.239847,-4.635135923507704,0.9994987544530508,0.3079571485648044,64.21564483642578,-87.46720123291016,0.37410274147987366,0.8684871196746826
1786712521.1908517,-4.833858391690473,0.5173682329876181,0.33396964049237277,64.21564483642578,-87.46720123291016,0.37507370114326477,0.18041783571243286
1786712521.1910098,-4.6678726418216545,1.0007424789268873,0.30327649462674167,64.21564483642578,-87.46720123291016,0.3740725815296173,0.21327634155750275
1786712522.2892227,-5.0027336941198985,0.5737258723919119,0.34503590139189266,64.21564483642578,-87.46720123291016,0.3746453523635864,0.044497497379779816
1786712522.2894406,-4.82914846923987,1.0544288814650515,0.31442892879774287,64.21564483642578,-87.46720123291016,0.3733789324760437,0.05257928743958473
1786712522.6892805,-5.206614443151077,0.6503882215725394,0.3809807220435266,64.21564483642578,-87.46720123291016,0.3718926012516022,0.3182859718799591
1786712522.6894484,-5.035989204751285,1.1321824840821852,0.3508922419589313,64.21564483642578,-87.46720123291016,0.37193265557289124,0.33320504426956177
1786712522.888992,-5.259000444465699,0.6726134131006926,0.3902181537526936,64.21564483642578,-87.46720123291016,0.36960625648498535,0.4824422597885132
1786712522.8891854,-5.098639823658481,1.1580293488870963,0.3619367008385717,64.21564483642578,-87.46720123291016,0.3713367283344269,0.4910709857940674
1786712523.682119,-5.288716404669692,0.6859825143970236,0.39545847363653996,64.21564483642578,-87.46720123291016,0.36783042550086975,0.9386959671974182
1786712523.6824324,-5.1369765970440895,1.1742475827818164,0.3686955556913897,64.21564483642578,-87.46720123291016,0.3694118857383728,0.9280143976211548
1786712523.6824837,-5.299785206745649,0.6929344983235938,0.39741025014046727,64.21564483642578,-87.46720123291016,0.36722972989082336,0.2775394022464752
1786712523.6825118,-5.146699027153015,1.180766056971118,0.3704103981916329,64.21564483642578,-87.46720123291016,0.369277685880661,0.2880233824253082
1786712523.7392943,-5.350868935784675,0.7119282072615509,0.4064177137424175,64.21564483642578,-87.46720123291016,0.3641057312488556,0.6676267981529236
1786712523.7394063,-5.210610760701467,1.2037205433925418,0.38168024327451117,64.21564483642578,-87.46720123291016,0.36635467410087585,0.669894278049469
1786712523.9892058,-5.38223600379705,0.7241868968008757,0.41194849307602904,64.21564483642578,-87.46720123291016,0.36391332745552063,0.6767900586128235
1786712523.9893308,-5.247370485480242,1.217532101747226,0.3881619270022399,64.21564483642578,-87.46720123291016,0.36325663328170776,0.6787620186805725
1786712524.2948115,-5.413772260941083,0.7360103292848162,0.4175090859114639,64.21564483642578,-87.46720123291016,0.3621799647808075,0.7057663202285767
1786712524.2951448,-5.284117108871805,1.2307937306426715,0.394641482568655,64.21564483642578,-87.46720123291016,0.36312031745910645,0.7074257135391235
1786712524.839438,-5.44048468553461,0.7462920674701552,0.4222187683593116,64.21564483642578,-87.46720123291016,0.36176085472106934,0.7933632731437683
1786712524.8396301,-5.315165046923347,1.2422260307802675,0.4001169083953512,64.21564483642578,-87.46720123291016,0.3615642786026001,0.787002444267273
1786712526.2392595,-5.4777793560372725,0.7593728650915522,0.4287926359140591,64.21564483642578,-87.46720123291016,0.36093857884407043,0.09257733821868896
1786712526.2394722,-5.353747039371493,1.2556405765066234,0.4069215813128792,64.21564483642578,-87.46720123291016,0.3615204393863678,0.09779646247625351
1786712527.2892113,-5.690103560564582,0.8150638553863825,0.46622559717898365,64.21564483642578,-87.46720123291016,0.36339202523231506,0.014241967350244522
1786712527.289334,-5.564851701905241,1.3110157393338864,0.44414165026494584,64.21564483642578,-87.46720123291016,0.36432814598083496,0.014246195554733276
1786712528.6471066,-5.880887568873769,0.8647454972128651,0.49987091762848007,64.21564483642578,-87.46720123291016,0.3692042827606201,0.2482277899980545
1786712528.647195,-5.755637289475706,1.3606975953621931,0.47778282463731575,64.21564483642578,-87.46720123291016,0.36945804953575134,0.25818344950675964
1786712528.6472895,-6.0338248693231735,0.9062735501056722,0.5268398676732027,64.21564483642578,-87.46720123291016,0.3699810206890106,0.5009265542030334
1786712528.6473699,-5.916693625079126,1.4042670989107866,0.506183222971567,64.21564483642578,-87.46720123291016,0.37047505378723145,0.5052712559700012
1786712528.7902026,-6.081832127274853,0.9212082546003977,0.5353054166222273,64.21564483642578,-87.46720123291016,0.37013694643974304,0.6971741318702698
1786712528.7903242,-5.97526510587132,1.4216422625719707,0.5165098422844578,64.21564483642578,-87.46720123291016,0.37043628096580505,0.6967777013778687
1786712528.9889793,-6.114113457260599,0.9308211051861772,0.5409982940215748,64.21564483642578,-87.46720123291016,0.3702356815338135,0.7006751298904419
1786712528.9890883,-6.012012054367952,1.4322141424812862,0.5229892496455112,64.21564483642578,-87.46720123291016,0.37036576867103577,0.700414776802063
1786712529.3890164,-6.145486970465647,0.9399084216471929,0.5465299524187955,64.21564483642578,-87.46720123291016,0.3704451024532318,0.7850119471549988
1786712529.3891773,-6.047836233254168,1.4422147914934953,0.5293065864909504,64.21564483642578,-87.46720123291016,0.3704223334789276,0.7822950482368469
1786712532.0390058,-6.229574804167956,0.9610537703837054,0.5613550723760437,64.21564483642578,-87.46720123291016,0.3705415427684784,0.10379680246114731
1786712532.0391178,-6.13213430193352,1.463402252275825,0.5441692856619051,64.21564483642578,-87.46720123291016,0.3704565465450287,0.10378936678171158
1786712532.9890475,-6.472974155279694,1.0100398045348788,0.60427253558905,64.21564483642578,-87.46720123291016,0.3707769215106964,0.07860737293958664
1786712532.989212,-6.375537090299149,1.5123889694372437,0.5870872252958427,64.21564483642578,-87.46720123291016,0.37077829241752625,0.08432930707931519
1786712533.6423657,-6.662170554128813,1.048301612773432,0.637633243483246,64.21564483642578,-87.46720123291016,0.373681902885437,0.3958415389060974
1786712533.6424546,-6.5670928613920525,1.5511167976959879,0.6208665456822434,64.21564483642578,-87.46720123291016,0.3707263171672821,0.4013715982437134
1786712533.6425622,-6.717819986179418,1.0609583211597258,0.6474470231700304,63.48475646972656,-86.47166442871094,0.3838854432106018,0.5672960877418518
1786712533.6426375,-6.630699096842243,1.5652576921030392,0.6320816365078439,64.21564483642578,-87.46720123291016,0.3720933198928833,0.5677825212478638
1786712533.7889476,-6.7489148049098375,1.06858271376003,0.6544064897032489,62.75177001953125,-85.4732666015625,0.39304986596107483,0.7384849190711975
1786712533.789062,-6.667980862358075,1.5739442812845508,0.6401452480957694,64.21564483642578,-87.46720123291016,0.37352484464645386,0.7356964349746704
1786712534.0389585,-6.781072732500207,1.0760581686820632,0.6616506226742436,62.75177001953125,-85.4732666015625,0.39304986596107483,0.7550764083862305
1786712534.039092,-6.703568895244245,1.5819755482267124,0.6480579671104314,64.21564483642578,-87.46720123291016,0.3739646375179291,0.7516065239906311
1786712534.4390364,-6.814319261491735,1.0832959821871166,0.6691484497085941,61.72196578979492,-84.07057189941406,0.41801685094833374,0.7356643080711365
1786712534.4391937,-6.7398441636832045,1.5896832502335863,0.6561332829081851,63.38715362548828,-86.33870697021484,0.38621458411216736,0.7140063047409058
1786712535.2893717,-6.874857138160121,1.0946885326097144,0.6827568331781437,61.094627380371094,-83.21607971191406,0.4307588040828705,0.13765838742256165
1786712535.289521,-6.799234791190384,1.6009001110068282,0.669524352855414,62.65998077392578,-85.34825134277344,0.39847424626350403,0.10450908541679382
1786712536.2890723,-7.038326885352391,1.1215234997563504,0.7197051819433691,56.80714416503906,-77.37616729736328,0.5022020936012268,0.041404206305742264
1786712536.2892642,-6.9593233707357784,1.6271986013421724,0.7057360619141189,59.053810119628906,-80.43631744384766,0.45977962017059326,0.0430973619222641
1786712537.2890947,-7.22488654777205,1.1521928677767483,0.7622240612789579,53.01211929321289,-72.20703125,0.5542915463447571,0.02744688093662262
1786712537.2892694,-7.14601179637652,1.657865948205816,0.7474758640443488,55.08643341064453,-75.03240203857422,0.5377311110496521,0.03508609160780907
1786712538.6376104,-7.415315684560914,1.1857673220713572,0.8123464531607021,51.47515106201172,-70.11355590820312,0.5563700199127197,0.03330213204026222
1786712538.6377103,-7.3380149424911725,1.691473666468896,0.7916175238216101,51.47515106201172,-70.11355590820312,0.5557873249053955,0.0333055816590786
1786712539.3422465,-7.606119045441407,1.2170293172262925,0.863470710874747,51.47515106201172,-70.11355590820312,0.553276777267456,0.033259328454732895
1786712539.3423226,-7.528820540332795,1.7227360171669441,0.842742113645079,51.47515106201172,-70.11355590820312,0.554009735584259,0.0332338809967041
1786712540.288974,-7.8207870858417365,1.252196259087098,0.9209897109473265,51.47515106201172,-70.11355590820312,0.552169144153595,0.033304616808891296
1786712540.2890923,-7.743480803379466,1.7579023183718308,0.9002744920353817,51.47515106201172,-70.11355590820312,0.5532199144363403,0.03329847753047943
1786712549.5394897,-8.276205730865978,1.3274581962887657,1.0430148296906012,51.47515106201172,-70.11355590820312,0.556056559085846,0.09577906131744385
1786712549.5396135,-8.198915449632981,1.8331669086373625,1.0223046707909573,51.47515106201172,-70.11355590820312,0.556198000907898,0.09577729552984238
1786712550.739191,-8.491675105566737,1.363168403131335,1.100749460689275,49.26081085205078,-66.1447525024414,0.550926685333252,0.14063651859760284
1786712550.7393823,-8.414384312945304,1.8688770367216176,1.0800392871458204,51.47515106201172,-70.11355590820312,0.5557568073272705,0.14063580334186554
1786712551.7890592,-8.682485406887388,1.394425691350868,1.1518767767406717,49.26081085205078,-66.1447525024414,0.5588709712028503,0.08054019510746002
1786712551.789272,-8.605194088697374,1.900134281393196,1.1311675012861684,51.47515106201172,-70.11355590820312,0.5556918978691101,0.0805421769618988
1786712552.789032,-8.897147003272632,1.4295892828406411,1.2093952067031815,49.11485290527344,-65.86798095703125,0.5606618523597717,0.03325524181127548
1786712552.789221,-8.819855685850769,1.9352978563683059,1.1886855251072035,51.47515106201172,-70.11355590820312,0.5554165244102478,0.03325316682457924
1786712553.8391683,-9.087957535596193,1.460845848905677,1.2605228571806473,51.47515106201172,-70.11355590820312,0.5509202480316162,0.13441702723503113
1786712553.8392932,-9.010666310358953,1.9665544373404573,1.2398131955554925,51.47515106201172,-70.11355590820312,0.5554594397544861,0.13441817462444305
1786712560.2458322,-9.311864409153692,1.4977677669413163,1.320518594502027,51.47515106201172,-70.11355590820312,0.555418848991394,0.08376937359571457
1786712560.2459104,-9.234574446746443,2.003476547644055,1.2998089148513103,51.47515106201172,-70.11355590820312,0.5557695031166077,0.08376568555831909
1786712561.2391806,-9.513751070838236,1.5311729920227488,1.3746139127488313,51.47515106201172,-70.11355590820312,0.5557936429977417,0.03324730321764946
1786712561.239363,-9.436461048079998,2.0368817536467847,1.3539039924516607,51.47515106201172,-70.11355590820312,0.555704653263092,0.03324555605649948
1786712562.1391263,-9.70456172464039,1.5624291239793802,1.425741608349857,51.47515106201172,-70.11355590820312,0.5556034445762634,0.03323855623602867
1786712562.1393268,-9.627271521576484,2.0681378517283235,1.4050315337752646,51.47515106201172,-70.11355590820312,0.555417537689209,0.0332375168800354
1786712563.0401788,-9.895372093233254,1.5936859669448382,1.4768689086312083,51.47515106201172,-70.11355590820312,0.5556649565696716,0.15524956583976746
1786712563.0436254,-9.81808195859186,2.0993947355948395,1.4561595774586527,51.47515106201172,-70.11355590820312,0.5555496215820312,0.15978527069091797
1786712563.6135352,-10.078066276692326,1.6242836368244629,1.5258173483994777,51.47515106201172,-70.11355590820312,0.5551581382751465,0.4221315383911133
1786712563.613613,-10.005073682229938,2.1306764881336067,1.5062632875259787,51.47515106201172,-70.11355590820312,0.5553172826766968,0.4194238483905792
1786712563.639236,-10.129505917465643,1.6342250383957324,1.5396014701775884,51.47515106201172,-70.11355590820312,0.5552590489387512,0.6561391949653625
1786712563.6393704,-10.064502016959942,2.141783096706863,1.5221856623444647,51.47515106201172,-70.11355590820312,0.5554201006889343,0.653162956237793
1786712563.8390846,-10.161372871336875,1.6404181065930632,1.548145544421335,51.47515106201172,-70.11355590820312,0.5552751421928406,0.7509707808494568
1786712563.839249,-10.100780383103482,2.148560661784736,1.5319068876738187,51.47515106201172,-70.11355590820312,0.5553693175315857,0.74808669090271
1786712564.0892394,-10.193912851321723,1.646423993517421,1.5568638138294242,51.47515106201172,-70.11355590820312,0.5554267764091492,0.7602893710136414
1786712564.089409,-10.136315410903773,2.154939774917145,1.5414289531326468,51.47515106201172,-70.11355590820312,0.5552005767822266,0.7574114799499512
1786712564.3392866,-10.226505684004033,1.652162679772534,1.5655977422995662,51.47515106201172,-70.11355590820312,0.5552762746810913,0.76862633228302
1786712564.3394265,-10.171764905013026,2.161016526000274,1.550927694764093,51.47515106201172,-70.11355590820312,0.555217981338501,0.7657495737075806
1786712564.5900915,-10.259142198180497,1.657650869771478,1.5743427811505655,51.47515106201172,-70.11355590820312,0.5554478168487549,0.7672213912010193
1786712564.5902023,-10.20713289629379,2.1668116732443927,1.5604033147306102,51.47515106201172,-70.11355590820312,0.555115282535553,0.7644277811050415
1786712564.789268,-10.290801801454554,1.662849535325249,1.5828262630724894,51.47515106201172,-70.11355590820312,0.5554478168487549,0.8885909914970398
1786712564.7894046,-10.24157025414061,2.172306272232995,1.5696320231024803,51.47515106201172,-70.11355590820312,0.5553609132766724,0.883930504322052
1786712598.8893688,-10.374426867372865,1.6746195585670578,1.605229384604659,51.47515106201172,-70.11355590820312,0.5581326484680176,0.23749271035194397
1786712598.8895237,-10.32214874992109,2.183750991226572,1.591222860632968,51.47515106201172,-70.11355590820312,0.5571597218513489,0.23851239681243896
1786712599.7893465,-10.560465465744047,1.6955880648513313,1.6624324885399309,48.01888656616211,-65.40583038330078,0.6136620044708252,0.15222303569316864
1786712599.789505,-10.508223656810591,2.204722489548362,1.6483992783660526,48.88863754272461,-66.59049224853516,0.5992100238800049,0.15395373106002808
1786712600.6393676,-10.743649632751575,1.7160028340610047,1.7210589989951477,43.766021728515625,-59.61305618286133,0.6852740049362183,0.1569553166627884
1786712600.6394682,-10.691376247707405,2.225133805781276,1.7070180997648197,44.94287872314453,-61.21604537963867,0.6715677976608276,0.1586741805076599
1786712601.5437522,-10.903850415324538,1.7339519504821896,1.772358689907935,39.69409942626953,-54.066741943359375,0.7393786907196045,0.057874470949172974
1786712601.5438418,-10.851577869214445,2.243079062257366,1.7581754258747384,41.3880729675293,-56.37408447265625,0.7181882262229919,0.06546127796173096
1786712602.5395846,-11.090584250478111,1.7567598822357184,1.8396416586112498,38.069740295410156,-51.94392395019531,0.7424370646476746,0.059593264013528824
1786712602.5397925,-11.039848743391678,2.2659047662781524,1.8211647710459933,38.069740295410156,-51.94392395019531,0.7411597967147827,0.059603821486234665
1786712603.6013546,-11.300825873622248,1.7804867103519697,1.9161653409277035,38.069740295410156,-51.94392395019531,0.737247884273529,0.16408532857894897
1786712603.6014566,-11.250092363427441,2.2896317099985026,1.8976861559282205,38.069740295410156,-51.94392395019531,0.73814457654953,0.1640806794166565
1786712604.5407696,-11.487711301907009,1.8015762204496604,1.9841853673245324,38.069740295410156,-51.94392395019531,0.736290454864502,0.05480514466762543
1786712604.5409465,-11.4369757138642,2.3107209697097866,1.965704988356731,38.069740295410156,-51.94392395019531,0.7372531890869141,0.05479075759649277
1786712605.739752,-11.6979556278355,1.8253040376224652,2.060709129624213,38.069740295410156,-51.94392395019531,0.741255521774292,0.05956026539206505
1786712605.7398887,-11.647220912468407,2.33444887106143,2.042228674028401,38.069740295410156,-51.94392395019531,0.7408920526504517,0.059571523219347
1786712606.8988075,-11.908198887787538,1.84903299857714,2.137227370635991,38.069740295410156,-51.94392395019531,0.7426430583000183,0.059373240917921066
1786712606.8989344,-11.857464400060675,2.3581779877925113,2.1187505821712116,38.069740295410156,-51.94392395019531,0.7417286038398743,0.05940781533718109
1786712607.9431872,-12.118439162483144,1.872758370135941,2.2137507750505994,38.069740295410156,-51.94392395019531,0.7413350343704224,0.05947062373161316
1786712607.9432707,-12.067708392613559,2.3819036254591444,2.1952711113548156,38.069740295410156,-51.94392395019531,0.7396783232688904,0.05949229747056961
1786712608.98968,-12.32868374969917,1.896483502836194,2.290273842574727,38.069740295410156,-51.94392395019531,0.7397695183753967,0.05973874405026436
1786712608.9897466,-12.277955012081996,2.4056288232627985,2.2717903941016204,38.069740295410156,-51.94392395019531,0.7406454682350159,0.0597376711666584
1786712610.0893848,-12.538928441595923,1.9202038284485665,2.3667968593557633,38.069740295410156,-51.94392395019531,0.7407053709030151,0.05951919034123421
1786712610.0895693,-12.488194541177878,2.4293490083728777,2.348323713759717,38.069740295410156,-51.94392395019531,0.7407522797584534,0.05950840190052986
1786712611.0895052,-12.749182768460628,1.9439349905264218,2.4433206920312016,38.069740295410156,-51.94392395019531,0.741283118724823,0.05961496755480766
1786712611.0897245,-12.698440769039003,2.453079620445767,2.424854633464497,38.069740295410156,-51.94392395019531,0.7411477565765381,0.059604886919260025
1786712611.9894288,-12.936073113052062,1.9650259002660142,2.5113444992266976,38.069740295410156,-51.94392395019531,0.7410213947296143,0.05975726991891861
1786712611.9895887,-12.885329496296253,2.474170245286426,2.4928750300335816,38.069740295410156,-51.94392395019531,0.7410877346992493,0.05974937602877617
1786712612.7893882,-13.122960574994933,1.9861215536118484,2.5793640388466548,38.069740295410156,-51.94392395019531,0.7406671047210693,0.06994209438562393
1786712612.789566,-13.072216351496534,2.495266073487154,2.5609010579798257,38.069740295410156,-51.94392395019531,0.7397620677947998,0.06995505839586258
1786712616.7895339,-13.410201747352502,2.0189496400398887,2.683910970475898,38.069740295410156,-51.94392395019531,0.7401553392410278,0.03625192865729332
1786712616.7897062,-13.359469392812443,2.5280952594082358,2.6654456927676096,38.069740295410156,-51.94392395019531,0.7405613660812378,0.0362510159611702
1786712617.6394513,-13.629246983589388,2.044124737945286,2.7636365523358704,38.069740295410156,-51.94392395019531,0.7405300736427307,0.0596272349357605
1786712617.6396148,-13.5785143543027,2.5532703547720934,2.7451719594156545,38.069740295410156,-51.94392395019531,0.7407407164573669,0.05962805077433586
1786712618.5906541,-13.839498495256723,2.06785003916115,2.840162301774239,38.069740295410156,-51.94392395019531,0.7411694526672363,0.1771656721830368
1786712618.5907688,-13.788766188983967,2.576995665509159,2.821697083905482,38.069740295410156,-51.94392395019531,0.7409144639968872,0.1771649420261383
1786712619.0895004,-14.003027046507775,2.086303066754312,2.8996818606395176,38.069740295410156,-51.94392395019531,0.7406822443008423,0.054748766124248505
1786712619.0895982,-13.952294824700477,2.595448714213806,2.8812169928212126,38.069740295410156,-51.94392395019531,0.7412104606628418,0.05474990978837013
1786712619.9895425,-14.213278381241714,2.110027485822098,2.9762073214133338,38.069740295410156,-51.94392395019531,0.7403422594070435,0.13261845707893372
1786712619.9897246,-14.162546148965422,2.6191731099309794,2.957741838504881,38.069740295410156,-51.94392395019531,0.741007387638092,0.1326180249452591
1786712624.5395,-14.385395926934466,2.12937681375897,3.0388523185346803,38.069740295410156,-51.94392395019531,0.7411559224128723,0.07968869805335999
1786712624.5396445,-14.334664631076626,2.6385225343623366,3.0203869235520773,38.069740295410156,-51.94392395019531,0.7404984831809998,0.07969050109386444
1786712625.3893924,-14.172151845755996,2.105283769097729,2.9612367711343204,38.069740295410156,-51.94392395019531,0.7401523590087891,0.059611976146698
1786712625.389507,-14.121420770326461,2.61442954594011,2.942772321255392,38.069740295410156,-51.94392395019531,0.7411251068115234,0.059610046446323395
1786712626.2895544,-13.96189901924092,2.081558732027,2.8847111662558396,38.069740295410156,-51.94392395019531,0.741073727607727,0.05960137024521828
1786712626.2896893,-13.91116783060977,2.5907044939304082,2.86624661546604,38.069740295410156,-51.94392395019531,0.7412319183349609,0.05960141122341156
1786712627.0395632,-13.751645961178061,2.0578341541858434,2.8081854107554696,38.069740295410156,-51.94392395019531,0.7407251000404358,0.059607088565826416
1786712627.0397174,-13.700914937932383,2.566979952607575,2.789721412544238,38.069740295410156,-51.94392395019531,0.740818440914154,0.05960876867175102
1786712627.8909624,-13.564754196033917,2.0367450921801766,2.740163074738559,38.069740295410156,-51.94392395019531,0.7405540943145752,0.05963628739118576
1786712627.8911176,-13.514023566232801,2.5458909045760785,2.721698380868918,38.069740295410156,-51.94392395019531,0.7411140203475952,0.059640102088451385
1786712628.6894317,-13.354500144193583,2.013020892955159,2.663636327392638,38.069740295410156,-51.94392395019531,0.740161120891571,0.05960603058338165
1786712628.689562,-13.303770847759285,2.522166799582583,2.6451705685991342,38.069740295410156,-51.94392395019531,0.7405613660812378,0.059607602655887604
1786712629.6395652,-13.16760734607732,1.99193339307877,2.595612686760043,38.069740295410156,-51.94392395019531,0.7408022284507751,0.05965585634112358
1786712629.6397831,-13.116878210197024,2.5010793503050506,2.5771478820501925,38.069740295410156,-51.94392395019531,0.73991858959198,0.05965556204319
1786712630.6395113,-12.980714634323338,1.9708450419151216,2.5275897456619583,38.069740295410156,-51.94392395019531,0.7410213947296143,0.05963730812072754
1786712630.6396828,-12.929983062606116,2.4799907650938726,2.509125179599176,38.069740295410156,-51.94392395019531,0.740982174873352,0.05964036285877228
1786712631.5895288,-12.79382315679754,1.9497559493028505,2.4595671309986096,38.069740295410156,-51.94392395019531,0.7414734363555908,0.059633202850818634
1786712631.5896542,-12.743091509255251,2.458901635007763,2.4411017399732446,38.069740295410156,-51.94392395019531,0.7411206364631653,0.05962996184825897
1786712632.492162,-12.606931887165752,1.9286668822700155,2.3915440482622445,38.069740295410156,-51.94392395019531,0.7409198880195618,0.059674739837646484
1786712632.492217,-12.556199354150055,2.43781249170619,2.373078987047145,38.069740295410156,-51.94392395019531,0.7413316369056702,0.0596378855407238
1786712633.6037571,-12.420042362183327,1.9075755279214397,2.323518624617382,38.069740295410156,-51.94392395019531,0.7400867342948914,0.05939219519495964
1786712633.60386,-12.36930223896891,2.416720534198788,2.305057788259706,38.069740295410156,-51.94392395019531,0.7407848238945007,0.05940679833292961
1786712634.439675,-12.209787791550758,1.8838481658913466,2.24699294511682,38.069740295410156,-51.94392395019531,0.7408573031425476,0.17716723680496216
1786712634.4398725,-12.159052108698306,2.3929936510072363,2.228533111108871,38.069740295410156,-51.94392395019531,0.7400826811790466,0.17716680467128754
1786712635.4396672,-12.046254940954256,1.8653945664608136,2.187468694130607,38.069740295410156,-51.94392395019531,0.7414305806159973,0.054560333490371704
1786712635.4399366,-11.995518609079529,2.3745400936037226,2.1690118033234596,38.069740295410156,-51.94392395019531,0.7401079535484314,0.05455312505364418
1786712636.4396396,-11.835993317331182,1.8416711141016182,2.1109455282459635,38.069740295410156,-51.94392395019531,0.7421926856040955,0.05964244157075882
1786712636.4398398,-11.785254661876776,2.350816140010948,2.0924811995425685,38.069740295410156,-51.94392395019531,0.7416829466819763,0.05964236706495285
1786712637.4396498,-11.649101415383987,1.8205795528084316,2.0429224933103733,38.069740295410156,-51.94392395019531,0.7393181324005127,0.05957875773310661
1786712637.4397843,-11.598362243424527,2.3297244957105807,2.024457295070556,38.069740295410156,-51.94392395019531,0.7408943772315979,0.05957822501659393
1786712638.597944,-11.438846956090188,1.7968509004904465,1.96639609366023,38.069740295410156,-51.94392395019531,0.7356808185577393,0.059643276035785675
1786712638.5980299,-11.388108086007147,2.3059958784518115,1.947931032614637,38.069740295410156,-51.94392395019531,0.7369705438613892,0.05963226407766342
1786712639.439552,-11.228592312162611,1.773123577920174,1.8898706990993337,38.069740295410156,-51.94392395019531,0.7384354472160339,0.05961489677429199
1786712639.4396586,-11.177851483279607,2.2822682996777806,1.8714039562724398,38.069740295410156,-51.94392395019531,0.7401388883590698,0.05962039902806282
1786712640.3400133,-11.01833793933174,1.7493948734976046,1.8133468732438391,38.069740295410156,-51.94392395019531,0.7426933646202087,0.029817309230566025
1786712640.3402975,-10.96759967902383,2.2585397228121957,1.7948765901558916,38.91867446899414,-53.02184295654297,0.7397008538246155,0.022375740110874176
1786712641.2896526,-10.831800234905323,1.7266258497601454,1.7474211792759016,41.3880729675293,-56.37408447265625,0.718798041343689,0.19102081656455994
1786712641.2897494,-10.779476122643711,2.2357512402384625,1.7333668544491656,42.97705078125,-58.53840637207031,0.6968508362770081,0.18933400511741638
1786712641.989643,-10.647963010174578,1.7061912918924111,1.6903545278675318,46.26742172241211,-63.02016830444336,0.6395156979560852,0.18196183443069458
1786712641.9898071,-10.595668287522887,2.2153198058767027,1.6763039680591223,47.14519500732422,-64.21576690673828,0.624790608882904,0.1805642545223236
1786712642.8397956,-10.487254152923228,1.6883074650517045,1.6404271920522067,49.86250305175781,-67.91697692871094,0.5774897933006287,0.10599549114704132
1786712642.8400502,-10.434918185486755,2.1974315458890947,1.6263695669337712,50.67044448852539,-69.0174560546875,0.5696388483047485,0.1050083115696907
1786712643.7955446,-10.300373931150384,1.667555713499929,1.5853876668702278,51.47515106201172,-70.11355590820312,0.5552560091018677,0.033545948565006256
1786712643.7957392,-10.248022918602347,2.1766791443879723,1.5713625605967234,51.47515106201172,-70.11355590820312,0.5553609132766724,0.03354235738515854
1786712644.84123,-10.08426010532545,1.643739491485809,1.5274805496631108,51.47515106201172,-70.11355590820312,0.5554069876670837,0.14103329181671143
1786712644.8413126,-10.031912040678653,2.152863231414408,1.5134556586171453,51.47515106201172,-70.11355590820312,0.5553765892982483,0.14103077352046967
1786712645.7901833,-9.892160108422862,1.6225696929755185,1.4760081200563666,51.47515106201172,-70.11355590820312,0.5558924078941345,0.08014296740293503
1786712645.7903726,-9.839812135742497,2.131693422048739,1.4619824916984758,51.47515106201172,-70.11355590820312,0.5556504726409912,0.08014421164989471
1786712646.8396266,-9.676047592165757,1.5987544844465482,1.4181003831036239,51.47515106201172,-70.11355590820312,0.5557781457901001,0.03367046266794205
1786712646.839774,-9.623699917189272,2.107878270781988,1.404075722251327,51.47515106201172,-70.11355590820312,0.5557348728179932,0.03366952762007713
1786712647.7897627,-9.45993583120588,1.5749385100032138,1.3601940579106517,51.47515106201172,-70.11355590820312,0.5553303360939026,0.033671628683805466
1786712647.7900035,-9.407588495992856,2.0840623037376056,1.3461683975128076,51.47515106201172,-70.11355590820312,0.5558674931526184,0.03366931900382042
1786712648.7897527,-9.243823295642542,1.5511224163468236,1.302287032617742,51.47515106201172,-70.11355590820312,0.5554605722427368,0.03368375822901726
1786712648.7899628,-9.191476091091534,2.060246222998533,1.2882613534481884,51.47515106201172,-70.11355590820312,0.5557851195335388,0.03367995098233223
1786712649.8931625,-9.027710830108505,1.527308134745117,1.2443799522691834,51.47515106201172,-70.11355590820312,0.5552244186401367,0.03369852900505066
1786712649.896892,-8.975363355646289,2.0364318834597808,1.2303531774383383,51.47515106201172,-70.11355590820312,0.5556442141532898,0.03370064124464989
1786712650.8898091,-8.811598124528864,1.5034935697879843,1.186473170955185,49.26081085205078,-66.1447525024414,0.5562759637832642,0.033740635961294174
1786712650.8900447,-8.759250993950037,2.0126172586767845,1.1724429417188689,51.47515106201172,-70.11355590820312,0.5555808544158936,0.033736422657966614
1786712651.839797,-8.619499170580607,1.482322566981643,1.134997648955286,51.47515106201172,-70.11355590820312,0.5550941228866577,0.03369452804327011
1786712651.8400002,-8.567149628797694,1.9914461435078976,1.1209723396811848,51.47515106201172,-70.11355590820312,0.5553537011146545,0.03369501978158951
1786712652.6897082,-8.427401692422842,1.4611540842961448,1.083526607340172,51.47515106201172,-70.11355590820312,0.5548557639122009,0.03368698060512543
1786712652.6898918,-8.37505125432934,1.9702774930704186,1.0694985543932285,51.47515106201172,-70.11355590820312,0.5553410053253174,0.03368733078241348
1786712653.6897457,-8.23530188473119,1.4399828083135615,1.0320527273809585,51.47515106201172,-70.11355590820312,0.5557030439376831,0.1410454362630844
1786712653.6898944,-8.182951553407207,1.9491061577007822,1.018022120872068,51.47515106201172,-70.11355590820312,0.5561413168907166,0.14104069769382477
1786712654.642254,-8.043201781712796,1.418809642788651,0.9805812319264914,51.47515106201172,-70.11355590820312,0.5546625852584839,0.08011738210916519
1786712654.6423223,-7.990850752923642,1.9279330645424506,0.9665558546973524,51.47515106201172,-70.11355590820312,0.5556781888008118,0.08011992275714874
1786712655.6896553,-7.827089626705517,1.3949925206173617,0.9226736904521282,51.47515106201172,-70.11355590820312,0.5533311367034912,0.03366384282708168
1786712655.6897864,-7.774738122874515,1.904115924059117,0.9086494216827379,51.47515106201172,-70.11355590820312,0.5535843372344971,0.03366144746541977
1786712656.6397212,-7.6109791841299534,1.3711751933611889,0.8647680082273588,51.47515106201172,-70.11355590820312,0.5537844300270081,0.03373786434531212
1786712656.6398888,-7.558627528257985,1.8802986061484086,0.8507446463138508,51.47515106201172,-70.11355590820312,0.5530528426170349,0.03373332694172859
1786712657.439581,-7.418876251227624,1.3500029175662511,0.8132930761673854,51.47515106201172,-70.11355590820312,0.5559333562850952,0.03497254475951195
1786712657.4397066,-7.366523151669694,1.8591262654756469,0.7992727487744317,51.47515106201172,-70.11355590820312,0.5552496314048767,0.03402017429471016
1786712658.5936987,-7.226799089530522,1.3285350620434004,0.7619557441065218,53.01211929321289,-72.20703125,0.5540525317192078,0.03840811550617218
1786712658.5937853,-7.17425198815985,1.837659116972597,0.7487081469661735,53.77642822265625,-73.24808502197266,0.5422694683074951,0.041233621537685394
1786712659.2396595,-7.0375642911050384,1.3063857775929981,0.7186244682031536,56.65657043457031,-77.17109680175781,0.4983079731464386,0.07098371535539627
1786712659.2397606,-6.9840537868717245,1.8154936670936563,0.7091490903804963,57.933197021484375,-78.90995025634766,0.4777231812477112,0.06969286501407623
1786712660.1396391,-6.849622913584207,1.2858771667706552,0.6778112411869728,61.094627380371094,-83.21607971191406,0.4296668469905853,0.0602235309779644
1786712660.1403666,-6.796077988410906,1.7949813640306806,0.6683319310638383,62.555938720703125,-85.2065200805664,0.3949480652809143,0.05942855402827263
1786712661.1399195,-6.661042362889017,1.2652557303150267,0.6374403905864199,64.21564483642578,-87.46720123291016,0.3739277422428131,0.014435991644859314
1786712661.140011,-6.60745427725873,1.7743559931465402,0.6279937264468933,64.21564483642578,-87.46720123291016,0.3703770339488983,0.014407951384782791
1786712662.1396697,-6.440706929643824,1.241347555830518,0.5985844366311011,64.21564483642578,-87.46720123291016,0.37053436040878296,0.01499204896390438
1786712662.1399,-6.387128207855842,1.7504488838487926,0.5891420650224828,64.21564483642578,-87.46720123291016,0.37053418159484863,0.014983540400862694
1786712663.0896914,-6.220379763415802,1.2174370956528806,0.5597364540726755,64.21564483642578,-87.46720123291016,0.3708576560020447,0.014926695264875889
1786712663.0899048,-6.1668004850584035,1.7265383357595954,0.5502925008482074,64.21564483642578,-87.46720123291016,0.3704744875431061,0.014920002780854702
1786712664.0897129,-6.000053749855592,1.1935280192040065,0.5208880092947781,64.21564483642578,-87.46720123291016,0.3707963824272156,0.014989912509918213
1786712664.0898173,-5.9464754215990325,1.7026293271302912,0.5114423219731159,64.21564483642578,-87.46720123291016,0.37122368812561035,0.014981595799326897
1786712665.1935725,-5.779725470174754,1.1696196174861953,0.48203626565749386,64.21564483642578,-87.46720123291016,0.3687417805194855,0.014975775964558125
1786712665.1936612,-5.7261464336882115,1.6787209260596028,0.47259463137005403,64.21564483642578,-87.46720123291016,0.3717893362045288,0.01497054286301136
1786712666.3397121,-5.559394780132288,1.1457123548874688,0.4431870082373859,64.21564483642578,-87.46720123291016,0.361625075340271,0.014979385770857334
1786712666.339857,-5.50581605051391,1.6548136474011836,0.4337427669578535,64.21564483642578,-87.46720123291016,0.36528146266937256,0.014971424825489521
1786712667.2898052,-5.339067140387929,1.1218030536088737,0.40433797009852396,64.21564483642578,-87.46720123291016,0.3618243932723999,0.014958345331251621
1786712667.2899692,-5.285488044475729,1.6309042631249961,0.3948913331068293,64.21564483642578,-87.46720123291016,0.36027464270591736,0.014949878677725792
1786712668.5938272,-5.118740718734602,1.0978946948152208,0.3654886057467067,64.21564483642578,-87.46720123291016,0.3695916533470154,0.01499587669968605
1786712668.5939882,-5.065161850942293,1.6069959059472534,0.35604076207780777,64.21564483642578,-87.46720123291016,0.37182581424713135,0.01499120332300663
1786712669.3430464,-4.898414287044173,1.0739876748231434,0.3266382664272766,64.21564483642578,-87.46720123291016,0.37346482276916504,0.014959616586565971
1786712669.3438268,-4.844835097417007,1.5830889140180346,0.31719376066348454,64.21564483642578,-87.46720123291016,0.3828510046005249,0.014949040487408638
1786712670.3897638,-4.678087470867218,1.050078765637758,0.2877875740426933,64.21564483642578,-87.46720123291016,0.37498873472213745,0.014964167028665543
1786712670.389957,-4.624508046649685,1.5591799847264507,0.2783433153145213,64.21564483642578,-87.46720123291016,0.3936937153339386,0.01496020145714283
1786712671.3398998,-4.457758600932015,1.0261706293088781,0.24893786308792576,58.74787139892578,-78.49957275390625,0.3652736246585846,0.0012223306111991405
1786712671.3401566,-4.404179830016192,1.535271954523789,0.23949561909768957,58.74787139892578,-78.49957275390625,0.3809478282928467,0.003158657578751445
1786712672.189659,-4.269072251274999,1.0023015863247884,0.22771247732645297,50.31049346923828,-55.520511627197266,0.34982752799987793,0.08318866044282913
1786712672.1897693,-4.214589157525321,1.511393005903435,0.22647999736229893,48.323856353759766,-40.316253662109375,0.36448800563812256,0.08433280885219574
1786712672.9396691,-4.108123532549707,0.9850214704311876,0.2146943842397258,53.184539794921875,12.95599365234375,0.3003428876399994,0.14997301995754242
1786712672.9397736,-4.053817180797737,1.4941332638185831,0.21464973828668982,53.184539794921875,12.95599365234375,0.2944880723953247,0.1511717587709427
1786712696.8400393,-3.1217184123268087,1.5499602249718527,0.1962041512412132,57.01359939575195,40.365516662597656,6.1934219957038295e-06,0.5975220799446106
1786712706.239979,-2.9835024777539774,1.2100658116945262,0.19619305495322456,56.41250228881836,39.411197662353516,6.851268494756368e-07,0.20593605935573578
1786712706.6400008,-3.039768900538613,1.3147631828906021,0.1961918497932037,46.33073425292969,26.62057876586914,1.523165906291979e-06,0.24558188021183014
1786712707.0964937,-3.088559532210351,1.4277704134191853,0.19619151202490798,32.18801498413086,15.127211570739746,1.1312762353554717e-06,0.2405988872051239
1786712707.0965607,-2.65190379316495,1.6951199318269143,0.19621530004952625,58.513580322265625,42.85289001464844,1.9179569790139794e-06,0.2513263523578644
1786712707.489925,-3.12819911291785,1.545538866857891,0.1961916970279936,23.42662239074707,9.996729850769043,4.6349703097803285e-07,0.2305118590593338
1786712707.4900558,-2.6702414924234232,1.774490427835336,0.19621529943894112,53.45635223388672,35.068397521972656,6.369180027832044e-07,0.24169591069221497
1786712707.8900704,-3.158173308691101,1.6667160552679423,0.19619186175604045,4.970312118530273,1.8119096755981445,1.1460037967481185e-06,0.2224610596895218
1786712707.8903625,-2.6824577709470017,1.856027245137179,0.19621508106184263,52.448036193847656,33.71276092529297,0.0007476748432964087,0.2340894639492035
1786712708.5769563,-3.178190195306966,1.7904341462126625,0.19619195707515624,0.0,0.0,2.2714118586009135e-06,0.18533605337142944
1786712708.5770454,-2.6882412478411526,1.9390747474819479,0.1962150102169572,51.257118225097656,32.18669128417969,0.004437275696545839,0.19874826073646545
1786712709.240095,-3.1885340681545964,1.9145685900918517,0.19619325925567113,0.0,0.0,2.7281187158223474e-06,0.2554619610309601
1786712709.2403328,-2.688161058702886,2.023062142724602,0.19621445745681557,50.090087890625,30.764944076538086,0.007120681460946798,0.25793635845184326
1786712710.1399221,-3.2173672710837136,2.1183881214009674,0.19620322478088206,0.0,0.0,2.416668849036796e-06,0.020580759271979332
1786712710.140115,-2.7142541668508238,2.213368142162048,0.19620554219199535,28.32522964477539,12.730413436889648,0.0035262596793472767,0.016979623585939407
1786712710.9900322,-3.2544141286977513,2.315028648038876,0.19620401816789376,0.0,0.0,1.9660401449073106e-06,0.025155257433652878
1786712710.9902623,-2.751167935026103,2.4093009586590335,0.19620632786781897,30.144973754882812,13.830166816711426,0.0038780663162469864,0.016713226214051247
1786712711.540062,-3.2749462712746755,2.5013285709798065,0.19619799060355939,0.0,0.0,1.7738196902428172e-06,0.1326434165239334
1786712711.5402102,-2.766379383985372,2.5605208087533713,0.19620983232487185,18.48056983947754,7.511073112487793,0.002190675586462021,0.14893509447574615
1786712712.09022,-3.2720682598285755,2.642512061191147,0.1961973142627248,-2.9802322387695312e-05,1.1920928955078125e-05,9.329871772933984e-07,0.05545813590288162
1786712712.090389,-2.7609063810797236,2.671795734631569,0.19621087075950833,12.815743446350098,4.955697059631348,0.0014535821974277496,0.032089896500110626
1786712712.5903704,-3.256866895413859,2.78983437233386,0.19619707917403187,0.0,0.0,1.0653924391590408e-06,0.2149701714515686
1786712712.5905333,-2.744904515519206,2.783627816093731,0.19621231864145358,8.366256713867188,3.122889995574951,0.0002739009214565158,0.1899530589580536
1786712713.0399964,-3.2282048416453533,2.9409798675554653,0.19619485058552655,-2.9802322387695312e-05,1.1920928955078125e-05,1.9558019914711622e-07,0.30181071162223816
1786712713.040159,-2.7183787466249285,2.8938486411175566,0.19621303529110828,0.0,0.0,1.622161221348506e-06,0.27634742856025696
1786712713.591756,-3.1945449905013352,3.062536882472191,0.1961938701623715,-2.9802322387695312e-05,1.1920928955078125e-05,1.352391791442642e-06,0.3284236788749695
1786712713.5918589,-2.689270078068511,2.979824957824812,0.1962135457302825,-2.9802322387695312e-05,1.1920928955078125e-05,1.176813498204865e-06,0.3027200400829315
1786712713.8917105,-3.1517590956502772,3.1815356628196705,0.19619257375530724,-2.9802322387695312e-05,1.1920928955078125e-05,1.3017596529607545e-06,0.3461863398551941
1786712713.891781,-2.6537512088574635,3.0626569672080564,0.19621311243682277,-2.9802322387695312e-05,1.1920928955078125e-05,4.2095774688277743e-07,0.32025980949401855
1786712714.3917747,-3.100093759464698,3.296949375987737,0.1961919484676989,0.0,0.0,1.4181806591295754e-06,0.3602168560028076
1786712714.3919559,-2.612145865199889,3.1418660046498466,0.19621236935667877,-2.9802322387695312e-05,1.1920928955078125e-05,0.00018919668218586594,0.3340986371040344
1786712714.8399765,-3.0397862212284,3.4080334617623342,0.1961909444631805,0.0,0.0,1.173107875729329e-06,0.37156862020492554
1786712714.8401213,-2.56473215986906,3.2170684429629177,0.19621046201228873,0.0,0.0,0.0002700339537113905,0.3452848196029663
1786712715.294559,-2.9711456711981796,3.514092854642263,0.19618969524151156,0.0,0.0,8.501129968863097e-07,0.3816013038158417
1786712715.2947142,-2.5118195390555735,3.287899344925663,0.19621189883155551,0.0,0.0,0.0016901694471016526,0.3551832437515259
1786712715.790024,-2.894491812942146,3.6145115959910035,0.19618938366171337,0.0,0.0,1.2398282933645532e-06,0.3887510895729065
1786712715.7901552,-2.4537108458318606,3.3540194876467826,0.19621226824785984,0.0,0.0,0.0042994082905352116,0.3622182309627533
1786712716.2400527,-2.8103046775919114,3.708606506681968,0.1961929150179139,0.0,0.0,1.7626467752052122e-06,0.3955877423286438
1786712716.2402208,-2.3907910073323912,3.415089420167609,0.19621265099840443,0.0,0.0,0.005750700365751982,0.36896270513534546
1786712716.7401533,-2.71901851330984,3.7958302101246497,0.19619298104213898,-2.9802322387695312e-05,1.1920928955078125e-05,2.7077187496615807e-06,0.40126827359199524
1786712716.7403471,-2.323423121799766,3.4707943878466354,0.1962142424069124,0.0,1.1920928955078125e-05,0.009530562907457352,0.37456634640693665
1786712717.1899574,-2.6211654180208073,3.875619906047975,0.19619283367503498,0.0,0.0,3.2867558275029296e-06,0.4057808816432953
1786712717.1901128,-2.2520175911744498,3.52083281289479,0.19621443286878432,0.0,0.0,0.020588159561157227,0.37901654839515686
1786712717.640065,-2.5173383428960356,3.9474527336639094,0.19619276613245265,0.0,0.0,2.7024814244214213e-06,0.4088224172592163
1786712717.6402252,-2.1770129411322117,3.5649313349927905,0.19621451430784567,0.0,1.1920928955078125e-05,0.02284279279410839,0.382001668214798
1786712718.0398984,-2.4082205484417956,4.010852066221079,0.19619277938054036,0.0,0.0,2.233354280178901e-06,0.41190993785858154
1786712718.039994,-2.0988937327083685,3.602855840024,0.1962146233754739,0.0,1.1920928955078125e-05,0.02649489790201187,0.3850497603416443
1786712718.790163,-2.2944292191848192,4.065429193408913,0.19619280145857695,0.0,0.0,1.8866126083594281e-06,0.3181195557117462
1786712718.790281,-2.018113414767653,3.634391404162608,0.19621450290552253,0.0,0.0,0.031640421599149704,0.2657950520515442
1786712719.790329,-2.1394425612287318,4.133415283267946,0.19620141019077553,0.0,0.0,1.848275815063971e-06,0.08918527513742447
1786712719.7904174,-1.8923124980736183,3.6850061711854067,0.19621069985010775,-2.9802322387695312e-05,1.1920928955078125e-05,0.039193134754896164,0.07374200224876404
1786712720.7900507,-1.9657156755878837,4.23008266488204,0.19621373269303719,0.0,0.0,1.7700467651593499e-06,0.7217659950256348
1786712720.7902381,-1.7165714276478217,3.7827895353697247,0.1962106569914547,8.89870548248291,3.3365607261657715,0.04108766093850136,0.6685436964035034
1786712721.590125,-1.7858214967158903,4.330978416844002,0.19620193753735507,0.0,0.0,2.0041502466483507e-06,0.38837772607803345
1786712721.5902474,-1.550348071866605,3.8763398063352943,0.19620688318185522,4.36428165435791,1.5838146209716797,0.018471281975507736,0.3681280016899109
1786712722.3400614,-1.6383252048623114,4.397899480124754,0.19619808144556997,0.0,0.0,1.541316009934235e-06,0.36562272906303406
1786712722.3402226,-1.4318804056653305,3.929365015234819,0.19620781902108678,4.368096351623535,1.58538818359375,0.01522853784263134,0.34686610102653503
1786712723.0415194,-1.4766483442592977,4.449873789584883,0.1961976837587223,0.0,0.0,1.163558295047551e-06,0.18898248672485352
1786712723.0416584,-1.3014796915329014,3.968770949294063,0.19621057270431244,0.0,0.0,0.00027945259353145957,0.18388597667217255
1786712723.7400417,-1.3014439338601707,4.485610133860313,0.1961966508399904,0.0,0.0,4.89315652885125e-07,0.47096168994903564
1786712723.7402203,-1.162998881720305,3.992683194740093,0.19621173592979466,0.0,0.0,1.3144285730959382e-06,0.4221439063549042
1786712724.6400154,-1.1290015236574826,4.509801915073836,0.19620163247548958,0.0,0.0,6.74349621476722e-07,0.7325405478477478
1786712724.640203,-1.0208312226786938,4.009358925411608,0.1962108024931817,0.0,0.0,6.275553801060596e-07,0.6867991089820862
1786712725.2900975,-0.9502273988668045,4.540886095741425,0.19620109386786855,0.0,0.0,1.4006525361764943e-06,0.43908944725990295
1786712725.2903264,-0.8555672106802114,4.037712717351998,0.19620834989413538,0.0,0.0,6.275001283029269e-07,0.40842530131340027
1786712725.8899567,-0.8090028454673546,4.549788751975972,0.19619856947114192,0.0,0.0,3.099869718425907e-05,0.30614620447158813
1786712725.8901234,-0.7409644207071848,4.042329618023907,0.1962097397540802,0.0,0.0,4.447889807579486e-07,0.2884000837802887
1786712726.5435884,-0.6621469328034474,4.549191618123197,0.1961973564175522,0.0,0.0,0.00017358054174110293,0.05965318903326988
1786712726.543677,-0.6241981864576399,4.0385999099403245,0.19621098277358356,0.0,0.0,1.6411762260304386e-07,0.06169390305876732
1786712727.1901436,-0.510268857728743,4.537104621961047,0.1961961006535679,0.0,0.0,0.0002565818722359836,0.13524620234966278
1786712727.190304,-0.5079792965334712,4.02510974146637,0.19621212484207845,0.0,0.0,1.735565291482999e-07,0.12037499248981476
1786712727.6902838,-0.3556223098427932,4.511573930935886,0.19619479157996236,0.0,0.0,0.00033822510158643126,0.20993217825889587
1786712727.6905077,-0.3937233649747005,4.000993565787776,0.19621276538717877,0.0,0.0,0.00011790520511567593,0.19135424494743347
1786712728.6227849,-0.23317002441706736,4.481237133663187,0.19619443275721207,0.0,0.0,3.673505489132367e-05,0.2562158703804016
1786712728.6228845,-0.3052136316294458,3.974331108528428,0.1962129234754507,0.0,0.0,0.00010359076986787841,0.23577123880386353
1786712728.7402358,-0.11283887746393143,4.441894366476018,0.196193946194499,0.0,0.0,6.645396751991939e-06,0.2887447774410248
1786712728.7404418,-0.2197737415709249,3.9411859338917705,0.19621337413347875,0.0,0.0,0.00010846988152479753,0.26709094643592834
1786712729.4920366,0.03289667944403413,4.380385995610625,0.19619379747736976,0.0,0.0,1.261488932868815e-06,0.34769514203071594
1786712729.4922645,-0.11808573219589635,3.891153626501812,0.19621358557765273,0.0,0.0,0.00038077091448940337,0.3030117452144623
1786712730.542328,0.18636725004328927,4.308211631670731,0.19620187375067735,0.0,0.0,5.709558536182158e-05,0.09379894286394119
1786712730.5425005,0.006266676560765266,3.828933233070628,0.196210033803541,0.0,0.0,0.0008681694744154811,0.07799465209245682
1786712731.4901595,0.3727669763797592,4.239118346158128,0.1962079614982721,0.0,0.0,7.312539673876017e-05,0.6815145611763
1786712731.4903758,0.1948838527809931,3.7590125303962503,0.19620474162881937,0.0,0.0,0.0008976827375590801,0.584601640701294
1786712732.0402079,0.5706013880209708,4.152863558497273,0.19619815360650256,0.0,0.0,9.232344382326119e-06,0.4691365659236908
1786712732.0403047,0.36391731898540985,3.6844345932553932,0.19620952572453598,0.0,0.0,0.000645786989480257,0.4324762225151062
1786712732.642666,0.6938980205888895,4.078487824628073,0.19619770732810204,0.0,0.0,1.6185871345442138e-06,0.2987229526042938
1786712732.6436777,0.4613073501899075,3.6223676870724963,0.19621034194662046,-2.9802322387695312e-05,1.1920928955078125e-05,0.00020761055930051953,0.2685683071613312
1786712733.615616,0.8159859827829398,3.991296091324849,0.19619643895875993,-2.9802322387695312e-05,1.1920928955078125e-05,1.32213074266474e-06,0.12585391104221344
1786712733.6157565,0.5538500001799939,3.5514907634838666,0.1962115212075699,0.0,0.0,0.0002895101497415453,0.10252009332180023
1786712733.7912598,0.9343689343964963,3.891319630623303,0.19619517553394455,0.0,0.0,1.133527121055522e-06,0.1015852838754654
1786712733.7913573,0.6396469435129426,3.472651566649975,0.1962124515266334,0.0,0.0,0.00024917908012866974,0.08124931901693344
1786712734.4900985,1.0378240823510565,3.7893437222713713,0.19619811841811877,0.0,0.0,9.127271027864481e-07,0.282965749502182
1786712734.4902337,0.7130187351996371,3.3935590759037613,0.19621082716073804,0.0,0.0,1.2177194548712578e-05,0.2543755769729614
1786712735.0901332,1.1301732124206068,3.6902428005069186,0.1961981199218462,-2.9802322387695312e-05,1.1920928955078125e-05,6.137103127912269e-07,0.14277812838554382
1786712735.0902607,0.781418436549556,3.31539068812519,0.19621037100111252,0.0,0.0,5.081490144220879e-07,0.13130919635295868
1786712735.5400653,1.2038164308726034,3.5910387431439275,0.19619548730299338,-2.9802322387695312e-05,1.1920928955078125e-05,1.14929798655794e-06,0.10818032920360565
1786712735.5402524,0.8299114632095346,3.241268711721815,0.19621209616243765,-2.9802322387695312e-05,1.1920928955078125e-05,2.1065408873255365e-05,0.11110898852348328
1786712736.3901308,1.2598772325107395,3.4989672013831847,0.1961939304100301,0.0,1.1920928955078125e-05,1.6614867490716279e-06,0.1620117723941803
1786712736.3902512,0.8628792598209012,3.1756459844872036,0.19621355335928617,0.0,1.1920928955078125e-05,4.835245636058971e-05,0.1509518176317215
1786712760.3402212,1.341780897067172,3.3594381288289896,0.1962088135468077,0.0,0.0,1.976762860067538e-06,0.1499873548746109
1786712760.3403878,0.9258366983134968,3.0608842417027664,0.19620658076814618,0.0,0.0,0.0007624542922712862,0.15003380179405212
1786712761.2902706,1.4601481069246756,3.194507561437069,0.19620809339921813,0.0,0.0,1.4461650152952643e-06,1.0256392670271453e-05
1786712761.2903988,1.0441976573995486,2.8959623830585777,0.19620548583809266,4.328936576843262,1.569223403930664,0.0008975327364169061,8.470927241432946e-06
1786712762.5427964,1.5767670087327725,3.032027254896975,0.1962094151451542,0.0,0.0,1.3848314210918033e-06,0.4314635992050171
1786712762.5437858,1.1608168270576762,2.7334817033460768,0.19620572402433548,4.096955299377441,1.483297348022461,0.000842698966152966,0.356564462184906
1786712763.0416093,1.7233703542522905,2.8149883003828204,0.19619559546391493,0.0,0.0,9.972656016543624e-07,0.5578155517578125
1786712763.0416665,1.2919898275122395,2.539207878735512,0.1962092156404813,4.6505632400512695,1.6913890838623047,1.3605049389298074e-06,0.4955011010169983
1786712763.6595364,1.7738985561617113,2.712787528276715,0.19619538346223261,0.0,0.0,1.7487510604041745e-06,0.5285276770591736
1786712763.6596303,1.3284604618474147,2.460341684803821,0.19621109673822298,4.370659828186035,1.586449146270752,1.198565541926655e-06,0.467601478099823
1786712763.9903498,1.816351749951142,2.6029326410469387,0.19619629159861263,0.0,0.0,1.2108044984415756e-06,0.5681677460670471
1786712763.9905066,1.3578518003284346,2.3750690942431985,0.1962115884699851,0.0,0.0,7.84905807904579e-07,0.5214890241622925
1786712764.5404212,1.8407828103345765,2.5131844171213573,0.19619731632875514,0.0,0.0,5.5383503649864e-07,0.2601490020751953
1786712764.5405362,1.3723110975024035,2.306597258630768,0.19621224530029996,0.0,0.0,6.135662147244147e-07,0.17222894728183746
1786712764.9902866,1.8804588256228836,2.3651127367356413,0.19619615015931136,0.0,0.0,8.500171134073753e-06,0.33098065853118896
1786712764.990405,1.3966338358895267,2.1976093665272094,0.1962128335101826,0.0,0.0,7.429758284160926e-07,0.2590315043926239
1786712765.4457538,1.89981401391202,2.240086842891596,0.19619495937258427,0.0,0.0,8.233801963797305e-06,0.3127562999725342
1786712765.4458814,1.4053320202853792,2.1073029672089674,0.19621333661990395,0.0,0.0,3.457790285210649e-07,0.2400367707014084
1786712765.9902391,1.9097414491590934,2.114034700262642,0.1961941158114926,0.0,0.0,1.3400383522821357e-06,0.4665956199169159
1786712765.990357,1.4069524581443118,2.017353625955013,0.19621373877762355,0.0,0.0,5.4277229821764195e-08,0.40808337926864624
1786712767.390499,1.9137265311322902,1.9989514793537038,0.1962020808871738,0.0,0.0,4.7230245399987325e-05,0.22650201618671417
1786712767.3907156,1.406280361592858,1.930816429766462,0.1962082047852333,0.0,0.0,0.0002289119001943618,0.20341801643371582
1786712768.4905372,1.9425686728590796,1.7851089822738706,0.1962012338924198,0.0,0.0,0.00023057928774505854,4.180473752057878e-06
1786712768.4907675,1.4353465514767647,1.7153256061764293,0.19620030261453833,0.0,0.0,0.0005220857565291226,3.157575292789261e-06
1786712769.490409,1.973234844376764,1.5622096366559401,0.19620122243670748,0.0,0.0,0.00024027629115153104,6.944681558707089e-07
1786712769.4904943,1.4660127396775076,1.4924261393050657,0.19619983063640797,0.0,0.0,0.0005359679344110191,4.997586984245572e-07
1786712770.4904487,2.003902279669539,1.3393119307780594,0.19620187630010444,0.0,0.0,2.71312273980584e-05,0.000939186429604888
1786712770.490623,1.4966801827564875,1.269528376819474,0.196201686158686,0.0,0.0,0.0001396884908899665,0.009223577566444874
1786712771.0923913,2.0328562921518167,1.1179655970383702,0.19620314149281662,0.0,0.0,1.7890697563416325e-06,0.7950137853622437
1786712771.0925324,1.5248658976880298,1.0540143724924045,0.19620654700357945,0.0,0.0,3.565568704289035e-06,0.7283283472061157
1786712771.5403984,2.0373345162941607,0.9879386862220845,0.1961996100606205,0.0,0.0,2.9862060273444513e-06,0.8268868327140808
1786712771.540488,1.526966026832742,0.9470974707880127,0.19620892336197868,0.0,0.0,3.5657240005093627e-06,0.774313747882843
1786712772.0456717,2.032888950145722,0.8804586096302073,0.19620108857306773,0.0,0.0,3.516333890729584e-06,0.8276806473731995
1786712772.0458362,1.5213455284458843,0.8588408470950512,0.19620874334639216,0.0,0.0,3.2186467251449358e-06,0.7593873143196106
1786712772.490355,2.0222200266077404,0.7683223831666108,0.1961975829944257,0.0,0.0,3.2318844205292407e-06,0.816855251789093
1786712772.4904559,1.5102231248211826,0.7701035033145789,0.19621069727669632,0.0,0.0,2.6731538582680514e-06,0.7344633936882019
1786712772.9925804,2.0041885232991503,0.6524615472625848,0.1961931707039862,0.0,0.0,3.4100307857443113e-06,0.8058205246925354
1786712772.99271,1.4930242558061848,0.6817034935917379,0.19620777423543248,0.0,0.0,1.1457645996415522e-06,0.7135704159736633
1786712773.656567,1.9787989017575824,0.5363813472048738,0.19619326943095466,0.0,0.0,1.8328471469430951e-06,0.8003846406936646
1786712773.6567082,1.4702741289522214,0.595934308443777,0.19620911031924504,0.0,0.0,1.2418283859005896e-06,0.7036412358283997
1786712774.0003107,1.947934069072288,0.4269085232403197,0.19619283520338143,0.0,0.0,3.2798959637148073e-06,0.782175600528717
1786712774.0004249,1.443831454971825,0.5164883996200846,0.19620714832968994,0.0,0.0,1.9640788195829373e-06,0.6799920201301575
1786712774.490548,1.9063278607069507,0.3156234857807819,0.196191640845699,0.0,0.0,3.004089194291737e-06,0.7859908938407898
1786712774.4906962,1.409232189081128,0.4382607268121532,0.19621069565410865,0.0,0.0,3.028378841918311e-06,0.6844789385795593
1786712780.190418,1.8267157373776222,0.12017750549236861,0.19620433296016146,0.0,0.0,2.0385339212225517e-06,0.12098722904920578
1786712780.1905253,1.3395851145778432,0.27780921654591123,0.19620534889887295,0.0,0.0,5.076795787317678e-06,0.12095310539007187
1786712781.0958757,1.761052339538312,-0.0827545498984312,0.1962013875119616,0.0,0.0,1.7780455436877673e-06,1.9611994503065944e-05
1786712781.0959725,1.2739184145185458,0.07486695590487621,0.19620315810046596,4.651993751525879,1.6920089721679688,0.0003231986192986369,1.8078548237099312e-05
1786712809.4916742,1.6494282152953332,-0.43166271373278103,0.19620687832950298,0.0,0.0,1.598720132278686e-06,0.7850587368011475
1786712809.4919221,1.159292004271309,-0.283640774013376,0.1962047062642364,8.94051742553711,3.3568620681762695,2.4419297915301286e-05,0.7968480587005615
1786712809.690452,1.6413323608628139,-0.4650739844791112,0.19620656867337757,0.0,0.0,1.416558347955288e-06,0.8071335554122925
1786712809.6905663,1.1489479484972842,-0.32471163056361196,0.19619864703148795,9.523838996887207,3.592073917388916,6.763087299077597e-07,0.801446795463562
1786712809.9905503,1.6319313379822606,-0.49994754867591384,0.19620518694483666,0.0,0.0,1.773829126250348e-06,0.8163177967071533
1786712809.9906554,1.1390610402470371,-0.3613009851590445,0.19619924094236577,8.94051742553711,3.3568620681762695,6.719515113218222e-07,0.8095698356628418
1786712810.2910073,1.622212567378696,-0.5354640419621871,0.1962055276534063,0.0,0.0,1.6809831322461832e-06,0.8209367990493774
1786712810.291133,1.12897090929854,-0.3981444634237249,0.1961963430082372,10.18795394897461,3.862607479095459,1.155832933363854e-06,0.8163048028945923
1786712810.540526,1.6134942940937933,-0.5686405181178954,0.19620563105002406,0.0,0.0,1.3865824257663917e-06,0.8129474520683289
1786712810.540663,1.119783626708003,-0.4330168595357947,0.19619370280079665,8.94051742553711,3.3568620681762695,9.782411325431895e-07,0.810001015663147
1786712810.8906121,1.605162307981017,-0.6018982768340232,0.1962040847372851,0.0,0.0,1.193410525957006e-06,0.9924973845481873
1786712810.8907297,1.110862295138004,-0.4684385556971006,0.19619236074199617,8.94051742553711,3.3568620681762695,1.1295218200757517e-06,0.9692485332489014
1786712811.1427364,1.6028626525723348,-0.6148489403701995,0.19620563678086192,0.0,0.0,1.1700403774739243e-06,0.5701683759689331
1786712811.142987,1.1098507919548042,-0.47670660459440684,0.19618674634756048,8.94051742553711,3.3568620681762695,1.1295218200757517e-06,0.5918213129043579
1786712811.3906188,1.5900441001930568,-0.6687602462509618,0.19620348362984105,0.0,0.0,8.839058409648715e-07,0.9883129000663757
1786712811.3907583,1.0941205991801382,-0.5414657820735697,0.19618039942445767,4.371941089630127,1.5869736671447754,7.544203413090145e-07,0.9723706841468811
1786712811.6405952,1.5887514635171944,-0.6818931209005582,0.19620370641196547,0.0,0.0,8.839058409648715e-07,0.5370778441429138
1786712811.6407192,1.0936408294030666,-0.5514728004734547,0.1962010991256891,4.371941089630127,1.5869736671447754,7.544203413090145e-07,0.5655282139778137
1786712811.9406555,1.5778124465113306,-0.7362282430577076,0.19620190468094947,0.0,0.0,5.343234761312488e-07,0.7377626895904541
1786712811.9408035,1.0795054766436223,-0.6186095210353038,0.19619857616221612,0.0,0.0,4.2767234731400094e-07,0.7504701018333435
1786712812.1405122,1.573110721681674,-0.7702928069667643,0.1962034674349713,0.0,0.0,6.354657671181485e-07,0.717157244682312
1786712812.1406925,1.073297415696339,-0.6592493058917883,0.19619808022260754,0.0,0.0,4.730570992705907e-07,0.7340952157974243
1786712812.4406047,1.5696928159614716,-0.804642693547569,0.19620462003927852,0.0,0.0,4.196206759843335e-07,0.693003237247467
1786712812.4407551,1.0682121831963656,-0.7013897281715074,0.19619449290481,0.0,0.0,5.989296836261815e-10,0.7148463726043701
1786712812.6906333,1.567627192692121,-0.8392906786410127,0.19620760851293526,0.0,0.0,5.190841534385982e-07,0.6671141982078552
1786712812.6907566,1.0643378290983032,-0.7452491118533645,0.196193135976949,0.0,0.0,4.927168220092426e-07,0.6941539645195007
1786712812.9405885,1.567063368006722,-0.8742601565084323,0.19620302122541328,0.0,0.0,3.8124929346849967e-07,0.6404523849487305
1786712812.9430063,1.0618866759423327,-0.7909504363265192,0.1961851860759357,0.0,0.0,3.155646481900476e-07,0.672762930393219
1786712813.6941164,1.5681483375137124,-0.9095727739911228,0.196198792661903,0.0,0.0,3.67469340289972e-07,0.6133668422698975
1786712813.6943536,1.0610976317172076,-0.8385545959020495,0.19618729591956569,0.0,0.0,6.403189445336466e-07,0.6509413123130798
1786712813.6944952,1.5709841014045538,-0.9452188676911037,0.19621525359698958,0.0,0.0,2.7882887820851465e-07,0.5862838625907898
1786712813.6945977,1.0621840545553427,-0.888065465641924,0.196184262546211,0.0,0.0,1.9279234493296826e-06,0.6290023922920227
1786712813.7969055,1.575658711254526,-0.9812104957123555,0.1962151148985537,0.0,0.0,9.48637364217575e-08,0.5598752498626709
1786712813.796965,1.0653625975430787,-0.939474708398591,0.19619540972172694,0.0,0.0,2.346345581827336e-06,0.6075094938278198
1786712814.0405493,1.5822157895860989,-1.0174816972587908,0.19621483289835526,0.0,0.0,1.1658953553705942e-06,0.5350334644317627
1786712814.040651,1.0708179619522653,-0.9926570826356236,0.19619482771964672,0.0,0.0,3.3754122341633774e-06,0.5871599912643433
1786712814.3406036,1.5906909973106047,-1.0539885500488275,0.19621513967791718,0.0,0.0,1.594836817275791e-06,0.7588073015213013
1786712814.34073,1.0787328214080487,-1.0474444085069783,0.19619675468421224,0.0,0.0,2.8970971470698714e-06,0.78640216588974
1786712814.645199,1.6010915357381885,-1.0906535703551687,0.19621679789585553,0.0,0.0,1.7739263284966e-06,0.49170786142349243
1786712814.6453037,1.0892553581930622,-1.1036045117305162,0.19619503815426223,0.0,0.0,3.9290353015530854e-06,0.5513076186180115
1786712814.9408245,1.6134251519050884,-1.1273890154699737,0.19621647663637443,0.0,0.0,2.2100505248090485e-06,0.4739549458026886
1786712814.9409466,1.1025210897690219,-1.1608709341015184,0.19619604095457271,0.0,0.0,2.1267655938572716e-06,0.5364422798156738
1786712815.2406628,1.6276872982879769,-1.1640857612554558,0.19621743657871393,0.0,0.0,2.2084695956436917e-06,0.4618852436542511
1786712815.2408006,1.1186331393876658,-1.2189297469653317,0.19619424710809685,0.0,0.0,1.7048414520104416e-06,0.5261674523353577
1786712815.5456078,1.6438079871634086,-1.2006170161955478,0.1962168517980969,0.0,0.0,2.7974674594588578e-06,0.45827749371528625
1786712815.5457141,1.1375815087094474,-1.277290036091272,0.19619378295910872,0.0,0.0,6.923014552739915e-07,0.5228075385093689
1786712815.8406723,1.6615945424416483,-1.2368310249562697,0.19621609970275072,0.0,0.0,2.063050942524569e-06,0.4580948054790497
1786712815.8408089,1.1591521830653655,-1.335297643271424,0.19619197560782675,0.0,0.0,1.3008570931560826e-06,0.5222965478897095
1786712816.140601,1.6809586287312386,-1.2726021239505252,0.196215040493823,0.0,0.0,2.060136694126413e-06,0.45863792300224304
1786712816.1407208,1.1832223780041935,-1.3926130574890248,0.1961917295066679,0.0,0.0,3.6737837945111096e-06,0.5224236845970154
1786712816.4406812,1.7018616766330499,-1.3078300199948962,0.1962141943113743,0.0,0.0,0.00048618900473229587,0.4596991240978241
1786712816.4408426,1.2097281078384226,-1.4490693557084964,0.19619155265154578,0.0,0.0,3.540786792655126e-06,0.5230228304862976
1786712816.7406986,1.724269173607031,-1.3424159038153278,0.19621233504557942,0.0,0.0,0.0005473446799442172,0.4600118398666382
1786712816.7408454,1.2386067223037749,-1.5045145866575012,0.19619196484439408,0.0,0.0,4.223190444463398e-06,0.5230412483215332
1786712816.9905472,1.7481763390717344,-1.3762733319561038,0.1962103357960577,0.0,0.0,0.0007844005594961345,0.4617680609226227
1786712816.9907138,1.2698447346769999,-1.558873649236829,0.19619120106927687,0.0,0.0,3.890293555741664e-06,0.5242935419082642
1786712817.340638,1.7735037427904874,-1.4093120809283064,0.19621222829695859,0.0,0.0,0.003125220537185669,0.6882516741752625
1786712817.3407905,1.3033145118116984,-1.6119597718270777,0.19619113395650542,0.0,0.0,3.2506484330951935e-06,0.7305541634559631
1786712817.590785,1.7911741554736984,-1.42232238392371,0.1962096088666433,0.0,0.0,0.0034687293227761984,0.24045045673847198
1786712817.5908773,1.3266318991251895,-1.6376000922187153,0.19619016955469826,0.0,0.0,2.709575028347899e-06,0.32187628746032715
1786712817.849246,1.828261631010109,-1.4726227740613134,0.19621343924077353,0.0,0.0,0.003982090391218662,0.4668666124343872
1786712817.8493252,1.376689458088077,-1.7139246019771315,0.19619137208121926,0.0,0.0,1.7357474462187383e-06,0.5280969738960266
1786712818.1407044,1.8575938746884644,-1.5027488404007021,0.19621539264730892,0.0,0.0,0.007681006565690041,0.4686334729194641
1786712818.1408672,1.4164399572962831,-1.7626088423673212,0.19619199518351454,0.0,0.0,8.179017072507122e-07,0.5294767618179321
1786712818.3907895,1.8881611890885044,-1.531765383202619,0.19621526606011336,0.0,0.0,0.010845079086720943,0.46868041157722473
1786712818.3909276,1.4581281370727506,-1.8096422869523652,0.19619210423647043,0.0,0.0,1.0303118642696063e-06,0.5294248461723328
1786712818.6405425,1.9199605389703167,-1.5596104044749552,0.19621521059328004,0.0,0.0,0.013189779594540596,0.46880272030830383
1786712818.6406536,1.5017710613519497,-1.8550110819906005,0.19619213300565938,0.0,0.0,1.9749861621676246e-06,0.5294491648674011
1786712818.8911836,1.9529376730205967,-1.5862231928325106,0.19621509687521466,0.0,0.0,0.016047682613134384,0.4703569710254669
1786712818.891231,1.5472915299385923,-1.8986255072825344,0.19619209769185308,0.0,0.0,1.8928752751889988e-06,0.530702531337738
1786712819.1921787,1.9869981117450468,-1.6115516856929866,0.1962149047569735,0.0,0.0,0.016399690881371498,0.4717528820037842
1786712819.1922586,1.5945294200771967,-1.9403560736570962,0.19619218751264983,0.0,0.0,1.8981689891006681e-06,0.5318353772163391
1786712819.4406247,2.0220861685116063,-1.6355473037365988,0.1962148432559384,0.0,0.0,0.019355639815330505,0.47285351157188416
1786712819.4407516,1.6434053630948737,-1.9801410458433106,0.19619226388312766,0.0,0.0,1.8662362890609074e-06,0.5327313542366028
1786712819.6920297,2.0581534496513454,-1.6581611253629795,0.1962147925110828,0.0,0.0,0.018317585811018944,0.47398272156715393
1786712819.692189,1.6938526878317401,-2.0179234836796613,0.196192973370975,0.0,0.0,1.4874489124849788e-06,0.5336591005325317
1786712819.9406939,2.09512784156026,-1.6793527074020744,0.19621531500226977,0.0,0.0,0.017217693850398064,0.47502341866493225
1786712819.940902,1.745769956988394,-2.05364279270848,0.19619231947679153,0.0,0.0,1.3643521015183069e-06,0.5345239639282227
1786712820.1942227,2.132955272269965,-1.6990796028794406,0.1962156133668539,0.0,0.0,0.01928265579044819,0.47528979182243347
1786712820.194341,1.7990785888372622,-2.087242403382795,0.19619183581628513,0.0,0.0,1.4561718444383587e-06,0.5347264409065247
1786712820.4411335,2.171587963117156,-1.717300872781937,0.196215290342667,0.0,0.0,0.01986692100763321,0.4757770597934723
1786712820.4412284,1.8537287869776304,-2.1186854061392792,0.19619236850140614,0.0,0.0,2.0077709450561088e-06,0.5351265072822571
1786712820.690731,2.210956514510295,-1.7339827610259364,0.19621516482829146,0.0,0.0,0.01948351040482521,0.47638288140296936
1786712820.6908815,1.909616855910208,-2.147913201605963,0.19619244901652275,0.0,0.0,1.9509859612298897e-06,0.5356331467628479
1786712820.8905632,2.250991802173652,-1.7490966121766585,0.1962148735771846,0.0,0.0,0.020058130845427513,0.4774772822856903
1786712820.8906817,1.966640928116495,-2.1748765787325395,0.19619245474802444,0.0,0.0,2.872151299015968e-06,0.5365732312202454
1786712821.1406898,2.2916181834309945,-1.762616942007417,0.19621461755515318,0.0,0.0,0.022672465071082115,0.6933923363685608
1786712821.140846,2.0246788936451727,-2.199523585440455,0.19619242031215933,0.0,0.0,3.917584308510413e-06,0.7321076989173889
1786712821.3906412,2.314384901203713,-1.7640767011707297,0.1962138218391245,0.0,0.0,0.020971892401576042,0.2616681456565857
1786712821.390787,2.0586146862625876,-2.207614294487152,0.19619228009787382,0.0,0.0,4.186637852399144e-06,0.3410590887069702
1786712821.59072,2.3744363251100227,-1.7847586145595224,0.19621359567337376,0.0,0.0,0.029070479795336723,0.511315643787384
1786712821.5908194,2.143578009658145,-2.241757999385082,0.1961922466361991,0.0,0.0,4.04869751946535e-06,0.5660958886146545
1786712821.9405959,2.4147383623907723,-1.7936841784081803,0.19621033059492335,0.0,0.0,0.02603505365550518,0.5600926280021667
1786712821.9407237,2.201195780093972,-2.2590265956610507,0.1961944791066431,0.0,0.0,3.5142411434208043e-06,0.6076715588569641
1786712822.1906307,2.465808716345907,-1.8054585822533376,0.19620994481624857,0.0,0.0,0.030887480825185776,0.5870656371116638
1786712822.1907425,2.270303228903896,-2.2786621369787596,0.19619670525319546,0.0,0.0,3.704298705997644e-06,0.6325583457946777
1786712822.4432442,2.5044352645142,-1.8121778015870833,0.19621271323370484,0.0,0.0,0.033741503953933716,0.5875878930091858
1786712822.4433277,2.3238860097717904,-2.2912873572572465,0.19619605492297063,0.0,0.0,3.7389381759567186e-06,0.6337142586708069
1786712822.6905937,2.5420822114105577,-1.816520304854879,0.19621355021125644,0.0,0.0,0.036588866263628006,0.5547349452972412
1786712822.6907437,2.376788209490424,-2.3011045520126485,0.19619522632599093,0.0,0.0,3.056971308978973e-06,0.6046624183654785
1786712822.94076,2.5804203800037633,-1.8191297803312367,0.19621188725771965,0.0,0.0,0.038489360362291336,0.5241823792457581
1786712822.9409525,2.4318082361149735,-2.309087360533501,0.19619482504197622,0.0,0.0,3.1687131922808476e-06,0.5775167942047119
1786712823.663196,2.6193836099575742,-1.8199617526383944,0.19621235895934086,0.0,0.0,0.05322820693254471,0.4964439570903778
1786712823.6633146,2.4887859024799965,-2.3150256257326935,0.1961934255764884,-2.9802322387695312e-05,1.1920928955078125e-05,2.901478865169338e-06,0.5527704954147339
1786712823.6633482,2.6588822585233975,-1.8189789713286482,0.1962130167138535,0.0,0.0,0.057755567133426666,0.4722312390804291
1786712823.6633785,2.5475144112380663,-2.3187201064974374,0.19619273762891215,0.0,0.0,2.629714117574622e-06,0.5311087369918823
1786712823.6634095,2.6988249193516,-1.8161416947107931,0.19621448539276176,0.0,0.0,0.05721822753548622,0.4524599015712738
1786712823.6634405,2.6077564041358205,-2.319977506318959,0.19619263283302718,0.0,0.0,2.483875732650631e-06,0.5133880376815796
1786712823.9407458,2.739100676281728,-1.8114226587880684,0.19621493978967117,0.0,0.0,0.05398377776145935,0.44477346539497375
1786712823.9409273,2.669215728987214,-2.318630795182432,0.1961922021611853,0.0,0.0,1.7703116554912413e-06,0.5065121650695801
1786712824.190753,2.7795182316034994,-1.8049295477663914,0.19621531892262586,0.0,0.0,0.05088994652032852,0.6484074592590332
1786712824.1909528,2.7312302151579555,-2.3146473784637256,0.19619214655762343,-2.9802322387695312e-05,1.1920928955078125e-05,2.2128715500002727e-06,0.688862681388855
1786712824.4952564,2.7987844316900534,-1.7955040833520393,0.19621523949515207,0.0,1.1920928955078125e-05,0.023098960518836975,0.24263375997543335
1786712824.4953573,2.7645104971289345,-2.3063556242862964,0.1961921138492756,0.0,1.1920928955078125e-05,2.2189349238033174e-06,0.32540252804756165
1786712824.7407002,2.860156417953453,-1.786942142543828,0.19621511934430733,0.0,0.0,0.03053603507578373,0.4518793225288391
1786712824.7408555,2.855207377172551,-2.298918222513633,0.1961920087195296,0.0,0.0,2.150244881704566e-06,0.5130447745323181
1786712825.0452209,2.9001503253203365,-1.7755222272261113,0.1962149540762712,0.0,0.0,0.03142663836479187,0.5753840208053589
1786712825.04536,2.9167105591692306,-2.287254342808911,0.19619180192349822,0.0,0.0,2.0707786916318582e-06,0.6236556768417358
1786712826.3991883,2.9338988734924487,-1.7665598712334725,0.19621168027228372,0.0,0.0,0.034850627183914185,0.19905415177345276
1786712826.3992913,2.9658444905734265,-2.2775622952101418,0.19619621147080282,0.0,0.0,1.8019811705016764e-06,0.23469673097133636
1786712827.5918348,3.1657116232420477,-1.7432830695969297,0.1962051267654493,0.0,0.0,0.055462438613176346,5.7528235629433766e-05
1786712827.591894,3.204458882399883,-2.253814802114565,0.19620458156142975,-2.9802322387695312e-05,1.1920928955078125e-05,1.79515893705684e-06,6.0763130022678524e-05
1786712828.6906104,3.3651371859383112,-1.7281476615781082,0.19620459036813254,-2.9802322387695312e-05,1.1920928955078125e-05,0.05107276514172554,3.199305137968622e-05
1786712828.690752,3.4038840065236013,-2.2386794273816593,0.19620478960328702,0.0,0.0,2.2531185095431283e-06,3.876043047057465e-05
1786712829.9408238,3.5645632062444896,-1.7130111321214674,0.1962008968508257,-2.9802322387695312e-05,1.1920928955078125e-05,0.010682867839932442,2.9503635232686065e-05
1786712829.9442263,3.6033089321242056,-2.2235429810010876,0.1962032655597854,0.0,0.0,1.8883042685047258e-06,3.5742257750825956e-05
1786712830.9907517,3.7889154249956305,-1.6959801119912534,0.196196741778373,0.0,0.0,0.0016862975899130106,0.010243863798677921
1786712830.9908776,3.8276627750958316,-2.2065118375955732,0.19620016058760806,0.0,0.0,0.012712488882243633,0.01640826277434826
1786712832.090656,3.984787128715281,-1.6788735455301194,0.20292989496159683,14.496594429016113,5.694472789764404,0.0766342282295227,0.005282798316329718
1786712832.0908442,4.022270401041629,-2.189473919276544,0.20805460234059706,14.496594429016113,5.694472789764404,0.11726894974708557,0.013834367506206036
1786712832.9907079,4.194573463966446,-1.656965066887166,0.22784120743244973,44.37598419189453,24.72922134399414,0.2610168755054474,0.6246299147605896
1786712832.9908836,4.234592947274779,-2.1673330018876986,0.23602728579917936,46.1315803527832,26.46271514892578,0.28455859422683716,0.5951772332191467
1786712833.6621952,4.319354440302847,-1.6601915759845722,0.24873030450138775,56.19260787963867,39.206687927246094,0.34411394596099854,0.7087201476097107
1786712833.6622896,4.393270965057418,-2.1667427567980093,0.2580173161154504,60.63966369628906,46.81564712524414,0.37072551250457764,0.7306500673294067
1786712833.6623192,4.36157181794643,-1.6457281027908208,0.2579538916066185,59.119911193847656,44.08466720581055,0.35618770122528076,0.6341363191604614
1786712833.6623454,4.413382823088805,-2.155042133794602,0.2656244566977002,60.8887825012207,47.271121978759766,0.3714163601398468,0.6542527675628662
1786712834.34524,4.39840394087512,-1.6275115573282248,0.26147545701227565,58.7347297668457,43.410987854003906,0.3549155592918396,0.6270388960838318
1786712834.3453379,4.415730894342589,-2.1391190947683763,0.27155039214657467,60.8887825012207,47.271121978759766,0.3726694881916046,0.6637333631515503
1786712835.2410648,4.444745300990168,-1.6193401249941355,0.27674566863260025,60.8887825012207,47.271121978759766,0.37312257289886475,0.3697941303253174
1786712835.2414155,4.442789287859285,-2.13131241285535,0.281700512200832,61.10554885864258,47.6683235168457,0.37263205647468567,0.44338905811309814
1786712836.0407956,4.504437228457829,-1.6204840694498592,0.2951757241700169,64.44705963134766,54.075599670410156,0.3752155005931854,0.25195059180259705
1786712836.0409584,4.4834234852763215,-2.132039009639281,0.2914386443878171,62.713069915771484,50.62940216064453,0.3729378283023834,0.3166919946670532
1786712836.8406687,4.565927695568465,-1.6227856590358587,0.28493590953383974,64.44705963134766,54.075599670410156,0.3749433755874634,0.21009370684623718
1786712836.840856,4.526477335777782,-2.13321755948083,0.27808433157537626,64.44705963134766,54.075599670410156,0.3755018711090088,0.2775404155254364
1786712837.9410233,4.63036771073264,-1.6302366000708135,0.2793656821260235,64.44705963134766,54.075599670410156,0.37435171008110046,0.5572268962860107
1786712837.941204,4.573913487590707,-2.1390174340544603,0.2694166288873621,64.44705963134766,54.075599670410156,0.37530601024627686,0.4948160946369171
1786712838.9908123,4.6249377330191095,-1.65602913469382,0.2784096138346442,64.44705963134766,54.075599670410156,0.3740698993206024,0.49521052837371826
1786712838.9910462,4.556097616383909,-2.1632349010257124,0.2662708766132637,64.44705963134766,54.075599670410156,0.37494489550590515,0.4647161066532135
1786712839.4408636,4.503478260221861,-1.6881277439625713,0.2572258065793742,64.44705963134766,54.075599670410156,0.3750861883163452,0.657745361328125
1786712839.4410632,4.428595043342861,-2.194489888777952,0.24565506209942956,60.8887825012207,47.271121978759766,0.370360791683197,0.6207209229469299
1786712839.6906533,4.471812710058661,-1.6800694568249213,0.2518267328666427,62.713069915771484,50.62940216064453,0.3749968111515045,0.8318628668785095
1786712839.6907759,4.418144667683691,-2.1892059813811486,0.24521306592277195,60.63966369628906,46.81564712524414,0.37050214409828186,0.8116607069969177
1786712839.9943008,4.46956039732334,-1.660972005437608,0.2510325630826062,62.81040573120117,50.81401062011719,0.3746778666973114,0.8156312704086304
1786712839.994389,4.447702868779352,-2.172490447988428,0.24714265610011915,62.713069915771484,50.62940216064453,0.3726568818092346,0.7932143211364746
1786712840.2407067,4.467129078990216,-1.6393569654590754,0.2506066663693935,62.81040573120117,50.81401062011719,0.3751342296600342,0.7697939872741699
1786712840.2408612,4.4746649586026495,-2.1512998612171197,0.2519035863111015,62.713069915771484,50.62940216064453,0.37259769439697266,0.7414084076881409
1786712840.6407685,4.460175216734201,-1.6173655425361417,0.24937726879315067,62.60341262817383,50.42262268066406,0.3749645948410034,0.7057535648345947
1786712840.6409976,4.491532922122803,-2.1283747434502693,0.25488098516177027,62.713069915771484,50.62940216064453,0.3729378283023834,0.668921947479248
1786712841.7470036,4.440245671153328,-1.5833982146123307,0.24586058030307076,60.8887825012207,47.271121978759766,0.37212079763412476,0.6064465045928955
1786712841.7471256,4.4998379724184066,-2.0918102100522433,0.2563486937053207,64.44705963134766,54.075599670410156,0.37550798058509827,0.6715381741523743
1786712842.6942222,4.444332273859923,-1.5255731541049278,0.24656920297738152,62.713069915771484,50.62940216064453,0.3718518614768982,0.02520149014890194
1786712842.6943228,4.518439414453558,-2.0320131132189294,0.25963440583243386,64.44705963134766,54.075599670410156,0.37523141503334045,0.12038366496562958
1786712843.663207,4.438940936829011,-1.5123929273092727,0.24561611887910276,62.60341262817383,50.42262268066406,0.37203842401504517,0.38285529613494873
1786712843.663286,4.49103166659326,-2.0216532655813007,0.2548065343042957,62.713069915771484,50.62940216064453,0.3755604028701782,0.45236513018608093
1786712843.9408615,4.411757478986458,-1.5270230044584623,0.24082227467788153,62.713069915771484,50.62940216064453,0.37088507413864136,0.3410511612892151
1786712843.9409945,4.438225934389933,-2.038316974807559,0.24550167134960998,62.60341262817383,50.42262268066406,0.3754490613937378,0.411919504404068
1786712845.0908253,4.433395523669081,-1.546651759092564,0.24463664839775764,62.713069915771484,50.62940216064453,0.3721971809864044,0.9433169960975647
1786712845.0910056,4.437028081760093,-2.0586384592458886,0.2452873309814824,62.713069915771484,50.62940216064453,0.37501490116119385,0.9300146102905273
1786712846.2908883,4.4329617141701405,-1.5615009768803767,0.24456437957492944,61.10554885864258,47.6683235168457,0.3724882900714874,0.9001929759979248
1786712846.2911046,4.433601370771818,-2.073500565261035,0.24467545373243987,60.8887825012207,47.271121978759766,0.3731011152267456,0.8974035382270813
1786712847.4408937,4.408286438944992,-1.5663470171735066,0.24021224546371642,60.8887825012207,47.271121978759766,0.37291204929351807,0.8899083733558655
1786712847.441097,4.4082988287149805,-2.078347017020167,0.24021411978123167,60.8887825012207,47.271121978759766,0.3731011152267456,0.8898287415504456
1786712848.6408143,4.43290528349392,-1.568760455723198,0.24455244116577834,60.8887825012207,47.271121978759766,0.37291204929351807,0.9962185621261597
1786712848.6410196,4.432900069692927,-2.0807604556965877,0.2445526966090682,60.63966369628906,46.81564712524414,0.372930109500885,0.9962189793586731
1786712849.795224,4.432910666363998,-1.5696098769621796,0.24455261747647228,60.8887825012207,47.271121978759766,0.37291204929351807,0.9990682601928711
1786712849.795311,4.432905553216969,-2.0816098769353513,0.24455376993453237,60.63966369628906,46.81564712524414,0.372930109500885,0.9990385174751282
1786712850.9408443,4.432921815762085,-1.5698788553126894,0.2445547467107257,60.8887825012207,47.271121978759766,0.37291204929351807,0.9996436238288879
1786712850.9409912,4.43291001605514,-2.0818788551766407,0.24455503113195548,60.63966369628906,46.81564712524414,0.372930109500885,0.999592661857605
1786712851.8907561,4.432933743169099,-1.5700519020406363,0.24455789985620371,60.8887825012207,47.271121978759766,0.37291204929351807,0.9998143315315247
1786712851.8908844,4.432910482792697,-2.0820519015013548,0.24455455635551046,60.63966369628906,46.81564712524414,0.372930109500885,0.9998663067817688
1786712852.992715,4.432940610745903,-1.5699397447178252,0.24455730001417408,60.8887825012207,47.271121978759766,0.37291204929351807,0.9993174076080322
1786712852.9928453,4.432927747040988,-2.0819397445561867,0.24455709313639207,60.63966369628906,46.81564712524414,0.372930109500885,0.9994354248046875
1786712854.1422172,4.432883607649365,-1.5696871466353488,0.24454971734042097,60.8887825012207,47.271121978759766,0.37291204929351807,0.8909971714019775
1786712854.14426,4.432897302588027,-2.0816871464492754,0.24455144586032773,60.63966369628906,46.81564712524414,0.372930109500885,0.890919029712677
1786712855.140738,4.408309223455684,-1.569089481914221,0.24021650425828714,60.8887825012207,47.271121978759766,0.37291204929351807,0.8773657083511353
1786712855.1408737,4.40830544750309,-2.081089481899406,0.2402155489050168,60.8887825012207,47.271121978759766,0.3731011152267456,0.877424955368042
1786712856.340893,4.432866028591356,-1.568796910438218,0.24454949858322816,60.8887825012207,47.271121978759766,0.37291204929351807,0.9986488819122314
1786712856.3410146,4.432873924772153,-2.0807969103747523,0.24454787397672062,60.63966369628906,46.81564712524414,0.372930109500885,0.9986467957496643
1786712859.0911856,4.379514892855854,-1.5685008700157064,0.23712935579379893,58.7347297668457,43.410987854003906,0.3544493317604065,0.1645878553390503
1786712859.0913477,4.379510128245327,-2.0805008699933176,0.23712888174560018,58.7347297668457,43.410987854003906,0.3548145294189453,0.16491039097309113
1786712863.7975316,4.101689723165256,-1.5683762771121708,0.21370639050097742,29.996126174926758,13.744979858398438,0.16686397790908813,0.17484016716480255
1786712863.7976189,4.101597128675511,-2.0803762686468263,0.21369665535619217,24.834781646728516,10.75456714630127,0.16685980558395386,0.17465025186538696
1786712864.8409436,3.9116786723448462,-1.5683874865072933,0.19872812990655175,4.348903656005859,1.578366756439209,0.04038311541080475,0.001162481028586626
1786712864.8411505,3.9116354930172803,-2.0803874846688117,0.19872386953443483,4.348903656005859,1.578366756439209,0.04004349932074547,0.0011532888747751713
1786712865.8908854,3.7138120457073494,-1.5683704302931694,0.19620549596866263,0.0,0.0,0.02610832452774048,5.264479568722891e-06
1786712865.8909822,3.7137710886471207,-2.0803704286544793,0.19620476273147539,0.0,0.0,0.0002835961349774152,5.352025709726149e-06
1786712867.190943,3.5138120420072423,-1.56835412877406,0.19620536909317896,0.0,0.0,0.05891082435846329,7.127444405341521e-06
1786712867.1911185,3.5137712379413597,-2.080354127147625,0.19620466383405163,0.0,0.0,1.8630081513038022e-06,5.530693215405336e-06
1786712868.4998121,3.288813176993747,-1.5683362395668285,0.1962048179973588,0.0,0.0,0.04389369860291481,3.57008570972539e-06
1786712868.4998949,3.28877197115132,-2.080336237908579,0.1962044628211592,-2.9802322387695312e-05,1.1920928955078125e-05,2.105020712406258e-06,2.57142983173253e-06
1786712869.5909543,3.0638150575156082,-1.5683177764405265,0.19620495722620415,0.0,0.0,0.005608546081930399,7.15183659849572e-06
1786712869.5910573,3.0637735173719935,-2.0803177747544916,0.1962039999567202,0.0,0.0,0.0038690476212650537,5.2440291256061755e-06
1786712870.7951767,2.8638157891878997,-1.5683021556890304,0.1962041795921634,0.0,0.0,0.012447942048311234,3.817730885202764e-06
1786712870.7952497,2.8637746066808223,-2.080302154032741,0.1962043838551581,0.0,0.0,0.010174714960157871,4.23947858507745e-06
1786712871.9408133,2.6388194195727444,-1.5682842027984194,0.1962036042315044,0.0,0.0,0.013525270856916904,0.11883573234081268
1786712871.940927,2.638778227232484,-2.080284201141102,0.19620413761867556,0.0,0.0,0.008578486740589142,0.11902352422475815
1786712874.1422114,2.4587766079329034,-1.5682940846818512,0.19620450179210983,0.0,0.0,0.014500387944281101,0.8683695793151855
1786712874.1423714,2.463457215348427,-2.0802726896197625,0.19620472946232717,0.0,0.0,0.0068330224603414536,0.8888448476791382
1786712874.440954,2.4820531358695956,-1.5667199243921868,0.19620103944364192,0.0,0.0,0.014637558721005917,0.9154488444328308
1786712874.4410872,2.495361692849466,-2.0785469286699025,0.1962028319162461,0.0,0.0,0.00787058100104332,0.9283361434936523
1786712874.6927063,2.507140022140951,-1.5645413199747686,0.1962070114990403,0.0,0.0,0.014196296222507954,0.9072586894035339
1786712874.6928942,2.525886401631004,-2.0761980146855477,0.1962033161277143,0.0,0.0,0.007644006051123142,0.9145428538322449
1786712874.94149,2.5429279341791475,-1.5615979487115603,0.19620646844347953,0.0,0.0,0.014196296222507954,0.9030154347419739
1786712874.9415724,2.565398686585477,-2.0731046107122757,0.19620257233422386,0.0,0.0,0.008830209262669086,0.9123475551605225
1786712875.2410486,2.5794714053360988,-1.557988186136956,0.19620783428767144,0.0,0.0,0.014233480207622051,0.9030406475067139
1786712875.2412217,2.606339911798779,-2.069282703342856,0.19620186345254867,0.0,0.0,0.008793837390840054,0.9156985878944397
1786712875.4947612,2.613452092322663,-1.5536081039854763,0.1962074915251704,0.0,0.0,0.013525270856916904,0.8929423093795776
1786712875.4949238,2.6457523062339625,-2.0645882368128166,0.19620140563790558,0.0,0.0,0.00974767655134201,0.9088778495788574
1786712875.740927,2.6473483655860814,-1.5481820349228304,0.1962079502201605,0.0,0.0,0.013485457748174667,0.9626070857048035
1786712875.7411215,2.686251638415797,-2.0587019026149505,0.19620055043368703,0.0,1.1920928955078125e-05,0.010614629834890366,0.9618549346923828
1786712875.9909363,2.66005933402501,-1.5433683708999335,0.19620850168676068,0.0,0.0,0.013450897298753262,0.7308785319328308
1786712875.9910817,2.6993011496315003,-2.053862327601171,0.19619958983276153,0.0,1.1920928955078125e-05,0.01077175885438919,0.7721973061561584
1786712876.2915146,2.714835817472439,-1.5335202219317663,0.19620872516253066,0.0,0.0,0.013494034297764301,0.8356796503067017
1786712876.2915983,2.7710361007718154,-2.042426429448025,0.19619830937972274,0.0,0.0,0.009952312335371971,0.8624091148376465
1786712876.5410247,2.7483994248220593,-1.5239113499841872,0.19620911200552718,0.0,0.0,0.013105623424053192,0.8101450204849243
1786712876.5413063,2.815389375109067,-2.031509957560253,0.19619697184410792,-2.9802322387695312e-05,1.1920928955078125e-05,0.010077564977109432,0.8406310081481934
1786712876.7909145,2.781810724603188,-1.512627293577096,0.19620958795278737,0.0,0.0,0.013105623424053192,0.783316433429718
1786712876.791093,2.8611065764219865,-2.0184495624492884,0.19619554094477076,0.0,1.1920928955078125e-05,0.009615825489163399,0.8175132274627686
1786712877.040889,2.815040501042354,-1.499561723986603,0.19621007757128792,0.0,0.0,0.01132885366678238,0.7563332319259644
1786712877.0410507,2.9081403256789295,-2.0030261441739263,0.19619401265587297,0.0,0.0,0.02771841362118721,0.7941082715988159
1786712877.392183,2.8480496904761625,-1.4846387947717075,0.19621006774785865,0.0,0.0,0.010191361419856548,0.7301141619682312
1786712877.3941855,2.95638117158672,-1.985046918091542,0.19619229377577196,-2.9802322387695312e-05,1.1920928955078125e-05,0.0357477143406868,0.7712603807449341
1786712877.6412535,2.880788134062908,-1.4678197723095865,0.19620862289135865,0.0,0.0,0.010583571158349514,0.7055158019065857
1786712877.6414304,3.005663218844641,-1.9643580012788515,0.19618931432284858,-2.9802322387695312e-05,1.1920928955078125e-05,0.03282270208001137,0.7497548460960388
1786712877.8909123,2.9131908532809003,-1.4490936101020038,0.1962075790117237,0.0,0.0,0.01027589663863182,0.7301808595657349
1786712877.891036,3.0557629711841825,-1.9408427237547834,0.1961871271600903,0.0,0.0,0.03227609395980835,0.7730498909950256
1786712878.3486707,2.9476590005020347,-1.4293688443057162,0.19621295921113985,0.0,0.0,0.013258551247417927,0.7636685371398926
1786712878.348754,3.105458270179402,-1.9164452139928119,0.19618884015143717,0.0,1.1920928955078125e-05,0.02662065252661705,0.7984904050827026
1786712879.0426462,3.010490750546372,-1.4017217836899096,0.19621217934627588,0.0,0.0,0.01241397950798273,0.29068973660469055
1786712879.0428042,3.17766501838458,-1.8856605856259159,0.1961997897456092,0.0,0.0,0.03669394180178642,0.2645690441131592
1786712879.3515406,3.1367029192287452,-1.3615379641689875,0.1961942962526487,0.0,0.0,0.032737117260694504,0.6794698238372803
1786712879.3516774,3.292913351914783,-1.8491262133233861,0.19619686318118676,0.0,0.0,0.0284708384424448,0.6631925702095032
1786712879.4910011,3.190752362958491,-1.3477148317110734,0.19619947592135378,0.0,0.0,0.03563033044338226,0.7351458668708801
1786712879.4911115,3.338435939590529,-1.8379531015226693,0.19620177854888987,0.0,0.0,0.010085877031087875,0.7210081815719604
1786712879.5916047,3.218501941549072,-1.341377010021669,0.1961985808055389,0.0,0.0,0.03376320004463196,0.7695745229721069
1786712879.5916684,3.3614252058393803,-1.8330241807900707,0.19619875025538144,0.0,0.0,0.010085877031087875,0.7597475647926331
1786712879.7414224,3.2459394188720365,-1.33547532538199,0.19620141981850545,0.0,0.0,0.03345991671085358,0.8321955800056458
1786712879.7415748,3.385203491841235,-1.8281714974228778,0.19620744356720324,0.0,1.1920928955078125e-05,0.005974746774882078,0.8589692711830139
1786712879.990969,3.2453096441001037,-1.3375439894729486,0.19620242087964554,0.0,0.0,0.03345991671085358,0.5739070177078247
1786712879.9910955,3.3886688610843336,-1.8290642178301995,0.19620703655333546,0.0,1.1920928955078125e-05,0.005974746774882078,0.5565924644470215
1786712880.4412494,3.3247870848977517,-1.3182928853169849,0.1962035051929726,0.0,0.0,0.029244324192404747,0.6965786218643188
1786712880.4439743,3.458062439263025,-1.8126426399483042,0.1962073477311769,0.0,0.0,0.004690513946115971,0.7083038091659546
1786712881.3410795,3.3981564370771924,-1.2999576942334612,0.1962043412794705,0.0,0.0,0.02444150112569332,0.08474765717983246
1786712881.3412292,3.5320131646055684,-1.7941503454284604,0.1962038393608369,4.371941089630127,1.5869736671447754,0.00035300853778608143,0.08363986760377884
1786712881.741083,3.5687113090285254,-1.254029754932359,0.19620249655502686,0.0,0.0,0.0017831625882536173,0.5936795473098755
1786712881.7412474,3.701224629468728,-1.7485843220821464,0.1961983494221245,4.651993751525879,1.6920089721679688,2.9300556434463942e-06,0.5770701766014099
1786712881.9911933,3.650434866153834,-1.2361171812496656,0.1962023782290658,0.0,0.0,4.029256615467602e-06,0.7086334824562073
1786712881.9913862,3.7728655258681942,-1.733263772835672,0.19619635134989719,4.651993751525879,1.6920089721679688,0.0002527081815060228,0.6942260265350342
1786712882.091242,3.7081747217461603,-1.2259782819783205,0.19620168920082454,0.0,0.0,5.006053925171727e-06,0.7618098258972168
1786712882.09144,3.8211772540516975,-1.7253523178036614,0.19619568526774345,4.651993751525879,1.6920089721679688,0.005917241796851158,0.7521114349365234
1786712882.2483277,3.7368499004135236,-1.2213855551477812,0.1962009487710342,0.0,0.0,0.0009626526734791696,0.7562260031700134
1786712882.2485225,3.846081618851727,-1.7215979416999678,0.1961957716183044,4.651993751525879,1.6920089721679688,0.005917241796851158,0.7459592223167419
1786712882.34097,3.765788950128065,-1.2170625251771168,0.19619993787408596,0.0,0.0,0.0015716905472800136,0.7685004472732544
1786712882.3410995,3.8710849787066923,-1.7181181571782398,0.19619758756566258,4.371941089630127,1.5869736671447754,0.009552116505801678,0.7596127986907959
1786712882.5910501,3.794427934036995,-1.2127916457617336,0.19619888071400807,0.0,0.0,0.001794620300643146,0.7499831318855286
1786712882.591269,3.8961576591794618,-1.7145834980446817,0.19619667021120932,4.651993751525879,1.6920089721679688,0.010998224839568138,0.7435848116874695
1786712882.9917624,3.8492150717765825,-1.2044940911124389,0.19736302289424074,0.0,0.0,0.010747823864221573,0.5453514456748962
1786712882.9918356,3.9460855936579544,-1.7072418921823442,0.19954258932026364,9.498625755310059,3.5819292068481445,0.042495664209127426,0.5297359824180603
1786712883.9411154,3.924503221375726,-1.1932612780981606,0.19853183748097963,4.348903656005859,1.578366756439209,0.045210570096969604,0.14235490560531616
1786712883.9412766,4.014130632689609,-1.697242063990596,0.20922270238590712,13.59957504272461,5.30163049697876,0.10688791424036026,0.1779354214668274
1786712884.8911269,4.086646373528729,-1.1663291790456742,0.2162289705351868,24.834781646728516,10.75456714630127,0.16334164142608643,0.1196763888001442
1786712884.8942,4.167188347141399,-1.6717809895497726,0.22947501691532896,37.61947250366211,18.967134475708008,0.23450146615505219,0.1511770635843277
1786712885.8409953,4.248009768334944,-1.1415042020576274,0.23821912386618058,43.89113235473633,24.2698974609375,0.2870069742202759,0.291392982006073
1786712885.8411314,4.320303991190036,-1.648248158457243,0.24953760407523376,53.24262237548828,34.876060485839844,0.34491249918937683,0.3307143449783325
1786712886.0911078,4.409216106763537,-1.114848215778275,0.2611091082657221,60.350582122802734,46.28898239135742,0.3704880475997925,0.32794860005378723
1786712886.0913708,4.4647509908334655,-1.6237666154774897,0.26897924796780703,62.713069915771484,50.62940216064453,0.3754916787147522,0.3725946247577667
1786712887.0911002,4.446209535779181,-1.1006195020259113,0.26730692815823065,60.350582122802734,46.28898239135742,0.37101346254348755,0.5482540726661682
1786712887.09126,4.4715392937367096,-1.6119509353888397,0.2738313911113015,62.60341262817383,50.42262268066406,0.37526315450668335,0.5995763540267944
1786712887.793788,4.5012885649629135,-1.085072675339516,0.2880805037521303,64.44705963134766,54.075599670410156,0.37543678283691406,0.5240197777748108
1786712887.7938716,4.508222553758778,-1.5970134933549784,0.2916186740473455,64.44705963134766,54.075599670410156,0.37531089782714844,0.5821186304092407
1786712888.7412477,4.550093052725637,-1.076670631685603,0.3021875046233665,64.44705963134766,54.075599670410156,0.374769389629364,0.10984186828136444
1786712888.7414098,4.538226544065721,-1.588531964476437,0.30326544980537606,64.44705963134766,54.075599670410156,0.3751983642578125,0.18410764634609222
1786712890.0411603,4.618251022457127,-1.0695013967713618,0.3052266608099434,64.44705963134766,54.075599670410156,0.37424448132514954,0.4228041470050812
1786712890.0413582,4.589313516173787,-1.580658195373188,0.3001919837365011,64.44705963134766,54.075599670410156,0.3746546506881714,0.38380807638168335
1786712891.0932167,4.712402986079219,-1.0750186849026715,0.2938318158012369,64.44705963134766,54.075599670410156,0.37350794672966003,0.9725380539894104
1786712891.0932913,4.675601626010337,-1.5856531480335878,0.28734298230966565,64.44705963134766,54.075599670410156,0.3743011951446533,0.9687022566795349
1786712892.091103,4.7124042762593685,-1.0878071444857955,0.2938368581297659,64.44705963134766,54.075599670410156,0.3734882175922394,0.43423107266426086
1786712892.0913174,4.674837833739655,-1.5983841154992735,0.28720971190266664,64.44705963134766,54.075599670410156,0.3742806911468506,0.43224218487739563
1786712892.940981,4.598692048617968,-1.102007956127148,0.2737838543329394,64.44705963134766,54.075599670410156,0.3745478391647339,0.25170189142227173
1786712892.9411516,4.560728906023643,-1.6125547058063807,0.26708936433490527,64.44705963134766,54.075599670410156,0.37530314922332764,0.211262509226799
1786712893.6771939,4.4252246361978305,-1.1032775846965708,0.24414911126732575,60.011192321777344,45.6743049621582,0.37062129378318787,0.7889859080314636
1786712893.6772933,4.399213969150548,-1.6146164597964072,0.2441457364840418,60.350582122802734,46.28898239135742,0.37249353528022766,0.7628071308135986
1786712894.6919024,4.40437913035151,-1.0874809113601855,0.24185853330198948,60.011192321777344,45.6743049621582,0.37001386284828186,0.2694525718688965
1786712894.692003,4.404524493076007,-1.599480890616445,0.24184798493057902,59.119911193847656,44.08466339111328,0.37242183089256287,0.339157372713089
1786712896.0410845,4.528326061168418,-1.0691398410470023,0.26137835348777827,64.44705963134766,54.075599670410156,0.3751295804977417,0.8701381087303162
1786712896.0412319,4.5431066740374515,-1.580919813202881,0.26398480382180267,64.44705963134766,54.075599670410156,0.37510719895362854,0.8700602054595947
1786712897.1428287,4.500005798629415,-1.0619284445259027,0.25638514848879207,64.44705963134766,54.075599670410156,0.3754144310951233,0.10503556579351425
1786712897.1430523,4.5147689071204,-1.5737089366348918,0.258988708429392,64.44705963134766,54.075599670410156,0.37514376640319824,0.009402068331837654
1786712898.241177,4.4285704530697565,-1.073923240519332,0.2442384202810737,60.8887825012207,47.271121978759766,0.37129226326942444,0.585078775882721
1786712898.2413783,4.42044385282907,-1.5858587426462931,0.24423289358952746,60.63966369628906,46.81564712524414,0.372964084148407,0.6058968901634216
1786712899.5415208,4.50754884668607,-1.0776319406177706,0.25771538625579943,64.44705963134766,54.075599670410156,0.3751141130924225,0.7567565441131592
1786712899.5416846,4.503585284157105,-1.5896161201765384,0.25701534796088105,64.44705963134766,54.075599670410156,0.37531089782714844,0.7669316530227661
1786712900.7913303,4.462594739405184,-1.0772325770120013,0.24978825570305,62.60341262817383,50.42262268066406,0.3727784752845764,0.9563750624656677
1786712900.7915444,4.460920534359176,-1.5892297542996787,0.2494924738331121,60.8887825012207,47.271121978759766,0.37345027923583984,0.96131432056427
1786712901.9411604,4.468206971787405,-1.0761034174568969,0.2507775139642868,62.713069915771484,50.62940216064453,0.37277159094810486,0.9866700172424316
1786712901.9413285,4.467643924736624,-1.5881030982699271,0.25067839094211164,60.8887825012207,47.271121978759766,0.37345027923583984,0.9847421646118164
1786712903.0911887,4.465990504641812,-1.076985839819318,0.25038692336524565,62.713069915771484,50.62940216064453,0.37277159094810486,0.972649872303009
1786712903.091302,4.46499368727238,-1.588984839235614,0.2502109920049928,60.8887825012207,47.271121978759766,0.37345027923583984,0.9725603461265564
1786712904.1412168,4.459787274002552,-1.0771661389371245,0.24929250172035822,62.60341262817383,50.42262268066406,0.3727784752845764,0.9498899579048157
1786712904.1413894,4.458770479756542,-1.589165098154686,0.2491139251398844,60.8887825012207,47.271121978759766,0.37345027923583984,0.9431165456771851
1786712905.394731,4.45265058401434,-1.0792686064805042,0.24803463570663975,60.8887825012207,47.271121978759766,0.3711928725242615,0.8387601971626282
1786712905.3948107,4.450279107390696,-1.5912629437152706,0.24761661877426755,60.8887825012207,47.271121978759766,0.37345027923583984,0.8182327747344971
1786712906.4410946,4.455977142424635,-1.0835376225758722,0.24861951818239103,60.8887825012207,47.271121978759766,0.3711928725242615,0.3294142484664917
1786712906.441215,4.448988468579278,-1.5954884477086326,0.2473902567093368,60.350582122802734,46.28898239135742,0.3734114170074463,0.3915287256240845
1786712907.6911545,4.407864683268909,-1.0791314088702673,0.24029447244753632,60.8887825012207,47.271121978759766,0.37129226326942444,0.7441335916519165
1786712907.6913183,4.4132988728155516,-1.5911019185785538,0.24111103414677137,60.350582122802734,46.28898239135742,0.3730277419090271,0.7198114991188049
1786712912.041234,4.415676078495799,-1.0801842379055588,0.24151594724732078,60.8887825012207,47.271121978759766,0.37129226326942444,0.9222156405448914
1786712912.041352,4.415697136952306,-1.592184237468968,0.2415178473704102,60.350582122802734,46.28898239135742,0.3730277419090271,0.9220890402793884
1786712913.091973,4.432908987441443,-1.081388894001392,0.24455293752664387,60.63966369628906,46.81564712524414,0.37092018127441406,0.999467670917511
1786712913.0920706,4.432901949407397,-1.5933888939523566,0.24455376106297433,60.63966369628906,46.81564712524414,0.37351301312446594,0.999508261680603
1786712914.14146,4.43283294928002,-1.0813632355229572,0.24454290832096098,60.63966369628906,46.81564712524414,0.37092018127441406,0.9987632632255554
1786712914.1415956,4.432834029518744,-1.593363235516707,0.24454062065547938,60.63966369628906,46.81564712524414,0.37351301312446594,0.9986241459846497
1786712915.2914147,4.43293837291965,-1.0814013383986256,0.24455803822198033,60.63966369628906,46.81564712524414,0.37092018127441406,0.8861430287361145
1786712915.2915435,4.4329116253001795,-1.5934013376885767,0.2445546243158103,60.63966369628906,46.81564712524414,0.37351301312446594,0.8862722516059875
1786712923.8913848,4.4157027948544085,-1.0816638203874178,0.24151875176492762,60.8887825012207,47.271121978759766,0.37129226326942444,0.9227590560913086
1786712923.89152,4.415691899973356,-1.5936638202689082,0.24151712220593194,60.350582122802734,46.28898239135742,0.3730277419090271,0.9227684140205383
1786712925.3912497,4.432882175524693,-1.0820941149732761,0.24454892930438712,60.63966369628906,46.81564712524414,0.37092018127441406,0.9160947203636169
1786712925.3913968,4.432873613371296,-1.5940941149008128,0.24454798486495663,60.63966369628906,46.81564712524414,0.37351301312446594,0.9161273837089539
1786712927.4913287,4.379513354487074,-1.0820025359312035,0.2371300195344059,58.28847122192383,42.64178466796875,0.3526831269264221,0.1741255819797516
1786712927.4915543,4.379489082012581,-1.5940025353504739,0.2371276713351819,57.76594543457031,41.7574462890625,0.35324591398239136,0.1743776798248291
1786712928.64134,4.190947600605446,-1.0819416464958713,0.2208740463764104,37.61947250366211,18.967134475708008,0.23141056299209595,0.0383475236594677
1786712928.641471,4.190860967937384,-1.5939416391027617,0.22086596399053665,39.8560905456543,20.734107971191406,0.26239246129989624,0.0383540503680706
1786712929.742541,4.004581822848792,-1.0819098151250843,0.20615017824624302,9.473413467407227,3.571784496307373,0.08055900782346725,0.016779283061623573
1786712929.7428772,4.004495226539078,-1.5939098077125484,0.20614061185506613,10.892719268798828,4.153192043304443,0.07968930155038834,0.01677655428647995
1786712930.9922569,3.813175535289911,-1.0818737337071485,0.19620639263727782,0.0,0.0,0.009874151088297367,1.3652990674017929e-05
1786712930.9923306,3.8130897324816844,-1.5938737265170728,0.1962056747183312,0.0,0.0,0.0010488770203664899,1.2574504580697976e-05
1786712932.2413878,3.588175804645101,-1.0818358689335592,0.19620609893195437,0.0,0.0,0.0028522503562271595,1.2499168406066019e-05
1786712932.241528,3.5880900524547923,-1.5938358617523232,0.1962057150594341,0.0,0.0,2.246977373943082e-06,1.2897506167064421e-05
1786712933.7092822,3.3631757302338414,-1.0817981028913868,0.19620612290905898,0.0,0.0,0.02239760011434555,1.0213634595857002e-05
1786712933.70937,3.3630896418841196,-1.593798095653877,0.1962060450797249,0.0,0.0,0.031288113445043564,9.41303005674854e-06
1786712934.6422255,3.163175943962342,-1.0817640431465558,0.19620622418478623,0.0,0.0,0.02712518908083439,3.375137112016091e-06
1786712934.6423092,3.1630897893195495,-1.5937640358977623,0.19620660112302113,0.0,0.0,0.03160662576556206,1.902957706079178e-06
1786712935.7914672,2.9631753596322907,-1.081730632326766,0.19620761046713223,0.0,0.0,0.004637063480913639,6.302316614892334e-05
1786712935.7917037,2.9630903920964835,-1.5937306252749854,0.19620636902579588,0.0,0.0,0.009220650419592857,5.5530686950078234e-05
1786712936.8913703,2.763176154443573,-1.0816975196443597,0.196207405309417,0.0,0.0,0.01227253582328558,0.13602575659751892
1786712936.8915079,2.763090146951238,-1.5936975124202926,0.19620780038817576,0.0,0.0,0.01328833494335413,0.13595910370349884
1786712939.3942118,2.532630015226462,-1.0828159724143345,0.19620418557438288,0.0,0.0,0.012243579141795635,0.8788618445396423
1786712939.394297,2.5225733418539615,-1.5947171965963602,0.19620545927206115,0.0,0.0,0.014092445373535156,0.8655536770820618
1786712939.5427642,2.545242605942822,-1.0836610806053928,0.1962048516874866,0.0,0.0,0.012243579141795635,0.8857447504997253
1786712939.5428474,2.5316513215735315,-1.595480655249228,0.19620407934453274,0.0,0.0,0.014092445373535156,0.8736345767974854
1786712939.6925507,2.5601431321384096,-1.084758034438119,0.19620413097252962,0.0,0.0,0.012304569594562054,0.904758632183075
1786712939.692601,2.54266214325958,-1.5964595245939703,0.19620381565378556,0.0,0.0,0.014092445373535156,0.897869884967804
1786712939.8419564,2.576722179792532,-1.0862483557431952,0.19620208574725237,0.0,0.0,0.012304569594562054,0.9009106755256653
1786712939.842169,2.556787920844304,-1.5978601473375789,0.19620675158811715,0.0,0.0,0.014349679462611675,0.8952866792678833
1786712939.9414492,2.595571694597043,-1.0879322343725322,0.19620158656707354,0.0,0.0,0.012061023153364658,0.8939738869667053
1786712939.9416184,2.57346396589892,-1.5994547151124892,0.1962070133955513,0.0,0.0,0.0143427150323987,0.8890420198440552
1786712940.1416876,2.6167652463698237,-1.0897295151880193,0.19620101880810165,0.0,0.0,0.01209728792309761,0.890993595123291
1786712940.1417634,2.592598958813746,-1.601158875423679,0.19620690955233977,0.0,0.0,0.0144638167694211,0.8867978453636169
1786712940.2414296,2.6393605959010946,-1.0915758153488302,0.19620145657125357,0.0,0.0,0.012012808583676815,0.8976736068725586
1786712940.2415934,2.613293793856463,-1.6029118318735731,0.19620743769113155,0.0,0.0,0.014114285819232464,0.8988474011421204
1786712940.5443711,2.659914522422765,-1.0932511561294807,0.19620138219986458,0.0,0.0,0.012111772783100605,0.8521630167961121
1786712940.5444698,2.633444267315345,-1.6045664458944098,0.19620824912178067,0.0,0.0,0.01430890429764986,0.856965184211731
1786712941.544208,2.7040381840021466,-1.096365598746218,0.19620220431297408,0.0,0.0,0.012157618068158627,0.3593728244304657
1786712941.5442822,2.677717158856308,-1.6076885921762378,0.19620720791474267,0.0,0.0,0.014227800071239471,0.41429197788238525
1786712941.8418818,2.86896340863769,-1.0980287096954489,0.19620834018081218,0.0,0.0,0.010042423382401466,0.8304434418678284
1786712941.8419561,2.862912210010861,-1.6099929496011445,0.1962010626864401,0.0,0.0,0.012578406371176243,0.8540871143341064
1786712941.9413984,2.913854246472244,-1.093318021951228,0.1962095795619862,0.0,0.0,0.008964934386312962,0.8686996102333069
1786712941.9415295,2.9201210746588515,-1.6052796677306924,0.19619884355573863,0.0,0.0,0.007327440660446882,0.8862798810005188
1786712942.091438,2.9370964525334053,-1.09027256957454,0.19620934988722577,0.0,0.0,0.003820407437160611,0.8655639886856079
1786712942.0915499,2.948411338076958,-1.6021475281864666,0.1961988059469108,0.0,0.0,0.016499537974596024,0.8838152289390564
1786712942.2457175,2.9603690093794244,-1.086844144811515,0.19620940946971843,0.0,0.0,0.003820407437160611,0.8612712621688843
1786712942.2458005,2.976909032827515,-1.5985769144310384,0.19619837006685287,0.0,0.0,0.012987066060304642,0.8803483843803406
1786712942.391467,2.9836266448247524,-1.0830737914327617,0.19620937805087876,0.0,0.0,0.0049726818688213825,0.856777548789978
1786712942.3915372,3.0056126860817467,-1.5946015168341368,0.19619773582918085,0.0,0.0,0.015033789910376072,0.8766844868659973
1786712942.54146,3.0068514628395526,-1.078955732846807,0.19620954546081634,0.0,0.0,0.013656501658260822,0.8522078990936279
1786712942.5416663,3.0345059129923344,-1.5902083428510152,0.1961972722221714,0.0,0.0,0.0202973410487175,0.8729296326637268
1786712942.6915298,3.0300311293732234,-1.0744812066509473,0.1962095505949061,0.0,0.0,0.014221668243408203,0.8617289662361145
1786712942.6917453,3.063572408158362,-1.5853813754217387,0.19619661095433547,0.0,0.0,0.02422139421105385,0.8805843591690063
1786712942.9416144,3.053360541757637,-1.0700661529029483,0.19620933004400326,0.0,0.0,0.014221668243408203,0.8598987460136414
1786712942.9418054,3.0922836744198556,-1.5805845067246147,0.19619688113797068,0.0,0.0,0.03325339034199715,0.8737507462501526
1786712943.7292125,3.101759732603344,-1.061724659405458,0.1962075055299254,0.0,0.0,0.01974322833120823,0.671931803226471
1786712943.729335,3.1469817238192346,-1.5717236509987578,0.19619832472334767,0.0,0.0,0.03345979377627373,0.6660013198852539
1786712944.5962505,3.1761283468166304,-1.05286746789288,0.19620278736689908,0.0,0.0,0.027064280584454536,0.017036573961377144
1786712944.5963495,3.222601308485349,-1.5627539884365635,0.196201525042462,0.0,0.0,0.036403365433216095,0.023182565346360207
1786712945.7922268,3.3759888446189366,-1.0351840933357908,0.19620113546752616,0.0,0.0,0.026151128113269806,4.7112836909946054e-05
1786712945.7923071,3.4211859580114896,-1.5451852903318817,0.19620301571637982,0.0,0.0,0.018215849995613098,5.484437133418396e-05
1786712947.1414766,3.575209553868142,-1.017528650128011,0.19619650282999476,0.0,0.0,0.0036821370013058186,1.3060242963547353e-05
1786712947.1416812,3.6204078373193584,-1.5275297434241848,0.19619962869326005,0.0,0.0,9.398119118486647e-07,1.9140781660098583e-05
1786712948.296288,3.7993324168036313,-0.997666248875315,0.196190219971689,0.0,0.0,0.0016435316065326333,0.0030978270806372166
1786712948.2963636,3.8445295020449546,-1.5076674483692687,0.19619086581911627,0.0,0.0,0.012362170964479446,0.01181758288294077
1786712949.591498,3.9931397566235693,-0.9770967393996131,0.2041140345957311,9.473413467407227,3.571784496307373,0.07960133999586105,0.025478385388851166
1786712949.5916338,4.036605339548392,-1.4872070773399102,0.21060912716175514,14.496594429016113,5.694472789764404,0.11474275588989258,0.03521283343434334
1786712950.7932415,4.196992206738926,-0.952178136554112,0.2297356988007897,39.85610580444336,20.734113693237305,0.26264122128486633,0.33561211824417114
1786712950.7935112,4.242779937632276,-1.4620407148951635,0.23909705057567499,46.1315803527832,26.46271514892578,0.2834450900554657,0.26922324299812317
1786712951.241447,4.3365536767178146,-0.9414247467680523,0.2527996167554007,54.10343551635742,36.08095169067383,0.3471231162548065,0.5202053189277649
1786712951.2416015,4.4066515486401965,-1.4485047415097045,0.26280797749826607,60.63966369628906,46.81564712524414,0.3726659417152405,0.4806935787200928
1786712951.791468,4.339565822370666,-0.9492496522150342,0.25985699520363226,56.19260787963867,39.206687927246094,0.34227854013442993,0.49053436517715454
1786712951.7916574,4.438424769853627,-1.451476444265724,0.2716535137169177,60.8887825012207,47.271121978759766,0.37358221411705017,0.418815016746521
1786712952.1929724,4.361140719933553,-0.9536010001972153,0.2677361320698247,58.28847122192383,42.64178466796875,0.35543861985206604,0.37499335408210754
1786712952.1931899,4.489745363146489,-1.448948392801267,0.28309212062285716,64.44705963134766,54.075599670410156,0.375139445066452,0.2858434319496155
1786712952.5973597,4.3734809438833375,-0.9578474115418717,0.2715061912944152,58.28847122192383,42.64178466796875,0.35543861985206604,0.6273128390312195
1786712952.5974445,4.526643640308525,-1.445921939286536,0.29314975363033247,64.44705963134766,54.075599670410156,0.3750808537006378,0.5812996625900269
1786712953.6925948,4.387139002574657,-0.9596427006375399,0.2735875051928361,60.350582122802734,46.28898239135742,0.36960434913635254,0.5373777151107788
1786712953.692677,4.560684880092958,-1.4405024437823626,0.3018671059520072,64.44705963134766,54.075599670410156,0.3745599389076233,0.47863882780075073
1786712954.3972273,4.410577453068574,-0.954703220030074,0.27019240257207233,60.350582122802734,46.28898239135742,0.36960434913635254,0.6554649472236633
1786712954.3973675,4.605559829902817,-1.4268808453754085,0.30445846227129036,64.44705963134766,54.075599670410156,0.3745708763599396,0.7182765603065491
1786712955.7414792,4.48112449837082,-0.8958089977041866,0.2530568225907092,64.44705963134766,54.075599670410156,0.37392517924308777,0.4750572144985199
1786712955.7416377,4.683596807959235,-1.3647165936446368,0.2887587877926448,64.44705963134766,54.075599670410156,0.37498316168785095,0.45689594745635986
1786712956.641533,4.4525084561331445,-0.8136501572321384,0.24801100635730874,62.713069915771484,50.62940216064453,0.3733755648136139,0.20390313863754272
1786712956.6417341,4.651232997902032,-1.2842079591003563,0.28305257595252925,64.44705963134766,54.075599670410156,0.3750159442424774,0.2708139717578888
1786712957.3916903,4.450527459900651,-0.7699138641349691,0.2476582524094932,62.713069915771484,50.62940216064453,0.3745904862880707,0.31438684463500977
1786712957.3918726,4.633259276276799,-1.2471078949354182,0.2798908485242002,64.44705963134766,54.075599670410156,0.375232458114624,0.3763418197631836
1786712958.5415616,4.472479391894745,-0.7442283801864318,0.25153044601441543,62.60341262817383,50.42262268066406,0.3748568296432495,0.1594761312007904
1786712958.5416791,4.638222350907161,-1.2277764666843227,0.28076261292070304,64.44705963134766,54.075599670410156,0.3745895028114319,0.2383873015642166
1786712958.991569,4.4389964600188065,-0.7107030341096132,0.24595960457919946,61.10554885864258,47.6683235168457,0.3730892241001129,0.5898285508155823
1786712958.9917355,4.581283156441021,-1.20190911693465,0.2707604153912581,64.44705963134766,54.075599670410156,0.37398284673690796,0.6324999928474426
1786712959.7416487,4.45856473195706,-0.7097105691761068,0.24907436702003613,62.713069915771484,50.62940216064453,0.37286797165870667,0.3934190273284912
1786712959.7417881,4.580362563608987,-1.206547964156446,0.2705660201448932,64.44705963134766,54.075599670410156,0.37394508719444275,0.4588892161846161
1786712960.3537908,4.450882735826382,-0.711902389492806,0.24772425294702785,62.60341262817383,50.42262268066406,0.37277528643608093,0.5384156703948975
1786712960.3539002,4.548347602283147,-1.2142458030896166,0.2649200263366966,64.44705963134766,54.075599670410156,0.37382587790489197,0.5900394916534424
1786712960.7415009,4.445369084905305,-0.7232459726196856,0.24674693598246808,62.713069915771484,50.62940216064453,0.37305301427841187,0.6064440011978149
1786712960.7417114,4.51594937175847,-1.2302045840236406,0.25921246569840073,64.44705963134766,54.075599670410156,0.37410101294517517,0.651524543762207
1786712961.3418472,4.4490933737179095,-0.7403919141027857,0.24740475531353412,62.713069915771484,50.62940216064453,0.37305301427841187,0.5484796166419983
1786712961.3419561,4.49518292070624,-1.2502481668635188,0.2555506241557157,64.44705963134766,54.075599670410156,0.37410101294517517,0.602410078048706
1786712961.7916393,4.435462439209045,-0.7690869335531236,0.24500028488120795,61.10554885864258,47.6683235168457,0.3736772835254669,0.6335334777832031
1786712961.791885,4.451573689215982,-1.2808254164196573,0.24785559163751658,60.8887825012207,47.271121978759766,0.3708302080631256,0.6772975921630859
1786712962.8916552,4.438975611608518,-0.7978631339405886,0.24575559697254887,60.350582122802734,46.28898239135742,0.37372419238090515,0.7288312911987305
1786712962.891824,4.42733749000876,-1.309729729434234,0.24468669876690477,60.63966369628906,46.81564712524414,0.37052181363105774,0.7471245527267456
1786712964.042524,4.468179294095583,-0.8130711966952129,0.25077368251440996,60.8887825012207,47.271121978759766,0.3737255036830902,0.41207465529441833
1786712964.0426881,4.4601993259240835,-1.3250070659829438,0.24936448252964313,62.713069915771484,50.62940216064453,0.37232786417007446,0.4717678725719452
1786712965.3916647,4.439750221230573,-0.809293055166281,0.24576161422880533,60.8887825012207,47.271121978759766,0.3737255036830902,0.7739248275756836
1786712965.39177,4.4437086049255,-1.3212772814914064,0.24645673492795156,60.8887825012207,47.271121978759766,0.3710147738456726,0.7493253946304321
1786712966.64155,4.411488408444621,-0.8076316444631404,0.24077339577089168,60.011192321777344,45.6743049621582,0.3731999099254608,0.878326416015625
1786712966.641689,4.409912871365417,-1.3196291508363247,0.2405066551607296,60.8887825012207,47.271121978759766,0.37113043665885925,0.8591406345367432
1786712967.8433366,4.414479418018267,-0.8164015797999578,0.24130388405850162,60.63966369628906,46.81564712524414,0.37367770075798035,0.7287250757217407
1786712967.844277,4.4090651637874725,-1.3283720624735853,0.24034956647135214,60.8887825012207,47.271121978759766,0.37113043665885925,0.7591299414634705
1786712969.1916513,4.432960707748753,-0.8138127662290915,0.2445650060914828,60.8887825012207,47.271121978759766,0.3737255036830902,0.9663496613502502
1786712969.1918657,4.433627976344024,-1.3258123185739754,0.24467968503560988,60.8887825012207,47.271121978759766,0.37113043665885925,0.9626117944717407
1786712970.4928455,4.433117909615822,-0.8133123100242842,0.24459022964738308,60.8887825012207,47.271121978759766,0.3737255036830902,0.9941225647926331
1786712970.4931066,4.432944390079614,-1.3253122797255008,0.2445599488984792,60.8887825012207,47.271121978759766,0.37113043665885925,0.9949408173561096
1786712971.6432369,4.432875708921134,-0.8128123324463357,0.2445485085520418,60.8887825012207,47.271121978759766,0.3737255036830902,0.99889075756073
1786712971.6433187,4.432886293582451,-1.32481233233679,0.24454888243222772,60.8887825012207,47.271121978759766,0.37113043665885925,0.9988555312156677
1786712972.8416495,4.432882146035478,-0.8126498189130107,0.24455250762424702,60.8887825012207,47.271121978759766,0.3737255036830902,0.9999157786369324
1786712972.8417695,4.432885690741301,-1.3246498188970248,0.244550557087638,60.8887825012207,47.271121978759766,0.37113043665885925,0.9999406337738037
1786712974.144179,4.432897606131508,-0.8126156118527684,0.24455163748114236,60.8887825012207,47.271121978759766,0.3737255036830902,0.9997305274009705
1786712974.1442685,4.432906685435409,-1.3246156117689352,0.24455348449267525,60.8887825012207,47.271121978759766,0.37113043665885925,0.9997560381889343
1786712975.291615,4.432872668447423,-0.8126126995197829,0.244548081120599,60.8887825012207,47.271121978759766,0.3737255036830902,0.9997178316116333
1786712975.2917514,4.432887486796595,-1.3246126993028995,0.24454966391958577,60.8887825012207,47.271121978759766,0.37113043665885925,0.9995704889297485
1786712976.492191,4.4328939841077375,-0.8128894085618337,0.2445510279767216,60.8887825012207,47.271121978759766,0.3737255036830902,0.997759222984314
1786712976.492828,4.432879327807941,-1.3248894083488405,0.24454921199215993,60.8887825012207,47.271121978759766,0.37113043665885925,0.9978079199790955
1786712977.6920135,4.432851683469441,-0.8132439540996192,0.24454352769437282,60.8887825012207,47.271121978759766,0.3737255036830902,0.8769592046737671
1786712977.6922467,4.432846770330053,-1.3252439540757162,0.2445429464684994,60.8887825012207,47.271121978759766,0.37113043665885925,0.8769720792770386
1786712979.0417452,4.408245389072319,-0.8134343600089394,0.24020707320208165,60.350582122802734,46.28898239135742,0.3733046054840088,0.8900699615478516
1786712979.0418594,4.408242894385185,-1.325434359997232,0.24020467218889632,60.8887825012207,47.271121978759766,0.37113043665885925,0.8898956775665283
1786712980.1417775,4.432926614376849,-0.8131282336788704,0.24455582470346746,60.8887825012207,47.271121978759766,0.3737255036830902,0.999424934387207
1786712980.1420078,4.432885125688798,-1.3251282319758748,0.24455107535392764,60.8887825012207,47.271121978759766,0.37113043665885925,0.9995684027671814
1786712981.7916565,4.432888387914301,-0.8128242704072575,0.24455043410503685,60.8887825012207,47.271121978759766,0.3737255036830902,0.9159770607948303
1786712981.7917922,4.432875596310887,-1.3248242702405957,0.2445477814405117,60.8887825012207,47.271121978759766,0.37113043665885925,0.9160382151603699
1786712985.8432794,4.415678273193506,-0.8127208314447425,0.24151546054194845,60.63966369628906,46.81564712524414,0.37367770075798035,0.9226627349853516
1786712985.843366,4.4156769794140365,-1.3247208314429106,0.24151501095275824,60.8887825012207,47.271121978759766,0.37113043665885925,0.9226329326629639
1786712987.1916897,4.432875000272263,-0.8122735249159174,0.24454807557083405,60.8887825012207,47.271121978759766,0.3737255036830902,0.9996572136878967
1786712987.1918645,4.432866792432007,-1.3242735248464645,0.24454613875144135,60.8887825012207,47.271121978759766,0.37113043665885925,0.9996815323829651
1786712988.3951726,4.4328917897342315,-0.8121517163200532,0.24455118341214535,60.8887825012207,47.271121978759766,0.3737255036830902,0.8766211867332458
1786712988.3952441,4.432889045028666,-1.324151716312079,0.2445503882146148,60.8887825012207,47.271121978759766,0.37113043665885925,0.8766800761222839
1786712989.7486703,4.408239588689753,-0.8122228974284635,0.240203712259982,60.011192321777344,45.6743049621582,0.3731999099254608,0.8903859853744507
1786712989.7489014,4.408248487768294,-1.324222897349076,0.2402051611954415,60.8887825012207,47.271121978759766,0.37113043665885925,0.8903554677963257
1786712990.9417744,4.432894399202839,-0.812224247160866,0.24455156885702697,60.8887825012207,47.271121978759766,0.3737255036830902,0.9992812275886536
1786712990.9419036,4.432896460807157,-1.3242242471566636,0.2445517990007751,60.8887825012207,47.271121978759766,0.37113043665885925,0.9993261694908142
1786712992.241755,4.432881023348481,-0.8122822505452434,0.2445484807552174,60.8887825012207,47.271121978759766,0.3737255036830902,0.9988439083099365
1786712992.2419283,4.432892071750158,-1.324282250423558,0.24455007409166152,60.8887825012207,47.271121978759766,0.37113043665885925,0.9988276362419128
1786712993.701372,4.432883495458803,-0.8125757797092823,0.24454915463356844,60.8887825012207,47.271121978759766,0.3737255036830902,0.9975774884223938
1786712993.7014594,4.432890875515444,-1.3245757796534474,0.24455080074487365,60.8887825012207,47.271121978759766,0.37113043665885925,0.9976193904876709
1786712994.5472524,4.432870609914923,-0.812983104106321,0.24454876760817781,60.8887825012207,47.271121978759766,0.3737255036830902,0.9974623918533325
1786712994.5473375,4.432886365422087,-1.3249831038620998,0.24455012649018423,60.8887825012207,47.271121978759766,0.37113043665885925,0.9974722266197205
1786712995.6982281,4.432867889431191,-0.81347215827241,0.24454810529865253,60.63966369628906,46.81564712524414,0.37367770075798035,0.9992426633834839
1786712995.698307,4.432885606910456,-1.3254721579604631,0.24455045576042514,60.8887825012207,47.271121978759766,0.37113043665885925,0.999136745929718
1786712996.8417008,4.432884334122919,-0.813810996253802,0.2445496728860123,60.63966369628906,46.81564712524414,0.37367770075798035,0.9992331266403198
1786712996.841812,4.432880870382769,-1.3258109962420768,0.24454976937848158,60.8887825012207,47.271121978759766,0.37113043665885925,0.9993371963500977
1786712998.197232,4.432881102427628,-0.8137688929903195,0.24455105988660664,60.63966369628906,46.81564712524414,0.37367770075798035,0.9983502626419067
1786712998.197392,4.432898455078726,-1.3257688926952333,0.24455208638727,60.8887825012207,47.271121978759766,0.37113043665885925,0.9981256723403931
1786712999.3918517,4.432906469932693,-0.8138267307710698,0.2445534405179541,60.63966369628906,46.81564712524414,0.37367770075798035,0.998403787612915
1786712999.3919811,4.432873291227102,-1.3258267296750448,0.24454880337954113,60.8887825012207,47.271121978759766,0.37113043665885925,0.9985026717185974
1786713000.5481813,4.432869237022714,-0.8139548150354592,0.24454476205676823,60.63966369628906,46.81564712524414,0.37367770075798035,0.9983438849449158
1786713000.5482666,4.432855833074378,-1.3259548148599223,0.24454505165006823,60.8887825012207,47.271121978759766,0.37113043665885925,0.9983782172203064
1786713001.8919396,4.432923808097963,-0.8142207840441518,0.24455612673924576,60.63966369628906,46.81564712524414,0.37367770075798035,0.997625470161438
1786713001.8921576,4.4329172788585405,-1.3262207840014446,0.24455507734608917,60.8887825012207,47.271121978759766,0.37113043665885925,0.9977162480354309
1786713002.9941888,4.432861211247578,-0.814557701495821,0.24454555805394715,60.63966369628906,46.81564712524414,0.37367770075798035,0.9994547367095947
1786713002.994279,4.432875095897862,-1.3265577013037133,0.24454754167458362,60.8887825012207,47.271121978759766,0.37113043665885925,0.9993544816970825
1786713004.2918468,4.432870184142384,-0.8148440711395097,0.24454682884903461,60.63966369628906,46.81564712524414,0.37367770075798035,0.9991164207458496
1786713004.2919867,4.432864008544271,-1.3268440711022658,0.24454682809739509,60.8887825012207,47.271121978759766,0.37113043665885925,0.9991858005523682
1786713005.541962,4.432874333722404,-0.814518488985559,0.2445488157249899,60.63966369628906,46.81564712524414,0.37367770075798035,0.9649367332458496
1786713005.5420506,4.432883762552882,-1.326518488897826,0.2445497829544455,60.8887825012207,47.271121978759766,0.37113043665885925,0.9648999571800232
1786713011.7917705,4.37951296099883,-0.8142324303063467,0.2371296166980906,58.28847122192383,42.64178466796875,0.3552156984806061,0.17556481063365936
1786713011.7918987,4.379511696710913,-1.3262324303047466,0.23712981736340513,58.7347297668457,43.410987854003906,0.35252347588539124,0.17536604404449463
1786713012.941879,4.190886872232869,-0.8142742523630193,0.2208674878648421,37.316650390625,18.737173080444336,0.2618902921676636,0.08423727005720139
1786713012.9420338,4.190934654495538,-1.3262742501167744,0.2208716121943923,37.61947250366211,18.967134475708008,0.23152393102645874,0.08424276858568192
1786713013.9445052,4.029494842033201,-0.814289572583649,0.2072220763992715,14.496594429016113,5.694472789764404,0.11542238295078278,0.13976895809173584
1786713013.9446406,4.0295437258209725,-1.3262895702392234,0.20722540310890245,13.59957504272461,5.30163049697876,0.10920173674821854,0.13977080583572388
1786713015.191858,3.838112216193349,-0.8143092222789117,0.196206662450276,0.0,0.0,0.014912866055965424,2.5087689209613018e-05
1786713015.1920469,3.8381598305220006,-1.3263092200647935,0.19620629833823786,0.0,0.0,0.00905621238052845,2.5018289306899533e-05
1786713016.5419796,3.6131132275357647,-0.8143301262163373,0.19620574721876022,0.0,0.0,0.002408476546406746,0.052890844643116
1786713016.5422022,3.6131604879022685,-1.326330124035024,0.19620539732449854,0.0,0.0,6.319234557849995e-07,0.05288819596171379
1786713018.7919965,3.3472043210861164,-0.8147841407690934,0.19620485984984223,0.0,0.0,0.023939073085784912,0.8857196569442749
1786713018.7921493,3.3545476244710706,-1.3267314778022292,0.19620458155509093,0.0,0.0,0.025197090581059456,0.8965721130371094
1786713018.9419081,3.3361383253677794,-0.8152193790886834,0.19620521757065415,0.0,0.0,0.023939073085784912,0.897403359413147
1786713018.9420552,3.3467410557430655,-1.3271095842191918,0.19620503064152348,0.0,0.0,0.025197090581059456,0.9070375561714172
1786713019.0942671,3.323510634501009,-0.8159101056475417,0.19620264530211487,0.0,0.0,0.026033202186226845,0.9078879952430725
1786713019.0943494,3.3377368393981657,-1.3277124259764557,0.1962022405209817,0.0,0.0,0.02812010422348976,0.9162370562553406
1786713019.2920177,3.3089091662040553,-0.8168974273149349,0.1962028812406723,0.0,0.0,0.028811166062951088,0.907156229019165
1786713019.2921872,3.326927226146061,-1.3285802875827377,0.1962077890291144,0.0,0.0,0.02812010422348976,0.8903564810752869
1786713019.4422646,3.31408759670934,-0.8173513934543002,0.196203028594995,0.0,0.0,0.026033202186226845,0.7661064863204956
1786713019.4424908,3.3265926780408104,-1.3291986586850406,0.19620711583424683,0.0,0.0,0.02812010422348976,0.7869341969490051
1786713019.5971835,3.2741984505467747,-0.8193468377547932,0.19620392551565308,0.0,0.0,0.02401580475270748,0.9287137389183044
1786713019.597259,3.296240439901441,-1.33087215550448,0.19620644953287486,0.0,0.0,0.030744589865207672,0.9315420985221863
1786713019.7460372,3.253159750743904,-0.8208189680305189,0.19620246462054935,0.0,0.0,0.023764312267303467,0.9278997778892517
1786713019.7461712,3.276802790987745,-1.3322727847455544,0.19620642073339023,0.0,0.0,0.03162249177694321,0.9303090572357178
1786713019.841955,3.230939040844029,-0.8223748272347092,0.19620266299902084,0.0,0.0,0.022304631769657135,0.9366077780723572
1786713019.842072,3.256035996245852,-1.3337593624033235,0.1962071283592689,0.0,0.0,0.03162249177694321,0.9353887438774109
1786713020.042056,3.2107300152428557,-0.8237749158552983,0.19620273601453306,0.0,0.0,0.022722093388438225,0.9194254279136658
1786713020.042278,3.235849754338763,-1.3351583323723355,0.19620710819223433,0.0,0.0,0.034065742045640945,0.9170002937316895
1786713020.2922063,3.189428503942079,-0.8251416949534838,0.19620287433546713,0.0,0.0,0.018307430669665337,0.8707109689712524
1786713020.292345,3.2143451651114687,-1.336535046472657,0.19620713546107332,0.0,0.0,0.03266185149550438,0.8641716241836548
1786713021.0920389,3.143760999268023,-0.827596116112346,0.1962037855900395,0.0,0.0,0.01749829389154911,0.5400968790054321
1786713021.09221,3.167360688177576,-1.3390519350060337,0.19620556309544104,0.0,0.0,0.0308469757437706,0.4966166913509369
1786713021.2421076,3.0255065940305346,-0.829529592023135,0.196207457005513,0.0,0.0,0.006365451496094465,0.855864942073822
1786713021.2423706,3.0344863997579217,-1.341450838962932,0.1962029070723797,0.0,0.0,0.020639218389987946,0.8359441757202148
1786713021.3921013,3.002973361262419,-0.8284209753629088,0.1962082500612762,0.0,0.0,0.011106397025287151,0.9957622289657593
1786713021.3923075,3.0065606494559214,-1.3404084081303094,0.19620106233491638,0.0,0.0,0.021944759413599968,0.9963938593864441
1786713021.5419722,3.0025852812500524,-0.826547687554542,0.19620871381130547,0.0,0.0,0.011106397025287151,0.7871420383453369
1786713021.5421736,3.0063315096070564,-1.3385339819873718,0.19619943819941468,0.0,0.0,0.021944759413599968,0.7556732892990112
1786713021.694277,2.9585102677240847,-0.824220481899755,0.19620931859948748,0.0,0.0,0.011537130922079086,0.9039000272750854
1786713021.6943493,2.9494356534137114,-1.3361400568883823,0.1961984291046322,0.0,0.0,0.008409040048718452,0.8912554383277893
1786713021.843224,2.935470291162308,-0.821402874092795,0.19620899051823804,0.0,0.0,0.011174513958394527,0.9020348191261292
1786713021.8432963,2.9211641012635434,-1.3332029647721608,0.196198446645446,0.0,0.0,0.010008088313043118,0.8891903758049011
1786713021.9920747,2.9123238521510673,-0.8180829077646639,0.1962094818870361,0.0,0.0,0.011174513958394527,0.9002074003219604
1786713021.9922452,2.8927022305417522,-1.3297067850720783,0.19619789100225657,0.0,0.0,0.012460915371775627,0.8871618509292603
1786713022.146111,2.889086270153023,-0.8142643983411393,0.1962095868499785,0.0,0.0,0.012423531152307987,0.8976182341575623
1786713022.1462553,2.86406593377299,-1.325652687830066,0.19619771168559005,0.0,0.0,0.012095998041331768,0.8841124773025513
1786713022.292037,2.8658494836443644,-0.810054565424597,0.196209248841237,0.0,0.0,0.011997012421488762,0.9719177484512329
1786713022.2922173,2.8352499968561826,-1.3211393639293587,0.19619718040912817,0.0,0.0,0.012095998041331768,0.9777909517288208
1786713022.4420812,2.863772288265985,-0.8068357389136251,0.19620937955156836,0.0,0.0,0.011997012421488762,0.7740864157676697
1786713022.4422421,2.8350418182872574,-1.3180290095385996,0.19619663031093193,0.0,0.0,0.0119491470977664,0.7404062151908875
1786713022.5920374,2.8195198448047973,-0.8005648906306073,0.19620943319994777,0.0,0.0,0.011856555007398129,0.8890150785446167
1786713022.5921547,2.777115113636957,-1.3108058519426422,0.19619624405183034,0.0,0.0,0.012742423452436924,0.8738501071929932
1786713022.692105,2.7964540062317162,-0.7952712418174069,0.19620970994324027,0.0,0.0,0.011788811534643173,0.8862026929855347
1786713022.6922953,2.747830767030197,-1.3049572043616462,0.19619574913715165,0.0,0.0,0.012806628830730915,0.8704961538314819
1786713022.845371,2.7734727951382108,-0.7896048498715307,0.196209703357855,0.0,0.0,0.011749129742383957,0.883435845375061
1786713022.846934,2.7184253496595425,-1.2986370478087887,0.19619523141049208,0.0,0.0,0.012474395334720612,0.8671965003013611
1786713022.9442272,2.750589783678982,-0.7835603415831223,0.19620991452432335,0.0,0.0,0.011923972517251968,0.8807581067085266
1786713022.9479842,2.68891775865015,-1.2918324744956102,0.19619463599934683,0.0,0.0,0.011878665536642075,0.8640074133872986
1786713023.0419862,2.7278155671371245,-0.7771267924084053,0.19621009035082543,0.0,0.0,0.01184713002294302,0.8781203031539917
1786713023.0421958,2.6593289091973036,-1.284525627088003,0.19619427832495384,0.0,0.0,0.011748678982257843,0.8608605861663818
1786713023.7051945,2.705164340173864,-0.7703057040803932,0.19621024069516624,0.0,0.0,0.011891401372849941,0.8755607008934021
1786713023.7052946,2.6296763726267702,-1.2767102523245093,0.19619370945893555,0.0,0.0,0.011768046766519547,0.8578079342842102
1786713023.7053282,2.682648743787345,-0.7630901186494284,0.19621039757918113,0.0,0.0,0.01187960896641016,0.8730881214141846
1786713023.7053578,2.5999815047470793,-1.2683723440470707,0.1961934663747753,0.0,0.0,0.012034891173243523,0.8548592925071716
1786713023.7053852,2.660279001114047,-0.7554748208264204,0.19621036901015312,0.0,0.0,0.011966366320848465,0.8706979155540466
1786713023.7054148,2.5702638192281655,-1.2594998864043274,0.19619307051162568,0.0,0.0,0.012273588217794895,0.852008044719696
1786713023.7054436,2.6380674305985896,-0.7474559332375338,0.196210531392715,0.0,0.0,0.011966366320848465,0.8683948516845703
1786713023.7054718,2.540544469015899,-1.250082307040584,0.1961925943544301,0.0,0.0,0.012536992318928242,0.849259078502655
1786713023.7426517,2.616024503236516,-0.7390313724601059,0.19621108043306854,0.0,0.0,0.011987321078777313,0.8661704063415527
1786713023.7427464,2.5108430137543563,-1.2401110606419257,0.19619205612049137,0.0,0.0,0.012614657171070576,0.8466017246246338
1786713023.8952475,2.5941627695203113,-0.7301992101877096,0.19621137089041496,0.0,0.0,0.011987321078777313,0.8640460968017578
1786713023.8962073,2.481180489850395,-1.2295778281741019,0.19619191350641485,0.0,0.0,0.012954538688063622,0.8440609574317932
1786713024.041992,2.5724943923425183,-0.7209600844620873,0.1962120489569358,0.0,0.0,0.011996304616332054,0.8624763488769531
1786713024.042186,2.4515790817128726,-1.218477408012417,0.1961914904309767,0.0,0.0,0.012954538688063622,0.8421751856803894
1786713024.2012613,2.551046065856896,-0.7113318209197024,0.19621226943110545,0.0,0.0,0.012219770811498165,0.8615520000457764
1786713024.2013698,2.422107953755335,-1.2068305220389577,0.19619136928265082,0.0,0.0,0.012777878902852535,0.8410547375679016
1786713024.2928634,2.529847455779782,-0.7013364023187907,0.19621247640445372,0.0,0.0,0.012219770811498165,0.977599024772644
1786713024.2929263,2.392846156078293,-1.1946665589154633,0.19619074151372945,0.0,0.0,0.01324990764260292,0.9760094881057739
1786713024.4419162,2.529244563712797,-0.6968281878141399,0.19621199893567912,0.0,0.0,0.012217562645673752,0.7424574494361877
1786713024.442041,2.3915331968368814,-1.1899606030670236,0.1961905507548726,0.0,0.0,0.013262474909424782,0.7025601267814636
1786713024.5921743,2.4882309168003105,-0.6802756656099345,0.19621377294862732,0.0,0.0,0.012196536175906658,0.8590319156646729
1786713024.5924482,2.335025437404996,-1.1688164321353434,0.19619083786807665,0.0,0.0,0.013771341182291508,0.8379843235015869
1786713024.692045,2.4678142164117705,-0.6692029428431034,0.19621342747300827,0.0,0.0,0.011598755605518818,0.8583981394767761
1786713024.6922903,2.3064582275039567,-1.1551126508409384,0.19619068895290817,0.0,0.0,0.0143898855894804,0.8372030258178711
1786713024.8422632,2.447672547624782,-0.657785619660628,0.19621298898810557,0.0,0.0,0.011598755605518818,0.8573179841041565
1786713024.8424475,2.278157079687391,-1.1409093156243852,0.19619000450364538,0.0,0.0,0.014134390279650688,0.8358922600746155
1786713027.9424644,2.4277972738841833,-0.646003276042548,0.19621274382454346,0.0,0.0,0.011581195518374443,0.8569691777229309
1786713027.9426055,2.2500858465873947,-1.1261726712570757,0.19619021710811624,0.0,0.0,0.014057137072086334,0.8354504704475403
1786713028.0932736,2.4082142182380895,-0.6338911941932361,0.19621185003626637,0.0,0.0,0.011209589429199696,0.9726431369781494
1786713028.093352,2.2223248889944682,-1.1109542474814549,0.19619038660838609,0.0,0.0,0.014004523865878582,0.9700362086296082
1786713028.242198,2.408553603734252,-0.6293074171726983,0.1962122225416873,0.0,0.0,0.01038430817425251,0.7371593117713928
1786713028.2423868,2.2216054563262486,-1.105956543537004,0.19618948799820668,0.0,0.0,0.014004523865878582,0.696251392364502
1786713028.392058,2.3699014335543396,-0.6086385604127778,0.19621312227005644,0.0,0.0,0.010599941946566105,0.85515296459198
1786713028.392224,2.1676359818080257,-1.0789923490560338,0.19618991032081157,0.0,0.0,0.012944191694259644,0.8332013487815857
1786713028.5432353,2.3511932817766548,-0.5955276181742389,0.19621560981599273,0.0,0.0,0.009678272530436516,0.8544785976409912
1786713028.5433125,2.1407680599813865,-1.0622879692878924,0.19618990629538735,0.0,0.0,0.01263201143592596,0.8323702216148376
1786713028.6419177,2.332783541699923,-0.5820820375153657,0.19621312757556073,0.0,0.0,0.009024765342473984,0.8538441061973572
1786713028.6420574,2.1142074193266414,-1.045081473986749,0.1961895597702297,0.0,0.0,0.011864681728184223,0.8315834403038025
1786713028.792171,2.314680478442085,-0.5683126162966065,0.19621264606248187,0.0,0.0,0.009178273379802704,0.8532440662384033
1786713028.792392,2.087967745296078,-1.0273826938472501,0.19618968711396065,0.0,0.0,0.01127401553094387,0.830834686756134
1786713028.8969338,2.296886442577487,-0.5542276348471398,0.19621483369284248,0.0,0.0,0.008434528484940529,0.8529967665672302
1786713028.8970287,2.0620566499468693,-1.0091990271836166,0.19618936864237224,0.0,0.0,0.010746849700808525,0.8305131793022156
1786713029.0422084,2.2794146499577765,-0.5398405212259098,0.19621568993846905,0.0,0.0,0.007043117191642523,0.8524234294891357
1786713029.0424666,2.0365170216168327,-0.990556331335969,0.19618993769787796,0.0,0.0,0.008253755047917366,0.8297988176345825
1786713029.1922367,2.2622625756348396,-0.5251417940722023,0.19621628641063896,0.0,0.0,0.006520263385027647,0.8519434928894043
1786713029.1924539,2.011326756608265,-0.97143229817351,0.19619023909091252,0.0,0.0,0.007675027474761009,0.8291932344436646
1786713029.3421533,2.2454359660004544,-0.5101440936492364,0.19621661666425336,0.0,0.0,0.005799436010420322,0.9682592153549194
1786713029.3423026,1.9865008170848064,-0.9518414877720452,0.19619051779062033,0.0,0.0,0.006953627802431583,0.9644674062728882
1786713029.4419723,2.2470783064829396,-0.5057397676569535,0.19621907120693213,0.0,0.0,0.005785650573670864,0.7309991717338562
1786713029.442113,1.9867712917367017,-0.9466300683691722,0.1961905792546417,0.0,0.0,0.007320002652704716,0.6890215277671814
1786713029.5921082,2.2127754428159134,-0.4792606444997586,0.19621816074605847,0.0,0.0,0.004943788517266512,0.8686525225639343
1786713029.5923738,1.9379855674425361,-0.911272824483868,0.19619100082544155,0.0,0.0,0.0039051477797329426,0.848666250705719
1786713029.6926794,2.197794626037652,-0.4650341502561232,0.19621634389424794,0.0,0.0,0.0039902422577142715,0.8883985877037048
1786713029.6927767,1.916193591373383,-0.8926377713019851,0.19619300979813,0.0,0.0,0.0039051477797329426,0.8727319836616516
1786713029.8422046,2.1856166601068745,-0.453702867572699,0.19621389070804632,0.0,0.0,0.0039902422577142715,0.8924738764762878
1786713029.8423615,1.8995553524202569,-0.8783355652134857,0.19619548064367073,0.0,0.0,0.0039051477797329426,0.8789108991622925
1786713030.0922182,2.1747197079000777,-0.44398104428175333,0.19621189005400871,0.0,0.0,0.0039902422577142715,0.9015999436378479
1786713030.0923142,1.885537645413426,-0.8664946352430496,0.19619814390060855,0.0,0.0,0.003230646252632141,0.8947955965995789
1786713031.492149,2.131854387378131,-0.41239811968145057,0.1962051081374783,0.0,0.0,0.0013552167220041156,0.9304924607276917
1786713031.4923522,1.8367162794612721,-0.8307729483345498,0.19620292950065596,0.0,0.0,0.0011281934566795826,0.9194204807281494
1786713031.5921123,2.125466081430487,-0.40769594156284406,0.19620450966278316,0.0,0.0,0.0013552167220041156,0.9371218681335449
1786713031.5922601,1.8279130732780138,-0.8243567236601368,0.19620329040611642,0.0,0.0,0.0011281934566795826,0.9272945523262024
1786713031.694271,2.118322311992139,-0.4021338019147218,0.19620621133615973,0.0,0.0,0.0013552167220041156,0.9431685209274292
1786713031.6943738,1.8180956682646745,-0.8168722283703038,0.19620205320067313,0.0,0.0,0.0012339128879830241,0.9350878596305847
1786713031.7920458,2.109770841283654,-0.3953066623532906,0.1962075752511325,0.0,0.0,0.0013552167220041156,0.9474863409996033
1786713031.7921946,1.8068865268568737,-0.808108178867863,0.1962014524534383,0.0,0.0,0.0007097876514308155,0.9434363842010498
1786713031.8919933,2.0986191492653785,-0.3864481373982667,0.19620804554696283,0.0,0.0,0.0013552167220041156,0.9196591973304749
1786713031.8921013,1.7942572637808447,-0.7981614388974156,0.19620230355730853,0.0,0.0,0.0006995199946686625,0.9387142658233643
1786713031.991954,2.098483370608368,-0.3856270192775105,0.19620794031392827,0.0,0.0,0.0013552167220041156,0.8343726396560669
1786713031.992078,1.7990728777088898,-0.8009550302527269,0.19620153235112328,0.0,0.0,0.0006995199946686625,0.8125372529029846
1786713032.1420503,2.070293692857342,-0.3642214960306858,0.19620673261636357,0.0,0.0,0.0010038099717348814,0.9358013868331909
1786713032.1421947,1.763614046300403,-0.7742112451207239,0.19620136619744677,0.0,0.0,0.0005717151216231287,0.9331287145614624
1786713032.2944164,2.0548884887031287,-0.3520356620926936,0.19620772404364734,0.0,0.0,0.0003867855411954224,0.9414868354797363
1786713032.2944818,1.7470545717754287,-0.7611594569890374,0.19620151402383162,0.0,0.0,9.38362063607201e-05,0.9382059574127197
1786713032.392183,2.0415864504069985,-0.34121831718857887,0.19620854644213548,0.0,0.0,0.0003867855411954224,0.9400601983070374
1786713032.392387,1.7324631335311453,-0.7493687489216668,0.19620224051134239,0.0,0.0,9.686520206741989e-05,0.9362677931785583
1786713032.491995,2.028385077282095,-0.3302767052028468,0.1962088315103745,0.0,0.0,0.00034859456354752183,0.9384949803352356
1786713032.4922605,1.7178221635672783,-0.7373328150588729,0.19620149380365598,0.0,0.0,8.36695617181249e-05,0.9341614842414856
1786713032.6449142,2.0152988624042085,-0.3191957889153006,0.1962085396470987,0.0,0.0,0.00034859456354752183,0.9362689256668091
1786713032.6450818,1.703138202758545,-0.7250279248019118,0.1962013775514562,0.0,0.0,8.36695617181249e-05,0.9311752915382385
1786713032.7421637,2.002304737702729,-0.3079856826751623,0.1962088841456049,0.0,0.0,0.00018398344400338829,0.9342519640922546
1786713032.7423482,1.6883239858729997,-0.7124113092269517,0.19620059980581617,0.0,0.0,4.9013080570148304e-05,0.9285075664520264
1786713032.8492897,1.9894562255584771,-0.29660604417377223,0.19620924961798641,0.0,0.0,0.00018398344400338829,0.9322127103805542
1786713032.8494396,1.673467669486812,-0.6994648685243439,0.19620061137095324,0.0,0.0,4.608384188031778e-05,0.9258483648300171
1786713032.9419246,1.976774393241354,-0.2850226997951083,0.19620945867872105,0.0,0.0,0.0001564199337735772,0.929837703704834
1786713032.9420664,1.6586008628442435,-0.686158093977574,0.19620003971850328,0.0,0.0,1.829996136848422e-07,0.9227595329284668
1786713033.0921044,1.9642581279456708,-0.27323028832302676,0.19620944513773134,0.0,0.0,0.00016107010014820844,0.9271566867828369
1786713033.0922549,1.6436968384517943,-0.6724601213664868,0.19620016537249288,0.0,0.0,9.424478264463687e-08,0.9192816615104675
1786713033.668641,1.951915318817854,-0.2612235410802066,0.1962093408123696,0.0,0.0,0.0001391965342918411,0.924296498298645
1786713033.6687315,1.6287418871855488,-0.6583418269853424,0.1962000259511714,0.0,0.0,3.4473723076189344e-07,0.9155940413475037
1786713033.6688333,1.9397627183154729,-0.24898269252872948,0.1962092596237975,0.0,0.0,0.0001399071334162727,0.9212350845336914
1786713033.6689813,1.6137473239923188,-0.6437711961242767,0.19619961042428388,0.0,0.0,5.019102218284388e-07,0.9116652011871338
1786713033.6690893,1.927810188764648,-0.236489961995292,0.1962091631775523,0.0,0.0,0.00012096958380425349,0.9179422855377197
1786713033.6692138,1.5987152327321605,-0.6287150374502328,0.1961992464632227,0.0,0.0,5.019102218284388e-07,0.9074488878250122
1786713033.6693256,1.9160710646981325,-0.22373626345845601,0.1962091890067727,0.0,0.0,0.00012096958380425349,0.918504536151886
1786713033.6694336,1.583647778200804,-0.6131444792082299,0.1961991444664259,0.0,0.0,5.537971787816787e-07,0.9074892401695251
1786713033.6922195,1.9045575421741627,-0.2116048131723163,0.1962084915435902,0.0,0.0,0.00012096958380425349,0.9448449611663818
1786713033.692419,1.5686932547322925,-0.5980490916074438,0.1961992223282618,0.0,0.0,6.150476679067651e-07,0.9567075371742249
1786713033.7922537,1.909258127471357,-0.21383876454255682,0.19620753978227382,0.0,0.0,0.00012096958380425349,0.7585034966468811
1786713033.7932384,1.5757931822821876,-0.602355341111197,0.19619970598539652,0.0,0.0,5.537971787816787e-07,0.7238577604293823
1786713034.0420341,1.885226706194856,-0.19137670300530926,0.19620672154231786,0.0,0.0,2.5850560632534325e-05,0.9020986557006836
1786713034.04218,1.5446091627836653,-0.5736379867848828,0.1962001095882875,0.0,0.0,7.625986881976132e-07,0.8946689963340759
1786713035.292115,1.8773107902268578,-0.18451831877416783,0.19620396358060557,0.0,0.0,2.5850560632534325e-05,0.9669404029846191
1786713035.2923489,1.5304134538344472,-0.5610900091601903,0.19620587780390494,0.0,0.0,7.625986881976132e-07,0.9554511308670044
1786713035.3919787,1.8845361160161933,-0.19205150624611866,0.19620467506008862,0.0,0.0,3.327880767756142e-05,0.9712913632392883
1786713035.3920968,1.5356225289770373,-0.5667558013614059,0.19620594986132364,0.0,0.0,7.625986881976132e-07,0.9620529413223267
1786713035.542126,1.8925567146001625,-0.2004985445552653,0.19620478907435157,0.0,0.0,3.834663220914081e-05,0.9715867042541504
1786713035.5422952,1.5416167024335432,-0.5733056097477086,0.19620654705765778,0.0,0.0,7.625986881976132e-07,0.9643754959106445
1786713035.6419787,1.9021662428635784,-0.2103760449509162,0.19620336257126766,0.0,0.0,0.00010581404058029875,0.9611557722091675
1786713035.642151,1.5493041306396411,-0.5813643597883409,0.19620667156911129,0.0,0.0,7.625986881976132e-07,0.9585305452346802
1786713035.7921612,1.9131871466460235,-0.22147164163217692,0.19620350388574198,0.0,0.0,0.00012096958380425349,0.9529877305030823
1786713035.7923226,1.5594715176600285,-0.5916462677276663,0.19620597499877263,0.0,0.0,7.285474339369102e-07,0.9507912397384644
1786713035.8942351,1.926039799346527,-0.23424673040523314,0.19620362630480687,0.0,0.0,0.0001399071334162727,0.9444441199302673
1786713035.8943205,1.5715328626783962,-0.6036636112494386,0.1962048575806703,0.0,0.0,6.150476679067651e-07,0.9431765079498291
1786713036.042104,1.9405448992520742,-0.2484334539426632,0.1962038495982408,0.0,0.0,0.0001399071334162727,0.9432830214500427
1786713036.0422547,1.5854258053933639,-0.6172619088821727,0.19620582517001953,0.0,0.0,5.537971787816787e-07,0.9419985413551331
1786713036.1422207,1.9552584657719094,-0.26290413167815785,0.19620434020114974,0.0,0.0,0.0001324398472206667,0.9513342976570129
1786713036.1423867,1.5995188307913646,-0.6311341034358552,0.19620613854062996,0.0,0.0,3.4473723076189344e-07,0.9495553374290466
1786713036.2998614,1.9681699356508489,-0.27579965909175025,0.19620406591937486,0.0,0.0,0.00014020211528986692,0.9517951607704163
1786713036.2999296,1.6117372680603026,-0.6433588427134191,0.19620717390332623,0.0,0.0,3.4473723076189344e-07,0.9496526122093201
1786713036.394673,1.9810941100526007,-0.28885543669256347,0.19620431805981023,0.0,0.0,0.00017825484974309802,0.9523083567619324
1786713036.4003072,1.6238857159862359,-0.6556607845316675,0.1962065901777297,0.0,0.0,9.424478264463687e-08,0.9497385621070862
1786713036.5420265,1.9940406885627402,-0.30209139212100977,0.1962042249343527,0.0,0.0,0.00018331660248804837,0.9528054594993591
1786713036.5421882,1.6359595296387415,-0.6680447820753209,0.19620636820923942,0.0,0.0,9.424478264463687e-08,0.9497964978218079
1786713036.6420524,2.0070001620560873,-0.31552486406277,0.1962040064554726,0.0,0.0,0.00034236887586303055,0.953326404094696
1786713036.642195,1.6479469952733925,-0.6805246221671089,0.19620666960663713,0.0,0.0,9.424478264463687e-08,0.9498134851455688
1786713036.7941794,2.019979972328535,-0.32917818156758594,0.19620328785722865,0.0,0.0,0.00034236887586303055,0.9538388252258301
1786713036.7942579,1.6598412223353178,-0.693106856915758,0.19620684418966497,0.0,0.0,1.9912604898308928e-08,0.9497944116592407
1786713036.8938394,2.0329712701071285,-0.34306676298289507,0.1962034663676282,0.0,0.0,0.00039360590744763613,0.9543365836143494
1786713036.8940735,1.6716278730304994,-0.7057993771457248,0.1962068899971644,0.0,0.0,1.9912604898308928e-08,0.9496937990188599
1786713036.9920127,2.04598130784414,-0.3572229154844938,0.1962032605934538,0.0,0.0,0.0003774019714910537,0.9547889232635498
1786713036.9922154,1.6832995732302327,-0.7186173805293298,0.19620678255139848,0.0,0.0,2.2020932988198183e-07,0.9495059251785278
1786713037.142228,2.0590049897914975,-0.3716675439178704,0.19620274311252725,0.0,0.0,0.0004577534564305097,0.9551745057106018
1786713037.1424515,1.6948428551708135,-0.7315702247725232,0.19620744849197805,0.0,0.0,0.00010678912076400593,0.9492067098617554
1786713037.2492957,2.0720390602065404,-0.38642786884558594,0.19620268242344013,0.0,0.0,0.0008748131222091615,0.9554796814918518
1786713037.2494338,1.7062455867295176,-0.7446723869300398,0.1962075867318281,0.0,0.0,0.00010678912076400593,0.9487728476524353
1786713037.3923135,2.085079573112005,-0.401530554733443,0.19620202481968904,0.0,0.0,0.0008748131222091615,0.9556646347045898
1786713037.3924658,1.7174930706528346,-0.7579350485077411,0.19620725175215634,0.0,0.0,0.0001244535087607801,0.9481632709503174
1786713037.492075,2.0981248428724912,-0.4170043360134722,0.19620155694512112,0.0,0.0,0.0022722710855305195,0.9556998610496521
1786713037.4922805,1.7285728399366143,-0.771370413804375,0.1962076539439214,0.0,0.0,0.0001244535087607801,0.947353184223175
1786713037.6452312,2.1111689207503073,-0.4328793817243395,0.19620104025743904,0.0,0.0,0.002327586989849806,0.9421756267547607
1786713037.6461563,1.7394697881163843,-0.7849926514978487,0.19620801143757646,0.0,0.0,0.0001512014860054478,0.9563714265823364
1786713037.7472262,2.1043533957608216,-0.4282641192243106,0.19620092885918358,0.0,0.0,0.002327586989849806,0.8823315501213074
1786713037.7474086,1.7356039175126918,-0.7834652203718755,0.19620686935355822,0.0,0.0,0.0001512014860054478,0.8507208824157715
1786713037.892053,2.137223747830553,-0.4659486947901569,0.19620062784993542,0.0,0.0,0.002743827411904931,0.9546065330505371
1786713037.892202,1.760656493040913,-0.8128508460736997,0.1962080470416166,0.0,0.0,0.0001562509423820302,0.9434518218040466
1786713037.9920554,2.150217810362345,-0.48320091216045474,0.19620030375258518,0.0,0.0,0.0030176150612533092,0.9537668824195862
1786713037.9922216,1.7709162434857053,-0.8271112512000314,0.1962084652166961,0.0,0.0,0.00016572113963775337,0.9415990710258484
1786713038.0920274,2.1631739190137766,-0.5009699018145792,0.19619985506385673,0.0,0.0,0.0031233923509716988,0.9526613354682922
1786713038.0922568,1.7809335739720662,-0.8416109424165421,0.1962087996789827,0.0,0.0,0.00016572113963775337,0.9394463896751404
1786713038.2429519,2.1760789626896817,-0.5192818378176931,0.1961994680985165,0.0,0.0,0.003563967300578952,0.9513035416603088
1786713038.243034,1.7906933946953076,-0.8563604100946909,0.19620913012274874,0.0,0.0,0.00019472016720101237,0.9370207786560059
1786713038.3921046,2.1889158435661735,-0.5381617772792744,0.1961989679424261,0.0,0.0,0.003801098559051752,0.9635701775550842
1786713038.3922746,1.8001805833601785,-0.8713717671664127,0.19620955049169828,0.0,0.0,0.0006706056301482022,0.9710047841072083
1786713038.4922748,2.1829697467031584,-0.5356755498306316,0.19619855386629606,0.0,0.0,0.003801098559051752,0.8703873753547668
1786713038.4924142,1.7956628271857942,-0.8705447033315803,0.19620984669920918,0.0,0.0,0.0006706056301482022,0.8325836062431335
1786713038.6421285,2.2143154098612183,-0.5777132663052179,0.19619809020905826,0.0,0.0,0.002875029807910323,0.9457809925079346
1786713038.6423056,1.8182828847951353,-0.9022163309174734,0.19621021608391914,0.0,0.0,0.0007272408111020923,0.9282113313674927
1786713038.7423925,2.2268368148836912,-0.5984219427597892,0.1961976370678274,0.0,0.0,0.0020050047896802425,0.9435322880744934
1786713038.7425978,1.826871827740176,-0.9180655081438729,0.19621059234005062,0.0,0.0,0.0007367428042925894,0.9248624444007874
1786713038.8422446,2.239209005802707,-0.6197712803345632,0.19619719444286918,0.0,0.0,0.0020050047896802425,0.941131591796875
1786713038.8424327,1.835136115242435,-0.9342058505156783,0.19621095249276696,0.0,0.0,0.000772424042224884,0.9213727712631226
1786713038.9921641,2.251407799382389,-0.6417716278866096,0.1961967072827526,0.0,0.0,0.0021843386348336935,0.9386164546012878
1786713038.9923134,1.8430654206917259,-0.9506413440324425,0.19621131013899998,0.0,0.0,0.0007821235922165215,0.9177865982055664
1786713039.0920973,2.2634060912002427,-0.6644293435816567,0.1961962621839908,0.0,0.0,0.001237320713698864,0.9360234141349792
1786713039.092192,1.8506488330166162,-0.9673739681933707,0.1962116115452183,0.0,0.0,0.0008995124371722341,0.9141482710838318
1786713039.2423503,2.2751762886953135,-0.6877467680766334,0.19619580582875035,0.0,0.0,0.0009450028883293271,0.9333760738372803
1786713039.2424989,1.8578773257024168,-0.9844041044473422,0.1962120073477044,0.0,0.0,0.0011362711666151881,0.9104841351509094
1786713039.3921432,2.286689463195255,-0.7117222329454703,0.19619537390437583,0.0,0.0,0.00022184874978847802,0.930698037147522
1786713039.3923485,1.8647416973015507,-1.0017292717733737,0.19621233216831493,0.0,0.0,0.0011362711666151881,0.9068225026130676
1786713039.492085,2.2979178679871097,-0.7363498971443304,0.19619495097882095,0.0,0.0,0.0006283539696596563,0.9280568361282349
1786713039.4922476,1.871235246986168,-1.0193444918312224,0.1962126644934427,0.0,0.0,0.0011460063979029655,0.9032440185546875
1786713039.5920658,2.3088301651866985,-0.7616215254541436,0.19619447457302056,0.0,0.0,0.0010962941450998187,0.9254314303398132
1786713039.592242,1.877350603221748,-1.0372469728688685,0.19621302092767032,0.0,0.0,0.0012733201729133725,0.8997199535369873
1786713039.7422166,2.31939721325899,-0.7875238229314581,0.19619408647649564,0.0,0.0,0.0010962941450998187,0.9830341339111328
1786713039.742461,1.8830812790706353,-1.0554275466913439,0.19621329402743778,0.0,0.0,0.001146061229519546,0.9782119393348694
1786713039.8422177,2.3147621347599037,-0.7893027587379747,0.19619368158534436,0.0,0.0,0.001410696073435247,0.8452922105789185
1786713039.8423347,1.8775425663159675,-1.055729199942181,0.19621360543661695,0.0,0.0,0.0004021914501208812,0.7965518832206726
1786713040.042033,2.339363028429753,-0.8411572742340401,0.1961933172211084,0.0,0.0,0.0021469308994710445,0.9181024432182312
1786713040.04221,1.8933557098220217,-1.0925960765818012,0.19621386631571702,0.0,0.0,0.00040675135096535087,0.8900030255317688
1786713040.1920989,2.348702350324201,-0.8688483243058677,0.19619301846666043,0.0,0.0,0.0028845800552517176,0.9207526445388794
1786713040.192254,1.8978881447651057,-1.1115632839171918,0.19621416072011877,0.0,0.0,0.0003479818406049162,0.8939672112464905
1786713040.2937045,2.3574712154477475,-0.8953310339674341,0.19619340847098166,0.0,0.0,0.0035544580314308405,0.9247851967811584
1786713040.293766,1.9022295090795729,-1.1296363655057948,0.19621330047289637,0.0,0.0,0.0003479818406049162,0.9000750780105591
1786713040.4420805,2.3643562296704554,-0.9178535448124361,0.19619511574110673,0.0,0.0,0.0035467955749481916,0.9293138980865479
1786713040.4423022,1.9051389836997221,-1.1442680335618785,0.19621206813626477,0.0,0.0,0.00034991258871741593,0.9065342545509338
1786713040.542752,2.3705663213032535,-0.9383956371463025,0.19619690725112554,0.0,0.0,0.003296563168987632,0.931505024433136
1786713040.5429125,1.9077800604783715,-1.1574227510372725,0.19621003417499355,0.0,0.0,0.000333520962158218,0.9099481701850891
1786713040.6926928,2.3760926875960147,-0.9571753486032529,0.196198387179954,0.0,0.0,0.002962295198813081,0.9353423714637756
1786713040.6927543,1.9100141224167624,-1.169106401001304,0.19620887070193097,0.0,0.0,0.00033221131889149547,0.9154170751571655
1786713040.7921712,2.380766589150207,-0.9738487090466147,0.19619924207823383,0.0,0.0,0.002962295198813081,0.938623309135437
1786713040.7922785,1.9117200835768577,-1.179127484232911,0.19620745452767166,0.0,0.0,0.0002887780428864062,0.9202948808670044
1786713042.2420218,2.406891716937268,-1.0849199945674803,0.19619983059380772,0.0,0.0,0.002140448661521077,0.9372974038124084
1786713042.2422428,1.9146268136627627,-1.2257009058216701,0.19620536069111424,0.0,0.0,0.00010884759103646502,0.9176447987556458
1786713042.342122,2.4083792961279324,-1.1009409836542856,0.19619992111645992,0.0,0.0,0.0018486931221559644,0.9489181041717529
1786713042.3423367,1.9141805505684588,-1.2347752088469406,0.1962073051861977,0.0,0.0,6.811799539718777e-05,0.9307990074157715
1786713042.49226,2.4099866362322224,-1.1191244281215575,0.19619985756092237,0.0,0.0,0.0007335260743275285,0.9557989835739136
1786713042.4923975,1.9141153532413278,-1.2466221560696331,0.19620840406134413,0.0,0.0,6.811799539718777e-05,0.938707172870636
1786713042.5936983,2.4119693077140223,-1.139402950956791,0.1961995677315823,0.0,0.0,0.0007335260743275285,0.9586823582649231
1786713042.593783,1.9146117163867986,-1.260973614625548,0.19620875035672666,0.0,0.0,5.241957842372358e-05,0.9420642256736755
1786713042.7423062,2.4143309821335945,-1.1618322446445748,0.19619929365302866,0.0,0.0,0.0004294461105018854,0.959712564945221
1786713042.7425299,1.9156080818455603,-1.2776746748240062,0.19620921409577544,0.0,0.0,5.241957842372358e-05,0.9435202479362488
1786713042.8442261,2.4170682281931124,-1.186589187622708,0.19619898445345457,0.0,0.0,0.0004614977806340903,0.9571237564086914
1786713042.8442967,1.9170868606891085,-1.2968735111943561,0.19621008266549644,0.0,0.0,4.7856559831416234e-05,0.9398396611213684
1786713042.9922159,2.4195101654293882,-1.2121291457991787,0.19619813675113892,0.0,0.0,5.530561611521989e-05,0.9529253840446472
1786713042.9923553,1.9182625288175057,-1.316507336247809,0.19621037077904832,0.0,0.0,0.0003488683432806283,0.934367299079895
1786713043.092106,2.4210290109593937,-1.2357817580209596,0.19619810460047876,0.0,0.0,5.530561611521989e-05,0.9501098394393921
1786713043.0922961,1.918497885937612,-1.3337943501392426,0.1962111658906427,0.0,0.0,0.0003488683432806283,0.9305329918861389
1786713043.6817403,2.4220239659117455,-1.259927082242781,0.19619837779503518,0.0,0.0,5.3710387874161825e-05,0.9465041160583496
1786713043.6818707,1.918226227383247,-1.3512059871940802,0.19621120209370607,0.0,0.0,0.0005485907895490527,0.9258012175559998
1786713043.681938,2.4225390613512396,-1.2845949521369668,0.1961975109772121,0.0,0.0,4.555006307782605e-05,0.9427969455718994
1786713043.6820464,1.917499036461313,-1.36872920829178,0.19621166930948714,0.0,0.0,0.0005485907895490527,0.9209831953048706
1786713043.6821792,2.4225472025182393,-1.3097796589377884,0.19619691188937638,0.0,0.0,1.030836756399367e-06,0.939089834690094
1786713043.6823092,1.9163069078014907,-1.386361404699805,0.19621178272116996,0.0,0.0,0.0005485907895490527,0.9161964654922485
1786713043.682411,2.422020183799888,-1.3354714856242087,0.19619700094941794,0.0,0.0,1.030836756399367e-06,0.9809818863868713
1786713043.6824718,1.9146407823671359,-1.404101965568812,0.19621197811600627,0.0,0.0,0.0013552441960200667,0.9792202115058899
1786713043.7473078,2.4173257971276843,-1.3330428982738494,0.19619567526198461,0.0,0.0,1.030836756399367e-06,0.8678945302963257
1786713043.7473927,1.9098493027117243,-1.4009517145757457,0.19621252054336003,0.0,0.0,0.0013650846667587757,0.8211863040924072
1786713043.8924103,2.419267177100555,-1.3883136610135582,0.19619564043658536,4.970312118530273,1.8119096755981445,1.1956188927797484e-06,0.928257942199707
1786713043.892582,1.909871286070212,-1.4398871610589472,0.19621280060457366,0.0,0.0,0.0015285919653251767,0.9023469686508179
1786713044.0472786,2.4169912763701142,-1.4154219832289086,0.19619521754549904,4.651993751525879,1.6920089721679688,1.1188753887836356e-06,0.9248707294464111
1786713044.0474248,1.9067582021253942,-1.4579215081537138,0.19621332688231632,0.0,0.0,0.0030800476670265198,0.8980457782745361
1786713044.1920843,2.4140894433535984,-1.4429552891686828,0.19619467256942608,4.651993751525879,1.6920089721679688,1.1188753887836356e-06,0.9216629266738892
1786713044.1922576,1.903159506768985,-1.4760400220065053,0.19621350586798036,0.0,0.0,0.0034211163874715567,0.8939791321754456
1786713044.2921004,2.4105405937321946,-1.4708828734232722,0.19619409310620103,4.651993751525879,1.6920089721679688,1.191225692309672e-06,0.9186363220214844
1786713044.29228,1.899073339806739,-1.4942334145566092,0.19621386009254202,0.0,0.0,0.002711125183850527,0.8901481628417969
1786713044.442743,2.4063267406455173,-1.499172771606518,0.19619375567645322,5.335330963134766,1.9500732421875,1.2253025261088624e-06,0.9158012866973877
1786713044.4428763,1.8945000098565519,-1.5124918268047614,0.19621421309672463,0.0,0.0,0.002069619717076421,0.886564314365387
1786713044.5921152,2.4014319774349246,-1.527789800166405,0.1961937501074654,4.970312118530273,1.8119096755981445,1.2560590221255552e-06,0.913192629814148
1786713044.5922334,1.8894408451056315,-1.5308031028381799,0.1962143213647005,0.0,0.0,0.0030373018234968185,0.8832672238349915
1786713044.692115,2.3958409509193617,-1.5566959306538832,0.1961935394138972,4.970312118530273,1.8119096755981445,1.8932485090772389e-06,0.9108100533485413
1786713044.692302,1.883896491280379,-1.5491547238002439,0.19621461406475496,0.0,0.0,0.0030373018234968185,0.8802539110183716
1786713044.792385,2.389538425570947,-1.585852022570915,0.19619245017447856,5.335330963134766,1.9500732421875,2.248993496323237e-06,0.908690869808197
1786713044.7926219,1.8778662515336744,-1.5675330212589431,0.19621496468290617,0.0,0.0,0.004183775279670954,0.8775694966316223
1786713044.94231,2.382512307055654,-1.6152152609990473,0.19619180492331223,4.651993751525879,1.6920089721679688,2.4843309347488685e-06,0.9074488878250122
1786713044.9424434,1.871350868729368,-1.585923907046006,0.19621529535267707,0.0,0.0,0.004894006531685591,0.8759690523147583
1786713045.0422184,2.3747790687186674,-1.6446856272248687,0.19619157585727806,4.371941089630127,1.5869736671447754,2.528869572415715e-06,0.907123863697052
1786713045.0423949,1.864373708796526,-1.604307811617056,0.19621543986509957,0.0,0.0,0.006789619568735361,0.8755040764808655
1786713045.195172,2.366372593213432,-1.6741557911656406,0.1961915334892218,4.651993751525879,1.6920089721679688,2.5627095965319313e-06,0.9547455906867981
1786713045.1952372,1.856968657656235,-1.6226618122277097,0.19621544957498177,0.0,0.0,0.006789619568735361,0.9452458024024963
1786713045.2921247,2.3606229356772466,-1.6749101000535713,0.1961914451593317,8.9404878616333,3.3568620681762695,2.5627095965319313e-06,0.8515570759773254
1786713045.2923217,1.8515814673143702,-1.619948450580277,0.19621540640676963,0.0,0.0,0.006447376683354378,0.7980183959007263
1786713045.4423192,2.3476135238784,-1.732852434269273,0.19619146821253974,12.873679161071777,4.987990856170654,2.670850335562136e-06,0.9082631468772888
1786713045.442548,1.8409372624764078,-1.6592102890321831,0.1962154802701599,0.0,0.0,0.00817885808646679,0.8767256140708923
1786713045.543201,2.3372840203706815,-1.7620052847745253,0.19619148129780506,13.671695709228516,5.332589149475098,2.660622385519673e-06,0.9089400172233582
1786713045.5432568,1.8323274327213221,-1.6773716979476314,0.19621536287488323,0.0,0.0,0.00817885808646679,0.877503514289856
1786713045.6420894,2.3263375709595864,-1.7909850195819192,0.19619243281568907,15.599817276000977,6.185853481292725,3.0264764063758776e-06,0.9095629453659058
1786713045.6422822,1.8233318850590003,-1.6954377567461054,0.19621515427471134,0.0,0.0,0.008631727658212185,0.8782155513763428
1786713045.7925162,2.314776198455065,-1.8197794767484556,0.19619260059511645,14.573365211486816,5.727887153625488,3.048416147066746e-06,0.9103036522865295
1786713045.7925758,1.8139501482103657,-1.7133968330021536,0.19621509150849015,0.0,0.0,0.008156714029610157,0.8790761232376099
1786713045.89463,2.3026160055313376,-1.8483577030480318,0.19619237742081505,12.873679161071777,4.987990856170654,2.882236685763928e-06,0.9109098315238953
1786713045.894691,1.8041925886590164,-1.7312334228420267,0.19621472793774927,0.0,0.0,0.00735903438180685,0.8797703981399536
1786713045.9922009,2.2898519501423724,-1.876716264654073,0.19619196726236646,12.873679161071777,4.987990856170654,2.7806252091977512e-06,0.9113792777061462
1786713045.9923735,1.7940531055826539,-1.7489371379087926,0.19621436060296402,0.0,0.0,0.00858569797128439,0.880300760269165
1786713046.1420949,2.2764855030124815,-1.9048478787578946,0.1961918381228868,15.599817276000977,6.185853481292725,2.8923516310896957e-06,0.911992073059082
1786713046.142267,1.783532593819918,-1.7664953260460914,0.19621367194811648,0.0,0.0,0.00843143742531538,0.8810075521469116
1786713046.2420475,2.2625322295846217,-1.9327240277004716,0.19619225526780912,14.573365211486816,5.727887153625488,2.889973529818235e-06,0.912703275680542
1786713046.2431839,1.77264030259774,-1.783895604848344,0.19621285692047688,0.0,0.0,0.011518687009811401,0.8818374276161194
1786713046.3922281,2.2480086957921586,-1.9603201710488083,0.1961924920315842,14.573365211486816,5.727887153625488,2.944837888207985e-06,0.9131741523742676
1786713046.3923705,1.7613864563017154,-1.801125963950211,0.19621392925730183,0.0,0.0,0.011495164595544338,0.8823729157447815
1786713046.5422225,2.2329052340363487,-1.9876415742799787,0.19619243828722105,10.18795394897461,3.862607479095459,2.944837888207985e-06,0.9137969613075256
1786713046.5423775,1.7497637079191928,-1.818176931218893,0.19621465009562716,0.0,0.0,0.011728241108357906,0.8830971121788025
1786713046.6424966,2.2172438027663666,-2.0146616148788548,0.19619202267694588,8.42413330078125,3.150463104248047,2.7198575480724685e-06,0.9143277406692505
1786713046.6426144,1.737786330356356,-1.835038310200808,0.1962158290168556,0.0,0.0,0.011728241108357906,0.8837084174156189
1786713046.742334,2.201022093395466,-2.041371521991694,0.19619164985152487,7.551103591918945,2.80534029006958,2.6627906208886998e-06,0.9148268103599548
1786713046.7425132,1.725450882769844,-1.8516980579150695,0.19621713030106674,0.0,0.0,0.012981563806533813,0.8842847347259521
1786713046.8942137,2.1842525221308513,-2.0677588345492257,0.1961917240730107,8.42413330078125,3.150463104248047,2.5988390461861854e-06,0.9151326417922974
1786713046.8943613,1.712766718518347,-1.8681463689699616,0.1962157498490846,0.0,0.0,0.013307658955454826,0.8846229910850525
1786713046.9932234,2.1669244952281863,-2.093827180058561,0.19619082421040954,4.371941089630127,1.5869736671447754,2.5988390461861854e-06,0.9156419038772583
1786713046.9932942,1.6997264676234658,-1.8843755093963663,0.1962164966555023,0.0,0.0,0.01308528147637844,0.8852130770683289
1786713047.1420822,2.1490658992889657,-2.119546233791111,0.19618960774899227,4.970312118530273,1.8119096755981445,2.36073196901998e-06,0.9159979820251465
1786713047.1422374,1.686347829995056,-1.9003750958242056,0.1962147316079145,0.0,0.0,0.01218053512275219,0.8856161236763
1786713047.2422824,2.1306716797443004,-2.1449147761796796,0.19618758797596297,4.651993751525879,1.6920089721679688,2.489560074536712e-06,0.9163276553153992
1786713047.2425954,1.6726276005606553,-1.9161362351843136,0.19621413676880162,0.0,0.0,0.01218053512275219,0.8859884738922119
1786713047.3922622,2.111750487824171,-2.1699200866452704,0.19618858039272968,4.651993751525879,1.6920089721679688,2.387477707088692e-06,0.9164848327636719
1786713047.3924026,1.6585721773243542,-1.9316483546231156,0.1962133128418332,0.0,0.0,0.012227730825543404,0.8861505389213562
1786713047.4925475,2.0922955187358983,-2.194562580147016,0.19618983990737734,4.371941089630127,1.5869736671447754,2.654211584740551e-06,0.9169168472290039
1786713047.4927027,1.6441783029811066,-1.946903620227246,0.1962125474196448,0.0,0.0,0.011469166725873947,0.886649489402771
1786713047.64455,2.0723398289392225,-2.2188122421730854,0.19618865396411467,4.371941089630127,1.5869736671447754,2.654211584740551e-06,0.9173213243484497
1786713047.646583,1.6294653388145879,-1.9618955524699178,0.19621208068126528,0.0,0.0,0.012584376148879528,0.8871158957481384
1786713047.7425582,2.051891147214022,-2.2426556420286285,0.19618776979059507,0.0,0.0,2.879431121982634e-06,0.9177881479263306
1786713047.7427063,1.6144383119334913,-1.9766123817661272,0.1962117264921376,0.0,0.0,0.01104891300201416,0.8876602053642273
1786713047.842151,2.0309688825499554,-2.266079547920783,0.1961870424370946,0.0,0.0,3.0039636840228923e-06,0.9183651208877563
1786713047.84232,1.5991101766135944,-1.991048536179573,0.1962132641461192,0.0,0.0,0.009939324110746384,0.8883388638496399
1786713047.9921145,2.0095905323022882,-2.289064805683006,0.19618955058357085,0.0,0.0,3.0742987746634753e-06,0.9600604772567749
1786713047.992265,1.583489485669738,-2.0051952977725596,0.1962127308856137,0.0,0.0,0.009939324110746384,0.9523849487304688
1786713048.0921328,2.004057967612778,-2.2878242103715816,0.19618923526280957,0.0,0.0,3.0742987746634753e-06,0.8734091520309448
1786713048.092375,1.5795397149042905,-2.0015930930367154,0.1962134544085512,0.0,0.0,0.009939324110746384,0.8213212490081787
1786713048.248298,1.9654648671187849,-2.3337209453757697,0.1961906532660459,0.0,0.0,3.222086888854392e-06,0.9597282409667969
1786713048.2485182,1.5513775586990575,-2.0325968838369257,0.19621448718902468,0.0,0.0,0.007205173373222351,0.9520365595817566
1786713048.3921971,1.9599430973712126,-2.3323099958629268,0.19619205839154982,0.0,0.0,3.222086888854392e-06,0.8739802837371826
1786713048.3924365,1.547538902868591,-2.0288849147373273,0.1962144317495186,0.0,0.0,0.010154481045901775,0.8217912316322327
1786713048.4948058,1.919431344559849,-2.3766528817757204,0.1961924245052928,0.0,0.0,3.2942170946625993e-06,0.918999969959259
1786713048.4949532,1.518079212935135,-2.058752793826043,0.19621526933054875,0.0,0.0,0.005240064114332199,0.8890060186386108
1786713048.642482,1.8957352912897456,-2.397435140230021,0.1961925193290724,0.0,0.0,3.5418092920735944e-06,0.9191238880157471
1786713048.642628,1.501007550634179,-2.071346179524097,0.19621402938141064,0.0,0.0,0.002472521737217903,0.8891372680664062
1786713048.7922776,1.871604053662254,-2.4177451747052943,0.19619225521645992,0.0,0.0,3.510120222927071e-06,0.9195714592933655
1786713048.7924109,1.4836655821706153,-2.0836078647523695,0.19621309158551223,0.0,0.0,0.002073538489639759,0.8896626830101013
1786713048.8922791,1.8470794842613318,-2.4375556258625757,0.19619220733923234,0.0,0.0,3.9544970604765695e-06,0.920112669467926
1786713048.8934913,1.466074954985093,-2.095532895264575,0.19621282964645478,0.0,0.0,0.0016857428709045053,0.8903039693832397
1786713049.0421135,1.8221868658750762,-2.456855411860005,0.19619202891066193,0.0,0.0,3.968725195591105e-06,0.9202066659927368
1786713049.0423057,1.4482510159338118,-2.1071183966929334,0.19621075674637392,0.0,0.0,0.0016857428709045053,0.8904017806053162
1786713049.1952252,1.796890977723204,-2.4756599673733146,0.19619189170961188,0.0,0.0,3.798184707193286e-06,0.9203543066978455
1786713049.1953099,1.4301787326235647,-2.1183559947655195,0.19621316775942116,0.0,0.0,0.0015047480119392276,0.890566885471344
1786713049.2926884,1.771213249553298,-2.493954697559686,0.19619220210030205,0.0,0.0,4.530229034571676e-06,0.920638382434845
1786713049.292849,1.4118727242549562,-2.1292378397125704,0.19621412102064242,0.0,0.0,0.0013213271740823984,0.8908975124359131
1786713049.4422555,1.745176182643171,-2.511724973620468,0.19619226151517644,0.0,0.0,4.530229034571676e-06,0.9208306670188904
1786713049.4423597,1.393344397533311,-2.1397593911893305,0.19621401178131204,0.0,0.0,0.0006011636578477919,0.8911163210868835
1786713049.54427,1.718780872639774,-2.528969683705957,0.19619213036848615,0.0,0.0,4.783733402291546e-06,0.9209911227226257
1786713049.5444121,1.3745964437440223,-2.1499168134947557,0.196214274338063,0.0,0.0,0.0006011636578477919,0.8912993669509888
1786713049.6922832,1.6920412797646676,-2.5456820710122505,0.196192223752547,0.0,0.0,4.539344899967546e-06,0.9211134910583496
1786713049.6924102,1.355640321702674,-2.1597048762019924,0.19621461520598174,0.0,0.0,2.564945134508889e-06,0.891435444355011
1786713049.798232,1.6649612178002189,-2.5618555161479115,0.19619226699901993,0.0,0.0,4.346127752796747e-06,0.9214189648628235
1786713049.798343,1.3364788747528593,-2.1691172447698372,0.19621465179904723,0.0,0.0,2.6715745207184227e-06,0.8917946815490723
1786713049.9422252,1.637573269082261,-2.5774773627034797,0.19619227676896167,0.0,0.0,4.557892225420801e-06,0.921608030796051
1786713049.942414,1.3171297045139028,-2.1781530315821387,0.19621466466883059,0.0,0.0,2.1395857402239926e-05,0.892012894153595
1786713050.0923133,1.6098766661958777,-2.5925450732994766,0.19619225557320563,0.0,0.0,4.592689037963282e-06,0.9215704798698425
1786713050.0925372,1.2975951144743065,-2.186805955205895,0.19621468346366489,0.0,0.0,2.35376282944344e-05,0.8919570446014404
1786713050.1923506,1.5818614745854371,-2.607059739924606,0.19619233316674006,0.0,0.0,4.761145191878313e-06,0.9220553636550903
1786713050.1925392,1.2778753381837897,-2.195068928890001,0.19621466358183703,0.0,0.0,2.6014224204118364e-05,0.8925352692604065
1786713050.3534744,1.553592139555327,-2.6209984573694403,0.19619230504212234,-2.9802322387695312e-05,1.1920928955078125e-05,4.219534730509622e-06,0.921974778175354
1786713050.353603,1.257998387978247,-2.202945430197402,0.1962146854413366,0.0,0.0,2.6014224204118364e-05,0.8924281597137451
1786713050.44218,1.5250247161788038,-2.6343736332080234,0.19619233953315035,0.0,0.0,4.253222414263291e-06,0.9221673607826233
1786713050.4425209,1.2379519546854156,-2.2104240735259393,0.19621364510843592,0.0,0.0,0.00022352903033606708,0.8926529288291931
1786713050.5921528,1.49619907111356,-2.6471725446215983,0.19619222067141914,0.0,0.0,3.5239727367297746e-06,0.9225172996520996
1786713050.5922754,1.2177546714802692,-2.217506725843211,0.1962142741247803,0.0,0.0,0.00022352903033606708,0.8930698037147522
1786713050.742187,1.4671455563978268,-2.6593853040160496,0.19619236946618146,-2.9802322387695312e-05,1.1920928955078125e-05,2.622474312374834e-06,0.9222744107246399
1786713050.7423468,1.197422283826,-2.224191834697493,0.19621463205322276,0.0,0.0,0.0001950746518559754,0.8927675485610962
1786713050.8923032,1.437815153608056,-2.6710217946089796,0.1961923833135428,0.0,0.0,2.3966681510501076e-06,0.9226371645927429
1786713050.8924687,1.1769411441487005,-2.2304667461850687,0.19621467245762256,0.0,0.0,0.0001950746518559754,0.893200159072876
1786713050.992112,1.4082810195364344,-2.682062435018716,0.1961923983180089,0.0,0.0,2.3966681510501076e-06,0.9227436780929565
1786713050.992276,1.1563403831212513,-2.236338400185218,0.196214634745759,0.0,0.0,0.00046476194984279573,0.8933223485946655
1786713051.1442738,1.3785309824935528,-2.692509745281363,0.19619241098714868,0.0,0.0,2.3966681510501076e-06,0.9227175116539001
1786713051.144426,1.135620737084286,-2.241800734743503,0.19621466390989517,0.0,0.0,0.0005931236664764583,0.8932836055755615
1786713051.2924273,1.3485617659783873,-2.702360596185864,0.19619232012754131,0.0,0.0,1.959878318302799e-06,0.9231610894203186
1786713051.2932072,1.1147843935615878,-2.246847545173048,0.1962147453988021,0.0,0.0,0.0005931236664764583,0.893817126750946
1786713051.442296,1.3184400139655161,-2.7116045420543027,0.19619250238397382,0.0,0.0,2.192160309277824e-06,0.959811806678772
1786713051.4424937,1.0938606601691672,-2.251487042545127,0.19621472486098276,0.0,0.0,0.0007415671716444194,0.9527341723442078
1786713051.5420644,1.314149326945226,-2.707929868390932,0.1961924528168525,0.0,0.0,2.192160309277824e-06,0.8850513696670532
1786713051.5422273,1.0919520327681496,-2.246657322096276,0.19621470658908835,0.0,0.0,0.0008437008946202695,0.8333280086517334
1786713051.6942554,1.2575783642598373,-2.728282556372716,0.19619248061415337,0.0,0.0,2.035521220022929e-06,0.9232242703437805
1786713051.6943352,1.051707761003213,-2.2594955106664143,0.19621467773023396,0.0,0.0,0.0012306153075769544,0.8938766717910767
1786713051.845219,1.2269316743987901,-2.7357031312213698,0.19619278760680567,0.0,0.0,2.1993701011524536e-06,0.9231162667274475
1786713051.8453069,1.0305208463602482,-2.2628746358036125,0.1962162438263794,0.0,0.0,0.0012306153075769544,0.8937397003173828
1786713051.9942276,1.1961194615727568,-2.742508785458647,0.1961927997066288,-2.9802322387695312e-05,1.1920928955078125e-05,2.0827271782764e-06,0.9231621026992798
1786713051.9943087,1.009257332021015,-2.2658259307505184,0.1962166051157694,0.0,0.0,0.0017664529150351882,0.8937902450561523
1786713052.0931928,1.1651736490881364,-2.7486977120915213,0.19619303354328427,-2.9802322387695312e-05,1.1920928955078125e-05,1.3856629266228992e-06,0.9233573079109192
1786713052.0932622,0.9879340598821528,-2.2683539524067204,0.19621648486325732,0.0,0.0,0.0017664529150351882,0.8940235376358032
1786713052.1923451,1.1341229557604202,-2.7542657574956393,0.196192669737798,-2.9802322387695312e-05,1.1920928955078125e-05,1.3856629266228992e-06,0.9602429270744324
1786713052.1926007,0.9665643073524682,-2.2704599092366773,0.19621578092140832,0.0,0.0,0.0023748520761728287,0.9533541202545166
1786713052.3421664,1.1303578367980838,-2.7501161614995513,0.19619289307483337,0.0,0.0,1.1459583220130298e-06,0.9235777854919434
1786713052.34233,0.9652408050255006,-2.2654715852722886,0.19621639007811234,0.0,0.0,0.0024967363569885492,0.8942835927009583
1786713052.442531,1.0992955516294713,-2.754990054137475,0.19619279219793753,0.0,1.1920928955078125e-05,1.045755311679386e-06,0.8867083787918091
1786713052.4426274,0.9439292259813452,-2.26713218108649,0.19621638815289574,0.0,0.0,0.0024967363569885492,0.8350443840026855
1786713052.5921926,1.0404320804160483,-2.7672330891724144,0.19619274517432062,0.0,1.1920928955078125e-05,2.006055183301214e-06,0.9235851168632507
1786713052.592398,0.9022532835155112,-2.2742314466588915,0.19621653778661674,0.0,0.0,0.003230644389986992,0.8942852020263672
1786713052.6921859,1.0090328979558338,-2.7703039671841854,0.19619277527213308,0.0,0.0,1.6317188737957622e-06,0.9234852194786072
1786713052.6923146,0.8807687205328705,-2.2746303848428084,0.1962164158453485,0.0,0.0,0.002597533166408539,0.8941583037376404
1786713052.792077,0.9775587259267592,-2.772745243952305,0.19619268799174952,0.0,1.1920928955078125e-05,1.6283479453704786e-06,0.9240677952766418
1786713052.7921963,0.8592702039180965,-2.274596847363627,0.19621586417372475,0.0,0.0,0.002597533166408539,0.8948683738708496
1786713052.9422455,0.9461026560298439,-2.7745627093124154,0.19619272715270017,0.0,0.0,2.1321320673450828e-06,0.9238063097000122
1786713052.9423587,0.8377918276403941,-2.274150115645698,0.19621625033531873,0.0,0.0,0.0032515486236661673,0.8945451974868774
1786713053.0452034,0.9145815905551636,-2.7757478148303685,0.1961925622030441,0.0,1.1920928955078125e-05,2.494129375918419e-06,0.9405193328857422
1786713053.0452855,0.8163137376766968,-2.273266542990063,0.1962158088256788,0.0,0.0,0.0032498317304998636,0.9145524501800537
1786713053.669073,0.8840882038360643,-2.7767950154998693,0.19619479091499417,0.0,0.0,2.2589321815758012e-05,0.9701682329177856
1786713053.6691794,0.7947044104333828,-2.272657596769571,0.19621743816823808,0.0,0.0,0.0035099273081868887,0.9478506445884705
1786713053.6692674,0.8555570860867536,-2.777862833606297,0.19619741969828944,0.0,0.0,2.7193067580810748e-05,0.9800274968147278
1786713053.6693897,0.7723662932306976,-2.272666543457976,0.1962175282579545,0.0,0.0,0.0025350432842969894,0.9580530524253845
1786713053.6694965,0.8282892845532724,-2.7792719113409547,0.19619958494702314,0.0,0.0,2.7193067580810748e-05,0.8981909155845642
1786713053.6695886,0.7498779738409797,-2.2733117685237487,0.19621484185065272,0.0,0.0,0.0031412558164447546,0.8841642737388611
1786713054.5925047,0.7770471195686969,-2.7840101132279185,0.1962029085717171,-2.9802322387695312e-05,1.1920928955078125e-05,0.00014167993504088372,0.19624322652816772
1786713054.5926607,0.702885486407896,-2.277409627566264,0.19621261931605352,0.0,0.0,0.003252330468967557,0.18114817142486572
1786713055.6982193,0.58049765498678,-2.8137159675641708,0.19620299292051022,0.0,1.1920928955078125e-05,6.275851774262264e-05,0.38952645659446716
1786713055.6983,0.5039950680557996,-2.3074637041747263,0.19620542852811104,0.0,0.0,0.007259786128997803,0.3679963946342468
1786713055.84223,0.3562178827085495,-2.8451295346758343,0.19620344831422237,0.0,0.0,5.47393319720868e-05,1.0018434524536133
1786713055.8423579,0.2901797828306619,-2.337406215003325,0.19620847282320508,0.0,0.0,0.005900796968489885,0.9786080718040466
1786713055.9422226,0.33048625740618653,-2.8471369540077784,0.19620252790411818,0.0,0.0,8.412761962972581e-05,0.9859038591384888
1786713055.94236,0.2693318634316092,-2.338802280727214,0.1962087201869498,0.0,1.1920928955078125e-05,0.005507941823452711,0.9646114706993103
1786713056.092353,0.3043615161488223,-2.8484193339954325,0.19620112143494517,0.0,0.0,0.00012981945474166423,0.9856062531471252
1786713056.0926025,0.248976849690231,-2.3394237164832883,0.1962097644471716,0.0,0.0,0.005170473363250494,0.9673699736595154
1786713056.1967928,0.2778842700312812,-2.849181711370004,0.19620033774576762,0.0,0.0,0.00011270400864304975,0.9997058510780334
1786713056.1968577,0.22850189837276774,-2.339568739330486,0.19621025895165856,0.0,0.0,0.003892195411026478,0.9846504926681519
1786713056.344002,0.25172375513666184,-2.849407585856937,0.19620035601209262,0.0,0.0,0.00012137751036789268,0.9983974099159241
1786713056.3441212,0.20721318037081896,-2.339346012497115,0.19621111319543993,0.0,0.0,0.0038990331813693047,0.982974648475647
1786713056.4923465,0.2252549124637034,-2.8491141130305726,0.1962002151882144,0.0,0.0,0.00011318641918478534,0.9971226453781128
1786713056.492596,0.18574926956635182,-2.3386405054240518,0.19621100642480988,0.0,0.0,0.003725667716935277,0.9813719391822815
1786713056.5952187,0.19850101131010112,-2.8482816803873225,0.1961997787346166,0.0,0.0,0.00013975960609968752,0.9955301284790039
1786713056.5952933,0.1641201296232056,-2.337437325571768,0.19621107082128011,0.0,0.0,0.003725667716935277,0.9793069958686829
1786713056.692514,0.17145946539426524,-2.8469539238042296,0.19619986411669155,0.0,0.0,0.00010755528637673706,0.9986809492111206
1786713056.6926498,0.1423721976623458,-2.3357808310739347,0.1962110192532026,0.0,0.0,0.0019120749784633517,0.9835371375083923
1786713056.8422906,0.14447486018321407,-2.8456217754417343,0.19620064022997216,0.0,0.0,0.00011270869435975328,0.9722704887390137
1786713056.8424096,0.12030987499603381,-2.334192353744209,0.1962112721668561,0.0,0.0,0.001902261981740594,0.9611852765083313
1786713056.9924448,0.11830584670021876,-2.8444103530163645,0.19620081413747406,0.0,0.0,0.00013112559099681675,0.9511669278144836
1786713056.9926984,0.09729541211297565,-2.332841626908433,0.1962111467879,0.0,0.0,0.0017877398058772087,0.9399913549423218
1786713057.2421644,0.09233544338065675,-2.843382613616458,0.19620138300333295,0.0,0.0,2.1000099877710454e-05,0.8700226545333862
1786713057.242314,0.07395352763434304,-2.3317126955244687,0.19621103869147027,0.0,0.0,0.0015567210502922535,0.8617047667503357
1786713058.142245,0.04137507743350434,-2.842420808163512,0.19620363358934223,0.0,0.0,2.1228857804089785e-05,0.2585030198097229
1786713058.1424456,0.02598142490209482,-2.330652271206686,0.19621017673238705,0.0,0.0,0.0007811074028722942,0.2566731572151184
1786713058.3927314,-0.13455702697863936,-2.8480874699304572,0.1962049121397586,0.0,0.0,1.3043762692177552e-06,1.00165855884552
1786713058.3928704,-0.1457749611517526,-2.3362103773252207,0.1962092593140553,4.371941089630127,1.5869736671447754,0.00013482270878739655,0.9770143032073975
1786713058.5422914,-0.1876918260019186,-2.847984920108691,0.19620157420565182,0.0,0.0,1.455416168028023e-06,0.9894090294837952
1786713058.5424945,-0.18986404256405168,-2.335989528092443,0.1962069904711814,4.371941089630127,1.5869736671447754,0.00011091352644143626,0.9917594790458679
1786713058.642267,-0.18681327596565003,-2.8471113456199446,0.19620024942831463,0.0,0.0,1.455416168028023e-06,1.004908561706543
1786713058.6424122,-0.18954420820273085,-2.335118628910743,0.19620702052278008,4.371941089630127,1.5869736671447754,0.00011091352644143626,0.9898869395256042
1786713058.7921898,-0.21385637968314233,-2.8460015029899193,0.1961993278162747,0.0,0.0,9.986262057282147e-07,0.9741052985191345
1786713058.792349,-0.2117920162815505,-2.33400566478913,0.19620762344424025,4.371941089630127,1.5869736671447754,8.404597610933706e-05,0.9354968070983887
1786713058.944194,-0.27003630369125875,-2.8437806421898286,0.19619859418592286,0.0,0.0,1.4388295994649525e-06,0.8951464295387268
1786713058.944288,-0.2553530119008989,-2.331991231535549,0.19620777810676596,4.12362813949585,1.4942169189453125,6.376484816428274e-05,0.9296280145645142
1786713059.042308,-0.2399897384246673,-2.8427275178354714,0.19619694576476693,0.0,0.0,1.3201869251133758e-06,0.9393098950386047
1786713059.0424087,-0.2355933340307475,-2.330746393683909,0.19620881622176545,4.371941089630127,1.5869736671447754,8.404597610933706e-05,0.8769024610519409
1786713059.1924257,-0.32550587546608606,-2.838410256436678,0.19619797505097664,0.0,0.0,1.3712697182199918e-06,0.9420052766799927
1786713059.1925313,-0.3005740605377755,-2.3270176435767076,0.196208774710316,4.651993751525879,1.6920089721679688,6.820126145612448e-05,0.9531866312026978
1786713059.2942257,-0.32425627724417333,-2.8367038147536596,0.19619864154708935,0.0,0.0,1.3712697182199918e-06,1.00947105884552
1786713059.2943041,-0.30247329547442964,-2.3251674019719313,0.19620882095456924,4.651993751525879,1.6920089721679688,6.820126145612448e-05,0.9711249470710754
1786713059.4423537,-0.3795604814318409,-2.8321294624930236,0.19619935687675336,0.0,0.0,1.0872196298805648e-06,0.9074446558952332
1786713059.4425173,-0.347619804478737,-2.321126729559942,0.19620888047674798,8.94051742553711,3.3568620681762695,4.409116809256375e-05,0.9253687262535095
1786713059.7436342,-0.37821278161952493,-2.830700365862355,0.19620057737904623,0.0,0.0,1.0872196298805648e-06,0.8465263843536377
1786713059.7437496,-0.3495940431691185,-2.3195008277713693,0.19620864400553323,8.94051742553711,3.3568620681762695,4.409116809256375e-05,0.825279712677002
1786713060.8422766,-0.45656820873745585,-2.8237608474065374,0.19620321883219258,0.0,0.0,1.2693736834989977e-06,0.12174850702285767
1786713060.8424234,-0.4214344262814178,-2.3129677216587186,0.19620758969007143,9.523838996887207,3.592073917388916,9.036595292855054e-05,0.10565706342458725
1786713061.9922109,-0.6549597426064949,-2.811033306459616,0.19620479393861212,0.0,0.0,1.4179050822349382e-06,2.6084313503815793e-05
1786713061.9923422,-0.6222294757912424,-2.30008053992142,0.19620587370435727,10.18795394897461,3.862607479095459,0.00011482075933599845,2.2878422896610573e-05
1786713063.244171,-0.8545497308730563,-2.7982483011219803,0.19620505751211711,0.0,0.0,1.0136931223314605e-06,4.778357106260955e-05
1786713063.2442455,-0.8218189097236215,-2.2872955700943884,0.1962065836331284,4.651993751525879,1.6920089721679688,0.0002312038413947448,4.359626836958341e-05
1786713064.3423586,-1.0790853608170152,-2.7838658900341553,0.19620585707957497,0.0,0.0,1.0506024494816302e-07,3.937520887120627e-05
1786713064.3424804,-1.0463546853357941,-2.2729131496731325,0.1962061792797504,0.0,0.0,0.00017541411216370761,3.2951498724287376e-05
1786713065.3495948,-1.3036175585542082,-2.769480393622118,0.1962051697655823,0.0,0.0,4.143810201640008e-07,8.221690950449556e-05
1786713065.3496814,-1.270887929955082,-2.258527586204931,0.1962072334129182,0.0,0.0,6.443879829021171e-05,5.19695422553923e-05
1786713066.2425096,-1.5031952686695484,-2.7566944272194664,0.19620831814013376,0.0,0.0,9.171193937618227e-07,0.0002513692306820303
1786713066.2426538,-1.4704728516445267,-2.245741157904213,0.19620800963815746,0.0,0.0,0.00023406343825627118,0.00018953235121443868
1786713067.2922077,-1.7027706909008116,-2.743907523471438,0.19620219679662163,0.0,0.0,1.5479221247005626e-06,0.05294268950819969
1786713067.2923677,-1.6700622756600592,-2.2329533577080145,0.19621003534603362,0.0,0.0,0.00029017796623520553,0.05296330153942108
1786713070.8442168,-1.9889505535558805,-2.7257199626996473,0.1962017009598911,0.0,0.0,0.00020455375488381833,0.12087926268577576
1786713070.8442943,-1.9561965027682306,-2.2147687202627755,0.19620473688988704,0.0,0.0,0.00013561983359977603,0.12088248133659363
1786713071.8922758,-2.2017754734978006,-2.7121232332333047,0.1961998102299359,0.0,0.0,0.00020512826449703425,2.3531625629402697e-05
1786713071.8924072,-2.169017907996185,-2.201172216141086,0.1962057123750082,0.0,0.0,0.00026750279357656837,2.171608321077656e-05
1786713073.092345,-2.4013658421043,-2.699326477951609,0.19620078119872839,0.0,0.0,0.000195018743397668,3.569566979422234e-05
1786713073.092565,-2.368608451905589,-2.1883754496144956,0.19620613053475897,0.0,0.0,3.221850420231931e-05,3.135300357826054e-05
1786713073.7924137,-2.6259062209021837,-2.6849292944160563,0.19620515788160542,0.0,0.0,1.4292729701992357e-06,0.7026485800743103
1786713073.792616,-2.5931494786279354,-2.1739782245127577,0.1962056610845137,0.0,0.0,1.1989753829766414e-06,0.6682461500167847
1786713074.042291,-2.7562375790698366,-2.6741410292554555,0.19620151779365075,0.0,0.0,1.5361629266408272e-06,0.8980090618133545
1786713074.0424528,-2.7117417851246004,-2.1640781661683235,0.19620604999612384,0.0,0.0,7.405903943435987e-07,0.8770920634269714
1786713074.3423452,-2.810865917990048,-2.6665933648529383,0.1962007290939941,0.0,0.0,1.3263838809507433e-06,0.8889237642288208
1786713074.3424463,-2.7562629055786294,-2.157513301411926,0.19620724777319298,0.0,0.0,7.464420832548058e-07,0.896873950958252
1786713075.4422824,-2.8346549022849086,-2.662211810024356,0.19620280202140122,0.0,0.0,1.2256821264600148e-06,0.06668227910995483
1786713075.4432106,-2.781682307075511,-2.1529595109246573,0.19620709766385502,0.0,0.0,8.617747084826988e-07,0.05505015328526497
1786713076.242262,-3.0589510052796025,-2.6375489460014707,0.19620496305870844,0.0,0.0,6.862924237793777e-07,0.18720701336860657
1786713076.2423916,-3.0045939396333545,-2.1284425628023325,0.1962054337572075,0.0,0.0,8.745199124859937e-07,0.2054189145565033
1786713076.5423214,-3.2043058922271257,-2.623929412345325,0.19620741121411042,0.0,0.0,3.815321747424605e-07,0.6615160703659058
1786713076.5425649,-3.1573711465749676,-2.114085191395007,0.1962036520916481,0.0,0.0,2.6406127062728046e-07,0.6819210052490234
1786713076.6423721,-3.2490046696883987,-2.623350137856836,0.19620866406399037,0.0,0.0,8.540715157323575e-07,0.717742919921875
1786713076.6425176,-3.2122155091872258,-2.1126735693640266,0.1962007882975427,0.0,0.0,5.733392072215793e-07,0.7366063594818115
1786713076.7962437,-3.2708191140106004,-2.6243335665724707,0.19620960239199658,0.0,0.0,8.540715157323575e-07,0.7580876350402832
1786713076.7963285,-3.2404487540035394,-2.113235101355664,0.19620032524591347,0.0,0.0,9.694177833807771e-07,0.7743738293647766
1786713076.892302,-3.2927424684726705,-2.62584817218179,0.19620984086319904,0.0,0.0,8.588761488681484e-07,0.7892824411392212
1786713076.8925416,-3.2689770245787124,-2.1144000285971716,0.1961998223448969,0.0,0.0,9.202233286487171e-07,0.802341639995575
1786713077.042364,-3.3154434151948626,-2.6278013472226514,0.19621020072727813,0.0,0.0,3.992123311036266e-06,0.9410594701766968
1786713077.0424974,-3.297105522961549,-2.1161298494875025,0.19619952793134188,0.0,0.0,1.0912845027633011e-06,0.9324512481689453
1786713077.1962166,-3.3170556495137813,-2.630852194471403,0.19621015804832298,0.0,0.0,3.992123311036266e-06,0.5017592310905457
1786713077.1963203,-3.296657908400153,-2.1192586721813362,0.1961997511222327,0.0,0.0,9.202233286487171e-07,0.5350213646888733
1786713077.2935362,-3.360965373661843,-2.6328953082625004,0.19621092090116718,0.0,0.0,3.026833610419999e-06,0.774424135684967
1786713077.2993622,-3.3541029951311376,-2.120941298940026,0.19620094365906102,0.0,0.0,1.3724246628044057e-06,0.7892583608627319
1786713077.4423592,-3.3825997950570934,-2.635704600884175,0.19621075003797944,0.0,0.0,3.0729820537089836e-06,0.8088579177856445
1786713077.4424791,-3.38180191667248,-2.123705222679625,0.19620034631226813,0.0,0.0,1.3662197488883976e-06,0.8205687403678894
1786713077.5941675,-3.400273044625488,-2.638146144111769,0.19620982400410605,0.0,0.0,3.6139192616246874e-06,0.814780592918396
1786713077.594231,-3.4035585669387856,-2.126156685964213,0.19620039529288888,0.0,0.0,1.5208031527436106e-06,0.8252878189086914
1786713077.842435,-3.4155011545204648,-2.6398214101321336,0.19620888235111428,0.0,0.0,4.180853284196928e-05,0.8559931516647339
1786713077.8426025,-3.4217988347877197,-2.1278601428836086,0.19620110188817047,0.0,0.0,1.495985202382144e-06,0.86030513048172
1786713079.69238,-3.4878948836235266,-2.6421656234615534,0.19620481237178194,0.0,0.0,5.473752025864087e-05,0.1210007295012474
1786713079.6924725,-3.4939288403741577,-2.1302011800029095,0.19620492571907983,0.0,0.0,1.434442538084113e-06,0.1209821030497551
1786713080.4425,-3.701180379226926,-2.644636323784548,0.19620441350006945,0.0,0.0,0.00021114639821462333,0.5757488012313843
1786713080.442577,-3.7072200482972875,-2.1326719476829963,0.196203728317083,0.0,0.0,0.0008965798770077527,0.5581897497177124
1786713080.6926007,-3.8302617390121445,-2.64515409391411,0.19620099014585446,0.0,0.0,0.004550200887024403,0.7781344652175903
1786713080.6927314,-3.828677050999612,-2.133156546319819,0.19620560914200452,0.0,0.0,0.009827733039855957,0.7580854892730713
1786713081.7510161,-3.9094615621354625,-2.643399391403933,0.19620264324389158,2.4023056030273438,-6.237637996673584,0.03506172448396683,0.08767806738615036
1786713081.751223,-3.8997099445683516,-2.131492265119004,0.1962063215932403,0.0,0.0,0.02046024799346924,0.06982691586017609
1786713082.893653,-4.121591812031596,-2.6358992092937723,0.22143923681796793,18.81657600402832,-37.686241149902344,0.19233743846416473,0.18661248683929443
1786713082.8937151,-4.111997203794619,-2.1240092054730435,0.21690409832025445,18.81657600402832,-37.686241149902344,0.1943489909172058,0.2531335651874542
1786713082.9925482,-4.328703630986528,-2.6468438516882027,0.25392224135034674,47.00803756713867,-70.93161010742188,0.3471905291080475,0.5222867727279663
1786713082.9927666,-4.2849941578683985,-2.1369058965925345,0.23989498528994938,39.24477005004883,-63.086551666259766,0.30082401633262634,0.5555156469345093
1786713083.665195,-4.351624446247221,-2.657770462173445,0.2551951454768803,52.37799835205078,-76.07968139648438,0.34673193097114563,0.30529969930648804
1786713083.6652875,-4.284769753485711,-2.150268965610415,0.2443932455491539,42.243080139160156,-66.19021606445312,0.30257147550582886,0.3536560833454132
1786713083.6653616,-4.375821655721913,-2.6675268216086265,0.25726525097876496,55.41612243652344,-78.94962310791016,0.3596712648868561,0.2387664020061493
1786713083.665437,-4.285857447477448,-2.163565623968297,0.24868897510449972,45.54572677612305,-69.49797058105469,0.33355963230133057,0.2915096879005432
1786713083.665528,-4.397501427184576,-2.6762423258000725,0.2591834572637072,57.951778411865234,-81.35519409179688,0.376010537147522,0.5887750387191772
1786713083.665612,-4.286621799496885,-2.1764290750350543,0.25314834968023026,45.54572677612305,-69.49797058105469,0.30201318860054016,0.5551568865776062
1786713083.893467,-4.42164946727252,-2.6772167366990254,0.26418886674143804,58.40227127075195,-81.78632354736328,0.3754231631755829,0.6038928627967834
1786713083.8945384,-4.2981398150813135,-2.1803483103684713,0.260852291939905,49.131439208984375,-72.98587799072266,0.32928621768951416,0.5748661160469055
1786713084.1424026,-4.427003604576024,-2.658818813332739,0.2716174730320643,58.40227127075195,-81.78632354736328,0.3754231631755829,0.39639556407928467
1786713084.1425471,-4.332936608673654,-2.1555437276846288,0.26852095114608165,51.45069885253906,-75.20040893554688,0.33852237462997437,0.3532474935054779
1786713084.4422824,-4.42383311624559,-2.641317095101666,0.27809224898255064,58.78895568847656,-82.15779876708984,0.3757965862751007,0.2256428301334381
1786713084.4424024,-4.359699474997185,-2.1333958785090763,0.27124288438977656,51.45069885253906,-75.20040893554688,0.3493383526802063,0.1704096645116806
1786713084.992482,-4.422198432970216,-2.6245875603965416,0.2846307141202996,58.78895568847656,-82.15779876708984,0.3758809566497803,0.19542482495307922
1786713084.9926488,-4.389565457066258,-2.113735498154221,0.27417799263637943,54.71499252319336,-78.28762817382812,0.34846633672714233,0.24052497744560242
1786713085.247519,-4.455578932024563,-2.621356055936869,0.2829696040669373,61.4006233215332,-84.7106704711914,0.3749706745147705,0.6872031092643738
1786713085.2480993,-4.436371121235847,-2.1097228057711064,0.2804245442399317,58.40227127075195,-81.78632354736328,0.3666042983531952,0.6640927791595459
1786713085.492353,-4.46647169742253,-2.610548795086398,0.28161421295835354,58.78895568847656,-82.15779876708984,0.37517234683036804,0.07212340086698532
1786713085.4925077,-4.469464583647619,-2.098559256121468,0.28293883461069813,57.951778411865234,-81.35519409179688,0.3664737045764923,0.009992528706789017
1786713085.7971754,-4.479893547103173,-2.600910587774409,0.2788843244929648,60.99677276611328,-84.31324005126953,0.3748685419559479,0.17069204151630402
1786713085.79724,-4.505520325191964,-2.0895774900726347,0.2839569411250062,64.21564483642578,-87.46720123291016,0.37030234932899475,0.11579941213130951
1786713086.3437905,-4.497788604954722,-2.593892388026632,0.274428110555681,64.21564483642578,-87.46720123291016,0.37417957186698914,0.19384711980819702
1786713086.3438694,-4.542222849671906,-2.0839001833992286,0.283234308128643,64.21564483642578,-87.46720123291016,0.3706578016281128,0.22718669474124908
1786713087.4425368,-4.575886813911543,-2.596861862840703,0.27630443114680336,64.21564483642578,-87.46720123291016,0.374480664730072,0.011192172765731812
1786713087.4426582,-4.6301079374487255,-2.0878652729395912,0.28755348583621976,64.21564483642578,-87.46720123291016,0.3706115186214447,0.009788541123270988
1786713088.742407,-4.766522270962301,-2.617463976794255,0.30338150515765755,64.21564483642578,-87.46720123291016,0.37450096011161804,0.014857268892228603
1786713088.7425706,-4.820107173478896,-2.108363388748982,0.3128286991455354,64.21564483642578,-87.46720123291016,0.37477725744247437,0.014867390505969524
1786713089.9940069,-4.986847882662494,-2.6413730748223987,0.34223380385854896,64.21564483642578,-87.46720123291016,0.3725477457046509,0.014934075996279716
1786713089.994084,-5.040433003187434,-2.132272396505276,0.3516748946521632,64.21564483642578,-87.46720123291016,0.3720742464065552,0.014943749643862247
1786713090.8923233,-5.2071733676733745,-2.6652851274763805,0.3810822275243309,64.21564483642578,-87.46720123291016,0.36257877945899963,0.31192320585250854
1786713090.8924663,-5.260759875070893,-2.1561846844777683,0.3905281347625424,64.21564483642578,-87.46720123291016,0.36301782727241516,0.3077726662158966
1786713091.1424959,-5.370950968880749,-2.6838638686745107,0.40995583433536653,64.21564483642578,-87.46720123291016,0.36271628737449646,0.8438480496406555
1786713091.1426108,-5.418333133896647,-2.1741294970992007,0.41831052601906593,64.21564483642578,-87.46720123291016,0.36174333095550537,0.8356419205665588
1786713091.2923772,-5.409726128283067,-2.688727235556034,0.41679174399715513,64.21564483642578,-87.46720123291016,0.3621576726436615,0.8857055902481079
1786713091.2925074,-5.452327913757426,-2.1785580289073354,0.4243062940059099,64.21564483642578,-87.46720123291016,0.36311984062194824,0.8795832395553589
1786713091.443222,-5.4282140517884985,-2.691007810375269,0.42005275637974987,64.21564483642578,-87.46720123291016,0.36317068338394165,0.9253007173538208
1786713091.4440587,-5.468433937406625,-2.1806392536430454,0.4271448012140517,64.21564483642578,-87.46720123291016,0.36311984062194824,0.9232436418533325
1786713091.5424562,-5.446064910555162,-2.69319212657613,0.4231996748014791,64.21564483642578,-87.46720123291016,0.3639502227306366,0.9266471862792969
1786713091.5425997,-5.485206370724651,-2.1827371251574643,0.43010167613956457,64.21564483642578,-87.46720123291016,0.36299681663513184,0.9248055815696716
1786713091.6939597,-5.463838751608077,-2.695310856378936,0.4263387485795505,64.21564483642578,-87.46720123291016,0.36475178599357605,0.9273170232772827
1786713091.6941087,-5.501965093603041,-2.1847765491876965,0.433054642179413,64.21564483642578,-87.46720123291016,0.36384713649749756,0.9255983233451843
1786713091.7923882,-5.481596210604145,-2.697374586005199,0.42946345713513506,64.21564483642578,-87.46720123291016,0.3646814227104187,0.9283056855201721
1786713091.7925403,-5.518742503331412,-2.1867659028634945,0.43601522307378565,64.21564483642578,-87.46720123291016,0.364372581243515,0.9261577129364014
1786713091.942476,-5.498450217217214,-2.6993570582077835,0.4324364750796285,64.21564483642578,-87.46720123291016,0.36612728238105774,0.9328398704528809
1786713091.9426017,-5.534518173800426,-2.188668653205193,0.43879693919963497,64.21564483642578,-87.46720123291016,0.36514395475387573,0.9355279207229614
1786713092.2424812,-5.511102398924256,-2.7010214818937284,0.4346727925905748,64.21564483642578,-87.46720123291016,0.36681705713272095,0.9124187231063843
1786713092.2426288,-5.547292058712066,-2.1903418798376526,0.44104872925043315,64.21564483642578,-87.46720123291016,0.36514395475387573,0.9167067408561707
1786713096.092396,-5.581292988030159,-2.7082397323461027,0.447046681017005,64.21564483642578,-87.46720123291016,0.36807212233543396,0.11606194823980331
1786713096.092526,-5.620961133809822,-2.197826621812718,0.45403916312554565,64.21564483642578,-87.46720123291016,0.36742502450942993,0.1160702183842659
1786713097.1952026,-5.804007042551159,-2.726216316066164,0.4863159144070691,64.21564483642578,-87.46720123291016,0.3704185485839844,0.015087850391864777
1786713097.1952693,-5.8436724348421425,-2.215803009362268,0.49330969693135673,64.21564483642578,-87.46720123291016,0.37113508582115173,0.015083840116858482
1786713098.6953244,-6.024902931329473,-2.743916970309874,0.5252649399785917,64.21564483642578,-87.46720123291016,0.36991259455680847,0.015103023499250412
1786713098.6954386,-6.064566987100152,-2.23350359111888,0.5322610119229528,64.21564483642578,-87.46720123291016,0.37127456068992615,0.015103910118341446
1786713099.4991858,-6.245797947231797,-2.761616320014447,0.5642156326223534,64.21564483642578,-87.46720123291016,0.3699077367782593,0.01508387178182602
1786713099.4992712,-6.2854621773555515,-2.2512029307081205,0.571209977875348,64.21564483642578,-87.46720123291016,0.37022989988327026,0.015083336271345615
1786713100.6924672,-6.466692060748636,-2.779315368597111,0.6031646933648709,64.21564483642578,-87.46720123291016,0.3704797327518463,0.015002797357738018
1786713100.6925945,-6.5063560253222645,-2.2689019613596035,0.6101592359875463,64.21564483642578,-87.46720123291016,0.3696935772895813,0.015012913383543491
1786713101.892468,-6.687570382425137,-2.7970187156198976,0.6421099755070886,64.21564483642578,-87.46720123291016,0.37402042746543884,0.03703328222036362
1786713101.892582,-6.727236169038288,-2.2866058671955023,0.6491348979732253,63.43901062011719,-86.40935516357422,0.383216917514801,0.03627045080065727
1786713103.0425146,-6.875596378038817,-2.812211863095809,0.6846633224022568,61.094627380371094,-83.21607971191406,0.4341394603252411,0.04622324928641319
1786713103.0426688,-6.915221468345648,-2.3017958784572454,0.6916900459360716,60.885162353515625,-82.93077087402344,0.45639464259147644,0.04494037851691246
1786713104.2425158,-7.063600230349089,-2.8274063900401876,0.7271791265799533,57.5584602355957,-78.39952850341797,0.5024661421775818,0.016159282997250557
1786713104.2426603,-7.103290355483799,-2.3169957076895873,0.7342239338296807,55.53361892700195,-75.64151763916016,0.5351658463478088,0.019269762560725212
1786713105.4925807,-7.254036881718512,-2.844144003634322,0.7691264536225652,53.01211929321289,-72.20703125,0.5545839071273804,0.03345657140016556
1786713105.4927335,-7.29287078796487,-2.3337250193223715,0.779537418016195,52.24506378173828,-71.16222381591797,0.5575553178787231,0.0334741547703743
1786713106.6925423,-7.470694211391365,-2.861815862960771,0.8271737373035408,51.47515106201172,-70.11355590820312,0.5553238987922668,0.03378951922059059
1786713106.692693,-7.5095220421068785,-2.3513964766001947,0.8375876505555533,51.47515106201172,-70.11355590820312,0.5554795265197754,0.03379577770829201
1786713107.8426456,-7.687351279071363,-2.8794820079054615,0.885227950624069,51.47515106201172,-70.11355590820312,0.5521109700202942,0.03374629095196724
1786713107.8428054,-7.726178891431639,-2.3690625844641193,0.895640860505919,51.47515106201172,-70.11355590820312,0.5516101121902466,0.03375244140625
1786713108.9942117,-7.904012176330044,-2.8971460012864907,0.9432798136026316,51.47515106201172,-70.11355590820312,0.552404522895813,0.033819105476140976
1786713108.9944215,-7.942839505945685,-2.386726601268237,0.953694925696312,51.47515106201172,-70.11355590820312,0.5538380146026611,0.03382167965173721
1786713109.9926124,-8.120671879739612,-2.9148100327724076,1.0013294830417936,51.47515106201172,-70.11355590820312,0.5564005970954895,0.04317735135555267
1786713109.9927604,-8.159498838520454,-2.4043907187207405,1.0117501891050489,51.47515106201172,-70.11355590820312,0.5564368367195129,0.04317142441868782
1786713114.9958005,-8.442961830326814,-2.94121425523146,1.0876907397927709,51.47515106201172,-70.11355590820312,0.5550008416175842,0.08268167078495026
1786713114.9972503,-8.48177968289592,-2.4307940093346985,1.098099721520728,51.47515106201172,-70.11355590820312,0.5559942722320557,0.08269915729761124
1786713116.1925554,-8.646688810517697,-2.9579914361983772,1.1422784062456162,51.47515106201172,-70.11355590820312,0.5550861954689026,0.03398878872394562
1786713116.192728,-8.685503245986327,-2.44757088007333,1.1526849178728884,51.47515106201172,-70.11355590820312,0.5545984506607056,0.033979933708906174
1786713117.3428023,-8.839278170195893,-2.9736870726752667,1.1938813236766244,51.47515106201172,-70.11355590820312,0.5557125210762024,0.0339680090546608
1786713117.3430521,-8.878091820576579,-2.463266502912636,1.2042900943685968,51.47515106201172,-70.11355590820312,0.5556012392044067,0.03396071866154671
1786713118.3937793,-9.031860529586515,-2.989382497201867,1.2454851337005088,51.47515106201172,-70.11355590820312,0.5551862120628357,0.03402603045105934
1786713118.3971982,-9.07067430922447,-2.4789619202685387,1.2558930707326308,51.47515106201172,-70.11355590820312,0.5572755336761475,0.03401331976056099
1786713119.4466894,-9.2244489891876,-3.0050790679102284,1.2970885054415164,51.47515106201172,-70.11355590820312,0.5560317635536194,0.03403777256608009
1786713119.447422,-9.263262130719873,-2.494658385898101,1.3074936685190652,51.47515106201172,-70.11355590820312,0.5559879541397095,0.034055598080158234
1786713120.5425878,-9.417035625664171,-3.0207737412384303,1.3486992232637314,51.47515106201172,-70.11355590820312,0.5560111999511719,0.03385136276483536
1786713120.542718,-9.455855995149138,-2.5103534814045463,1.3590981301370846,51.47515106201172,-70.11355590820312,0.5538073182106018,0.03385239094495773
1786713121.6927428,-9.633697150397486,-3.038435617639999,1.406754192819444,51.47515106201172,-70.11355590820312,0.5561999678611755,0.03391137346625328
1786713121.6929839,-9.672517789722638,-2.52801534027023,1.4171512314437404,51.47515106201172,-70.11355590820312,0.5554608106613159,0.03391295298933983
1786713122.692626,-9.850360428818362,-3.056096891947166,1.4648055086818932,51.47515106201172,-70.11355590820312,0.5547061562538147,0.033840879797935486
1786713122.6927977,-9.889181269497854,-2.5456767008400405,1.4752060297795913,51.47515106201172,-70.11355590820312,0.555043637752533,0.033842649310827255
1786713123.650194,-10.067020870321073,-3.0737589300243995,1.5228593926437706,51.47515106201172,-70.11355590820312,0.5546689629554749,0.03385588899254799
1786713123.6502795,-10.105841941411818,-2.563338742534599,1.5332592312119695,51.47515106201172,-70.11355590820312,0.5556212663650513,0.03385389596223831
1786713124.4927585,-10.283682181915275,-3.0914201599719013,1.5809125529767167,51.47515106201172,-70.11355590820312,0.5548940896987915,0.049723848700523376
1786713124.492851,-10.322502507575216,-2.5809999459817896,1.5913138733709913,51.47515106201172,-70.11355590820312,0.5584197640419006,0.05031564086675644
1786713125.1967723,-10.447885728852091,-3.1049136242810924,1.6291521354070162,49.86250305175781,-67.91697692871094,0.5769687294960022,0.24068965017795563
1786713125.1970475,-10.486663191827605,-2.5944906475402076,1.6395777375554124,50.61666488647461,-68.94422149658203,0.5799462795257568,0.23977123200893402
1786713125.9472175,-10.632489937827657,-3.120125181279126,1.6874135430957948,46.11207580566406,-62.808589935302734,0.6438834071159363,0.16058222949504852
1786713125.947414,-10.671274298655941,-2.609702786000707,1.69784195397102,45.7718505859375,-62.345157623291016,0.6584238409996033,0.15913689136505127
1786713126.7926176,-10.79310197652706,-3.1334005284392186,1.738787968427271,42.18442916870117,-57.45878982543945,0.715511679649353,0.029098017141222954
1786713126.7927752,-10.831941767745862,-2.6229827936584744,1.7492381664815457,42.18442916870117,-57.45878982543945,0.7163940072059631,0.033811721950769424
1786713127.6429808,-10.979987184404983,-3.1501927532290344,1.799388958531466,38.966068267822266,-53.08412170410156,0.7384176850318909,0.059799328446388245
1786713127.6431067,-11.01766593265046,-2.6397652678663466,1.8131036993958551,38.91867446899414,-53.02184295654297,0.7412490248680115,0.0598076768219471
1786713128.4425466,-11.19076488885437,-3.1678152286762296,1.8761059084099996,38.069740295410156,-51.94392395019531,0.7383921146392822,0.05992673337459564
1786713128.442666,-11.228443317349948,-2.6573876803371,1.8898191838250686,38.069740295410156,-51.94392395019531,0.739904522895813,0.05993298441171646
1786713133.7427354,-11.541014485658804,-3.197458542365988,2.0035823571286637,38.069740295410156,-51.94392395019531,0.7383590340614319,0.02451121248304844
1786713133.7428808,-11.57867859297581,-2.6870298088389246,2.017290858504485,38.069740295410156,-51.94392395019531,0.7406929731369019,0.024514907971024513
1786713134.593156,-11.745312141415464,-3.214798307703529,2.077940748446375,38.069740295410156,-51.94392395019531,0.7416523694992065,0.05990717187523842
1786713134.593974,-11.78297568667455,-2.704369520917951,2.091648811005294,38.069740295410156,-51.94392395019531,0.7402524352073669,0.059908509254455566
1786713135.3928165,-11.956093074575879,-3.2324116376534935,2.15465864070104,38.069740295410156,-51.94392395019531,0.7417441010475159,0.05995400622487068
1786713135.392992,-11.993756916894807,-2.7219828804116917,2.1683669871499873,38.069740295410156,-51.94392395019531,0.7419896721839905,0.05995159223675728
1786713136.1426895,-12.16687494387007,-3.250025320827419,2.2313761912311065,38.069740295410156,-51.94392395019531,0.7387447953224182,0.07025652378797531
1786713136.1428344,-12.204538254569432,-2.7395965496604893,2.2450854797677877,38.069740295410156,-51.94392395019531,0.7411770224571228,0.07025732100009918
1786713137.5930817,-12.352174619803387,-3.2655058179348044,2.298819919557787,38.069740295410156,-51.94392395019531,0.7407193779945374,0.08824992924928665
1786713137.5933135,-12.389838129286089,-2.75507703891952,2.3125283697405097,38.069740295410156,-51.94392395019531,0.7392171025276184,0.08824779838323593
1786713138.542915,-12.547479103967976,-3.2823165466842386,2.3699048187764777,38.069740295410156,-51.94392395019531,0.7422655820846558,0.17358210682868958
1786713138.5430913,-12.585142306158279,-2.7718877358986336,2.383612930271722,38.069740295410156,-51.94392395019531,0.7396908402442932,0.1735832840204239
1786713154.4929004,-12.769218053402405,-3.30079095810697,2.4506116303105783,38.069740295410156,-51.94392395019531,0.7409999966621399,0.0793067142367363
1786713154.4930525,-12.806881524474687,-2.790362171797594,2.4643199144309547,38.069740295410156,-51.94392395019531,0.7419952750205994,0.07929972559213638
1786713155.2929378,-12.555438667604008,-3.282902568760069,2.3728019265499896,38.069740295410156,-51.94392395019531,0.7422655820846558,0.05991710349917412
1786713155.293109,-12.593103377597267,-2.772473860889899,2.3865097273624176,38.069740295410156,-51.94392395019531,0.739829957485199,0.0599156953394413
1786713155.9928198,-12.368076800077283,-3.2672461205465413,2.3046074548899993,38.069740295410156,-51.94392395019531,0.7407193779945374,0.059931498020887375
1786713155.992945,-12.405740909110172,-2.756817386823873,2.3183159442681918,38.069740295410156,-51.94392395019531,0.7390143275260925,0.05993226170539856
1786713156.7929626,-12.180714649868818,-3.2515893922718497,2.236413392712782,38.069740295410156,-51.94392395019531,0.7386553287506104,0.05995422229170799
1786713156.7931283,-12.21837859174622,-2.7411606464001617,2.250121888987403,38.069740295410156,-51.94392395019531,0.7411770224571228,0.05995641276240349
1786713157.5433776,-11.99335212459636,-3.2359324482686254,2.168218684112561,38.069740295410156,-51.94392395019531,0.7413108944892883,0.059945110231637955
1786713157.543545,-12.0310161220666,-2.725503719841821,2.181927677188546,38.069740295410156,-51.94392395019531,0.7422140836715698,0.059946030378341675
1786713158.3427975,-11.805989736130801,-3.22027561459229,2.1000242209854827,38.069740295410156,-51.94392395019531,0.7416408061981201,0.11830958724021912
1786713158.342962,-11.843653698706966,-2.709846882407942,2.1137331700239814,38.069740295410156,-51.94392395019531,0.7404991388320923,0.11830558627843857
1786713160.3430777,-11.553333466239064,-3.1998239340275427,2.0080651784038657,38.069740295410156,-51.94392395019531,0.7384014129638672,0.06577185541391373
1786713160.3431857,-11.59099727018786,-2.689395169124409,2.0217733450051187,38.069740295410156,-51.94392395019531,0.7406929731369019,0.06576944142580032
1786713161.0431738,-11.35332633538458,-3.183090703003376,1.9352675801797747,38.069740295410156,-51.94392395019531,0.7376883029937744,0.05993490666151047
1786713161.0433705,-11.390990271085109,-2.6726619863284182,1.9489771805059,38.069740295410156,-51.94392395019531,0.7389218211174011,0.0599355585873127
1786713161.8464892,-11.165964132191768,-3.1674335662366833,1.867073766044492,38.069740295410156,-51.94392395019531,0.7382823824882507,0.05992650240659714
1786713161.8465836,-11.20362790220991,-2.657004809261452,1.8807823210646795,38.069740295410156,-51.94392395019531,0.7395243048667908,0.05992671847343445
1786713162.6429918,-10.95518146871992,-3.1498194176210097,1.7903546665357475,38.91867446899414,-53.02184295654297,0.7388396263122559,0.007282449398189783
1786713162.643175,-10.992845510721287,-2.6393906578718367,1.804062370976706,39.01907730102539,-53.15404510498047,0.7417323589324951,0.002236910630017519
1786713163.666247,-10.767442501259671,-3.1329868428511016,1.7290016163586241,43.766021728515625,-59.61305618286133,0.6856819987297058,0.19266213476657867
1786713163.6663923,-10.806267753862,-2.622567768905613,1.7394404243842423,42.432533264160156,-57.796714782714844,0.7150611281394958,0.19394883513450623
1786713164.0430074,-10.606239774119883,-3.1197206555083277,1.6789549271906783,46.59706497192383,-63.46918487548828,0.6416745185852051,0.1846855878829956
1786713164.0431106,-10.645051013378671,-2.609300465763643,1.6893912871019372,47.14519500732422,-64.21576690673828,0.6377856135368347,0.18569807708263397
1786713164.94311,-10.445103491585895,-3.106447891536541,1.6288883501710956,50.61666488647461,-68.94422149658203,0.5703415870666504,0.009047026745975018
1786713164.9433274,-10.483957578739973,-2.596031421099592,1.6393471559399315,50.61666488647461,-68.94422149658203,0.5799462795257568,0.008140633814036846
1786713165.7982042,-10.281563088553614,-3.0929821139455473,1.5803513303234322,51.47515106201172,-70.11355590820312,0.5548056364059448,0.07983628660440445
1786713165.7983093,-10.320424711919028,-2.582565246549044,1.590762656201813,51.47515106201172,-70.11355590820312,0.558803141117096,0.07983054220676422
1786713166.692876,-10.064902244340363,-3.0753042666549253,1.5222966541603762,51.47515106201172,-70.11355590820312,0.5546689629554749,0.03392023220658302
1786713166.693003,-10.10376250625113,-2.5648872827233817,1.5327073485874114,51.47515106201172,-70.11355590820312,0.5553243160247803,0.03392365947365761
1786713167.793053,-9.8723154393843,-3.059588072565842,1.4706921396353947,51.47515106201172,-70.11355590820312,0.5547061562538147,0.03383795544505119
1786713167.7932217,-9.911175468401266,-2.5491711094801417,1.481104725249491,51.47515106201172,-70.11355590820312,0.5546801686286926,0.03384299576282501
1786713168.9432385,-9.655653512812117,-3.0419097251072817,1.4126366510786545,51.47515106201172,-70.11355590820312,0.5561500787734985,0.03384752571582794
1786713168.9434695,-9.694515127865815,-2.531492894354741,1.4230498042970954,51.47515106201172,-70.11355590820312,0.5556033253669739,0.03385055437684059
1786713169.9930751,-9.43899156819052,-3.0242283481890744,1.3545836374568272,51.47515106201172,-70.11355590820312,0.5560889840126038,0.033876609057188034
1786713169.9933195,-9.4778545860473,-2.513811585239179,1.364994878632301,51.47515106201172,-70.11355590820312,0.5538607835769653,0.033877283334732056
1786713171.0429597,-9.246404325972843,-3.008512612136125,1.3029798938130666,51.47515106201172,-70.11355590820312,0.5560317635536194,0.15460121631622314
1786713171.0431628,-9.285267015116382,-2.498095828410827,1.3133913434746172,51.47515106201172,-70.11355590820312,0.5560128688812256,0.1546054631471634
1786713172.4930012,-9.077891118203727,-2.994757586748318,1.2578302215212496,51.47515106201172,-70.11355590820312,0.5551905632019043,0.06690941005945206
1786713172.4932065,-9.116754690549463,-2.48434080392143,1.2682384179633415,51.47515106201172,-70.11355590820312,0.5569480061531067,0.06687499582767487
1786713175.1429334,-8.860642855698506,-2.9773529857499135,1.1996150758772233,51.47515106201172,-70.11355590820312,0.5557125210762024,0.1037948802113533
1786713175.1430738,-8.899500817361249,-2.4669358283578955,1.2100258517978113,51.47515106201172,-70.11355590820312,0.5558024644851685,0.1037946566939354
1786713176.343192,-8.641003911953097,-2.959400216481716,1.1407648260926684,51.47515106201172,-70.11355590820312,0.5551839470863342,0.03386291116476059
1786713176.3433502,-8.67986167454289,-2.4489830121834832,1.1511740452224335,51.47515106201172,-70.11355590820312,0.5545984506607056,0.03386024385690689
1786713177.4430902,-8.424342672612879,-2.9417222423568044,1.082709265176002,51.47515106201172,-70.11355590820312,0.5550008416175842,0.1412101536989212
1786713177.4432468,-8.463199904008706,-2.4313050112521655,1.09311915277027,51.47515106201172,-70.11355590820312,0.5556207299232483,0.14120981097221375
1786713178.4929504,-8.231754684681786,-2.926008346264407,1.0311055540249279,51.47515106201172,-70.11355590820312,0.5567975044250488,0.07996146380901337
1786713178.4930649,-8.270611929072025,-2.415591104242817,1.0415148578186915,51.47515106201172,-70.11355590820312,0.5557721853256226,0.07996153086423874
1786713179.5428777,-8.015093271636815,-2.908330394431431,0.9730505496622165,51.47515106201172,-70.11355590820312,0.5550559163093567,0.03384943678975105
1786713179.5430036,-8.053950483036019,-2.3979131729557785,0.9834609840120948,51.47515106201172,-70.11355590820312,0.5551446676254272,0.03384893387556076
1786713180.693365,-7.798431491212915,-2.890651933021666,0.9149953331315914,51.47515106201172,-70.11355590820312,0.550896406173706,0.03386099264025688
1786713180.6936884,-7.837288866616708,-2.380234736853821,0.9254063961361103,51.47515106201172,-70.11355590820312,0.5527517795562744,0.03386088088154793
1786713181.7433312,-7.581769458738253,-2.872973447061057,0.8569413086131744,51.47515106201172,-70.11355590820312,0.5541848540306091,0.03385993465781212
1786713181.7434857,-7.620626849400899,-2.362556236406395,0.8673516044016979,51.47515106201172,-70.11355590820312,0.5525684356689453,0.033860549330711365
1786713182.7430248,-7.365107366124564,-2.855294839415174,0.7988869311441115,52.20235824584961,-71.10406494140625,0.5560809373855591,0.04092162474989891
1786713182.7431636,-7.40396508050048,-2.344877638636724,0.8092965028437936,51.47515106201172,-70.11355590820312,0.5573210120201111,0.04368516057729721
1786713183.7933285,-7.1478446686222235,-2.8366667198906375,0.7436612210405995,55.2969856262207,-75.31919860839844,0.5338988304138184,0.07138442993164062
1786713183.7934184,-7.1873283607714775,-2.3262535432111826,0.751625335947518,53.91944885253906,-73.44287109375,0.5532320737838745,0.07162962108850479
1786713184.8431594,-6.9587689925523595,-2.8210573144668905,0.7030427769276669,59.79792785644531,-81.44987487792969,0.4602293074131012,0.07387261837720871
1786713184.8432932,-6.9984814488705265,-2.310648313058672,0.7100835222463703,58.35716247558594,-79.48743438720703,0.4912440776824951,0.07472001761198044
1786713185.8931663,-6.770346010390738,-2.805835076407812,0.6621125282041944,63.38715362548828,-86.33870697021484,0.39600202441215515,0.03667156398296356
1786713185.893382,-6.810114713057197,-2.295430643679818,0.6691669835227436,62.555938720703125,-85.2065200805664,0.4143112599849701,0.037020355463027954
1786713186.8937302,-6.579531096830672,-2.79039035322488,0.6230604915892568,64.21564483642578,-87.46720123291016,0.3706425428390503,0.015537809580564499
1786713186.8938773,-6.619324957089831,-2.2799873275404945,0.6300747668832127,64.21564483642578,-87.46720123291016,0.3689034879207611,0.015563548542559147
1786713187.8979032,-6.383187703499523,-2.7746048643460752,0.5884369046717263,64.21564483642578,-87.46720123291016,0.3702278435230255,0.01518549770116806
1786713187.8980143,-6.422978547817097,-2.264201612140591,0.5954518064215159,64.21564483642578,-87.46720123291016,0.370213121175766,0.015189613215625286
1786713188.8430462,-6.186840325188668,-2.7588223567819514,0.5538129616987578,64.21564483642578,-87.46720123291016,0.3699539303779602,0.015136802569031715
1786713188.8431904,-6.226630534756343,-2.2484190505951775,0.5608275362525862,64.21564483642578,-87.46720123291016,0.37027427554130554,0.015136633068323135
1786713189.793334,-5.990493370660796,-2.743041979363063,0.5191873782677227,64.21564483642578,-87.46720123291016,0.37000203132629395,0.015141832642257214
1786713189.7934532,-6.030282494552112,-2.232638681005882,0.5262086777252225,64.21564483642578,-87.46720123291016,0.37127456068992615,0.015142959542572498
1786713190.993238,-5.794147707727534,-2.72726118890809,0.4845635559264746,64.21564483642578,-87.46720123291016,0.3704338073730469,0.12812021374702454
1786713190.993401,-5.833935771048974,-2.2168579312169174,0.49159381590512685,64.21564483642578,-87.46720123291016,0.3710758686065674,0.12812824547290802
1786713194.9931133,-5.5743486861269815,-2.7097795114666288,0.4458156405145675,64.21564483642578,-87.46720123291016,0.36807212233543396,0.10701195150613785
1786713194.993246,-5.61413799007749,-2.1993762308182796,0.4528372069022419,64.21564483642578,-87.46720123291016,0.3674371540546417,0.1070023775100708
1786713196.143682,-5.326004098654982,-2.6897693932743705,0.4020227211479977,64.21564483642578,-87.46720123291016,0.3616785705089569,0.015086844563484192
1786713196.1441984,-5.365796672615792,-2.1793661605920605,0.409029227054777,64.21564483642578,-87.46720123291016,0.36136677861213684,0.015092369168996811
1786713197.3432925,-5.105100526845011,-2.6720137101626165,0.36307808404416586,64.21564483642578,-87.46720123291016,0.36687391996383667,0.015077999792993069
1786713197.3434558,-5.144895433659799,-2.1616108092661044,0.37009550151985815,64.21564483642578,-87.46720123291016,0.36670202016830444,0.015077480114996433
1786713198.443071,-4.884209418453136,-2.6542553043609667,0.32413007375562786,64.21564483642578,-87.46720123291016,0.3751530349254608,0.015107676386833191
1786713198.4432771,-4.92400467120333,-2.1438524227103475,0.331146929268753,64.21564483642578,-87.46720123291016,0.37534382939338684,0.015106753446161747
1786713199.3982341,-4.687862442927776,-2.6384708373131955,0.28950858045907746,64.21564483642578,-87.46720123291016,0.3740372061729431,0.015099866315722466
1786713199.3983164,-4.727657196543222,-2.1280679169735306,0.2965254525134723,64.21564483642578,-87.46720123291016,0.3728683292865753,0.015099136158823967
1786713200.443335,-4.491516144445472,-2.6226862509160656,0.2548874535459646,64.21564483642578,-87.46720123291016,0.3742801249027252,0.008281067945063114
1786713200.443541,-4.531310613381607,-2.112283305530661,0.26190411828029797,64.21564483642578,-87.46720123291016,0.37042495608329773,0.010183320380747318
1786713201.2932518,-4.274010858471325,-2.60246525951388,0.22989291537812942,43.8568000793457,-67.81952667236328,0.3102097809314728,0.06056753918528557
1786713201.2933881,-4.314455078183565,-2.0920657958458593,0.2307007391611446,50.379215240478516,-74.18045806884766,0.33670592308044434,0.06351859867572784
1786713202.4952407,-4.088510576362401,-2.5880392989975802,0.21629391792268193,12.155920028686523,-26.741695404052734,0.14210039377212524,0.038895655423402786
1786713202.4953506,-4.128392283124077,-2.077594936084609,0.21633676820682796,25.570497512817383,-47.15144729614258,0.21249648928642273,0.03844736889004707
1786713203.6291878,-3.898615147654008,-2.575704580648622,0.19794044262162475,0.0,0.0,0.009111421182751656,0.029111618176102638
1786713203.62927,-3.9384129687983402,-2.0652969578410585,0.20458814990273805,5.067497253417969,-12.526905059814453,0.06347209960222244,0.028271516785025597
1786713204.343281,-3.695571960338985,-2.5572512857866956,0.19621233276648978,0.0,0.0,4.7706849727546796e-05,3.0855291697662324e-05
1786713204.3433893,-3.735534472930017,-2.0468132409883726,0.19620918993961353,4.12362813949585,1.4942169189453125,0.0007501523941755295,8.14393388282042e-06
1786713205.3933804,-3.49619360333871,-2.541639370776297,0.19621597238252256,0.0,0.0,3.652461600722745e-05,0.009838258847594261
1786713205.3935468,-3.536149650360794,-2.0312008198298055,0.196212228777045,4.371941089630127,1.5869736671447754,1.6620562064417754e-06,0.009917354211211205
1786713207.993264,-3.1807948261349455,-2.515606277475297,0.19620595875789817,0.0,0.0,4.896453447145177e-07,0.8897719383239746
1786713207.9934225,-3.2287330297221213,-2.0058554279069902,0.19620706530818785,0.0,0.0,8.295447173622961e-07,0.9020037055015564
1786713208.1432266,-3.158086732385342,-2.5119029789868828,0.1962045193945271,0.0,0.0,5.583814868259651e-07,0.9196012616157532
1786713208.143431,-3.2123170442594042,-2.002783078305014,0.19620644976180635,0.0,0.0,1.0408160733277327e-06,0.928506076335907
1786713208.251256,-3.144052026664603,-2.5095947387081594,0.1962036010420241,0.0,0.0,5.583814868259651e-07,0.9437198042869568
1786713208.2515588,-3.201334825603563,-2.0008092427124087,0.19620677542838078,0.0,0.0,9.53886228671763e-07,0.9484728574752808
1786713208.3932984,-3.1282825968330474,-2.5070868421792487,0.19620351437194558,0.0,0.0,5.07808408656274e-07,0.9399411678314209
1786713208.393427,-3.187291763708415,-1.9984986804858624,0.19620667929669697,0.0,0.0,5.448139859254297e-07,0.9439771771430969
1786713208.543425,-3.1101338543453707,-2.504379884310301,0.1962041269005705,0.0,0.0,5.305312242853688e-07,0.9342679381370544
1786713208.5437212,-3.170698598906612,-1.9959746210526321,0.19620697853587957,0.0,0.0,5.448139859254297e-07,0.9375426173210144
1786713208.6432264,-3.0897026248941577,-2.501441514266351,0.19620377855891125,0.0,0.0,7.006834721323685e-07,0.8560534715652466
1786713208.643399,-3.151655859712239,-1.9932035811200273,0.19620637254768686,0.0,0.0,8.651207963339402e-07,0.8295210003852844
1786713208.793281,-3.0973412921951415,-2.5016946381797203,0.19620373714964093,0.0,0.0,4.6747777560085524e-07,0.7577257752418518
1786713208.795421,-3.153222644178482,-1.992753311022379,0.19620717784091854,0.0,0.0,8.651207963339402e-07,0.78558748960495
1786713208.943359,-3.050000398543457,-2.4953283026192747,0.19620292672667938,0.0,0.0,2.0092595320875262e-07,0.9331724047660828
1786713208.9435186,-3.115255679145528,-1.9875037774732938,0.19620664209445915,0.0,0.0,1.2854912938564667e-06,0.9386782646179199
1786713209.0434082,-3.0310612826662027,-2.492128592686253,0.1962028673748056,0.0,0.0,7.019249892437074e-07,0.9301789402961731
1786713209.0435812,-3.0983108832299795,-1.984564319707249,0.19620726141914482,0.0,0.0,1.2039495231874753e-06,0.9362912774085999
1786713209.197428,-3.011989757537838,-2.4886880246204313,0.19620285059674616,0.0,0.0,7.019249892437074e-07,0.9248362183570862
1786713209.197492,-3.0814186959958048,-1.9814172660629263,0.19620698506539994,0.0,0.0,9.476040077061043e-07,0.9319654107093811
1786713209.293223,-2.9926111066074284,-2.4850180681558967,0.1962015626690531,4.371941089630127,1.5869736671447754,6.418454177037347e-07,0.9215967655181885
1786713209.2933137,-3.0645329032130717,-1.9780947454206872,0.1962078960261307,0.0,0.0,9.476040077061043e-07,0.9291743636131287
1786713209.393409,-2.9731368657450323,-2.481007521655086,0.19620193377414133,4.371941089630127,1.5869736671447754,6.418454177037347e-07,0.9163386225700378
1786713209.39352,-3.047694794475335,-1.9744652082915533,0.196207914349282,0.0,0.0,9.476040077061043e-07,0.9247173070907593
1786713209.493114,-2.953448022727794,-2.476688815793079,0.19620153677893357,4.371941089630127,1.5869736671447754,6.418454177037347e-07,0.9101266860961914
1786713209.493233,-3.030895506471819,-1.9705802432361874,0.19620832976243321,0.0,0.0,1.2753341707139043e-06,0.919399082660675
1786713209.644451,-2.9335107070525983,-2.4720415269552487,0.1962013476886576,8.94051742553711,3.3568620681762695,6.823317448834132e-07,0.9033582210540771
1786713209.6446607,-3.0141326010536598,-1.9664289181727423,0.19620826358693177,0.0,0.0,1.3521392929760623e-06,0.9135452508926392
1786713209.7433133,-2.913324049526668,-2.4670346298160695,0.19620103708048553,9.523838996887207,3.592073917388916,6.687924383186328e-07,0.895684540271759
1786713209.743434,-2.9974138795813654,-1.9619872058759888,0.19620830761849856,0.0,0.0,1.3521392929760623e-06,0.9068714380264282
1786713209.8433762,-2.89286061330979,-2.461645713521872,0.19620048435640794,9.523838996887207,3.592073917388916,6.687924383186328e-07,0.8875454664230347
1786713209.843489,-2.9807405241816434,-1.9572439676890243,0.1962086040954891,4.371941089630127,1.5869736671447754,1.3521392929760623e-06,0.8997487425804138
1786713209.9934003,-2.872119321623519,-2.4558402313566297,0.19620028402053563,14.573365211486816,5.727887153625488,7.274094286913169e-07,0.878838062286377
1786713209.993567,-2.9641178535593817,-1.9521734069114056,0.19620893906328185,8.94051742553711,3.3568620681762695,1.2725395208690315e-06,0.8920996189117432
1786713210.143179,-2.8510901175082295,-2.4495894152392736,0.19619990139700338,18.519580841064453,7.5380144119262695,7.274094286913169e-07,0.869678795337677
1786713210.1433249,-2.947549573246906,-1.9467578596315045,0.1962090484963116,8.94051742553711,3.3568620681762695,1.2725395208690315e-06,0.8840285539627075
1786713210.2435877,-2.8297672689553326,-2.4428621971254625,0.19619934821236057,18.519580841064453,7.5380144119262695,7.274094286913169e-07,0.8601265549659729
1786713210.2436986,-2.931039277384533,-1.940977767989179,0.19620931128332714,8.94051742553711,3.3568620681762695,1.2725395208690315e-06,0.8755927085876465
1786713210.3935368,-2.808149288544045,-2.4356289873480765,0.1961988466782777,21.133363723754883,8.816361427307129,6.624258048759657e-07,0.8503275513648987
1786713210.3937094,-2.914593416630815,-1.934816000816889,0.19620968916941822,10.18795394897461,3.862607479095459,1.5674231690354645e-06,0.8669238686561584
1786713210.493313,-2.786235589644383,-2.427859868261693,0.19619837646295982,24.961740493774414,10.82054328918457,6.624258048759657e-07,0.840316116809845
1786713210.4934304,-2.898214075342539,-1.9282552059500104,0.1962100887480964,10.18795394897461,3.862607479095459,1.5674231690354645e-06,0.858056902885437
1786713210.593308,-2.764031035271875,-2.419526589950602,0.1961979315944487,24.961740493774414,10.82054328918457,6.624258048759657e-07,0.830227255821228
1786713210.5933862,-2.8819079874968323,-1.9212806426741769,0.19621045248410923,14.573365211486816,5.727887153625488,1.5674231690354645e-06,0.849113941192627
1786713210.7432928,-2.7415425477032107,-2.4106020476360386,0.1961974305287322,33.140777587890625,15.756410598754883,4.5550063987320755e-07,0.8201259970664978
1786713210.7434754,-2.8656791811619318,-1.9138786879529823,0.19621079885850837,13.671695709228516,5.332589149475098,1.6380870420107385e-06,0.8401556015014648
1786713210.843224,-2.7187814155622148,-2.401061139613312,0.19619700314409225,35.75157928466797,17.567842483520508,4.5550063987320755e-07,0.8101010322570801
1786713210.8433669,-2.8495337080519976,-1.9060380716567955,0.19621113058174763,18.519580841064453,7.5380144119262695,1.6338512978109065e-06,0.8312627077102661
1786713210.9935591,-2.695762322281524,-2.3908806389022907,0.19619648503594087,37.79561996459961,19.08445930480957,6.093674187468423e-07,0.8002263307571411
1786713210.9936674,-2.8334778275173584,-1.8977493791029976,0.19621153166210478,20.840526580810547,8.66970443725586,1.6369522199966013e-06,0.8225031495094299
1786713211.093307,-2.672503403078836,-2.3800400318558927,0.1961960038062497,44.57101058959961,24.878429412841797,2.0422032775968546e-07,0.9739882349967957
1786713211.0934494,-2.817518554079749,-1.889005811330129,0.19621190468465796,20.840526580810547,8.66970443725586,1.6369522199966013e-06,0.9743020534515381
1786713211.2432876,-2.676617058254818,-2.376912814632458,0.19619552781861202,42.49911117553711,22.964567184448242,2.0422032775968546e-07,0.7812802195549011
1786713211.243413,-2.82190565970806,-1.8859594339456804,0.19621226058066768,22.061378479003906,9.287041664123535,1.3808103176415898e-06,0.805701732635498
1786713211.3449097,-2.6528048562295505,-2.365147883072787,0.19619508769000119,48.72484588623047,29.187191009521484,2.924959972006036e-07,0.5835913419723511
1786713211.344992,-2.8060557269809707,-1.876621353284814,0.19621261629904638,24.961740493774414,10.82054328918457,1.380501089442987e-06,0.6319319605827332
1786713211.443204,-2.6015141699834223,-2.3433902414153667,0.19619464298684614,51.257118225097656,32.18669128417969,3.629015168371552e-07,0.7637259364128113
1786713211.443334,-2.7702843624147824,-1.8600056928301574,0.1962129666156192,32.18801498413086,15.127211570739746,1.5847298300286639e-06,0.7901488542556763
1786713211.5932796,-2.5775388302063478,-2.329755587210345,0.19619419173521987,54.31887435913086,36.277095794677734,3.629015168371552e-07,0.7556358575820923
1786713211.593444,-2.7547824540694945,-1.8494133160805715,0.19621331634375047,32.18801498413086,15.127211570739746,1.5847298300286639e-06,0.782986044883728
1786713211.693246,-2.553461506409966,-2.3153953229064026,0.19619381148501033,54.31887435913086,36.277095794677734,3.629015168371552e-07,0.9322230219841003
1786713211.6933897,-2.739416812899666,-1.8383579830709749,0.1962135867322398,35.201595306396484,17.175060272216797,1.5847298300286639e-06,0.9374188780784607
1786713211.8434405,-2.556067903783225,-2.3110808402511607,0.1961930429635188,54.31887435913086,36.277095794677734,3.629015168371552e-07,0.5508984923362732
1786713211.8438737,-2.743823910046423,-1.8347493572726827,0.1962139144241919,35.201595306396484,17.175060272216797,1.5847298300286639e-06,0.602816641330719
1786713211.9434493,-2.7091342062842783,-1.814872617212318,0.1962140996199473,42.214630126953125,22.712404251098633,1.4436681112783845e-06,0.7641424536705017
1786713212.0433362,-2.6942391578854057,-1.8024494194841216,0.19621448813045783,40.03904724121094,20.861684799194336,1.4436681112783845e-06,0.7587594985961914
1786713212.1948369,-2.6795240551491357,-1.789580092597285,0.19621479608843537,40.03904724121094,20.861684799194336,1.4436681112783845e-06,0.7538464069366455
1786713212.2976203,-2.665000922970033,-1.7762690706213116,0.19621498657276343,42.214630126953125,22.712404251098633,1.4436681112783845e-06,0.7494074106216431
1786713212.3933372,-2.6506824279486394,-1.762521813559692,0.1962151377649482,42.214630126953125,22.712404251098633,0.0005158656858839095,0.7462539672851562
1786713212.543589,-2.636580914558323,-1.7483607970051072,0.19621518534396515,47.83750915527344,28.2076358795166,0.0005624796031042933,0.7448738217353821
1786713212.643399,-2.622703226494113,-1.7338229768390623,0.19621525352844674,51.257102966308594,32.18669891357422,0.000575586745981127,0.7443470358848572
1786713212.7972636,-2.6090591822634557,-1.7189314604404218,0.19621535218044797,53.45636749267578,35.06840515136719,0.0009199886699207127,0.7444327473640442
1786713212.8934748,-2.5956581283635938,-1.7037072523669945,0.19621534335253352,53.45636749267578,35.06840515136719,0.0009199886699207127,0.7450819611549377
1786713212.9933248,-2.58250913789971,-1.6881707719869856,0.1962152791909134,52.448036193847656,33.71277618408203,0.0009199886699207127,0.7455872893333435
1786713213.0933897,-2.569623494208827,-1.6723243734380087,0.1962152346008129,57.01359939575195,40.365516662597656,0.0011486562434583902,0.7462777495384216
1786713213.6302981,-2.5570091041606826,-1.6561812641226985,0.19621523462973864,58.961124420166016,43.62318801879883,3.3333332538604736,0.7469391822814941
1786713213.6305814,-2.544677306442443,-1.6397475143440923,0.19621523139036898,58.961124420166016,43.62318801879883,3.3333332538604736,0.7471085786819458
1786713213.630843,-2.532638888291191,-1.6230182705936769,0.1962152273403133,58.961124420166016,43.62318801879883,3.3333332538604736,0.7472755312919617
1786713213.6310945,-2.520904205161302,-1.6060026685784123,0.19621510127275232,58.961124420166016,43.62318801879883,3.3333332538604736,0.9182747602462769
1786713213.6933043,-2.525394220322006,-1.6026615610541814,0.19621519428039758,58.961124420166016,43.62318801879883,3.3333332538604736,0.5713238716125488
1786713224.3949122,-2.42263132927963,-1.6939432431075552,0.19619500077570637,57.989627838134766,41.967124938964844,2.9889579309383407e-06,0.9158687591552734
1786713224.493644,-2.4202857651527534,-1.7212906299041804,0.19619491188836374,55.712074279785156,38.330223083496094,7.400027470794157e-07,0.9121719598770142
1786713224.5934556,-2.4173252987697937,-1.7490420745330115,0.19619454841754047,53.45635223388672,35.068397521972656,4.692954576057673e-07,0.9086551666259766
1786713224.7436888,-2.413726689361938,-1.7771678646840932,0.19619410436743545,50.090087890625,30.764944076538086,2.2727935800048726e-07,0.9053162932395935
1786713224.8433776,-2.409473926471647,-1.8056365916002182,0.19619382254991902,49.83429718017578,30.46250343322754,8.609945325588342e-07,0.9021892547607422
1786713224.9934325,-1.8925514582607015,-1.835667338830402,0.196214476500921,58.513580322265625,42.85289001464844,3.5442408261587843e-06,0.8700153231620789
1786713224.9935658,-2.4045499234958125,-1.8344138761901694,0.1961937810873176,42.49911117553711,22.964567184448242,9.502444413556077e-07,0.8992798328399658
1786713225.0938861,-1.887020806987219,-1.854311617644309,0.19621517107308953,58.96109390258789,43.62318801879883,3.5442408261587843e-06,0.8797013163566589
1786713225.0940104,-2.39893902552834,-1.8634624126895902,0.19619335995858003,47.112552642822266,27.4324951171875,2.3763850549585186e-06,0.9073867797851562
1786713225.1933057,-1.8814699535945119,-1.8734257920108057,0.19621524812361435,58.96109390258789,43.62318801879883,3.5442408261587843e-06,0.9048453569412231
1786713225.193474,-2.393118416303884,-1.8923955082649286,0.19619351394788997,40.03904724121094,20.861684799194336,2.118340034940047e-06,0.9296258091926575
1786713225.39334,-1.8762640608684462,-1.893736547275418,0.19621512700971291,58.513580322265625,42.85289001464844,3.5442408261587843e-06,0.9133170247077942
1786713225.3934555,-2.3875878644282604,-1.9200418224930522,0.19619490698793704,35.201595306396484,17.175060272216797,1.9513963707140647e-06,0.9370816349983215
1786713225.5934138,-1.8718167617560983,-1.914833701071686,0.1962138633201624,54.31887435913086,36.27709197998047,3.4491988571971888e-06,0.8859257102012634
1786713225.5935614,-2.3828147688814916,-1.9468498910875873,0.19619681214906856,35.201595306396484,17.175060272216797,1.9513963707140647e-06,0.8984983563423157
1786713226.4433994,-1.8655373174982008,-1.9614240874511604,0.19621093264087944,53.456336975097656,35.06839370727539,3.4491988571971888e-06,0.17052529752254486
1786713226.4434927,-2.3762385701366204,-1.997868983853038,0.1962019992586936,24.961740493774414,10.82054328918457,1.920740714922431e-06,0.15502946078777313
1786713227.493479,-1.8537692971487783,-2.1371761702669225,0.19620511691612427,31.282886505126953,14.544063568115234,2.0095653781027067e-06,4.602736225933768e-06
1786713227.4937005,-2.364633312218844,-2.1712636768711127,0.1962051405801459,4.651993751525879,1.6920089721679688,1.9529054497979814e-06,3.610612793636392e-06
1786713228.4934134,-1.8387892347399668,-2.3616768848095337,0.19620514126310531,4.12362813949585,1.4942169189453125,7.691402856835339e-07,2.5459241442149505e-05
1786713228.493714,-2.3496532381184214,-2.3957645666293907,0.19620567677784742,0.0,0.0,2.0871282231382793e-06,2.5675206416053697e-05
1786713229.3012192,-1.8254737695799859,-2.5612331814578164,0.19620512951711647,0.0,0.0,1.0201806617260445e-06,0.6393094062805176
1786713229.3013532,-2.336337761685715,-2.595321032216619,0.1962057951908037,0.0,0.0,1.955519337570877e-06,0.6373640298843384
1786713229.5437753,-1.8153799753776387,-2.7405463645579764,0.19620419381174325,0.0,0.0,1.2827808859583456e-06,0.6339664459228516
1786713229.543899,-2.3267851039843275,-2.765220123628095,0.19621113109751054,0.0,0.0,1.6298059790642583e-06,0.6053099036216736
1786713229.6433966,-1.8160954179642714,-2.796313803472997,0.1962012819728413,0.0,0.0,1.132889678956417e-06,0.7179466485977173
1786713229.6435447,-2.3279492727398474,-2.8085461892463135,0.19621075172133856,0.0,0.0,1.6570144225624972e-06,0.6931171417236328
1786713229.7435706,-1.8177538357741585,-2.8248696194724876,0.19619956867797408,0.0,0.0,9.580629694028175e-07,0.9956181645393372
1786713229.7437277,-2.3297338706004944,-2.829391101597752,0.1962113421495892,0.0,0.0,1.6570144225624972e-06,0.9948704242706299
1786713229.8434544,-1.8201708353763097,-2.8248644409008086,0.1961975484564532,0.0,0.0,9.077997447093367e-07,0.5527688264846802
1786713229.843656,-2.332153020427695,-2.829135507564399,0.19621094862238952,0.0,0.0,1.6570144225624972e-06,0.5147821307182312
1786713229.9435065,-1.8232224068275542,-2.8821225915612296,0.19619596450635154,0.0,0.0,5.036369543631736e-07,0.7867120504379272
1786713229.943608,-2.335121293577524,-2.871947644732131,0.19621014782342758,0.0,0.0,1.385002633469412e-06,0.7686687111854553
1786713230.0934966,-1.8270248581680197,-2.910738882611643,0.19619462948666752,0.0,0.0,6.487991868198151e-07,0.7849816083908081
1786713230.0936193,-2.338741184234066,-2.8936977139036517,0.19620900075930972,0.0,0.0,1.385002633469412e-06,0.7666816115379333
1786713230.1936357,-1.8315676929658222,-2.9395274339955386,0.19619262574309307,0.0,0.0,6.062418265173619e-07,0.7973125576972961
1786713230.193742,-2.3430052619368746,-2.91553550154469,0.19620753392246296,0.0,0.0,1.2971395335625857e-06,0.7807862758636475
1786713230.2960885,-1.8363500179704266,-2.968089834890081,0.1961921435713424,0.0,0.0,5.639455480377364e-07,0.7992318272590637
1786713230.2962508,-2.3474508541142916,-2.9377594028993355,0.1962058657108327,0.0,0.0,1.2971395335625857e-06,0.7858195304870605
1786713230.5434597,-1.840990277640515,-2.9957471167013243,0.19619181553537354,0.0,0.0,8.332405059263692e-07,0.7515032291412354
1786713230.5436223,-2.3518065843149483,-2.960951992028598,0.19620341298225621,0.0,0.0,1.3167472161512705e-06,0.7393976449966431
1786713231.7436123,-1.849012122378237,-3.0488916261988304,0.19619165015726175,0.0,0.0,8.919322681322228e-06,0.5318755507469177
1786713231.743662,-2.3593784922113623,-3.0080239311174206,0.19619813789300683,0.0,0.0,1.0122602134288172e-06,0.5133028030395508
1786713232.443558,-1.869183043417321,-3.297039030466612,0.19619438064601707,0.0,0.0,5.132690057507716e-05,0.5529654622077942
1786713232.4437811,-2.3796647421766717,-3.257638075777243,0.1961955355634808,0.0,0.0,7.326071909119491e-07,0.5768607258796692
1786713232.6947787,-1.879671726721589,-3.4408316076487635,0.19620500455930817,0.0,0.0,5.513722499017604e-05,0.7881837487220764
1786713232.6948552,-2.3907586584162783,-3.4102677692410746,0.19619928647932605,0.0,0.0,4.977375738235423e-07,0.8131271004676819
1786713232.7933211,-1.8802274206321072,-3.4827038546588094,0.1962060654857123,0.0,0.0,5.816912016598508e-05,0.8030102849006653
1786713232.793441,-2.391891316880381,-3.4641550764837996,0.19619585519301858,0.0,0.0,3.234212636016309e-05,0.8261029720306396
1786713232.9469595,-1.8793860778260443,-3.5025844487568185,0.1962074825817889,0.0,0.0,5.137100743013434e-05,0.8278550505638123
1786713232.9470673,-2.391271638987683,-3.4917598425768452,0.19619424314468978,0.0,0.0,4.184500721748918e-05,0.848048746585846
1786713233.046768,-1.8779361456214936,-3.522514335445549,0.19620804149031879,0.0,0.0,5.1258059102110565e-05,0.8545629978179932
1786713233.0468695,-2.389928425344994,-3.5197026944371617,0.19619468585963473,0.0,0.0,4.87860306748189e-05,0.8720293045043945
1786713233.6641836,-1.8759170968425645,-3.5431975242119607,0.19620925189873745,0.0,0.0,1.3164190932002384e-05,0.9596052169799805
1786713233.6642811,-2.3879007343936234,-3.547290770633077,0.19619463266165316,0.0,0.0,0.00017578856204636395,0.953819215297699
1786713233.6643927,-1.8738367695665912,-3.543308780201329,0.19620931063381863,0.0,0.0,5.1258059102110565e-05,0.8741565942764282
1786713233.6644957,-2.3858307332099984,-3.5457949418219084,0.19619541424667647,0.0,0.0,0.00017578856204636395,0.889634370803833
1786713233.664603,-1.8714935355920592,-3.5651488995919944,0.196209300989957,0.0,0.0,1.0876962733163964e-05,0.7071157097816467
1786713233.6647024,-2.3834367618647296,-3.572773394657215,0.1961971137090546,0.0,0.0,0.00017203636525664479,0.7417725920677185
1786713233.6962438,-1.8683548639613026,-3.6099775450126184,0.19620874201357458,0.0,0.0,1.177585272671422e-05,0.864351749420166
1786713233.6963205,-2.3800711731779316,-3.6270192223030056,0.19619793268648084,0.0,0.0,0.0002194132684962824,0.8721486926078796
1786713234.5433722,-1.8638444019932854,-3.6576334418012646,0.19620746201978326,0.0,0.0,1.0999576261383481e-05,0.17126183211803436
1786713234.5435562,-2.3754430476098785,-3.6779022789587357,0.19620086265137923,0.0,0.0,0.00020233140094205737,0.15591777861118317
1786713235.5435166,-1.8576138762417254,-3.833666877478331,0.19620324393895286,-6.106943130493164,4.4419169425964355,0.008081981912255287,0.04676191508769989
1786713235.5436242,-2.3692999156043526,-3.851594429495747,0.19620346903745414,0.0,0.0,0.006636373233050108,0.05014776065945625
1786713236.493477,-1.8471334941286508,-4.026352814488605,0.20709380814409387,-30.58057975769043,24.279659271240234,0.11650016903877258,0.20214104652404785
1786713236.4936473,-2.3587788394532105,-4.045009842315838,0.21096109664713544,-30.58057975769043,24.279659271240234,0.11628390103578568,0.20858635008335114
1786713237.0936434,-1.836566079311711,-4.208448687119866,0.22735613069161315,-53.208290100097656,47.373558044433594,0.27868640422821045,0.1256858855485916
1786713237.093939,-2.3479918329080687,-4.229289544703013,0.2397398786540199,-56.5084228515625,51.285640716552734,0.29409730434417725,0.03932513669133186
1786713237.2461054,-1.852918210947012,-4.26956829252491,0.23962747233490514,-59.41757583618164,54.8386344909668,0.3042648434638977,0.08446988463401794
1786713237.246354,-2.3612957346956063,-4.327635560227992,0.25764096085728283,-62.479854583740234,58.64289474487305,0.3433731198310852,0.004862403031438589
1786713237.343388,-1.863773901657469,-4.275756630035568,0.24171877610795015,-59.41757583618164,54.8386344909668,0.3102942109107971,0.18883714079856873
1786713237.3435524,-2.369230907826682,-4.3550951166663,0.26076134561947234,-61.961143493652344,57.99687576293945,0.34110552072525024,0.1142391562461853
1786713237.4979203,-1.8707090935213686,-4.298433330449728,0.2444150334148213,-63.3247184753418,59.69395065307617,0.332465797662735,0.06967743486166
1786713237.4980204,-2.3715511209394085,-4.403009537523574,0.263522112883844,-65.5991439819336,62.493526458740234,0.37169110774993896,0.14420931041240692
1786713237.5933883,-1.8796925236598243,-4.303941584124971,0.24810333702998705,-63.3247184753418,59.69395065307617,0.332465797662735,0.29793402552604675
1786713237.5935595,-2.375637055299806,-4.429873182219275,0.26611039502995165,-65.85791778564453,62.80695724487305,0.3727355897426605,0.35519200563430786
1786713237.8435326,-1.8853051057234542,-4.311587687785263,0.25186491489556345,-61.961143493652344,57.99687576293945,0.3328627347946167,0.8398666381835938
1786713237.843632,-2.377447469673061,-4.451832972167878,0.2683316636496999,-67.64873504638672,64.93263244628906,0.37266600131988525,0.8232297897338867
1786713238.1935472,-1.8827664307826568,-4.32640839658361,0.2574673997042669,-64.1706314086914,60.74219512939453,0.3543979227542877,0.381352961063385
1786713238.1937087,-2.3756484821103703,-4.464012433368837,0.27409305877075973,-67.64873504638672,64.93263244628906,0.37266600131988525,0.4183318614959717
1786713238.6936176,-1.8673261562902561,-4.354749978588106,0.2668026617937896,-66.08179473876953,63.07695388793945,0.356541246175766,0.4250331521034241
1786713238.6937582,-2.364781526002121,-4.475061319303655,0.2812018437170402,-67.74967956542969,65.05130004882812,0.37291789054870605,0.45788371562957764
1786713239.0435977,-1.8476994783352643,-4.392922356891923,0.27755063361349175,-67.64873504638672,64.93263244628906,0.37245967984199524,0.3122038245201111
1786713239.0437272,-2.349648181322526,-4.492851421407423,0.29189223863044556,-69.34761810302734,66.93091583251953,0.3755092918872833,0.3540422320365906
1786713239.5443585,-1.8319556636824026,-4.424043123710625,0.2851950877872957,-67.74967956542969,65.05130004882812,0.3731807470321655,0.7103641629219055
1786713239.5445192,-2.3373314049532588,-4.504790108921096,0.3000033461032732,-69.34761810302734,66.93091583251953,0.3755092918872833,0.7329471707344055
1786713240.043478,-1.8113078797776374,-4.474623029271219,0.2923171196496605,-69.34761810302734,66.93091583251953,0.37310391664505005,0.4740578532218933
1786713240.0435817,-2.3197205689617757,-4.53413996254529,0.3031924187353093,-69.34761810302734,66.93091583251953,0.37669941782951355,0.516775369644165
1786713240.6439242,-1.7971751712344148,-4.52223352168988,0.2898922528508658,-69.34761810302734,66.93091583251953,0.37625566124916077,0.3851930499076843
1786713240.6440475,-2.3073562190644554,-4.5647106137271605,0.29730812010278834,-69.34761810302734,66.93091583251953,0.37694212794303894,0.43335971236228943
1786713241.4947288,-1.7848148190403834,-4.5859088388053895,0.28027219081154925,-69.34761810302734,66.93091583251953,0.37688687443733215,0.034232258796691895
1786713241.4948704,-2.296174012787074,-4.611145805649093,0.28461620684102623,-69.34761810302734,66.93091583251953,0.3771199882030487,0.04336800053715706
1786713242.3934956,-1.7751564759151806,-4.773036584482873,0.3045281785270799,-69.34761810302734,66.93091583251953,0.3750070333480835,0.015186456963419914
1786713242.393631,-2.2866193996960917,-4.796126268394615,0.3085956217458359,-69.34761810302734,66.93091583251953,0.37582162022590637,0.015185385011136532
1786713243.6684425,-1.7659971876507963,-4.969789170559662,0.3392204899588475,-69.34761810302734,66.93091583251953,0.37396347522735596,0.015274644829332829
1786713243.6685686,-2.277460084872414,-4.992878781923825,0.34329168299297247,-69.34761810302734,66.93091583251953,0.374246746301651,0.015278381295502186
1786713244.543579,-1.756838858767812,-5.166542982833745,0.3739138733738083,-69.34761810302734,66.93091583251953,0.364845871925354,0.015171511098742485
1786713244.5437431,-2.268301714482942,-5.18963384994062,0.37798315832045937,-69.34761810302734,66.93091583251953,0.36551234126091003,0.01517448015511036
1786713245.6972587,-1.7465353210730672,-5.387889323289028,0.41294331051152455,-69.34761810302734,66.93091583251953,0.3591720461845398,0.06627186387777328
1786713245.6983347,-2.257998132531087,-5.410980856996503,0.4170143750521851,-69.34761810302734,66.93091583251953,0.3600936532020569,0.06625954806804657
1786713252.943471,-1.7334190527878974,-5.666486729660974,0.46206618294612095,-69.34761810302734,66.93091583251953,0.3694298267364502,0.08975932747125626
1786713252.9436653,-2.244881524665314,-5.6895854184983605,0.46613931872049125,-69.34761810302734,66.93091583251953,0.36781057715415955,0.0897689238190651
1786713254.0438383,-1.7236242926976182,-5.872226672218097,0.4983412780957229,-69.34761810302734,66.93091583251953,0.36988595128059387,0.014543667435646057
1786713254.0440097,-2.235086829774459,-5.895322983492123,0.5024197057896578,-69.34761810302734,66.93091583251953,0.3691110610961914,0.014549070969223976
1786713255.0435288,-1.7133212050049276,-6.0935787892801745,0.5373732960181064,-69.34761810302734,66.93091583251953,0.36863768100738525,0.01554145012050867
1786713255.0436804,-2.224783880061392,-6.116672666436175,0.5414482023960274,-69.34761810302734,66.93091583251953,0.36931872367858887,0.015546770766377449
1786713255.9935055,-1.7041599595107388,-6.29032976613054,0.5720686569814577,-69.34761810302734,66.93091583251953,0.37040382623672485,0.015198768116533756
1786713255.9936695,-2.2156225182243,-6.313426453505382,0.5761422385119404,-69.34761810302734,66.93091583251953,0.37203916907310486,0.015201893635094166
1786713256.9935393,-1.6949990747679209,-6.487082754020838,0.6067601881921122,-69.34761810302734,66.93091583251953,0.37250226736068726,0.015279821120202541
1786713256.9936602,-2.206461601675512,-6.510180208969178,0.6108334110206163,-69.34761810302734,66.93091583251953,0.37323325872421265,0.015283729881048203
1786713257.9935558,-1.6858381488406662,-6.683836487644309,0.6414559278091939,-69.34761810302734,66.93091583251953,0.37404686212539673,0.02709144540131092
1786713257.9937136,-2.1973006344519663,-6.706935260970984,0.645526859289017,-69.34761810302734,66.93091583251953,0.3748834431171417,0.02665361575782299
1786713259.043716,-1.6769344845476197,-6.873024673507628,0.6831652035302481,-66.14547729492188,63.840370178222656,0.4302944839000702,0.03693927451968193
1786713259.0438726,-2.1883967922118166,-6.896120813702455,0.6872732623072421,-66.62821960449219,64.3062973022461,0.44240307807922363,0.036349523812532425
1786713260.2535608,-1.6680782986344507,-7.061417894169154,0.7257692078349433,-61.626644134521484,59.4789924621582,0.5110408067703247,0.034423939883708954
1786713260.253727,-2.1795395885225926,-7.084533969445869,0.7298918295444282,-62.904090881347656,60.71194839477539,0.5148021578788757,0.03584922105073929
1786713261.3438363,-1.6572264885678503,-7.275404118842541,0.7748522343475096,-57.232112884521484,55.23762130737305,0.5530409812927246,0.03399195522069931
1786713261.343945,-2.168690995572488,-7.298016130834112,0.780914823579533,-58.11759948730469,56.09224319458008,0.5561221837997437,0.033983781933784485
1786713262.2478974,-1.646939436425474,-7.49250529690006,0.8330242158637136,-55.450767517089844,53.51835632324219,0.5534155964851379,0.034093715250492096
1786713262.2479804,-2.15840405529483,-7.515115501567307,0.8390841077546121,-56.244224548339844,54.284156799316406,0.5520302653312683,0.03409373015165329
1786713267.3936949,-1.6304238005269398,-7.816527647304137,0.9198442127321521,-55.450767517089844,53.51835632324219,0.5544423460960388,0.5800043940544128
1786713267.3938653,-2.141888802096145,-7.839130096769545,0.9259007338438977,-55.450767517089844,53.51835632324219,0.554877519607544,0.58000648021698
1786713268.4436052,-1.6195118716497272,-7.905100757847557,0.9435780728275027,-55.450767517089844,53.51835632324219,0.5541098117828369,0.4230359196662903
1786713268.4437225,-2.1309768706783014,-7.927703422701566,0.9496340046466556,-55.450767517089844,53.51835632324219,0.5522465109825134,0.4230363070964813
1786713269.59363,-1.6092294186349,-8.03449625291075,0.9782492306453117,-55.450767517089844,53.51835632324219,0.5551545023918152,0.15966111421585083
1786713269.5938056,-2.1206944307873683,-8.057098716585687,0.9843048049119592,-52.00065612792969,51.19259262084961,0.550740659236908,0.15966489911079407
1786713270.6438177,-1.5989455421125982,-8.22327869262718,1.028832677656893,-55.450767517089844,53.51835632324219,0.5551202297210693,0.03395630419254303
1786713270.6440492,-2.110410527982959,-8.2458815728425,1.034888916968831,-47.877296447753906,48.92691421508789,0.5597141981124878,0.033954422920942307
1786713271.5935884,-1.5886630682734593,-8.44038209953339,1.087005520268616,-55.450767517089844,53.51835632324219,0.5541504621505737,0.033981651067733765
1786713271.5937223,-2.100128078746147,-8.462984286186751,1.0930622702766561,-47.24602508544922,48.6338005065918,0.5596813559532166,0.03398136422038078
1786713272.643701,-1.578380467256515,-8.657485735350324,1.1451784877803934,-55.450767517089844,53.51835632324219,0.5545506477355957,0.1078413799405098
1786713272.64383,-2.0898454980474717,-8.680087744643288,1.151234183770668,-47.24602508544922,48.6338005065918,0.5488124489784241,0.10785321891307831
1786713280.6437974,-1.566437344599064,-8.884674955781893,1.2060535319818462,-55.450767517089844,53.51835632324219,0.5564112663269043,0.580706000328064
1786713280.6439238,-2.0779021758939944,-8.907281111385426,1.2121106003550335,-55.450767517089844,53.51835632324219,0.5499253273010254,0.5807037949562073
1786713281.4938414,-1.5555243417402136,-8.97310185503039,1.2297474209542518,-55.450767517089844,53.51835632324219,0.556842565536499,0.41231200098991394
1786713281.4940555,-2.0669891899141106,-8.995707527332218,1.2358048677955178,-55.450767517089844,53.51835632324219,0.5461589097976685,0.4123115539550781
1786713282.493806,-1.5463827846995568,-9.090284446860071,1.2611465139077946,-55.450767517089844,53.51835632324219,0.555512011051178,0.12907017767429352
1786713282.4939315,-2.0578476356448503,-9.112890076618527,1.2672038855104404,-48.883750915527344,49.42067337036133,0.5540346503257751,0.1290714293718338
1786713283.6742623,-1.5360984154937984,-9.28596908236886,1.3135798310306868,-55.450767517089844,53.51835632324219,0.5503589510917664,0.03401464968919754
1786713283.6743855,-2.0475632627522393,-9.308574880972463,1.3196368838118024,-48.41710662841797,49.18753433227539,0.5625105500221252,0.034012775868177414
1786713284.593835,-1.5269564427178453,-9.47895060129878,1.3652892146254818,-52.213356018066406,51.32895278930664,0.5595228672027588,0.034009117633104324
1786713284.593985,-2.0384213034435583,-9.501556070729908,1.3713463587235795,-48.41710662841797,49.18753433227539,0.565459668636322,0.03400826081633568
1786713285.5438187,-1.5166722712969598,-9.696055430044295,1.42346219275346,-52.00065612792969,51.19259262084961,0.5573674440383911,0.03402568772435188
1786713285.5439482,-2.028137143918716,-9.718660723174642,1.4295189902985257,-55.450767517089844,53.51835632324219,0.552384614944458,0.0340258926153183
1786713286.6440063,-1.5075306460917397,-9.889037761373562,1.4751712457333757,-55.450767517089844,53.51835632324219,0.5544176697731018,0.08465064316987991
1786713286.6442015,-2.01899551016281,-9.911643162365024,1.4812283627684486,-55.450767517089844,53.51835632324219,0.5536614656448364,0.08464903384447098
1786713287.7438908,-1.4981259822067536,-10.087902838567413,1.528456985754667,-55.450767517089844,53.51835632324219,0.5539019703865051,0.08386068046092987
1786713287.7440083,-2.009590864348535,-10.11050790414771,1.5345138286454851,-55.450767517089844,53.51835632324219,0.5543027520179749,0.08385839313268661
1786713290.1438007,-1.4879907730203974,-10.280020772591156,1.5799342429192427,-55.450767517089844,53.51835632324219,0.5570122003555298,0.4056551158428192
1786713290.1439743,-1.9994556857195183,-10.302625285832073,1.585990566789532,-51.13673400878906,50.66053771972656,0.553665816783905,0.4057466685771942
1786713291.2939181,-1.4804137903462387,-10.385629934956844,1.6086498607209023,-55.450767517089844,53.51835632324219,0.5617408752441406,0.913498044013977
1786713291.2941532,-1.9918775655808703,-10.408248292339065,1.6147503961128669,-51.081031799316406,50.339229583740234,0.5758799910545349,0.9130862951278687
1786713292.2437816,-1.4697344720045276,-10.400229039677289,1.6121451180183277,-55.450767517089844,53.51835632324219,0.5617408752441406,0.9357367157936096
1786713292.2439086,-1.9812020769292553,-10.422775958393945,1.6181887567357756,-51.081031799316406,50.339229583740234,0.5758799910545349,0.9355179667472839
1786713293.6549957,-1.4605997699938336,-10.406577687823441,1.6141324196037272,-55.450767517089844,53.51835632324219,0.5704504251480103,0.9409083127975464
1786713293.6550815,-1.9720693060538614,-10.429075321536553,1.6201962599586797,-51.35068130493164,50.52617263793945,0.5750672221183777,0.9406912922859192
1786713294.3964188,-1.4515319605300359,-10.411427568146634,1.6156791435997984,-55.450767517089844,53.51835632324219,0.5704504251480103,0.9464730620384216
1786713294.3964937,-1.9630036694634645,-10.433877242709398,1.62173744969509,-51.587520599365234,50.69255828857422,0.5738801956176758,0.9462820887565613
1786713299.0938814,-1.4391960901627652,-10.387111441053896,1.6087526865852197,-55.450767517089844,53.51835632324219,0.5600879192352295,0.8371928334236145
1786713299.0940309,-1.9506737570259074,-10.409434519679074,1.6147756809344358,-51.587520599365234,50.69255828857422,0.5738801956176758,0.8368437886238098
1786713300.1939497,-1.427807013104881,-10.417055331598414,1.61747619154179,-55.450767517089844,53.51835632324219,0.5711573958396912,0.9436652064323425
1786713300.1940904,-1.9392889187130729,-10.439289702130997,1.6234672684426874,-51.35068130493164,50.52617263793945,0.5754033923149109,0.9434837698936462
1786713301.143813,-1.4188529828039227,-10.42142104458621,1.6188697844109385,-55.450767517089844,53.51835632324219,0.5711573958396912,0.9501965045928955
1786713301.1439297,-1.9303367170923107,-10.443615081524378,1.624854287965377,-50.483211517333984,49.7203483581543,0.5799986720085144,0.9499417543411255
1786713302.1446486,-1.4099053748744683,-10.421291464074192,1.6188236235496116,-54.51401901245117,52.6142463684082,0.5703688263893127,0.9412527084350586
1786713302.144753,-1.9213914139638992,-10.443435262813834,1.6247972316706176,-50.483211517333984,49.7203483581543,0.5799986720085144,0.940954327583313
1786713305.293893,-1.3972797709247027,-10.345307945124109,1.597429554156203,-51.755950927734375,51.038394927978516,0.560889720916748,0.10245247930288315
1786713305.2940247,-1.908769667197128,-10.367378765913319,1.6033426650898892,-52.00065612792969,51.19259262084961,0.5633764266967773,0.10245712101459503
1786713306.1942444,-1.4074759771922347,-10.12547834362178,1.5385258332294198,-55.450767517089844,53.51835632324219,0.5559361577033997,0.03402607887983322
1786713306.19438,-1.9189659531396253,-10.14754775150687,1.5444373255062713,-55.450767517089844,53.51835632324219,0.5509419441223145,0.034029241651296616
1786713307.3939157,-1.4164012033761628,-9.932484361550573,1.4868132281753494,-55.450767517089844,53.51835632324219,0.5533835291862488,0.04078807309269905
1786713307.3940392,-1.927891164435554,-9.954554159640507,1.4927245518622922,-55.450767517089844,53.51835632324219,0.5553979873657227,0.04080187901854515
1786713321.2939627,-1.42170110078493,-9.525231572637635,1.3776898305979253,-55.450767517089844,53.51835632324219,0.5584847927093506,0.5854406952857971
1786713321.2941062,-1.9331912339232893,-9.547297104348017,1.3836021915850312,-52.213356018066406,51.32895278930664,0.556728184223175,0.585439920425415
1786713322.3441668,-1.4110492172605185,-9.612674642942038,1.4011204170467708,-55.450767517089844,53.51835632324219,0.558286190032959,0.42766880989074707
1786713322.3443115,-1.92253936663648,-9.63473991807412,1.407032330840284,-55.450767517089844,53.51835632324219,0.5550313591957092,0.42766809463500977
1786713323.6388676,-1.4010108683582019,-9.741051327128885,1.435518746784607,-55.450767517089844,53.51835632324219,0.5544863939285278,0.1641896367073059
1786713323.638938,-1.9125010296539802,-9.763116305855844,1.4414307355699145,-55.450767517089844,53.51835632324219,0.5548307299613953,0.16418957710266113
1786713324.394114,-1.3909725291532367,-9.928831595895,1.4858344899738272,-55.450767517089844,53.51835632324219,0.5540808439254761,0.034024886786937714
1786713324.3942838,-1.9024627109779522,-9.950896318451088,1.4917456586774327,-55.450767517089844,53.51835632324219,0.554734468460083,0.034024644643068314
1786713325.3943787,-1.382049608483397,-10.121823422491548,1.5375460009160626,-55.450767517089844,53.51835632324219,0.5555849075317383,0.03400386497378349
1786713325.3944316,-1.8935397887889056,-10.143888128334364,1.543457363458543,-55.450767517089844,53.51835632324219,0.5571147203445435,0.03400181978940964
1786713326.4942174,-1.3731265865377704,-10.314815492111292,1.5892575529889617,-55.450767517089844,53.51835632324219,0.5573577284812927,0.06849686056375504
1786713326.494402,-1.8846167836707752,-10.336879825897581,1.595168848228361,-55.450767517089844,53.51835632324219,0.5576081871986389,0.06804732978343964
1786713327.4440956,-1.3643478411201995,-10.501788256637147,1.6446020395339613,-52.312374114990234,50.48933029174805,0.5938606262207031,0.136600524187088
1786713327.4442394,-1.8758374057926284,-10.523857196106162,1.6505507487991897,-52.805782318115234,50.965545654296875,0.5970930457115173,0.13598833978176117
1786713328.3940744,-1.3567967953797622,-10.660980160043284,1.6955597830161098,-49.59787368774414,47.86943817138672,0.6435379385948181,0.1440996527671814
1786713328.394213,-1.8682866525730617,-10.683043106339301,1.7015055705263837,-48.747928619384766,47.049110412597656,0.6537482142448425,0.14339089393615723
1786713329.3941898,-1.349252810842706,-10.820529165067631,1.7466002415700324,-45.06880187988281,43.49818801879883,0.7180348038673401,0.1430424451828003
1786713329.3943398,-1.8607417773360633,-10.842612401764617,1.7525473259432385,-45.06880187988281,43.49818801879883,0.717284083366394,0.1402001678943634
1786713330.4440646,-1.340811217006308,-10.969699154085925,1.7956424374318727,-41.75618362426758,40.30101013183594,0.7418048977851868,0.5476415753364563
1786713330.4441953,-1.852303129194269,-10.991128073298286,1.803441487867232,-41.805355072021484,40.34846878051758,0.7390888929367065,0.547639012336731
1786713331.3442016,-1.330789274800782,-11.070989724641695,1.8325081995459316,-40.917842864990234,39.49188995361328,0.7432347536087036,0.8912313580513
1786713331.3443317,-1.8422811883531587,-11.092418024513037,1.8403088620275216,-40.917842864990234,39.49188995361328,0.7415659427642822,0.8912317752838135
1786713332.3944283,-1.3207690459781003,-11.090290792353823,1.83953448282771,-40.9178581237793,39.49189376831055,0.743208646774292,0.5061089992523193
1786713332.3946192,-1.8322609934345446,-11.111719174920868,1.8473326946595592,-40.9178581237793,39.49189376831055,0.7409796118736267,0.5061107277870178
1786713333.63934,-1.3107481931282479,-10.979623671161715,1.7992560130516753,-41.86065673828125,40.40185546875,0.7418856620788574,0.03598793223500252
1786713333.639414,-1.8222400995819403,-11.00105247491329,1.8070557567746188,-40.9178581237793,39.49189376831055,0.7420276999473572,0.03235960006713867
1786713334.148744,-1.3025245566733077,-10.802014970947006,1.7406842995566403,-45.510009765625,43.92402648925781,0.7152743339538574,0.2920476198196411
1786713334.148978,-1.8140030572988677,-10.82432047310774,1.746701605530793,-45.309932708740234,43.730918884277344,0.7198031544685364,0.29217538237571716
1786713334.9943087,-1.2958487506147875,-10.612539885940608,1.6802228863867994,-50.38386535644531,48.62802505493164,0.6375232338905334,0.6039804816246033
1786713334.9944508,-1.807319855617215,-10.635003706459061,1.68627974327057,-50.127254486083984,48.38035202026367,0.6477654576301575,0.6043593287467957
1786713342.500221,-1.2900589213045475,-9.96866711361173,1.4965093629568662,-55.450767517089844,53.51835632324219,0.5547629594802856,0.5741596817970276
1786713342.500293,-1.8015399954047182,-9.990927865276461,1.5024734029178932,-55.450767517089844,53.51835632324219,0.5571901798248291,0.5741550326347351
1786713343.647247,-1.2793143729217156,-10.058517461359342,1.520584170639373,-55.450767517089844,53.51835632324219,0.5566233396530151,0.4327397346496582
1786713343.6473517,-1.7907954886917463,-10.080777281390867,1.5265481142011599,-51.755950927734375,51.038394927978516,0.5592153668403625,0.4327426254749298
1786713344.49429,-1.270313260672996,-10.17162225820324,1.5508908912195043,-55.450767517089844,53.51835632324219,0.5566098690032959,0.18380935490131378
1786713344.4944365,-1.7817943394957905,-10.193882845579786,1.5568551393633734,-51.755950927734375,51.038394927978516,0.5569859743118286,0.1838034987449646
1786713345.5442045,-1.2601852712099617,-10.354973202134328,1.6000189801488889,-55.450767517089844,53.51835632324219,0.5539301633834839,0.09444709122180939
1786713345.5443373,-1.7716664207135777,-10.377232332156733,1.6059826059843487,-55.450767517089844,53.51835632324219,0.5554298758506775,0.09389486908912659
1786713346.4442964,-1.2513892799927768,-10.538458805457891,1.656357015394377,-52.126304626464844,50.30974578857422,0.6004054546356201,0.1273300051689148
1786713346.444428,-1.7628700944005857,-10.56071683801206,1.6623533875927998,-52.805782318115234,50.965545654296875,0.6024229526519775,0.1266808956861496
1786713347.294125,-1.2437735442242819,-10.695648640278357,1.7066652865103003,-49.12614822387695,47.41414260864258,0.6523277163505554,0.140219584107399
1786713347.294238,-1.7552543403051766,-10.717906442741295,1.7126640755526783,-48.32157516479492,46.637611389160156,0.6827056407928467,0.13950125873088837
1786713348.2943342,-1.2361561551369746,-10.854160816945765,1.7573622440389254,-44.24650955200195,42.70455551147461,0.7267473936080933,0.1219719722867012
1786713348.2944603,-1.7476360842603507,-10.876437679525274,1.7633642018494864,-45.06880187988281,43.49818801879883,0.7265522480010986,0.11878416687250137
1786713349.394211,-1.2264747724362677,-11.01752474630955,1.8130462870372281,-40.9178581237793,39.49189376831055,0.7394115924835205,0.5935293436050415
1786713349.3943107,-1.7379586086847334,-11.039122420157328,1.8209092216622662,-40.9178581237793,39.49189376831055,0.7418797612190247,0.5935141444206238
1786713350.494293,-1.2163772195420193,-11.108397180495794,1.8461229045937917,-40.9178581237793,39.49189376831055,0.7391185760498047,0.8987721800804138
1786713350.4944885,-1.7278612577720778,-11.12999121399229,1.8539826980531977,-40.9178581237793,39.49189376831055,0.7403255105018616,0.898786723613739
1786713351.497258,-1.206278153643567,-11.087968313925712,1.8386869931965286,-40.9178581237793,39.49189376831055,0.7392495274543762,0.41739365458488464
1786713351.4973736,-1.7177620385139534,-11.10956562525134,1.8465477604237748,-40.9178581237793,39.49189376831055,0.7423180937767029,0.41688472032546997
1786713352.345059,-1.196277494401766,-10.957162552610603,1.791079415871611,-42.7982063293457,41.306724548339844,0.7375052571296692,0.19625961780548096
1786713352.3452084,-1.7077668289865482,-10.978645250714207,1.7988995365999665,-42.79819107055664,41.30672073364258,0.7395849823951721,0.19361378252506256
1786713353.6503253,-1.1893800528418725,-10.74807860613652,1.7229434048791794,-47.036781311035156,45.39759826660156,0.6862562894821167,0.1516178846359253
1786713353.6504414,-1.700852289153592,-10.770518235230188,1.7289943988824117,-47.28217315673828,45.634437561035156,0.6941735148429871,0.15160517394542694
1786713353.9442148,-1.1805536469586686,-10.600239152319261,1.6761865767369775,-50.72550582885742,48.95777130126953,0.6229533553123474,0.6074973344802856
1786713353.9443157,-1.6920160263281843,-10.622887757216056,1.6822919175057487,-51.91680908203125,50.1075439453125,0.6388252377510071,0.6077216863632202
1786713360.1943736,-1.179431989661254,-9.901533764274799,1.4785191790073395,-55.450767517089844,53.51835632324219,0.5562258362770081,0.10254399478435516
1786713360.194578,-1.6908885386707926,-9.92431391857685,1.4846235254283768,-52.00065612792969,51.19259262084961,0.5491769313812256,0.10254731774330139
1786713361.0946248,-1.1899552463263836,-9.681717460702023,1.4196182818837169,-55.450767517089844,53.51835632324219,0.5523024797439575,0.034178540110588074
1786713361.0947306,-1.7014118508586304,-9.704496799859053,1.4257210179843443,-45.59937286376953,47.92325973510742,0.5644723176956177,0.03418542444705963
1786713361.9943614,-1.199167681726138,-9.488733563395982,1.367908505472798,-55.450767517089844,53.51835632324219,0.5547463297843933,0.0341607891023159
1786713361.9944904,-1.7106242764314132,-9.511513108728845,1.3740112955651906,-47.24602508544922,48.6338005065918,0.5633862614631653,0.0341682992875576
1786713362.8443718,-1.208380062992136,-9.295749953862584,1.3161989213275604,-55.450767517089844,53.51835632324219,0.560146689414978,0.03413683921098709
1786713362.844545,-1.7198366409373818,-9.31852991667951,1.3223015576921293,-48.41710662841797,49.18753433227539,0.5575479865074158,0.03413798660039902
1786713363.8942919,-1.2175921813731618,-9.102767724943723,1.2644888279093476,-55.450767517089844,53.51835632324219,0.5572354793548584,0.03396080061793327
1786713363.8944097,-1.729048776332773,-9.125547209979848,1.2705918217491978,-55.450767517089844,53.51835632324219,0.5516219139099121,0.03395865485072136
1786713365.0446887,-1.2279554959944408,-8.885662849970794,1.2063160515304938,-55.450767517089844,53.51835632324219,0.553006649017334,0.03399519622325897
1786713365.0464833,-1.7394121028655576,-8.908442098600444,1.2124189295198118,-55.450767517089844,53.51835632324219,0.5548442006111145,0.033995870500802994
1786713366.1003702,-1.2383191804125862,-8.668558221055727,1.148143384440366,-55.450767517089844,53.51835632324219,0.5540103316307068,0.03417256474494934
1786713366.1004648,-1.7497757837545114,-8.691337604864794,1.1542460536284995,-55.450767517089844,53.51835632324219,0.5551707744598389,0.03417656570672989
1786713367.1444988,-1.247531425365918,-8.47557434883424,1.0964337278601433,-55.450767517089844,53.51835632324219,0.5571019649505615,0.03411678224802017
1786713367.1445994,-1.758988040929014,-8.498353412332776,1.1025365684178612,-55.450767517089844,53.51835632324219,0.5566712617874146,0.034123875200748444
1786713368.1444497,-1.256743678555696,-8.282590288437389,1.0447241498159614,-55.450767517089844,53.51835632324219,0.5565107464790344,0.034096792340278625
1786713368.1445827,-1.7682002761093136,-8.305370011688916,1.0508260370208027,-55.450767517089844,53.51835632324219,0.5587893128395081,0.03410188853740692
1786713369.1491985,-1.2659559465107222,-8.089606386979003,0.9930138089832815,-55.450767517089844,53.51835632324219,0.554828941822052,0.034154944121837616
1786713369.1492755,-1.7774125149590088,-8.112386430754764,0.9991169390554236,-55.450767517089844,53.51835632324219,0.5564045906066895,0.034163154661655426
1786713370.144326,-1.2751683673375618,-7.89662421858184,0.9413017049022263,-55.450767517089844,53.51835632324219,0.5538660287857056,0.03417756408452988
1786713370.1444285,-1.7866248981049122,-7.919404827900907,0.9474058817081772,-55.450767517089844,53.51835632324219,0.5537825226783752,0.03418228030204773
1786713371.0453455,-1.284380732025006,-7.70363913885259,0.8895926072369392,-55.450767517089844,53.51835632324219,0.550570547580719,0.1549210548400879
1786713371.0456352,-1.7958372729385061,-7.726419525247203,0.8956967658611378,-55.450767517089844,53.51835632324219,0.5526257753372192,0.1549273133277893
1786713371.9446793,-1.2924426795119195,-7.534775435095846,0.8443472519018115,-55.450767517089844,53.51835632324219,0.5537455677986145,0.07963864505290985
1786713371.9448268,-1.8038992269137442,-7.557555971482292,0.8504503070179655,-55.450767517089844,53.51835632324219,0.5525708794593811,0.07962874323129654
1786713372.9445002,-1.302807295047591,-7.317669428476483,0.786172135082461,-55.450767517089844,53.51835632324219,0.5567958950996399,0.004355696029961109
1786713372.944676,-1.8142638211940316,-7.34045078289644,0.7922739178553558,-55.450767517089844,53.51835632324219,0.5543113350868225,0.002207843353971839
1786713373.8946185,-1.3138642399523643,-7.101041732712018,0.733181740510233,-60.170738220214844,58.07386016845703,0.5276318192481995,0.07468031346797943
1786713373.8947165,-1.8253164592989588,-7.124353636840832,0.7373269125612205,-59.62038040161133,57.54267120361328,0.5353379845619202,0.07548292726278305
1786713374.8444033,-1.3227948861242826,-6.912140349572297,0.6921635592464932,-65.08639526367188,62.81816864013672,0.4396219849586487,0.06479479372501373
1786713374.8445113,-1.8342475565251213,-6.9354411280284936,0.6963156265853532,-64.22582244873047,61.98762130737305,0.4614042639732361,0.0653713047504425
1786713375.8482354,-1.33173332896611,-6.723338168774741,0.6511470550568633,-68.55058288574219,66.16167449951172,0.3854762315750122,0.006406476255506277
1786713375.8483257,-1.8431850171101283,-6.746658495516525,0.6553103536637749,-68.55058288574219,66.16167449951172,0.3844587802886963,0.006563104689121246
1786713376.894656,-1.3409025570220596,-6.529341006898497,0.6142122779012216,-69.34761810302734,66.93091583251953,0.36918556690216064,0.015203582122921944
1786713376.8947864,-1.852354452222637,-6.552667172286935,0.6183170195507148,-69.34761810302734,66.93091583251953,0.3689722418785095,0.01519901491701603
1786713377.9446242,-1.3501526732510312,-6.332591288128796,0.5795189603778765,-69.34761810302734,66.93091583251953,0.3685626983642578,0.01514710858464241
1786713377.94472,-1.861604579109432,-6.355916369265918,0.5836285325887094,-69.34761810302734,66.93091583251953,0.36986738443374634,0.015149676240980625
1786713379.0448616,-1.359404094943136,-6.135839201260816,0.5448268178476761,-69.34761810302734,66.93091583251953,0.37183642387390137,0.015142002142965794
1786713379.045058,-1.8708559758880896,-6.159164774101996,0.5489366997802481,-69.34761810302734,66.93091583251953,0.37075093388557434,0.015140708535909653
1786713380.0445347,-1.369812246483312,-5.914493192406467,0.5057971255536872,-69.34761810302734,66.93091583251953,0.37172597646713257,0.01520311925560236
1786713380.044691,-1.8812641214385053,-5.937818605387158,0.5099086598290522,-69.34761810302734,66.93091583251953,0.3715701997280121,0.015201795846223831
1786713381.044466,-1.379064131789343,-5.717742491664371,0.4711046971919118,-69.34761810302734,66.93091583251953,0.3714998662471771,0.014891580678522587
1786713381.0446248,-1.8905160244975519,-5.7410674502329915,0.4752166010043594,-69.34761810302734,66.93091583251953,0.37089478969573975,0.014894547872245312
1786713382.0454183,-1.3894712788509065,-5.496395630656533,0.43207525119174456,-69.34761810302734,66.93091583251953,0.3626680076122284,0.015088919550180435
1786713382.0455465,-1.9009230582270547,-5.519722713073252,0.4361892029288576,-69.34761810302734,66.93091583251953,0.36271002888679504,0.015090305358171463
1786713383.0445855,-1.3998810093918335,-5.275050469140341,0.39304596112275625,-69.34761810302734,66.93091583251953,0.3576303720474243,0.015147743746638298
1786713383.0446775,-1.9113327636450814,-5.29837824393184,0.3971591101052362,-69.34761810302734,66.93091583251953,0.3579576313495636,0.015147993341088295
1786713384.0445976,-1.41029074059501,-5.053705841003804,0.35401693609766455,-69.34761810302734,66.93091583251953,0.36998531222343445,0.0209724809974432
1786713384.0448074,-1.9217424880834226,-5.0770337333516125,0.3581302595298815,-69.34761810302734,66.93091583251953,0.37120792269706726,0.02097202278673649
1786713393.6482553,-1.4258467294558088,-4.714649735862439,0.29423244090823436,-69.34761810302734,66.93091583251953,0.37468641996383667,0.10608850419521332
1786713393.6483352,-1.9372984281537453,-4.737978692255886,0.2983457963010701,-69.34761810302734,66.93091583251953,0.3728242516517639,0.10608880966901779
1786713394.5945976,-1.4357362210456581,-4.505132581744644,0.2572888385906407,-69.34761810302734,66.93091583251953,0.3754662871360779,0.005333932116627693
1786713394.5954912,-1.9471879202185582,-4.5284615185929935,0.2614022457767999,-69.34761810302734,66.93091583251953,0.37492111325263977,0.0040353694930672646
1786713395.6946385,-1.4480493145503677,-4.288424615134153,0.22979288108852794,-55.144073486328125,52.66581726074219,0.32364198565483093,0.0309000201523304
1786713395.694797,-1.9595284242145978,-4.311505529845184,0.2304187829886659,-62.479854583740234,58.64289474487305,0.34543851017951965,0.03426692634820938
1786713396.744544,-1.4563424661543143,-4.102596903259461,0.21588315114219417,-37.06026077270508,38.3544807434082,0.1983628123998642,0.03234634920954704
1786713396.7446723,-1.9678510884895724,-4.125022946881871,0.21592609450136233,-43.40675354003906,36.61528396606445,0.19407464563846588,0.03193804621696472
1786713397.7454975,-1.4645310074106495,-3.9163352840582033,0.20111094562569976,-3.8917958736419678,11.789870262145996,0.045415692031383514,0.0020527755841612816
1786713397.7456443,-1.9760349465025246,-3.938867819372829,0.20118267979093907,-12.814432144165039,9.518062591552734,0.03833373263478279,0.001905683777295053
1786713398.6946304,-1.4731634608651256,-3.72074229988589,0.1962085773520126,8.9404878616333,3.3568620681762695,0.001880376716144383,0.0003620945499278605
1786713398.6947975,-1.9846664488337966,-3.743296529961083,0.1962063780175908,0.0,0.0,0.00014896465290803462,0.0003487820504233241
1786713399.6947956,-1.481973045599513,-3.5209336767237485,0.19620635129532618,0.0,0.0,0.00022071412240620703,0.0004508964193519205
1786713399.6949031,-1.993475843514882,-3.5434922166302476,0.1962077781299527,0.0,0.0,3.5684549857251113e-06,0.0004347799113020301
1786713400.6445239,-1.4907866320249827,-3.3211260080143523,0.1962048719103024,0.0,0.0,0.00010512964217923582,0.07647828012704849
1786713400.6446412,-2.0022891961054534,-3.3436898493149325,0.1962070778327566,0.0,0.0,1.261084207726526e-06,0.07640381157398224
1786713401.6474855,-1.502119350070363,-3.0733038989635713,0.19620481451003205,0.0,0.0,4.5760250941384584e-05,0.8682730197906494
1786713401.6475527,-2.0134130418482923,-3.1001881089333594,0.19620636246440606,0.0,0.0,3.808219162237947e-07,0.8772944808006287
1786713401.749057,-1.5044092091927435,-3.0440379312857977,0.1962028942526681,0.0,0.0,3.0408842576434836e-05,0.8953796625137329
1786713401.7491648,-2.0154159833738143,-3.07591388985642,0.19620539625061664,0.0,0.0,4.026198325846053e-07,0.9025160670280457
1786713401.8445976,-1.5060394253531124,-3.0274231873669635,0.19620242331593685,0.0,0.0,6.46689204586437e-06,0.9113308787345886
1786713401.8447466,-2.016861649270657,-3.062131335446808,0.1962053900963745,0.0,0.0,4.026198325846053e-07,0.916677713394165
1786713401.9945986,-1.5078542599700506,-3.0085739010098993,0.1962009504889013,0.0,0.0,6.365983608702663e-06,0.930377185344696
1786713401.9947178,-2.0184911393012412,-3.0459099085367547,0.1962039266884033,0.0,0.0,2.71252446282233e-07,0.9319939613342285
1786713402.098213,-1.509721157056969,-2.988036037662684,0.19620053205591775,0.0,0.0,6.585073424503207e-05,0.9277536869049072
1786713402.098286,-2.0202749368729354,-3.0264916992770607,0.19620286234134005,0.0,0.0,2.693998624181404e-07,0.9295227527618408
1786713402.1946418,-1.5117381914202523,-2.967028935781202,0.19620114418957377,0.0,0.0,6.585073424503207e-05,0.9319866895675659
1786713402.1947298,-2.0222007836441422,-3.0066766587337383,0.19620332263441284,0.0,0.0,6.032739747752203e-07,0.9341838359832764
1786713402.3448143,-1.5137318234414339,-2.9483921233319497,0.19620015236090033,0.0,0.0,6.098651283537038e-05,0.8855046629905701
1786713402.344896,-2.024090663937847,-2.989353738486597,0.19620348088023015,0.0,0.0,5.229665021033725e-07,0.8660369515419006
1786713402.444659,-1.5136897957473243,-2.958321865843004,0.19620081666449501,0.0,0.0,6.585073424503207e-05,0.7299887537956238
1786713402.444764,-2.0245052564704413,-2.9931294093005,0.19620298092686173,0.0,0.0,2.795064801830449e-07,0.7500760555267334
1786713402.5448396,-1.518181633243909,-2.9105779765841446,0.19620009136096034,0.0,0.0,0.0006474127294495702,0.9222540855407715
1786713402.5458746,-2.0282764593561744,-2.954705840385549,0.1962032254566653,0.0,0.0,7.519570885961002e-07,0.9256980419158936
1786713402.6949244,-1.5206923616990766,-2.8914214368998263,0.19619959767058076,0.0,0.0,0.0009304641862399876,0.8965880274772644
1786713402.6950822,-2.0306249250267006,-2.9373864326261425,0.1962046965373932,0.0,0.0,7.519570885961002e-07,0.8788189888000488
1786713402.7947161,-1.5209278560682902,-2.9008056992859528,0.1962014418946722,0.0,0.0,0.0006474127294495702,0.7186617851257324
1786713402.7948534,-2.0313358921915645,-2.9411496782101842,0.19620647612793074,0.0,0.0,7.519570885961002e-07,0.7401369214057922
1786713402.8946052,-1.5263647262459252,-2.8525118285152633,0.19620198343419257,0.0,0.0,0.001004693447612226,0.9098495841026306
1786713402.8947232,-2.0358935575328982,-2.9027549381755184,0.19620634220822883,0.0,0.0,8.360725587408524e-07,0.9148114919662476
1786713403.045796,-1.529567124629313,-2.832730347626306,0.19620180055636352,0.0,0.0,0.001004693447612226,0.9049738645553589
1786713403.0459695,-2.0388456520403357,-2.88545018733544,0.1962061713229468,0.0,0.0,6.638216518695117e-07,0.9105202555656433
1786713403.6816783,-1.5330446849678094,-2.8127115974835597,0.19620091492363076,0.0,0.0,0.001182996784336865,0.899661660194397
1786713403.6817653,-2.0420339468755877,-2.8681546423395154,0.19620721379442144,0.0,0.0,6.638216518695117e-07,0.9058403968811035
1786713403.6818867,-1.5368201565876813,-2.79243831020709,0.1962005486680935,0.0,0.0,0.0021021778229624033,0.8940181136131287
1786713403.6820319,-2.0454748756162004,-2.8508709789145135,0.19620669250553419,0.0,0.0,6.638216518695117e-07,0.9008634090423584
1786713403.6822407,-1.5409199641907951,-2.7718998938060206,0.19620014931615723,0.0,0.0,0.004318357445299625,0.7517977356910706
1786713403.6824098,-2.049188337355805,-2.8336028986526243,0.19620590208380592,0.0,0.0,8.208261306208442e-07,0.7140527963638306
1786713403.6825132,-1.5388761068371284,-2.808393844376488,0.19619925185881157,0.0,0.0,0.001182996784336865,0.4903283715248108
1786713403.6825922,-2.048427921707428,-2.858403322582866,0.19620645671586864,0.0,0.0,6.638216518695117e-07,0.5327324271202087
1786713403.6947167,-1.5501988700183802,-2.7299754111705883,0.19619988234903812,0.0,0.0,0.0052223289385437965,0.8749817609786987
1786713403.6948183,-2.0575078195621193,-2.7991247397862042,0.19620793452996033,0.0,0.0,8.356706189260876e-07,0.8840486407279968
1786713403.844816,-1.5554345627212403,-2.708571557383481,0.19619783429311768,0.0,0.0,0.005703465081751347,0.86807781457901
1786713403.8449874,-2.062152916313306,-2.7819235174710895,0.19620701320737724,0.0,0.0,8.356706189260876e-07,0.8779428601264954
1786713403.9446862,-1.5611051687751039,-2.686862252416708,0.19619857548602562,0.0,0.0,0.005703465081751347,0.8608958721160889
1786713403.944825,-2.0671461862051017,-2.764749918923409,0.19620777079323212,0.0,0.0,8.19015838260384e-07,0.8715901374816895
1786713404.0446103,-1.5672384884267552,-2.6648440801053055,0.19619751362107232,0.0,0.0,0.005877048242837191,0.8535475134849548
1786713404.0447433,-2.072504221052212,-2.7476120650392137,0.1962077332411604,0.0,0.0,6.776380132578197e-07,0.8650878667831421
1786713404.1945949,-1.5738619299754002,-2.6425167456689795,0.19619751906288516,0.0,0.0,0.00596104608848691,0.846088707447052
1786713404.1947217,-2.07824306859618,-2.7305148529912815,0.19620806888024764,0.0,0.0,6.776380132578197e-07,0.8584851622581482
1786713404.2946055,-1.5810037651623254,-2.6198816297620846,0.19619718636827038,0.0,0.0,0.00596104608848691,0.8384765982627869
1786713404.294767,-2.084379145677663,-2.7134616819842066,0.19620800966755786,0.0,0.0,6.776380132578197e-07,0.8517472147941589
1786713404.4447215,-1.5886895667992413,-2.5969413140010165,0.19619605744667407,0.0,0.0,0.00617624307051301,0.830867350101471
1786713404.4448965,-2.090924676857668,-2.6964596243886643,0.19620711130090857,0.0,0.0,1.179990704258671e-06,0.8450098037719727
1786713404.5946157,-1.5969442396567914,-2.5737064341175726,0.19619601257054112,0.0,0.0,0.006438918877393007,0.8232821822166443
1786713404.594738,-2.0978918205740937,-2.6795153232166227,0.1962086904137013,0.0,0.0,1.8466539586370345e-06,0.838293194770813
1786713404.6947515,-1.6057913494371476,-2.5501887677625237,0.19619429447029485,0.0,0.0,0.004172082990407944,0.8157373666763306
1786713404.6948981,-2.1052908739179297,-2.6626353098515927,0.19620898065426784,0.0,0.0,1.8466539586370345e-06,0.8316125869750977
1786713404.7949173,-1.6152534552858737,-2.5264017062031607,0.1961933792971901,0.0,0.0,0.004814487416297197,0.808323085308075
1786713404.795117,-2.1131305450127837,-2.645827010567932,0.19620760758818034,0.0,0.0,2.01369925889594e-06,0.8250464200973511
1786713404.9448667,-1.6253479808499327,-2.5023642030758473,0.19619353424566682,0.0,0.0,0.005600463133305311,0.8010742664337158
1786713404.9450881,-2.121415166107151,-2.629097574689427,0.19620871433431214,0.0,0.0,2.3304871774598723e-06,0.8186269402503967
1786713405.0445776,-1.6360943860487958,-2.47809894942805,0.1961923870114522,0.0,0.0,0.005600463133305311,0.7940447330474854
1786713405.0447035,-2.130151106102529,-2.612456521275238,0.19620842056272536,0.0,0.0,2.3304871774598723e-06,0.8124014735221863
1786713405.1957004,-1.6475066486596248,-2.453630924488442,0.19619183125268308,0.0,0.0,0.005106189288198948,0.787215530872345
1786713405.1967263,-2.1393398836818367,-2.5959125769545053,0.19620912610544133,0.0,0.0,2.327560423509567e-06,0.8063531517982483
1786713405.3457716,-1.6595995779530328,-2.428986688752388,0.19619023811289235,0.0,0.0,0.0051371073350310326,0.7807255983352661
1786713405.3458502,-2.1489838011669438,-2.579476162274274,0.1962109364876036,0.0,0.0,2.32324759963376e-06,0.800602912902832
1786713405.4446924,-1.672385762978924,-2.404196977670697,0.19619306041052384,0.0,0.0,0.004483189433813095,0.7745091915130615
1786713405.4448655,-2.1590855865474907,-2.5631538316182496,0.19621098868094514,0.0,0.0,2.32324759963376e-06,0.7950962781906128
1786713405.5445826,-1.6858715278612042,-2.3792910448644062,0.19619171208924274,3.9019882678985596,1.4117121696472168,0.0037414401303976774,0.7685957551002502
1786713405.5447595,-2.169640613781897,-2.5469558034703526,0.19620684705928354,0.0,0.0,2.387896302025183e-06,0.7898568511009216
1786713405.694719,-1.70006417582015,-2.354306819217922,0.19619028322035637,7.551074028015137,2.80534029006958,0.0037414401303976774,0.7630773782730103
1786713405.6949363,-2.1806469652509533,-2.5308972556652556,0.19620635334054726,0.0,0.0,2.570331389506464e-06,0.7849646806716919
1786713405.8488955,-1.71496918081891,-2.3292804635571067,0.19618962103391788,8.42413330078125,3.150463104248047,0.0029861703515052795,0.7578914165496826
1786713405.8489661,-2.192103436384441,-2.5149869568194734,0.19621255836629356,0.0,0.0,2.5653162083472125e-06,0.7803667187690735
1786713405.9447253,-1.7305914454334979,-2.3042476907285545,0.1961885975120432,8.94051742553711,3.3568620681762695,0.0029073564801365137,0.7530872821807861
1786713405.9449382,-2.2040080250777363,-2.4992367713218933,0.19621241588285204,0.0,0.0,2.5653162083472125e-06,0.776104748249054
1786713406.0964665,-1.7469322184423124,-2.279246598334406,0.19618865023367318,10.950654983520508,4.1770100593566895,0.0005680667818523943,0.7485995888710022
1786713406.096642,-2.216357565739451,-2.483657563747665,0.19621175391492826,0.0,0.0,2.592160626591067e-06,0.7721216082572937
1786713406.1946063,-1.7639917239112377,-2.254316323123132,0.19618872381987465,13.671695709228516,5.332589149475098,0.0003553577116690576,0.7445195913314819
1786713406.1947672,-2.2291476117077584,-2.4682649139264967,0.1962119936504507,0.0,0.0,2.571185632405104e-06,0.768497109413147
1786713406.3446317,-1.7817688183180973,-2.2294966331081123,0.19619004734228096,18.519580841064453,7.5380144119262695,0.0005108995828777552,0.7413700222969055
1786713406.3447754,-2.24237589567114,-2.453070155222013,0.19621244987366598,0.0,0.0,2.583303967185202e-06,0.7656917572021484
1786713406.4959733,-1.8002330075763857,-2.204852092274893,0.19619694148828618,19.743263244628906,8.128046989440918,0.0005012792535126209,0.7393422722816467
1786713406.4961662,-2.256024323464025,-2.438086472244277,0.19621596019261214,0.0,0.0,2.300744881722494e-06,0.7638763189315796
1786713406.5960433,-1.819334221365724,-2.1804459562219995,0.19619607961751023,18.519580841064453,7.5380144119262695,0.000449786166427657,0.7384456992149353
1786713406.5961552,-2.2700633047182426,-2.423318953333539,0.19622242836514536,0.0,0.0,2.403481403234764e-06,0.7630592584609985
1786713406.7447193,-1.839017156726836,-2.1563595922157752,0.19620119677488204,26.697799682617188,11.78743839263916,0.0003652017330750823,0.738692581653595
1786713406.7449093,-2.284462470592765,-2.408792696105853,0.19622157581129776,0.0,0.0,2.403481403234764e-06,0.7632497549057007
1786713406.8985157,-1.8592221648546556,-2.1326459292640934,0.19620350590775967,29.603675842285156,13.497817993164062,0.00027835642686113715,0.9372631907463074
1786713406.9023104,-2.299192411338868,-2.394505017166983,0.19622057307789528,0.0,0.0,2.5324177386210067e-06,0.9447620511054993
1786713406.9950511,-1.8648485577827207,-2.133900599733863,0.19620262901741875,31.282886505126953,14.544063568115234,0.00033007297315634787,0.5382065773010254
1786713406.9952538,-2.30317479744623,-2.398502389783756,0.19622065234342284,0.0,0.0,2.5324177386210067e-06,0.5796118974685669
1786713407.0956974,-1.9011659780541732,-2.086398686635326,0.1962001182192938,33.140777587890625,15.756404876708984,2.6759882985061267e-06,0.7391863465309143
1786713407.0957685,-2.3296240778204287,-2.366697913081462,0.1962200778605073,0.0,0.0,2.342881771255634e-06,0.7636102437973022
1786713407.2463598,-1.9228921040336804,-2.0638834199296063,0.19619863116776617,35.20161056518555,17.1750545501709,2.658630819496466e-06,0.7390732169151306
1786713407.246506,-2.3453151728060355,-2.3531976963610592,0.1962191711513264,0.0,0.0,2.2647818695986643e-06,0.7634870409965515
1786713407.3445826,-1.945122424111657,-2.0417802131068634,0.19619167167578003,37.79560470581055,19.084453582763672,2.955035597551614e-06,0.7389518618583679
1786713407.3447235,-2.3613224702329165,-2.3399773305857603,0.19621879985751248,0.0,0.0,2.2741598968423204e-06,0.7633563280105591
1786713407.4982138,-1.9678513488233342,-2.0201045526344865,0.19618664172675984,41.98905944824219,22.51420021057129,2.955035597551614e-06,0.739241361618042
1786713407.4982865,-2.377643306914731,-2.327048440167226,0.19621810453316282,0.0,0.0,2.2741598968423204e-06,0.7635894417762756
1786713407.6477227,-1.9910412092357663,-1.998881841912345,0.1961821901244394,46.3306884765625,26.62057876586914,3.0126632282190258e-06,0.7399836182594299
1786713407.6478536,-2.3942552762990066,-2.3144169664492695,0.19621832581928642,0.0,0.0,2.0205729924782645e-06,0.7642231583595276
1786713407.7456775,-2.0146584374085177,-1.9781387320019714,0.19617326832796037,51.257102966308594,32.18668746948242,3.408528073123307e-06,0.7412983179092407
1786713407.7468336,-2.4111428789504052,-2.302089477441048,0.19621957905775336,0.0,0.0,1.7866368580143899e-06,0.7653633952140808
1786713407.8947954,-2.0386485314852605,-1.9579030491532285,0.19616972190590176,50.09007263183594,30.764938354492188,2.6493860332266195e-06,0.7413566708564758
1786713407.8949645,-2.4282749277786495,-2.2900705808491844,0.19621660946179809,0.0,0.0,1.8474665921530686e-06,0.7653979659080505
1786713408.050263,-2.0630678232903583,-1.9381455255905244,0.19618001727198528,50.09007263183594,30.764938354492188,2.6493860332266195e-06,0.7421218156814575
1786713408.050339,-2.445672101238283,-2.2783777482965943,0.19621360944243774,0.0,0.0,1.726220034470316e-06,0.7660554051399231
1786713408.1454616,-2.0878722899169517,-1.9189027223097188,0.19619261990902978,51.257102966308594,32.18668746948242,5.792685442429502e-07,0.7720533013343811
1786713408.1455932,-2.463318679828695,-2.2670176569948524,0.1962161019189834,0.0,0.0,1.7156570493170875e-06,0.7927964925765991
1786713408.2947407,-2.1104972366982717,-1.9013991414957214,0.19619563816588345,53.456336975097656,35.06839370727539,4.018537538286182e-07,0.9803877472877502
1786713408.2948763,-2.479584262677984,-2.2562494858278166,0.1962151534168092,0.0,0.0,1.7156570493170875e-06,0.9792383313179016
1786713408.4446812,-2.1099700067338785,-1.906494280379647,0.1961970477943415,51.257102966308594,32.18668746948242,4.018537538286182e-07,0.5604162216186523
1786713408.4448185,-2.479210516372573,-2.2611849143033647,0.19621281321326678,0.0,0.0,1.7156570493170875e-06,0.5953172445297241
1786713408.6971037,-2.142244021618947,-1.8767561882135382,0.19619949928596317,55.712074279785156,38.330223083496094,1.2516748029156588e-06,0.9593843221664429
1786713408.6972618,-2.504001972337551,-2.2390753637511307,0.1962108850383957,0.0,0.0,1.6739119246267364e-06,0.9602881669998169
1786713411.194971,-2.1367325142725373,-1.8847626201848469,0.19620497293240388,53.456336975097656,35.06839370727539,4.018537538286182e-07,0.12054005265235901
1786713411.195126,-2.4978728912976202,-2.2476973637437636,0.19620504033762312,0.0,0.0,1.6739119246267364e-06,0.12047096341848373
1786713411.7448585,-1.985561752277824,-2.0352267942130546,0.1962052111179585,33.140777587890625,15.756404876708984,2.8011143058392918e-06,0.6436004638671875
1786713411.7450187,-2.3466892715173033,-2.398174331534785,0.19620503583284146,0.0,0.0,2.3503062038798817e-06,0.6751306056976318
1786713411.995195,-1.8996118575356964,-2.119032120057168,0.19620656594657807,19.743263244628906,8.128046989440918,2.460809128024266e-06,0.9420281648635864
1786713411.9953308,-2.2548794392423575,-2.487717548798415,0.19620185598305082,0.0,0.0,2.7446087642601924e-06,0.967302680015564
1786713412.1447477,-1.8667425888430207,-2.1470834875584583,0.19620662186044197,15.599817276000977,6.185853481292725,2.460809128024266e-06,0.926554262638092
1786713412.1448934,-2.2137893994434124,-2.523517427578166,0.19619931876899788,0.0,0.0,2.638459591253195e-06,0.9486410021781921
1786713412.2446866,-1.850184661413142,-2.159672714608498,0.19620776197357745,19.743263244628906,8.128046989440918,2.460809128024266e-06,0.9351499080657959
1786713412.2448013,-2.191912898161514,-2.540941402169678,0.1961980550757981,0.0,0.0,2.5199801712005865e-06,0.9541279673576355
1786713412.394747,-1.8331946883518804,-2.1718678486462566,0.19620828374186142,18.519580841064453,7.5380144119262695,2.6601251192914788e-06,0.9557138085365295
1786713412.394903,-2.1693585862744773,-2.5580515272421684,0.1961973468667584,0.0,0.0,2.5335739337606356e-06,0.971980094909668
1786713412.494935,-1.8152739896682732,-2.184154623686398,0.1962080560890699,18.519580841064453,7.5380144119262695,2.7208629944652785e-06,0.9540934562683105
1786713412.4951499,-2.1466785224380973,-2.574430212908033,0.19619722464269593,0.0,0.0,2.5335739337606356e-06,0.9706475138664246
1786713412.6461859,-1.7968779745546135,-2.1960672559323244,0.1962089664990252,14.573365211486816,5.727887153625488,2.7208629944652785e-06,0.9526894092559814
1786713412.6463468,-2.123382847183903,-2.590451038557074,0.1961966406649608,0.0,0.0,2.342672587474226e-06,0.9694954752922058
1786713412.7463174,-1.7780069186000096,-2.2075856047993745,0.19620693099614678,13.671695709228516,5.332589149475098,2.0833747385040624e-06,0.951421856880188
1786713412.74645,-2.099481247803251,-2.6060805929169564,0.19619651495975987,0.0,0.0,2.2700708086631494e-06,0.9684549570083618
1786713412.8448336,-1.758664910278986,-2.2186962902004357,0.19620844942338767,15.599817276000977,6.185853481292725,1.9319775219628355e-06,0.9490223526954651
1786713412.8449643,-2.0749840940200857,-2.621295562263648,0.19619698050412737,0.0,0.0,1.9805904685199494e-06,0.9664390087127686
1786713412.944592,-1.7389637122834911,-2.22942746124875,0.1962079132676491,14.573365211486816,5.727887153625488,1.4742780649612541e-06,0.94523686170578
1786713412.9446952,-2.0499496444644114,-2.636160481613794,0.19619649867634534,0.0,0.0,2.161321845051134e-06,0.9632300138473511
1786713413.094938,-1.719034934777206,-2.2398178505427313,0.1962065574018303,12.873679161071777,4.987990856170654,1.5531273902524845e-06,0.9413958787918091
1786713413.095058,-2.0244413384901225,-2.650756931750561,0.19619620329277987,0.0,0.0,1.5868985201450414e-06,0.9599711298942566
1786713413.6540685,-1.698898023972338,-2.249861822659417,0.19621043891967996,12.873679161071777,4.987990856170654,1.5531273902524845e-06,0.937615156173706
1786713413.6541588,-1.9984719248857996,-2.6650719835217913,0.19619601210263307,0.0,0.0,1.5868985201450414e-06,0.9567621946334839
1786713413.6542919,-1.6785605422434757,-2.2595445800751475,0.19621168206211978,9.523838996887207,3.592073917388916,1.909555066959001e-06,0.933987021446228
1786713413.654441,-1.9720473813816268,-2.6790794117686905,0.19619591603164507,0.0,0.0,1.6124695321195759e-06,0.9536816477775574
1786713413.6545522,-1.6580263207424595,-2.268851489508985,0.19621203255830694,9.523838996887207,3.592073917388916,1.0466330877534347e-06,0.9304736256599426
1786713413.6546607,-1.9451752376696934,-2.6927494716250795,0.19619574085732727,0.0,0.0,1.3058189551884425e-06,0.9506979584693909
1786713413.6547768,-1.637302535403944,-2.2777726017972566,0.19621231356065702,9.523838996887207,3.592073917388916,1.1855297543661436e-06,0.9270883202552795
1786713413.6548586,-1.9178643971242078,-2.7060587695218525,0.1961954660397476,0.0,0.0,1.0592366379569285e-06,0.9478228092193604
1786713413.6947114,-1.6163961810864136,-2.286296889324498,0.1962124863174054,4.651993751525879,1.6920089721679688,1.2009245438093785e-06,0.923827052116394
1786713413.6948776,-1.8901246708046104,-2.718982356632378,0.1961952480930385,0.0,0.0,6.745361247340043e-07,0.9450526237487793
1786713413.844864,-1.5953154467971404,-2.294414424822865,0.19621272531768497,8.94051742553711,3.3568620681762695,1.2009245438093785e-06,0.9207701086997986
1786713413.845032,-1.8619672417888178,-2.7314965909109374,0.19619496370243944,0.0,0.0,8.44241583308758e-07,0.9424562454223633
1786713413.9447997,-1.5740612214793592,-2.3021107093058624,0.19621290476740114,8.94051742553711,3.3568620681762695,1.2009245438093785e-06,0.9808529615402222
1786713413.9449418,-1.8334005750900135,-2.7435708992856758,0.19619468952446875,0.0,0.0,1.1850484042952303e-06,0.9832701086997986
1786713414.0948057,-1.5709930768363882,-2.2988371012863276,0.19621297314432642,9.523838996887207,3.592073917388916,1.017840872918896e-06,0.8495715856552124
1786713414.0949647,-1.82944451355311,-2.7408177055188867,0.19619449926838037,0.0,0.0,1.1850484042952303e-06,0.8917903304100037
1786713414.1947782,-1.5310752983457847,-2.3162119352916593,0.19621325084650235,10.18795394897461,3.862607479095459,5.776556122327747e-07,0.912362277507782
1786713414.1949115,-1.7750959092071377,-2.7663207455976107,0.19619428210897136,0.0,0.0,8.18415117009863e-07,0.9353162050247192
1786713414.3449228,-1.5093571601733657,-2.3225977112864915,0.19621341882192173,8.94051742553711,3.3568620681762695,5.697093570233847e-07,0.9299170970916748
1786713414.3451307,-1.7453838784355828,-2.7769493239079126,0.19619406211473162,0.0,0.0,9.655699386712513e-07,0.9502859711647034
1786713414.4468288,-1.4876366427344772,-2.329207575187611,0.19621303940955165,8.94051742553711,3.3568620681762695,5.697093570233847e-07,0.9637778997421265
1786713414.446942,-1.716560704283382,-2.787178942982885,0.19619504832796358,0.0,0.0,1.107361754293379e-06,0.9807610511779785
1786713414.594737,-1.4654380767546478,-2.3365159335381382,0.19621233756628587,8.94051742553711,3.3568620681762695,4.050742177241773e-07,0.9708365201950073
1786713414.5949125,-1.6895389651089112,-2.7968666602651466,0.19619682159424523,0.0,0.0,5.234448394730862e-07,0.9868149757385254
1786713414.8447354,-1.443362974816091,-2.3443426133004426,0.19621347534246747,4.651993751525879,1.6920089721679688,4.050742177241773e-07,0.9006300568580627
1786713414.844853,-1.6638587593058936,-2.8064309260702043,0.1961985146711917,0.0,0.0,5.969691301288549e-07,0.9110133051872253
1786713415.7948854,-1.3990348327320963,-2.3623137979612765,0.19621082227123804,4.651993751525879,1.6920089721679688,2.0273303391604713e-07,0.11966051161289215
1786713415.7950013,-1.6161680940497714,-2.825991645985398,0.19620180727741154,0.0,0.0,5.803628937428584e-07,0.13532474637031555
1786713416.3946404,-1.2172612463980501,-2.4484496327249583,0.1962068124484112,0.0,0.0,1.1674499091895996e-06,0.8289062976837158
1786713416.3947806,-1.436539549703586,-2.9111169275463653,0.1962053679868233,0.0,0.0,8.140873433148954e-07,0.8583551049232483
1786713416.5448565,-1.1107377498088706,-2.4990196492681815,0.19620811623522658,0.0,0.0,1.0983779930029414e-06,0.960707426071167
1786713416.545027,-1.319418518120364,-2.966562520986613,0.19620161951730067,0.0,0.0,1.7821022311181878e-06,0.9819007515907288
1786713416.6948295,-1.090924318814173,-2.507607422131152,0.19620639833440393,0.0,0.0,1.0983779930029414e-06,0.9519030451774597
1786713416.69499,-1.2946876117157755,-2.977314267317516,0.19619925906251975,-2.9802322387695312e-05,1.1920928955078125e-05,1.778010528141749e-06,0.9709796905517578
1786713416.7961693,-1.0715245483715028,-2.5154818064389124,0.1962075149267968,0.0,0.0,8.708374821253528e-07,0.9580560326576233
1786713416.7962296,-1.269619501730414,-2.987607202245627,0.19619812964426944,0.0,0.0,2.022288072112133e-06,0.9741944074630737
1786713416.8947039,-1.051968245108898,-2.522963368335889,0.19620751613938478,-2.9802322387695312e-05,1.1920928955078125e-05,7.895444014138775e-07,0.9780418276786804
1786713416.8948526,-1.2442456581029115,-2.997487757982116,0.19619839443366868,-2.9802322387695312e-05,1.1920928955078125e-05,1.3363741118155303e-06,0.9914210438728333
1786713417.0449605,-1.0315727646373956,-2.530342637905744,0.1962079711265737,0.0,0.0,7.404544248856837e-07,0.9763669371604919
1786713417.0452087,-1.2190967915310222,-3.006765495501457,0.19619807500911937,0.0,0.0,1.7916927390615456e-06,0.9900493025779724
1786713417.144749,-1.0108905732734228,-2.5373387099755527,0.19620758254830956,0.0,1.1920928955078125e-05,1.054628683050396e-06,0.9742028117179871
1786713417.144889,-1.1935257636609355,-3.015657000594144,0.1961979999444332,0.0,0.0,1.7916927390615456e-06,0.988277792930603
1786713417.2947943,-0.9898828784613386,-2.5439308898102597,0.19620798627676198,0.0,1.1920928955078125e-05,1.054628683050396e-06,0.9722079634666443
1786713417.2949548,-1.167458470650132,-3.0241505363935586,0.1961982800292745,0.0,0.0,1.3164622032491025e-06,0.9866412878036499
1786713417.4448318,-0.9685623937906681,-2.550098588803244,0.1962087326011421,-2.9802322387695312e-05,1.1920928955078125e-05,1.1440414482422057e-06,0.9711790084838867
1786713417.4449563,-1.140919199372855,-3.0322159307915846,0.19619761496866742,-2.9802322387695312e-05,1.1920928955078125e-05,1.8491429045752739e-06,0.9651802778244019
1786713417.5448954,-0.9668827906411817,-2.5487711351288747,0.1962101216324202,-2.9802322387695312e-05,1.1920928955078125e-05,1.1440414482422057e-06,0.9071197509765625
1786713417.5450153,-1.1411196186088584,-3.0302122297797176,0.19619742673672602,-2.9802322387695312e-05,1.1920928955078125e-05,1.956143250936293e-06,0.9416232705116272
1786713417.6447177,-0.925009144019911,-2.5610817080426775,0.19620994228932911,-2.9802322387695312e-05,1.1920928955078125e-05,7.249413442877994e-07,0.9674959778785706
1786713417.6454878,-1.086513374871437,-3.0469421646199297,0.19619762963554008,0.0,1.1920928955078125e-05,1.336422883468913e-06,0.9827749133110046
1786713417.7947812,-0.9027947814186142,-2.5658643633030285,0.19621070008892147,0.0,0.0,1.111720393964788e-06,0.9662443995475769
1786713417.794921,-1.05868753457193,-3.0535542743572672,0.19619765448164675,-2.9802322387695312e-05,1.1920928955078125e-05,1.2844728871641564e-06,0.9817452430725098
1786713417.9448664,-0.8802995222316019,-2.5701533292590746,0.19621077584689542,0.0,0.0,1.2623726206584251e-06,0.9651371240615845
1786713417.9450347,-1.030472458863835,-3.0596347782735416,0.19619758686623626,0.0,0.0,1.4922909485903801e-06,0.9808322191238403
1786713418.0448654,-0.8575315299476749,-2.5739368021594276,0.1962110342090755,0.0,0.0,1.2623726206584251e-06,0.9638221263885498
1786713418.04495,-1.0018869898707243,-3.0651653650610964,0.19619761906270258,0.0,0.0,1.4393344827112742e-06,0.9797401428222656
1786713418.1948552,-0.8345241619697679,-2.577222930341675,0.19621178211007503,-2.9802322387695312e-05,1.1920928955078125e-05,1.749573357301415e-06,0.9609063267707825
1786713418.194948,-0.9729526580610612,-3.0701545191692756,0.19619743636477519,-2.9802322387695312e-05,1.1920928955078125e-05,1.4302714816949447e-06,0.9773016571998596
1786713418.344843,-0.8114153540074059,-2.5801092902560416,0.19621165883989328,-2.9802322387695312e-05,0.0,1.8025050394498976e-06,0.9575556516647339
1786713418.3448992,-0.9437045913436916,-3.074723844711923,0.19619732728613354,0.0,0.0,1.288938733523537e-06,0.9744921922683716
1786713418.444941,-0.7882505737734007,-2.582613690370341,0.19621160596678752,0.0,0.0,1.7726963505992899e-06,0.9542677402496338
1786713418.4451442,-0.9141610819494252,-3.0788903709852993,0.19619716110511085,-2.9802322387695312e-05,1.1920928955078125e-05,7.539430271208403e-07,0.9717314839363098
1786713418.5952947,-0.7650388177699687,-2.584725767089922,0.1962118256679411,0.0,0.0,1.7726963505992899e-06,0.9841715693473816
1786713418.5954392,-0.8843355144758867,-3.082633688226445,0.19619684028678286,0.0,0.0,6.974116786295781e-07,0.9820776581764221
1786713418.747314,-0.7623968853236088,-2.581632382644471,0.1962128903255186,-2.9802322387695312e-05,0.0,1.829433585953666e-06,0.8874881863594055
1786713418.747364,-0.8823286177567932,-3.0793877234401292,0.19619661231003718,0.0,0.0,6.974116786295781e-07,0.9254752993583679
1786713418.8448257,-0.7185145392795959,-2.5877324677693925,0.19621247888343765,0.0,0.0,2.225635398644954e-06,0.9447988867759705
1786713418.844965,-0.8238948053791829,-3.0887703897432943,0.19619632789859728,0.0,0.0,5.025435143579671e-07,0.9637641310691833
1786713418.9948032,-0.6952224544100315,-2.588609959564424,0.19621288440909662,0.0,0.0,2.243516746602836e-06,0.9418216943740845
1786713418.9949436,-0.7933108835913937,-3.0911262874337324,0.19619598830368434,0.0,0.0,1.8474645813171264e-08,0.9612554907798767
1786713419.1447806,-0.6719220574047867,-2.589056882973171,0.1962131992872684,0.0,0.0,2.149722149624722e-06,0.9389009475708008
1786713419.1449394,-0.7625048831123772,-3.092980241614741,0.19619581458685206,0.0,0.0,4.2702816926976084e-07,0.9587929844856262
1786713419.2558947,-0.6486267507831978,-2.5890701374525373,0.1962134825772124,0.0,0.0,2.149722149624722e-06,0.9361076951026917
1786713419.2559755,-0.7314943499249049,-3.0943195418967266,0.19619555824614723,0.0,1.1920928955078125e-05,3.903427625573386e-07,0.9564370512962341
1786713419.3948183,-0.625344472206517,-2.588640270876793,0.1962139549630644,0.0,0.0,1.805284341571678e-06,0.9334056973457336
1786713419.394984,-0.7002962469644239,-3.0951244573196215,0.19619540810056293,-2.9802322387695312e-05,1.1920928955078125e-05,6.831785981376015e-07,0.9541575908660889
1786713419.544893,-0.6020862218999615,-2.5877625084735723,0.19621349405807956,-2.9802322387695312e-05,1.1920928955078125e-05,1.7445910316382651e-06,0.9909271597862244
1786713419.5450375,-0.6689282820943113,-3.095380611635429,0.1961952914801308,0.0,1.1920928955078125e-05,7.086669597811124e-07,0.9897421598434448
1786713419.644637,-0.6017985915674628,-2.5844274528686664,0.19621276802620863,-2.9802322387695312e-05,1.1920928955078125e-05,1.7445910316382651e-06,0.8915206789970398
1786713419.6447694,-0.6690061857672551,-3.0919972894635497,0.19619661502623947,0.0,0.0,7.156972969823983e-07,0.9299308061599731
1786713419.7948213,-0.5637291675515335,-2.5866134014560758,0.1962112994341603,-2.9802322387695312e-05,1.1920928955078125e-05,1.4691266869704123e-06,0.9748104214668274
1786713419.7949698,-0.6185300710936183,-3.095672200422769,0.1961984324710557,0.0,0.0,7.498258582927519e-07,0.9883133172988892
1786713420.0948582,-0.5487680053082988,-2.5864293689147195,0.19620976638634136,-2.9802322387695312e-05,1.1920928955078125e-05,1.4691266869704123e-06,0.958124041557312
1786713420.0950198,-0.6001563952673175,-3.0958439675403606,0.19620057415275716,0.0,0.0,8.832465709929238e-07,0.9649573564529419
1786713458.7453895,-0.4670239441960358,-2.592962424366756,0.19620546340332226,-2.9802322387695312e-05,1.1920928955078125e-05,3.715021534844709e-07,0.10871759057044983
1786713458.7456455,-0.5183240642911575,-3.102385919770345,0.19620246091668966,0.0,0.0,7.756614195386646e-07,0.10872223228216171
1786713460.0473313,-0.22990263421890741,-2.616784827746683,0.1961964792796111,-2.9802322387695312e-05,1.1920928955078125e-05,1.0610899607854662e-06,0.0001894354645628482
1786713460.047528,-0.28120062653824557,-3.1262085374087314,0.1961922175508528,-2.9802322387695312e-05,1.1920928955078125e-05,1.0012440725404304e-06,0.00018936504784505814
1786713461.2451248,-0.00603489831871671,-2.6393292289702837,0.19619666166878988,0.0,0.0,1.9802801034529693e-06,0.0001255029928870499
1786713461.2452826,-0.0573314416427095,-3.148753084540835,0.19619234382279474,-2.9802322387695312e-05,1.1920928955078125e-05,1.2047856898789178e-06,0.00013376373681239784
1786713461.7952173,0.19295768451096573,-2.6593648489578854,0.19619487156088403,0.0,0.0,2.4593159650976304e-06,0.8733595013618469
1786713461.7994263,0.14166012278674545,-3.16878860199109,0.196192280288462,0.0,0.0,1.4437268873734865e-06,0.903090238571167
1786713461.9452047,0.28526238524549313,-2.6680538661345317,0.19620284510132135,0.0,0.0,3.3767444165277993e-06,0.9637810587882996
1786713461.948913,0.24486351474760143,-3.178457560532282,0.1962000841977678,0.0,0.0,2.277321755173034e-06,0.9837533235549927
1786713462.1452124,0.3069368944942361,-2.669321671799851,0.19620329543260856,0.0,0.0,3.850340817734832e-06,0.9547780752182007
1786713462.1453583,0.2716491192666053,-3.1801041821751608,0.1961995296828032,0.0,0.0,2.7275236789137125e-06,0.9732983708381653
1786713462.2951672,0.3281829311052782,-2.669992298765719,0.19620412815293803,0.0,0.0,4.0481572796124965e-06,0.9597779512405396
1786713462.2953582,0.29897229816473125,-3.1811583568015984,0.19619818908399128,0.0,0.0,3.03632714349078e-06,0.9756190180778503
1786713462.398487,0.3495185057804877,-2.6702116950384625,0.1962073568901929,0.0,0.0,4.1295211303804535e-06,0.9780929088592529
1786713462.3995094,0.32661443326173834,-3.18169913708285,0.1961977160944208,0.0,0.0,2.856466608136543e-06,0.991252601146698
1786713462.5951588,0.37164353081731066,-2.6700427564157696,0.19620812468886173,0.0,0.0,4.061444997205399e-06,0.976825475692749
1786713462.595289,0.35389266841301553,-3.1817349556831456,0.19619849038535053,0.0,0.0,3.0692608561366796e-06,0.9903528690338135
1786713462.6950884,0.3939465551753852,-2.6693955844868738,0.19620867158322455,0.0,0.0,4.125924078834942e-06,0.9756680130958557
1786713462.6952255,0.38149981879621225,-3.1812442717392093,0.19619810901220772,0.0,0.0,3.0692608561366796e-06,0.9895254373550415
1786713462.8450968,0.41640806889697646,-2.6682524707864697,0.19620933434038115,0.0,0.0,4.475778951018583e-06,0.9746608138084412
1786713462.8452456,0.4094007697861184,-3.1802045169998556,0.1961976254615568,0.0,0.0,3.354057298565749e-06,0.9888090491294861
1786713462.9951565,0.4390136128252811,-2.666598683914996,0.19620976832479964,0.0,0.0,4.466349309950601e-06,0.9698165655136108
1786713462.9953232,0.4375645796944206,-3.178596633284836,0.19619776562747987,0.0,0.0,3.230375796192675e-06,0.9638887643814087
1786713463.0982277,0.44059123669735933,-2.664437516912481,0.19621003150852637,0.0,0.0,4.556377461994998e-06,0.9729920029640198
1786713463.0982938,0.437126728821993,-3.176425795139135,0.19619804451991826,0.0,0.0,3.354057298565749e-06,0.9876367449760437
1786713463.2502468,0.4634488882547339,-2.6619652800310187,0.19620850229163286,0.0,0.0,4.556377461994998e-06,0.9107624292373657
1786713463.2542212,0.4657438137735403,-3.1739601365974868,0.1961956048163974,0.0,0.0,3.5564132758736378e-06,0.9446247816085815
1786713463.398077,0.5075672403327768,-2.6584562737085498,0.19620891606633195,0.0,0.0,4.287712727091275e-06,0.9717773795127869
1786713463.400473,0.5233828212479984,-3.170211945113049,0.19619529091506305,0.0,0.0,3.3485771382402163e-06,0.9868144989013672
1786713463.5451603,0.530622046872755,-2.6546495251976987,0.19620806072583893,0.0,0.0,4.287712727091275e-06,0.9724132418632507
1786713463.5453312,0.5523512080875311,-3.1661882269332056,0.1961946571971759,0.0,0.0,3.0536195936292643e-06,0.9675741195678711
1786713463.645186,0.5325623088654327,-2.651361671850771,0.19620871374967888,0.0,0.0,4.34215371569735e-06,0.9054797887802124
1786713463.645324,0.5526701177686252,-3.1629666716395137,0.19619414413518613,0.0,0.0,3.226767375963391e-06,0.9403723478317261
1786713463.7951128,0.5767236697040667,-2.6457175301598035,0.19620864972684238,0.0,0.0,4.238841484038858e-06,0.9635838270187378
1786713463.7952845,0.6107658764835611,-3.156584565636517,0.19619378983284524,0.0,0.0,2.0602558379323455e-06,0.9799720048904419
1786713463.8951867,0.5996782050792125,-2.6406854626783707,0.19620978185705998,0.0,0.0,4.067497229698347e-06,0.9797852039337158
1786713463.8952956,0.6401958911785953,-3.151079738572485,0.19619404418775235,0.0,0.0,2.0602558379323455e-06,0.9768097400665283
1786713463.9950392,0.6014662815701961,-2.6370607425341124,0.1962103528402925,0.0,0.0,4.315990736358799e-06,0.8962252140045166
1786713463.995166,0.6410141617330263,-3.1475310794785614,0.19619378639363702,0.0,0.0,1.6690763686710852e-06,0.9326292276382446
1786713464.1450675,0.6453249330319436,-2.6294619339051866,0.19620982779603766,0.0,0.0,3.289917685833643e-06,0.9541217684745789
1786713464.1452014,0.6994095152695511,-3.138597336072675,0.1961948633988129,0.0,0.0,7.912850037428143e-07,0.9719823598861694
1786713464.2952793,0.667990188288645,-2.6232624972392897,0.19620989338913722,0.0,0.0,3.289917685833643e-06,0.9510998129844666
1786713464.2953973,0.7291530938909538,-3.1315961461627775,0.19619117400804661,0.0,0.0,5.170452368474798e-07,0.9694262146949768
1786713464.3954422,0.6905339884751418,-2.6166625855145424,0.19621010113462864,0.0,0.0,3.289917685833643e-06,0.98772794008255
1786713464.3956158,0.7589613228484529,-3.1240694238207114,0.19619137414082058,0.0,0.0,5.170452368474798e-07,0.9870477318763733
1786713464.5450625,0.6919962249772316,-2.6126357417438077,0.19620868146222661,0.0,0.0,3.2786074370960705e-06,0.8928002119064331
1786713464.5452006,0.760261392824588,-3.120064423028297,0.19619229071066294,0.0,0.0,5.170452368474798e-07,0.9289295673370361
1786713464.6450675,0.7335208043327109,-2.6032654413903407,0.19620936433507385,0.0,0.0,1.2809177860617638e-06,0.974680483341217
1786713464.645237,0.8161474447926355,-3.1085543073118993,0.1961931775720005,0.0,0.0,1.711353775135649e-06,0.9882084727287292
1786713464.8002474,0.7501765597002665,-2.5981371394714516,0.19620979997452914,0.0,0.0,1.2414801631166483e-06,0.9756280183792114
1786713464.800421,0.8371591144951136,-3.1026944057478376,0.1961953410244533,0.0,0.0,1.4755411257283413e-06,0.991523265838623
1786713465.045365,0.7668080153135771,-2.592543685797435,0.1962079327979081,0.0,0.0,1.2414801631166483e-06,0.9313835501670837
1786713465.045536,0.8578255979301753,-3.0963887011680065,0.19619606440514686,0.0,0.0,1.7799430906961788e-06,0.935067892074585
1786713466.0450854,0.7934490498485489,-2.5844538335485097,0.19620800755904422,0.0,0.0,9.162180276689469e-07,0.3507084250450134
1786713466.0452228,0.8859623791144802,-3.0880263544896986,0.1962001928894559,0.0,0.0,1.8843624047804042e-06,0.35583460330963135
1786713466.9950786,1.0145838468403097,-2.5436351863945177,0.1962058421125063,0.0,0.0,4.804996478924295e-06,5.4081603593658656e-05
1786713466.995202,1.1072966829508737,-3.047171014335084,0.19620657958162868,0.0,0.0,2.276977511428413e-06,4.9730933824321255e-05
1786713468.7036245,1.211278050013658,-2.507420097847417,0.19620625052265983,0.0,0.0,2.770791070361156e-06,0.3312937915325165
1786713468.7037055,1.3039896755644047,-3.010956148678954,0.19620540332073766,0.0,0.0,8.048045287978312e-07,0.34174805879592896
1786713468.7038064,1.4108038977996227,-2.469947252124176,0.1962069247774301,0.0,0.0,2.1107280190335587e-06,0.9649124145507812
1786713468.703913,1.5110447874506874,-2.9720386421414666,0.19619631965723536,0.0,0.0,2.399020331722568e-06,0.980328381061554
1786713468.7040176,1.4301082795096147,-2.4657094534181865,0.19620918107777047,0.0,0.0,1.9437977698544273e-06,0.9611479043960571
1786713468.7041173,1.5342838994039973,-2.9669992299853303,0.19619782835015837,0.0,0.0,2.2666852146357996e-06,0.9755396842956543
1786713468.7042298,1.448556836303154,-2.46121805166605,0.19620918871401807,0.0,0.0,1.9840310869767563e-06,0.96465665102005
1786713468.7043295,1.5574294449539698,-2.9615087220988876,0.19619640482694042,0.0,0.0,2.032754764513811e-06,0.9771774411201477
1786713468.704421,1.4669841841158326,-2.456356569644695,0.1962077347658354,0.0,0.0,8.478585300508712e-07,0.9790388345718384
1786713468.7045135,1.5808148220335936,-2.9555424926374587,0.19619520087898698,0.0,0.0,2.008817546084174e-06,0.9890755414962769
1786713468.8451743,1.48610672679773,-2.4509797381079736,0.19620787831898326,0.0,0.0,1.6245413689830457e-06,0.9778562784194946
1786713468.8453333,1.6038486767977447,-2.949257605314943,0.19619169599090816,0.0,0.0,2.249494627903914e-06,0.9883834719657898
1786713468.995329,1.5052738351005115,-2.445167718726531,0.19620828373694593,0.0,0.0,1.6245413689830457e-06,0.9765220880508423
1786713468.9954438,1.627111557125014,-2.9424599559709237,0.19619190245754659,0.0,0.0,2.0975323877792107e-06,0.9875163435935974
1786713469.145452,1.5244735467585373,-2.4389020171727784,0.19620857720296983,0.0,0.0,1.3619835499412147e-06,0.9752584099769592
1786713469.1455708,1.6505825259241387,-2.935128301423222,0.19619469168707634,0.0,0.0,2.062973862848594e-06,0.9866690039634705
1786713469.2951574,1.543690396775512,-2.4321632068361936,0.19620886846260746,0.0,0.0,1.3619835499412147e-06,0.9613118171691895
1786713469.295303,1.6742252028748348,-2.927243669200359,0.19619538155753272,0.0,0.0,2.1674011350114597e-06,0.9528727531433105
1786713469.3954444,1.5424624875953405,-2.4303665727149437,0.19620989896575758,0.0,0.0,1.3619835499412147e-06,0.9022008776664734
1786713469.3964398,1.670148798472689,-2.926189329142946,0.1961949768086585,0.0,0.0,2.1674011350114597e-06,0.9329589009284973
1786713469.5450838,1.582129872945599,-2.41720186473888,0.19621070533735008,0.0,0.0,1.730846975078748e-06,0.9716364741325378
1786713469.5452056,1.7219423091376438,-2.9097427081623044,0.1961950277511968,0.0,0.0,1.7816686295191175e-06,0.9841411113739014
1786713469.6989398,1.6013270638067043,-2.4089481169123936,0.19621074424179416,0.0,0.0,1.2666884003920131e-06,0.9704474806785583
1786713469.6990204,1.7459616700073108,-2.9000945619418395,0.1961957731583506,0.0,0.0,1.8495927633921383e-06,0.9832817316055298
1786713469.8482497,1.6204887421829433,-2.400175350449253,0.19621238353431486,0.0,0.0,1.5228401935019065e-06,0.9674918055534363
1786713469.8483393,1.7700614221411002,-2.8898405555723135,0.19619500752189656,0.0,0.0,1.7864543906398467e-06,0.9808708429336548
1786713469.997379,1.639587691956973,-2.3909896866309346,0.19621210740646877,0.0,0.0,1.502574036749138e-06,0.9634839296340942
1786713469.9974618,1.7943044649709916,-2.8790539445840206,0.19619608141787387,0.0,0.0,1.5380240938611678e-06,0.977526843547821
1786713470.0950623,1.6585992125385753,-2.381451534219721,0.19621118132682114,0.0,0.0,1.3657236195285805e-06,0.9593082666397095
1786713470.095207,1.8187142892975605,-2.867771554323447,0.19619566437401703,0.0,0.0,8.899564249986724e-07,0.9740247130393982
1786713470.2491717,1.6775093495489082,-2.371558324053408,0.1962116597358738,0.0,0.0,1.266871777261258e-06,0.9550755620002747
1786713470.2493904,1.843278109159014,-2.8559803694388495,0.19619486950052195,0.0,0.0,3.4783423075168685e-07,0.9704618453979492
1786713470.3950872,1.6963030698613535,-2.361305760556186,0.19621232081319193,0.0,0.0,9.7363351869717e-07,0.9508306980133057
1786713470.3952694,1.8679760622030042,-2.8436670187763724,0.1961959286771359,0.0,0.0,3.4783423075168685e-07,0.9668800830841064
1786713470.5451798,1.7149650711352256,-2.350690468899125,0.1962122014662466,0.0,0.0,9.7363351869717e-07,0.9466014504432678
1786713470.5453928,1.892786147530988,-2.830819268785369,0.19619461602588698,0.0,0.0,6.996849037932407e-07,0.9633051753044128
1786713470.7011974,1.7334829404013434,-2.3397066572455527,0.19621219455732825,0.0,0.0,9.414858936906967e-07,0.9424209594726562
1786713470.7012963,1.9176878178717196,-2.8174226428159237,0.1961964893884724,0.0,0.0,7.550031568825943e-07,0.9597662091255188
1786713470.8452666,1.751841238977478,-2.3283536291619593,0.19621175888043046,0.0,0.0,6.379463570738153e-07,0.9382919073104858
1786713470.8454385,1.9426555448563891,-2.803468247375457,0.1961965341661827,0.0,0.0,7.27473491224373e-07,0.9562654495239258
1786713470.9491892,1.7700237266741257,-2.316630398320178,0.1962115595730877,0.0,0.0,6.361515261232853e-07,0.9343032836914062
1786713470.9492865,1.9676626369240109,-2.788946882274567,0.19619971890225632,0.0,0.0,1.117936335504055e-06,0.9528827667236328
1786713471.09523,1.7880213635717706,-2.304531891016955,0.19621210078429185,0.0,0.0,7.795566148161015e-07,0.9304014444351196
1786713471.0953867,1.9926852746012056,-2.773847012563368,0.19619760900976874,0.0,0.0,1.1576696579140844e-06,0.9495692849159241
1786713471.2453566,1.805816464128168,-2.2920599516021305,0.19621254403123384,0.0,0.0,7.795566148161015e-07,0.9266401529312134
1786713471.2454374,2.0176927478542837,-2.758163416720489,0.19619843483246324,0.0,0.0,1.2211764897074318e-06,0.946373701095581
1786713471.3473754,1.8233969986373932,-2.279212858569943,0.19621253790883536,0.0,0.0,8.533120308129583e-07,0.9230508804321289
1786713471.3475196,2.0426577708966773,-2.741888461468917,0.19619736117533598,0.0,0.0,9.611061386749498e-07,0.9433233737945557
1786713471.495147,1.8407492315728957,-2.2659884599500515,0.19621235960718075,0.0,0.0,6.444926157200825e-07,0.9195963740348816
1786713471.4952793,2.0675492952593566,-2.7250153991293633,0.19619754443083848,0.0,0.0,9.084704970518942e-07,0.9403863549232483
1786713471.6451983,1.8578609092340859,-2.252389309241443,0.19621322975793787,0.0,0.0,6.94196103268041e-07,0.9163135886192322
1786713471.6453447,2.092339813584432,-2.707541638831792,0.19619640301005997,0.0,0.0,6.367232003867684e-07,0.9375948905944824
1786713471.7452161,1.8747189220299423,-2.2384151100146443,0.1962133463241109,0.0,0.0,4.903961894342501e-07,0.9132096767425537
1786713471.7453282,2.1169988798318116,-2.6894632468240607,0.19619522786599988,0.0,0.0,6.367232003867684e-07,0.9349549412727356
1786713471.8451242,1.8913105096015814,-2.224067606250251,0.1962134272356151,0.0,0.0,4.903961894342501e-07,0.9102617502212524
1786713471.845276,2.1414959988162647,-2.670779169367506,0.19619435504428076,0.0,0.0,2.493725901331345e-07,0.9324469566345215
1786713471.9951653,1.9076225613868982,-2.209348885503221,0.19621216511327616,0.0,0.0,4.903961894342501e-07,0.9074714183807373
1786713471.995321,2.16580140668781,-2.6514887768170223,0.19619350746654135,0.0,0.0,6.927362505848578e-07,0.9300729036331177
1786713472.0951102,1.9236438161883551,-2.1942643245102365,0.19621207919358274,0.0,0.0,4.903961894342501e-07,0.9704926013946533
1786713472.0952525,2.1898873834834065,-2.6315952775866553,0.1961932304060824,0.0,0.0,8.225607643908006e-07,0.9747790098190308
1786713472.2453926,1.9214120002689372,-2.190018054603769,0.19621150135085805,0.0,0.0,3.415440232856781e-07,0.8350404500961304
1786713472.2455354,2.1892533104383003,-2.6263723054533443,0.196193273208536,0.0,0.0,1.291509875045449e-06,0.8769233822822571
1786713472.3965101,1.9547629751134918,-2.1630227666887816,0.19621097852874392,0.0,0.0,5.323651066646562e-07,0.9188334941864014
1786713472.396621,2.237234577185413,-2.590051798128635,0.19619279989790162,0.0,0.0,1.3047231277596438e-06,0.9390926957130432
1786713472.4951918,1.9690902628640223,-2.1486526602387683,0.1962095940339218,0.0,0.0,8.04076876192994e-07,0.9443709850311279
1786713472.495364,2.2585320521835306,-2.5709883683696604,0.19619432644834328,0.0,0.0,1.5791579244250897e-06,0.9606973528862
1786713472.5953293,1.9807815546229623,-2.137245571906471,0.19620977514264962,0.0,0.0,8.04076876192994e-07,0.9610982537269592
1786713472.595523,2.274787073528579,-2.556417081710617,0.19619489053861125,0.0,0.0,1.4376505532709416e-06,0.9759404063224792
1786713472.8954132,1.991330245121997,-2.1274080742702726,0.1962084301928312,0.0,0.0,9.598169299351866e-07,0.9881283640861511
1786713472.8956273,2.2885603995805788,-2.544299229317236,0.19619728853311433,0.0,0.0,1.4376505532709416e-06,0.9926928877830505
1786713473.1452281,1.9988678162193385,-2.11897037658583,0.1962037070736692,0.0,0.0,1.129360384766187e-06,0.9392650127410889
1786713473.1453826,2.2973046217860786,-2.5349985884565154,0.19620042079653904,0.0,0.0,1.4376505532709416e-06,0.9654808640480042
1786713473.295211,2.03528627287778,-2.088041255492624,0.19620833378688732,0.0,0.0,9.488725481787696e-06,0.9616056084632874
1786713473.2954032,2.3434477147052712,-2.4969184078445927,0.19620089425315992,0.0,0.0,1.3552793234339333e-06,0.9766815900802612
1786713473.395156,2.0490574696516934,-2.0752314006648778,0.19621042940220826,0.0,0.0,7.548434950876981e-05,0.9630405902862549
1786713473.3953447,2.3612330619971043,-2.4810520500332744,0.19620094232721366,0.0,0.0,1.3323160601430573e-06,0.9763436913490295
1786713473.5453382,2.0626943170685488,-2.0620836614501172,0.19621023355749742,0.0,0.0,7.548434950876981e-05,0.9727135300636292
1786713473.5454543,2.379126877542462,-2.464593828534632,0.1962021391809409,0.0,0.0,1.195287836708303e-06,0.9838541150093079
1786713473.645128,2.0746481152094844,-2.049824243371926,0.1962101067495687,0.0,0.0,9.111777762882411e-05,0.9663631319999695
1786713473.6452947,2.394596557649349,-2.449545388803673,0.19620144437839585,0.0,0.0,1.195287836708303e-06,0.9784461259841919
1786713473.795191,2.0864146196536804,-2.037296533076541,0.19621033321069745,0.0,0.0,9.221530490322039e-05,0.9607027769088745
1786713473.7953238,2.410172787042256,-2.433938246640993,0.19619985245133723,0.0,0.0,1.1619808901741635e-06,0.9736226201057434
1786713473.9541774,2.0979147940420826,-2.0244454425495992,0.19621012397378432,0.0,0.0,9.221530490322039e-05,0.9548050165176392
1786713473.9542532,2.4257331108186846,-2.417738146604783,0.19619904618527392,0.0,0.0,1.1708070815075189e-06,0.9686018228530884
1786713474.048532,2.1091564989676552,-2.0112632150605765,0.1962103834306637,0.0,0.0,9.34301788220182e-05,0.9487046003341675
1786713474.0487044,2.4412915606585024,-2.400917293275494,0.19619915397600732,0.0,0.0,1.084156679098669e-06,0.9634107947349548
1786713474.1954226,2.120134039125569,-1.9977474571065164,0.1962109911437185,0.0,0.0,7.951178849907592e-05,0.9425681233406067
1786713474.1955442,2.456843795163745,-2.383455299991301,0.19619977159046356,0.0,0.0,8.713422516848368e-07,0.9581918716430664
1786713474.2952192,2.1308379957471235,-1.9838893061296772,0.19621211065180882,0.0,0.0,0.00017347758694086224,0.9365078210830688
1786713474.2953863,2.47237330473528,-2.365330825333229,0.1962001921221153,0.0,0.0,8.713422516848368e-07,0.9530424475669861
1786713474.445361,2.1412594076567344,-1.9696765806379326,0.1962129411502112,0.0,0.0,0.000323520420351997,0.9304363131523132
1786713474.4454882,2.487858041513992,-2.346523216278739,0.1961982957416304,0.0,0.0,6.226113100638031e-07,0.94788658618927
1786713474.5471828,2.1513870493600504,-1.9551066046484602,0.19621155979169272,0.0,0.0,0.00036727741826325655,0.9245555400848389
1786713474.5472624,2.5032765469919798,-2.327017590282996,0.1961967039274974,0.0,0.0,6.226113100638031e-07,0.9428985118865967
1786713474.6953492,2.1612128791960874,-1.940172486660302,0.19621190085172824,0.0,0.0,0.00036727741826325655,0.923912525177002
1786713474.6956162,2.5186008537666114,-2.3068028664517826,0.19619620584359343,0.0,0.0,1.932551413119654e-06,0.9421122074127197
1786713474.7952743,2.1707678573183915,-1.9258659179749666,0.19621193239311133,0.0,0.0,0.0010288237826898694,0.9340223073959351
1786713474.7954452,2.5335396986689003,-2.287169932456132,0.19619634537192263,0.0,0.0,1.932551413119654e-06,0.950911819934845
1786713474.9455485,2.1787154879766044,-1.91359990353358,0.1962117618221814,0.0,0.0,0.0009748603333719075,0.9416418075561523
1786713474.945593,2.545556381888775,-2.270771792632984,0.1961979458095305,0.0,0.0,1.9406650153541705e-06,0.9585961103439331
1786713475.1953182,2.1863327485190167,-1.9026157360592042,0.19621141477119672,0.0,0.0,0.0011843717657029629,0.9893335700035095
1786713475.1955354,2.5563557416451914,-2.256489985508551,0.19619981267245398,0.0,0.0,1.9406650153541705e-06,1.0009269714355469
1786713480.245201,2.2406276619449694,-1.8430300314336658,0.19620511404687374,0.0,0.0,0.001777398749254644,0.12192697077989578
1786713480.2453225,2.6116256245362304,-2.1958820000452777,0.19620490598847456,0.0,0.0,2.9235070542199537e-06,0.1221236139535904
1786713480.995459,2.3875877597975106,-1.6884405127346649,0.19620498369662362,0.0,0.0,0.0016322217416018248,0.2139289677143097
1786713480.9956932,2.7585526523932944,-2.041327248758274,0.1962050303251653,0.0,0.0,1.9125920971418964e-06,0.20142821967601776
1786713481.24548,2.492586415486521,-1.5791215313320452,0.19620456892753022,0.0,0.0,0.0005884949350729585,0.7467128038406372
1786713481.245636,2.860964080873406,-1.9347082234906416,0.196206522269167,0.0,0.0,1.274276201002067e-06,0.7289584279060364
1786713481.3955257,2.5316429015345676,-1.542100730001676,0.1962007384413806,0.0,0.0,0.0005169583018869162,0.8076925277709961
1786713481.395784,2.893965008829043,-1.9038557445122914,0.1962072280394633,0.0,0.0,1.0027766847997555e-06,0.7920895218849182
1786713481.4953234,2.5524018664498476,-1.5239385835612504,0.19619981791665217,0.0,0.0,0.0005169583018869162,0.8287538886070251
1786713481.4954393,2.910681417435259,-1.889697743750727,0.1962089382603465,0.0,0.0,8.232247523665137e-07,0.8138207793235779
1786713481.6454072,2.5741513075382327,-1.5060934645508588,0.19619874434406628,0.0,0.0,0.0005174402613192797,0.8526673316955566
1786713481.6455736,2.9276628602692405,-1.876462985402873,0.19620921150265727,0.0,0.0,1.1582905017348821e-06,0.8397178649902344
1786713481.7451973,2.596534982962309,-1.4885293595088898,0.19620073089130416,0.0,0.0,3.926700082956813e-05,0.8679779767990112
1786713481.7453232,2.9450756651915366,-1.8635805462776445,0.1962123297267279,0.0,0.0,8.563372944081493e-07,0.8574441075325012
1786713481.8952856,2.619006246794047,-1.471671136792493,0.19620026723838824,0.0,0.0,3.830706191365607e-05,0.8662179708480835
1786713481.8954208,2.9633883036846207,-1.8505444648653886,0.19621318180552072,0.0,0.0,9.980457207348081e-07,0.8554750680923462
1786713481.9988792,2.642032836544843,-1.4551099646175871,0.19619933780861237,0.0,0.0,6.065722004677809e-07,0.8631147146224976
1786713481.998955,2.9821355535441385,-1.83782936795379,0.1962134685569838,0.0,0.0,1.3171514865462086e-06,0.8519521951675415
1786713482.145777,2.6655486196195257,-1.4387536675929409,0.19619930041438985,0.0,0.0,7.41098745038471e-07,0.8595020174980164
1786713482.1458957,3.001171758785837,-1.8254073993255806,0.1962132063482969,0.0,0.0,1.3579330016000313e-06,0.8478386998176575
1786713482.2482333,2.6895288692915167,-1.4225816470802344,0.1961980406181684,0.0,0.0,7.601255447298172e-07,0.8559412360191345
1786713482.248298,3.0204376793056453,-1.8132776404150959,0.19621376063958149,0.0,0.0,1.3328665318113053e-06,0.8437825441360474
1786713482.395355,2.713969656271256,-1.406618315959418,0.1961961144614454,0.0,0.0,2.990194403196256e-08,0.8524112701416016
1786713482.3955016,3.039926355124209,-1.801455282486879,0.19621445234572624,0.0,0.0,1.173938471765723e-06,0.8397606015205383
1786713482.5492535,2.738867283602019,-1.3908853114495487,0.19619479527430705,0.0,0.0,4.659084709146555e-07,0.8489897847175598
1786713482.5493395,3.059630227013808,-1.7899531424597854,0.196214457188575,0.0,0.0,8.217318168135535e-07,0.8358624577522278
1786713482.6972349,2.764219485338885,-1.3754123090430357,0.19619458718923438,0.0,0.0,4.659084709146555e-07,0.8456866145133972
1786713482.7022727,3.0795480330035168,-1.7787879486900235,0.19621374696645744,0.0,0.0,7.576999450975563e-06,0.8320984244346619
1786713482.845353,2.790023433505552,-1.3602248549206029,0.1961920890757235,0.0,0.0,7.923953830868413e-07,0.9889110326766968
1786713482.8455062,3.0996779160492833,-1.767972449636345,0.19621316277311834,0.0,0.0,7.0513051468878984e-06,0.9897664189338684
1786713482.995289,2.7931847499111964,-1.3626255724018463,0.19618995022064115,0.0,0.0,7.923953830868413e-07,0.8392575979232788
1786713482.9954226,3.103071063981001,-1.7701970040845083,0.19621064746183545,0.0,0.0,7.0513051468878984e-06,0.8247724771499634
1786713483.0951939,2.8196172912484125,-1.3477322131538354,0.19618780704639513,0.0,0.0,7.923953830868413e-07,0.8362477421760559
1786713483.095323,3.1234141126022625,-1.7598626426214812,0.19620883348475407,0.0,0.0,5.013813279219903e-06,0.8213434815406799
1786713483.7260008,2.846479430215197,-1.3331850269060777,0.19618494971127806,4.651993751525879,1.6920089721679688,7.1153721137307e-07,0.8438710570335388
1786713483.7260902,3.1439509134498835,-1.7499040163987472,0.19620635914695786,0.0,0.0,4.233981962897815e-05,0.8301198482513428
1786713483.726188,2.8730994236776275,-1.3189340182699127,0.1961842062233631,4.651993751525879,1.6920089721679688,7.219113058454241e-07,0.6609646677970886
1786713483.72628,3.164641515848458,-1.7398226117499234,0.19620346948560244,0.0,0.0,3.8990259781712666e-05,0.6327192187309265
1786713483.7263913,2.9224297582859937,-1.2894139135504108,0.1961838472660243,4.651993751525879,1.6920089721679688,7.578922236461949e-07,0.845689058303833
1786713483.726497,3.2034915426220585,-1.71737217448178,0.19620077137626593,0.0,0.0,6.13887605140917e-05,0.8362064957618713
1786713483.7265995,2.9466745220508264,-1.276449033660167,0.19618642804829464,4.651993751525879,1.6920089721679688,7.998282853804994e-07,0.951635479927063
1786713483.726703,3.2246784436231053,-1.7063999837696744,0.1961959341433794,0.0,0.0,8.328597323270515e-05,0.9585012793540955
1786713483.9952662,2.947059266863262,-1.2781995934650132,0.19618473377699347,4.651993751525879,1.6920089721679688,7.998282853804994e-07,0.573664665222168
1786713483.9954216,3.2262461119724377,-1.7073833600142094,0.19619170733104602,0.0,0.0,8.328597323270515e-05,0.5563546419143677
1786713484.3452635,3.0130642006599513,-1.2376387392514985,0.1961884348335043,4.371941089630127,1.5869736671447754,1.3408024415184627e-06,0.7222365140914917
1786713484.3453772,3.287128880599362,-1.670111340934479,0.19619024107384586,0.0,0.0,7.823152554919943e-05,0.7004995942115784
1786713484.4453478,3.059447684975902,-1.2110269482172484,0.19618287110862448,4.651993751525879,1.6920089721679688,1.1761559335354832e-06,0.7891204357147217
1786713484.4455082,3.3246900608229946,-1.6489658503327902,0.1961911671156933,0.0,0.0,8.342586806975305e-05,0.7705820798873901
1786713484.5953417,3.0834534215540086,-1.198491882000229,0.19617811686225883,4.371941089630127,1.5869736671447754,1.0692616569940583e-06,0.8122652173042297
1786713484.5954986,3.342966455914468,-1.6398499959982966,0.1961924380214114,0.0,0.0,8.486205479130149e-05,0.7948042750358582
1786713484.7955103,3.108188713185644,-1.1865432645214977,0.1961763977120081,4.371941089630127,1.5869736671447754,1.0692616569940583e-06,0.8379255533218384
1786713484.7957132,3.361054544978174,-1.6317430740508014,0.19620298612526163,0.0,0.0,0.0002741419884841889,0.8227211236953735
1786713484.8952835,3.1335404946911702,-1.1750945997511777,0.19617443892543182,4.371941089630127,1.5869736671447754,1.0692616569940583e-06,0.8539928197860718
1786713484.89542,3.3794750159188554,-1.6241605304928348,0.19620784010054212,0.0,0.0,0.0002721141208894551,0.8410730361938477
1786713485.0453062,3.158903931915022,-1.1644490330609152,0.19617042240637603,4.970312118530273,1.8119096755981445,8.719688366909395e-07,0.9808998703956604
1786713485.0454686,3.398846113406586,-1.6167451172955754,0.19621198034673706,0.0,0.0,0.0002721141208894551,0.9829012751579285
1786713485.1956363,3.1592699479380513,-1.1677023921667429,0.1961688265839028,4.970312118530273,1.8119096755981445,8.719688366909395e-07,0.69854336977005
1786713485.1957884,3.3998604549901805,-1.6196539452686043,0.19620838938232052,0.0,0.0,0.0002721141208894551,0.6722028851509094
1786713485.3480132,3.210651428905324,-1.1446564861116635,0.19617206271873214,0.0,0.0,1.0637733112162095e-06,0.8706223368644714
1786713485.348252,3.4388774258233568,-1.6029761266959917,0.19620928397786183,0.0,0.0,0.00027104656328447163,0.8615999817848206
1786713485.495402,3.2355511692361447,-1.1355037958405516,0.19617249147815072,0.0,0.0,1.0637733112162095e-06,0.8545194268226624
1786713485.495587,3.4600335375678877,-1.5956686195788654,0.19620857552732676,0.0,0.0,0.00021826231386512518,0.845404863357544
1786713485.6452615,3.259997716791171,-1.126375449773007,0.1961686195597872,0.0,0.0,1.6125894717333722e-06,0.8293494582176208
1786713485.6453807,3.4813350506304546,-1.588061255536781,0.19620610518732107,0.0,0.0,0.00021852429199498147,0.82027268409729
1786713485.8952894,3.284016575840794,-1.1171097086548505,0.19618747713030885,0.0,0.0,1.8094615370500833e-06,0.7512332201004028
1786713485.895451,3.5028587275520096,-1.5799834628575864,0.19620493194701463,0.0,0.0,0.00021852429199498147,0.733177661895752
1786713486.0953326,3.333440167105013,-1.0990072382724678,0.19619234501076138,0.0,0.0,1.8094615370500833e-06,0.9753493070602417
1786713486.0954628,3.5443618751166817,-1.5655434458720472,0.1962017281062402,0.0,0.0,0.00023989299370441586,0.9708074331283569
1786713486.1992142,3.3342529572555013,-1.1017693111464157,0.19618980165780633,0.0,0.0,1.8094615370500833e-06,0.6648362278938293
1786713486.1992908,3.543810594038306,-1.5689198186805235,0.19620309195316407,0.0,0.0,0.00023989299370441586,0.6366661787033081
1786713486.345502,3.3861658418691984,-1.0829222366404125,0.19618464681012557,0.0,0.0,2.9716213703068206e-06,0.839840829372406
1786713486.3458223,3.584169208207566,-1.5550860499576031,0.19620232287299758,0.0,0.0,5.2384544687811285e-05,0.8250013589859009
1786713486.6456375,3.4404562015082494,-1.0690289722739075,0.19618111712548833,0.0,0.0,8.418900506512728e-06,0.8498331308364868
1786713486.645773,3.6249742218347842,-1.5466240934781634,0.1962005250713135,0.0,0.0,7.686125172767788e-05,0.8364127278327942
1786713486.7953613,3.4679743579881355,-1.0627253244378432,0.1961778425222126,0.0,0.0,3.7618512578774244e-05,0.845318615436554
1786713486.7955098,3.6458859108698536,-1.542820605469522,0.19619980451256147,0.0,0.0,7.325776823563501e-05,0.8313342928886414
1786713486.8966804,3.4959249959177283,-1.0568058564672593,0.19617592710002119,0.0,0.0,3.254433613619767e-05,0.8507456183433533
1786713486.896763,3.666929926681079,-1.5394043574401663,0.19619858377356392,0.0,0.0,7.325776823563501e-05,0.8376052975654602
1786713487.0454004,3.523882663217865,-1.0509684768856618,0.19617386320323968,0.0,0.0,4.351540337665938e-05,0.8537731766700745
1786713487.0455792,3.68833699252865,-1.5358383285802506,0.19619596766705963,0.0,0.0,7.266174361575395e-05,0.84244704246521
1786713487.1961699,3.5511324412467298,-1.0452887378527889,0.19617211950730057,0.0,0.0,5.051328116678633e-05,0.8383042216300964
1786713487.1962445,3.710714302240823,-1.5317839888205342,0.19619279539317658,0.0,0.0,7.266174361575395e-05,0.8269429802894592
1786713487.345293,3.577830486579478,-1.039489736701355,0.19617311739220963,0.0,0.0,0.00017461710376664996,0.8234620690345764
1786713487.345432,3.733366704119964,-1.5272934725969731,0.19618983495289902,0.0,0.0,0.00043113273568451405,0.813423216342926
1786713487.5988693,3.6034986293773925,-1.0334688740342641,0.19619377340832,0.0,0.0,0.0001823001221055165,0.7999128103256226
1786713487.5989532,3.756169005023375,-1.5221771268179292,0.19618594705748116,0.0,0.0,0.0004138039948884398,0.8024047017097473
1786713488.6981802,3.651384965278253,-1.0197514762130342,0.1962041531393541,0.0,0.0,0.00018605626246426255,0.011295969597995281
1786713488.6982574,3.803929389380184,-1.5084990578936055,0.1961953893745572,0.0,0.0,0.0013255014782771468,0.017606042325496674
1786713489.7954047,3.840142571236007,-0.9588486039048904,0.1982210211286914,0.0,0.0,0.010648231022059917,0.021134397014975548
1786713489.7956138,3.9914043323464217,-1.4479369039635306,0.20573862523674885,10.134011268615723,3.8406848907470703,0.0717882290482521,0.04146524518728256
1786713491.1954253,4.023943132049071,-0.8971817948347846,0.2067691816108397,17.343669891357422,6.985235214233398,0.1310238540172577,0.13689345121383667
1786713491.1957333,4.170563719828138,-1.3871594725571312,0.23060777580465205,35.582096099853516,17.459529876708984,0.22799262404441833,0.12745046615600586
1786713492.303866,4.241935754361463,-0.8201605002371004,0.23493572653923217,43.89113235473633,24.2698974609375,0.27939045429229736,0.48201531171798706
1786713492.3039641,4.391942527788408,-1.3089121064834137,0.26257329730233514,60.63966369628906,46.81564712524414,0.3755532503128052,0.43277162313461304
1786713492.5453303,4.366042779103873,-0.7909171304402165,0.25699166341180074,57.31190872192383,41.003936767578125,0.3547919988632202,0.3639557659626007
1786713492.545467,4.547544000028045,-1.2685157818097423,0.2901704972226045,64.44705963134766,54.075599670410156,0.3755814731121063,0.4218708276748657
1786713492.853257,4.386380173236185,-0.7921419249862169,0.2622577575010521,60.8887825012207,47.271121978759766,0.371148943901062,0.1864013820886612
1786713492.8534575,4.588457719196795,-1.2612864308574046,0.29707295575436127,64.44705963134766,54.075599670410156,0.3747808337211609,0.2580189108848572
1786713493.2453842,4.395794603181233,-0.7967933975401389,0.2683987167674062,60.63966369628906,46.81564712524414,0.3710452914237976,0.32616087794303894
1786713493.2455137,4.615359510517322,-1.2580463981007923,0.3027632470317451,64.44705963134766,54.075599670410156,0.3746814429759979,0.23598001897335052
1786713493.5454392,4.415098220253224,-0.800843421461767,0.27718113647519016,60.8887825012207,47.271121978759766,0.37082794308662415,0.551520049571991
1786713493.5456119,4.656683126864676,-1.250941781825223,0.31170936978742947,64.44705963134766,54.075599670410156,0.3742486834526062,0.6055077910423279
1786713493.6479814,4.4271181099718815,-0.8043885393071993,0.28117828626889374,60.8887825012207,47.271121978759766,0.37082794308662415,0.6131041646003723
1786713493.6480525,4.68325191416647,-1.246168934248372,0.3181858124551985,64.44705963134766,54.075599670410156,0.3741321861743927,0.6597325801849365
1786713493.7953293,4.434684874721837,-0.8058714397559978,0.2819687533850765,62.478973388671875,50.189369201660156,0.3711927831172943,0.7521500587463379
1786713493.795486,4.698777863706409,-1.242679156414453,0.32194264282333,64.44705963134766,54.075599670410156,0.3739757239818573,0.782149076461792
1786713493.9477186,4.440825280131829,-0.8070796007010036,0.2836937995535509,62.478973388671875,50.189369201660156,0.3711927831172943,0.8048419952392578
1786713493.9477968,4.711552593719855,-1.239659218497944,0.32523409257206193,64.44705963134766,54.075599670410156,0.3739757239818573,0.8283989429473877
1786713494.0953948,4.447682017449482,-0.80808071689822,0.2836713280661885,62.60341262817383,50.42262268066406,0.371977835893631,0.8641499280929565
1786713494.095515,4.724445011955213,-1.2365173957363014,0.3282612047022035,64.44705963134766,54.075599670410156,0.37384089827537537,0.8806213140487671
1786713494.245341,4.45404204257555,-0.8086404579969516,0.2847322613410445,64.44705963134766,54.075599670410156,0.3749520778656006,0.6311702132225037
1786713494.2454975,4.735964347490048,-1.2334213771854106,0.33190200466347336,64.44705963134766,54.075599670410156,0.37384089827537537,0.6716827154159546
1786713494.3953004,4.4373262781151785,-0.82455485726822,0.28592982727209304,62.60341262817383,50.42262268066406,0.37098947167396545,0.915037989616394
1786713494.3954508,4.731746072468543,-1.2405778534616552,0.33477500442561403,64.44705963134766,54.075599670410156,0.3735707700252533,0.9152653813362122
1786713494.5454214,4.466658157658883,-0.8083194464742102,0.285724926376367,64.44705963134766,54.075599670410156,0.3747617304325104,0.64558345079422
1786713494.5455697,4.760333218424361,-1.2246005964451987,0.3368029340041517,64.44705963134766,54.075599670410156,0.37301185727119446,0.6842363476753235
1786713494.6453824,4.4501582343465165,-0.8243687489043768,0.28670396657406955,64.44705963134766,54.075599670410156,0.3749101161956787,0.9009677767753601
1786713494.6455274,4.755477022906642,-1.231967777630967,0.33950045446216665,64.44705963134766,54.075599670410156,0.37337538599967957,0.8999977111816406
1786713494.7983093,4.4796558221626785,-0.8060966792292906,0.28640489000951247,64.44705963134766,54.075599670410156,0.3747617304325104,0.9068683385848999
1786713494.7983782,4.7836541653609075,-1.2144366847372148,0.34106243509270034,64.44705963134766,54.075599670410156,0.37323492765426636,0.9197160005569458
1786713494.8952389,4.487074061744204,-0.8021358144951529,0.2849219267370261,64.44705963134766,54.075599670410156,0.3747617304325104,0.7414377331733704
1786713494.8953047,4.794543600164786,-1.207808334563227,0.34002446211474135,64.44705963134766,54.075599670410156,0.37301433086395264,0.7698414921760559
1786713495.0465138,4.471713487395156,-0.8140589918714666,0.28306982871558717,64.44705963134766,54.075599670410156,0.37483736872673035,0.7926487326622009
1786713495.0466619,4.787124625162579,-1.2135425320631132,0.33850190686722204,64.44705963134766,54.075599670410156,0.3731170892715454,0.7819398045539856
1786713495.1954532,4.501912491979486,-0.7887799231572916,0.28180605779459555,64.44705963134766,54.075599670410156,0.3748582601547241,0.9582427740097046
1786713495.1956215,4.8116599793124175,-1.1926818994638815,0.33715664610733653,64.44705963134766,54.075599670410156,0.37250447273254395,0.958294153213501
1786713495.2956207,4.5097315869004735,-0.7794934066099436,0.2797648368786586,64.44705963134766,54.075599670410156,0.3749036490917206,0.943478524684906
1786713495.295732,4.81857867998878,-1.1841215212897458,0.3348426173492931,64.44705963134766,54.075599670410156,0.37219032645225525,0.9421629905700684
1786713495.4512591,4.517702106829133,-0.7694895500068242,0.27756268012970436,64.44705963134766,54.075599670410156,0.3749036490917206,0.9159131646156311
1786713495.4513485,4.825030323735828,-1.1753146270442294,0.332329220467174,64.44705963134766,54.075599670410156,0.37219032645225525,0.9121967554092407
1786713495.5953784,4.5259156666881095,-0.7582155914874937,0.27498076094993584,64.44705963134766,54.075599670410156,0.3750016987323761,0.8795656561851501
1786713495.595531,4.83061864298648,-1.1660871937559651,0.3292103865974022,64.44705963134766,54.075599670410156,0.37219032645225525,0.8727633357048035
1786713495.6953454,4.534445005971285,-0.7453110309501498,0.2719513222831411,64.44705963134766,54.075599670410156,0.3751314878463745,0.8415213823318481
1786713495.6955955,4.835096383857986,-1.1562872514447322,0.3253488424766485,64.44705963134766,54.075599670410156,0.37219032645225525,0.8315444588661194
1786713495.8454258,4.5434986045741725,-0.7307303854274257,0.2683798411596074,64.44705963134766,54.075599670410156,0.3752403259277344,0.8233550190925598
1786713495.845583,4.838577729327002,-1.1458730635873828,0.320618398808939,64.44705963134766,54.075599670410156,0.3715904951095581,0.811693012714386
1786713495.9955263,4.5531302371553934,-0.7153314141151246,0.26568901839853726,64.44705963134766,54.075599670410156,0.37531936168670654,0.8171048164367676
1786713495.995666,4.841991988456327,-1.1349826105703853,0.3166376390768825,64.44705963134766,54.075599670410156,0.3715904951095581,0.8039059638977051
1786713496.0953288,4.559078646001435,-0.7015148889081578,0.26678842848835893,64.44705963134766,54.075599670410156,0.37533336877822876,0.7874044179916382
1786713496.0954685,4.842905087862265,-1.1246935960833868,0.31685171537728085,64.44705963134766,54.075599670410156,0.3722134232521057,0.7718374729156494
1786713496.2454364,4.56255576751912,-0.6887207666777888,0.26740708226757665,64.44705963134766,54.075599670410156,0.37533336877822876,0.7417277693748474
1786713496.2455482,4.841597758327362,-1.1151681686026322,0.3166227378796281,64.44705963134766,54.075599670410156,0.37224462628364563,0.7225578427314758
1786713496.495408,4.563538580315757,-0.6770470013757538,0.26758212177689106,64.44705963134766,54.075599670410156,0.3752472400665283,0.5816864371299744
1786713496.4955623,4.838109670908575,-1.1064766216586692,0.31600646931345117,64.44705963134766,54.075599670410156,0.37224462628364563,0.5501319169998169
1786713501.0454528,4.3981859926391,-0.6002101425534786,0.2415836932406762,60.63966369628906,46.81564712524414,0.36999109387397766,0.5972261428833008
1786713501.0455978,4.627236011299525,-1.0565694201359173,0.2792174376211337,64.44705963134766,54.075599670410156,0.3743440806865692,0.6308077573776245
1786713502.2453878,4.459516068582499,-0.5700421893845883,0.24924310828092738,62.60341262817383,50.42262268066406,0.37032029032707214,0.15868201851844788
1786713502.2456064,4.673233892986916,-1.0337750579494434,0.28693287007977203,64.44705963134766,54.075599670410156,0.37345442175865173,0.09222256392240524
1786713508.7490337,4.385840674637481,-0.5035707980247432,0.23844251534130909,60.63966369628906,46.81564712524414,0.36890414357185364,0.13476192951202393
1786713508.7491043,4.571422177663245,-0.9796372584645288,0.27106506856806056,64.44705963134766,54.075599670410156,0.3750959038734436,0.1425422579050064
1786713509.6954885,4.208245997250043,-0.5750780468444148,0.2241209175300688,39.85610580444336,20.734113693237305,0.2791588604450226,0.038171663880348206
1786713509.6956158,4.393511498008624,-1.0514135910110198,0.25453709073079445,60.011192321777344,45.6743049621582,0.3731428384780884,0.03148694336414337
1786713510.6455858,4.026639685248719,-0.655588655285671,0.21973521683135855,15.517801284790039,6.14955997467041,0.11660710722208023,0.09890223294496536
1786713510.6456747,4.213853541653732,-1.1320675692649491,0.22766090311653603,42.025611877441406,22.5745849609375,0.2634275555610657,0.10106277465820312
1786713511.5040286,3.873153229698813,-0.7194067969292525,0.21061802968119675,0.0,0.0,0.01464699674397707,0.15157130360603333
1786713511.5041277,4.060940220650685,-1.1957260636957767,0.21066424918581106,20.73261070251465,8.61758041381836,0.13309918344020844,0.14908351004123688
1786713512.4955518,3.6970947964206506,-0.7887068622167902,0.19703572859239488,0.0,0.0,6.795019544370007e-06,0.002871206495910883
1786713512.4956622,3.8852042323288676,-1.2648988805695152,0.19707791212421072,0.0,0.0,0.01270523201674223,0.0027257204055786133
1786713516.9456065,3.3750912098708943,-0.915909288121532,0.19620365997787984,0.0,0.0,2.9291995815583505e-06,0.15028822422027588
1786713516.9457722,3.5632253755654784,-1.3920915386289177,0.19620401266494056,0.0,0.0,3.001166760441265e-06,0.1501864641904831
1786713518.2454507,3.1864102052515335,-0.9905390484354275,0.19620187283093551,0.0,0.0,1.7584484339749906e-06,0.00024202439817599952
1786713518.245598,3.3745671927480956,-1.4667122816250309,0.19620894236388783,4.371941089630127,1.5869736671447754,8.750859024075908e-07,0.00023792673891875893
1786713519.202181,2.9771546268373723,-1.0732264669530258,0.19620339704617912,0.0,0.0,1.2462638778742985e-06,0.6382541656494141
1786713519.2022614,3.1653112014256704,-1.5493998633438342,0.19620637035058575,4.970312118530273,1.8119096755981445,3.7352614867813827e-07,0.6152103543281555
1786713519.3455865,2.8385832838766514,-1.123779440098417,0.1962054360439609,0.0,0.0,1.4204655371941044e-06,0.919133186340332
1786713519.3457026,3.017316776366856,-1.6035693302142564,0.19620322592099448,4.371941089630127,1.5869736671447754,1.1816334790637484e-06,0.9029948115348816
1786713519.495572,2.81550173321577,-1.1303716982291319,0.19620539364613826,0.0,0.0,1.3585002989202621e-06,0.9281522631645203
1786713519.4957457,2.9899272784072233,-1.6117444531440974,0.19620219353441104,4.651993751525879,1.6920089721679688,9.14079294034309e-07,0.913395345211029
1786713519.6455703,2.79239671454586,-1.1362923946964065,0.19620759976271832,0.0,0.0,1.1783863556047436e-06,0.963722825050354
1786713519.6457484,2.9618319237267414,-1.6194442443749801,0.19620111871577275,4.651993751525879,1.6920089721679688,4.986422368347121e-07,0.9698113203048706
1786713519.7955246,2.789174582623065,-1.1349783621174545,0.19620829291595368,0.0,0.0,1.1783863556047436e-06,0.8726125359535217
1786713519.795705,2.960626268377942,-1.6174183266674511,0.19620075574262927,4.371941089630127,1.5869736671447754,5.861583076693933e-07,0.8445195555686951
1786713519.9458401,2.745265835975951,-1.147500826511947,0.1962085022107578,0.0,0.0,1.9680750483530574e-05,0.9449359178543091
1786713519.9459038,2.9052401003949258,-1.6338671849918514,0.1962005898594098,0.0,0.0,1.263025296793785e-06,0.934303879737854
1786713520.0956209,2.7212471450349174,-1.1528004706701886,0.19620839759649059,0.0,0.0,0.0001688867632765323,0.9433841109275818
1786713520.0958126,2.876803780617755,-1.6405976960288817,0.19620074851191102,0.0,0.0,1.2483151294873096e-06,0.9322963953018188
1786713520.2482512,2.6971348369341355,-1.1578002800837675,0.19620919456339522,0.0,0.0,0.00017469609156250954,0.9417787790298462
1786713520.24832,2.848076761620873,-1.64704514239511,0.1962006027818541,0.0,0.0,1.151118567577214e-06,0.9302400350570679
1786713520.3955994,2.6729376827315576,-1.1624864089840399,0.1962111975126776,0.0,0.0,0.0010339212603867054,0.9401217103004456
1786713520.3957713,2.8190680535269266,-1.653189898506771,0.19620112660755748,0.0,0.0,1.151118567577214e-06,0.9281290173530579
1786713520.5455768,2.648669243662772,-1.166849539666133,0.19621055484715705,0.0,0.0,0.0010318970307707787,0.9384240508079529
1786713520.5457127,2.7897884486090514,-1.6590175698567198,0.19620323040057724,0.0,0.0,1.0880604577323538e-06,0.9259824752807617
1786713520.6955392,2.624340430585507,-1.1708784237460759,0.19621109966924205,0.0,0.0,0.002846305025741458,0.9366958141326904
1786713520.695656,2.7602493807735424,-1.6645106321663572,0.1962027989297399,0.0,0.0,1.1759325388993602e-06,0.9238114356994629
1786713520.79573,2.5999592872282733,-1.1745594588797916,0.19621159562358315,0.0,0.0,0.002846305025741458,0.9349469542503357
1786713520.7959318,2.7304600119259943,-1.6696489061006992,0.1962014041535638,0.0,0.0,1.2890974403489963e-06,0.921623170375824
1786713520.945572,2.575533388847484,-1.1778836609788343,0.19621149222967502,0.0,0.0,0.006356317084282637,0.9331880807876587
1786713520.9457119,2.7004282470080048,-1.6744169169819898,0.1962021130940412,0.0,0.0,1.2337003454376827e-06,0.9194308519363403
1786713521.0955794,2.5510769219171956,-1.1808422852416272,0.19621187969710113,0.0,0.0,0.006356317084282637,0.9314320087432861
1786713521.095719,2.6701693491519056,-1.6787991042915047,0.1962001718833542,0.0,0.0,1.439427251170855e-06,0.9172534942626953
1786713521.245624,2.5265923283357563,-1.1834205420680777,0.19621162488950633,0.0,0.0,0.009980618953704834,0.9296776056289673
1786713521.2457523,2.6396898779987628,-1.6827730669842949,0.1962006694044915,0.0,0.0,1.4456389862971264e-06,0.9150819182395935
1786713521.3501742,2.50209371186325,-1.1856128944853288,0.19621097571192078,0.0,0.0,0.01281767338514328,0.927925169467926
1786713521.3502376,2.6090049165659894,-1.6863263796152443,0.19620011003186064,0.0,0.0,4.6292847400764003e-05,0.9129158854484558
1786713521.5459852,2.477591347337072,-1.1874131391544223,0.19621154515722045,0.0,0.0,0.01436223927885294,0.9261939525604248
1786713521.5461607,2.5781255789838062,-1.6894458752647499,0.1961996801243716,0.0,0.0,0.00010478241165401414,0.9107829332351685
1786713521.6459875,2.453092357545429,-1.1888102585827582,0.19621189989064805,0.0,0.0,0.015259367413818836,0.924494206905365
1786713521.6461322,2.547063489635248,-1.6921127781234941,0.19619934182177964,0.0,0.0,0.00010478241165401414,0.9086934924125671
1786713521.7966104,2.4286050766142466,-1.1897955756744008,0.19621205128982117,0.0,0.0,0.0174713172018528,0.9228022694587708
1786713521.796735,2.51583182310791,-1.694310684,0.1961991153299874,0.0,0.0,0.0006469800719060004,0.9066129326820374
1786713521.9466448,2.4041420440445838,-1.1903654184996764,0.1962121747306235,0.0,0.0,0.01754918321967125,0.930580198764801
1786713521.9467711,2.4844435859497493,-1.696029004479923,0.19619871179354162,0.0,0.0,0.0007680936250835657,0.9158719182014465
1786713522.0956466,2.381785055265123,-1.190890562559187,0.196211470875252,0.0,0.0,0.01940174587070942,0.9434812664985657
1786713522.095893,2.4557872400803884,-1.697514364302365,0.19619922928375425,0.0,0.0,0.0009115654975175858,0.9320579767227173
1786713522.195529,2.3639269427371468,-1.1914275424496341,0.19621058737671945,0.0,0.0,0.021324539557099342,0.9455475807189941
1786713522.1956863,2.433839018246427,-1.6986319406879842,0.19620030837932959,0.0,0.0,0.0024023677688091993,0.9355829358100891
1786713522.4957335,2.348420673332776,-1.1919910420705175,0.1962093297122731,0.0,0.0,0.021321861073374748,0.9386358857154846
1786713522.4959397,2.4154594724676075,-1.6995832005554323,0.19620190106693078,0.0,0.0,0.002589795971289277,0.9339117407798767
1786713526.045792,2.3426301864062387,-1.1913701362874036,0.1962056414341755,0.0,0.0,0.021321861073374748,0.14973074197769165
1786713526.0459247,2.4100611402406606,-1.6989103479586882,0.19620692496486017,0.0,0.0,0.002589795971289277,0.14967046678066254
1786713526.4455066,2.5437757738999904,-1.164697129929607,0.19620483460864066,0.0,0.0,0.009980618953704834,0.6051967144012451
1786713526.4456296,2.6112211514312103,-1.6722354250846632,0.19620571217205315,0.0,0.0,4.119414006709121e-05,0.5851351022720337
1786713526.5990145,2.6207547676482323,-1.1542415788744473,0.19620319854027995,0.0,0.0,0.00210254592821002,0.8097847700119019
1786713526.5990813,2.6816543482050803,-1.6626068423233207,0.19620575938013124,0.0,0.0,4.2547409975668415e-05,0.7943216562271118
1786713526.7456152,2.6471080537288243,-1.1511122854052036,0.19620325916674172,0.0,0.0,0.0018327267607674003,0.8409937620162964
1786713526.745729,2.7039008916183116,-1.6599527059308519,0.19620519301583464,0.0,0.0,6.335218927233655e-07,0.8264813423156738
1786713526.8957534,2.6738215008472705,-1.1484063183629436,0.1962010291881212,0.0,0.0,0.0018012278014793992,0.8585408329963684
1786713526.8959043,2.725639953099358,-1.6577773501195425,0.1962046919616119,0.0,0.0,7.536879707004118e-07,0.8444212675094604
1786713526.999742,2.7011154337419163,-1.1462088081233772,0.1961991633169097,0.0,0.0,0.0001276418479392305,0.87880539894104
1786713526.9999032,2.7470108979415104,-1.656147634162917,0.19620712067209403,0.0,0.0,7.536879707004118e-07,0.8665412664413452
1786713527.095553,2.7287262266842545,-1.1444945700324753,0.19619981160297525,0.0,0.0,0.00010490546992514282,0.8920316100120544
1786713527.0956862,2.768487161570085,-1.654948356397132,0.19620636829206298,0.0,0.0,1.3075652987026842e-06,0.882194995880127
1786713527.245542,2.756025235703081,-1.1432721737146234,0.19619965637193162,0.0,0.0,9.401314309798181e-05,0.8910094499588013
1786713527.245681,2.790779145266794,-1.6540912862450814,0.19620626186795667,0.0,0.0,1.3075652987026842e-06,0.880990207195282
1786713527.4031901,2.7835474108118676,-1.1425392093226354,0.1961997840361967,0.0,0.0,9.401314309798181e-05,0.8895689845085144
1786713527.403281,2.8132056118618296,-1.6536794944211444,0.19620752321069307,0.0,0.0,1.265643845727027e-06,0.8793063759803772
1786713527.4988837,2.811342080964943,-1.1423074721145732,0.19619977141417738,0.0,0.0,1.1836020803457359e-06,0.8970568776130676
1786713527.4990776,2.8357869409511007,-1.6537235930588616,0.1962074234753759,0.0,0.0,1.265643845727027e-06,0.8881850838661194
1786713527.6456318,2.83888987518339,-1.142379343207263,0.19619974343019447,0.0,0.0,1.1753072612918913e-06,0.904123067855835
1786713527.6458097,2.8587684626403207,-1.6539933008874428,0.19620796173096616,0.0,0.0,1.3300168575369753e-06,0.8988573551177979
1786713527.7957046,2.865397984622789,-1.1426011460744778,0.19620093283224935,0.0,0.0,9.241877023669076e-07,0.914283037185669
1786713527.7959259,2.8827846161652837,-1.6543058509554593,0.19620773526946503,0.0,0.0,1.3300168575369753e-06,0.9277917742729187
1786713527.9455843,2.8638834275848866,-1.1438372096660414,0.19620248358669592,0.0,0.0,9.241877023669076e-07,0.6654388308525085
1786713527.946109,2.8847191474336404,-1.6554130816050003,0.19620780131444884,0.0,0.0,1.0618833812259254e-06,0.643928050994873
1786713528.7377937,2.9169817628329495,-1.143012451704732,0.19620265613908056,0.0,0.0,9.059434091795993e-07,0.7890552282333374
1786713528.737901,2.9318253445493925,-1.6547972385638334,0.19620728337146842,0.0,0.0,1.1170699281137786e-06,0.7966967821121216
1786713529.4477785,2.966594000728197,-1.1421763253012431,0.19620452674643055,0.0,0.0,6.668655601060891e-07,0.01480963733047247
1786713529.447964,2.982401595183778,-1.653932243641499,0.19620564443736185,0.0,0.0,1.2224965075802174e-06,0.02120974473655224
1786713530.897299,3.165842405615829,-1.135491975740195,0.19620448498506274,0.0,0.0,6.984066658333177e-07,1.0450216905155685e-05
1786713530.8974776,3.1829291231145853,-1.6472067831132358,0.1962039468206235,4.12362813949585,1.4942169189453125,3.0961871289036935e-07,7.74930595071055e-06
1786713532.0489733,3.390716673793395,-1.12798262473585,0.1962033327392286,4.371941089630127,1.5869736671447754,5.742086273130553e-07,1.643249015614856e-05
1786713532.0490868,3.407804224624377,-1.6396974042823493,0.19620385852891967,4.371941089630127,1.5869736671447754,2.480999228282599e-07,1.9618126316345297e-05
1786713533.1956127,3.5906069777965626,-1.1213075295386072,0.1962007283737105,4.371941089630127,1.5869736671447754,1.5250594742610701e-07,1.556115057610441e-05
1786713533.1957314,3.6076940034926106,-1.6330223266191848,0.19620201131828313,4.371941089630127,1.5869736671447754,4.3912703517889895e-07,1.7035301425494254e-05
1786713534.3456116,3.790497709913136,-1.1146326417464811,0.1961972269004504,4.651993751525879,1.6920089721679688,0.00012100531603209674,0.007625759579241276
1786713534.345775,3.8075848894859727,-1.6263474336885575,0.19619861367309097,0.0,0.0,0.0013969121500849724,0.01750127784907818
1786713535.648637,3.9870398249488472,-1.1063810898065296,0.20337408458129316,10.134011268615723,3.8406848907470703,0.06353878229856491,0.029909648001194
1786713535.648726,4.002071924293411,-1.6181558227761874,0.2055324828602921,9.473413467407227,3.571784496307373,0.0778079703450203,0.04565637186169624
1786713536.5456605,4.198489418825538,-1.0957977798923841,0.22848927979749226,39.8560905456543,20.734107971191406,0.2635459899902344,0.25381889939308167
1786713536.545794,4.209747733172778,-1.6076526788776757,0.23315969121572908,39.8560905456543,20.734107971191406,0.26724016666412354,0.18156416714191437
1786713536.6461096,4.312946833535909,-1.1016797901281485,0.24467688930249049,53.68927001953125,35.495460510253906,0.3412320613861084,0.22010350227355957
1786713536.6463044,4.34542787323463,-1.612593880714892,0.25214509524573897,56.19260787963867,39.206687927246094,0.3442838191986084,0.2885626554489136
1786713536.9457421,4.3128375740905405,-1.1082870377206748,0.2480249400498885,55.493743896484375,38.128353118896484,0.3423091769218445,0.6560388207435608
1786713536.945901,4.361616104705117,-1.6179102130911445,0.2550159397210492,56.19260787963867,39.206687927246094,0.3567677140235901,0.688069760799408
1786713537.7972875,4.321461126434585,-1.1094653822378824,0.25398436455730894,55.493743896484375,38.128353118896484,0.3423091769218445,0.6896308660507202
1786713537.7974129,4.377994941751666,-1.6182971183930275,0.26016433276392786,56.19260787963867,39.206687927246094,0.3567677140235901,0.7308584451675415
1786713538.5458083,4.363164218973792,-1.1003764636077502,0.27068238336892464,58.28847122192383,42.64178466796875,0.35745179653167725,0.35337594151496887
1786713538.5459828,4.430390495289374,-1.607907696803371,0.2767383806999309,60.63966369628906,46.81564712524414,0.3729763329029083,0.4336332678794861
1786713539.6458895,4.3961728146071755,-1.0937943318080576,0.2798413660663371,60.8887825012207,47.271121978759766,0.3762567341327667,0.21380919218063354
1786713539.6460116,4.479261659701067,-1.598873889072239,0.2914553513763721,62.713069915771484,50.62940216064453,0.37537771463394165,0.30803006887435913
1786713540.797934,4.455207706320774,-1.0774944217976006,0.27560515259320834,62.60341262817383,50.42262268066406,0.3764791488647461,0.5536779165267944
1786713540.798024,4.55582646090242,-1.5792006194308823,0.2932334673961781,64.44705963134766,54.075599670410156,0.3753396272659302,0.6129097938537598
1786713541.995645,4.534183853776397,-1.0429017498183177,0.26241305691956673,64.44705963134766,54.075599670410156,0.3767011761665344,0.7990236282348633
1786713541.9957469,4.645039841877714,-1.5423744230910108,0.2819578402621884,64.44705963134766,54.075599670410156,0.37491029500961304,0.8224045038223267
1786713543.0463197,4.502129144575617,-0.9936345807296775,0.25676033479572485,64.44705963134766,54.075599670410156,0.3755674660205841,0.001815080177038908
1786713543.046926,4.618110422196391,-1.491905725428306,0.2772105084422129,64.44705963134766,54.075599670410156,0.3748016953468323,0.09342976659536362
1786713543.6941993,4.433877294560233,-0.9641290537790255,0.24587175563360517,60.63966369628906,46.81564712524414,0.3740725815296173,0.732821524143219
1786713543.6943085,4.5300810877909985,-1.4667560073947472,0.261839713142036,64.44705963134766,54.075599670410156,0.3739822804927826,0.7609965801239014
1786713543.6996982,4.460990210855416,-0.9713046668382961,0.24950172751095578,60.8887825012207,47.271121978759766,0.3748224079608917,0.6367602348327637
1786713543.6998177,4.535466752247814,-1.4776880598376878,0.26265862975464616,64.44705963134766,54.075599670410156,0.37422218918800354,0.6759235262870789
1786713544.2479959,4.484878870214636,-0.98458007097647,0.2537142654192477,62.60341262817383,50.42262268066406,0.37567636370658875,0.4593345820903778
1786713544.2480628,4.534587230081594,-1.494085630853071,0.2624985362579966,64.44705963134766,54.075599670410156,0.37441328167915344,0.5210809707641602
1786713545.248512,4.487243681811071,-1.0048876388839643,0.25413234491596515,62.33653259277344,49.92423629760742,0.37602826952934265,0.07894787937402725
1786713545.2501874,4.513167487778054,-1.5162103779601608,0.2587163156621606,64.44705963134766,54.075599670410156,0.37409958243370056,0.1962064504623413
1786713546.4958174,4.423262664801942,-1.0446514310165185,0.24365818523988853,62.713069915771484,50.62940216064453,0.3766941726207733,0.7121196985244751
1786713546.4960122,4.421488660721557,-1.5566483572498697,0.24363727775698568,61.10554885864258,47.6683235168457,0.37285539507865906,0.7086846232414246
1786713547.6494167,4.485954959371718,-1.0541614803557589,0.2539068459533879,62.81040573120117,50.81401062011719,0.3767498731613159,0.8453793525695801
1786713547.6495428,4.48340875224342,-1.5661549528377492,0.25345855464956096,62.713069915771484,50.62940216064453,0.37240004539489746,0.8361344337463379
1786713548.8967938,4.452248274459454,-1.0594624612574437,0.24796327863463302,62.713069915771484,50.62940216064453,0.3766941726207733,0.9379478096961975
1786713548.8971827,4.447853115826727,-1.571443009608763,0.24718823639356852,62.60341262817383,50.42262268066406,0.37273654341697693,0.9354323744773865
1786713549.996217,4.464935061714795,-1.0611588492148492,0.25019924660296455,62.81040573120117,50.81401062011719,0.3767498731613159,0.804587185382843
1786713549.9963317,4.459974356004028,-1.5731340744974844,0.24932741195921393,62.713069915771484,50.62940216064453,0.37240004539489746,0.8129417896270752
1786713550.8457828,4.4354731727969225,-1.065870645475501,0.24503043037167818,61.10554885864258,47.6683235168457,0.37634167075157166,0.2605498731136322
1786713550.8459055,4.432183265785395,-1.5778598893931126,0.24459382468245147,60.8887825012207,47.271121978759766,0.37329044938087463,0.1622292697429657
1786713552.045755,4.4356234449036425,-1.0423171379870548,0.24503866611122008,62.713069915771484,50.62940216064453,0.3766941726207733,0.9005234241485596
1786713552.0458913,4.45613063766173,-1.5538935678806363,0.24864580105744302,62.713069915771484,50.62940216064453,0.3722754716873169,0.9009971618652344
1786713553.2964914,4.43565535274321,-1.0190590510883617,0.24503897319870224,61.10554885864258,47.6683235168457,0.3758002817630768,0.5041582584381104
1786713553.2982073,4.456269471971374,-1.5306309857177214,0.24867405064233675,62.713069915771484,50.62940216064453,0.3723638653755188,0.4493562877178192
1786713554.4459896,4.434051704973457,-1.011388215315539,0.24475598782835298,60.8887825012207,47.271121978759766,0.37567371129989624,0.682945191860199
1786713554.446071,4.442352660204182,-1.523318822928427,0.24622129713255833,61.10554885864258,47.6683235168457,0.3705116808414459,0.6434988379478455
1786713555.4459975,4.433564088032808,-1.0151659786318992,0.24466837513788786,60.63966369628906,46.81564712524414,0.3757514953613281,0.9724219441413879
1786713555.4461074,4.432992701346533,-1.5271656503534925,0.24457001744543627,60.8887825012207,47.271121978759766,0.3703755736351013,0.9750658273696899
1786713556.4464622,4.432941357127083,-1.015521427748719,0.24455894050200236,60.63966369628906,46.81564712524414,0.3757514953613281,0.997934877872467
1786713556.4466367,4.432898753356131,-1.5275214259532295,0.24455409283834448,60.8887825012207,47.271121978759766,0.3703755736351013,0.998152494430542
1786713557.596001,4.432830248874128,-1.0154788775659094,0.24453976854076703,60.63966369628906,46.81564712524414,0.3757514953613281,0.8908200860023499
1786713557.5962188,4.432831175743571,-1.5274788775646797,0.24454040111857173,60.8887825012207,47.271121978759766,0.3703755736351013,0.8908399343490601
1786713558.6941974,4.4082766134164295,-1.0154001109852948,0.24021051721962286,60.350582122802734,46.28898239135742,0.3753841817378998,0.8769023418426514
1786713558.694299,4.4082820420034565,-1.5274001109551496,0.24021169998043898,60.8887825012207,47.271121978759766,0.3703755736351013,0.8768492937088013
1786713559.796399,4.432878191524818,-1.0150655698379951,0.2445487188077894,60.63966369628906,46.81564712524414,0.3757514953613281,0.9982826113700867
1786713559.7965121,4.4328729373645945,-1.5270655698100233,0.24454770047023644,60.8887825012207,47.271121978759766,0.3703755736351013,0.9982325434684753
1786713560.9959455,4.432917095239401,-1.0147766589689742,0.24455550778126306,60.63966369628906,46.81564712524414,0.3757514953613281,0.998746931552887
1786713560.9960847,4.432900573662287,-1.5267766586973035,0.24455322122021333,60.8887825012207,47.271121978759766,0.3703755736351013,0.9988248944282532
1786713564.245843,4.379510501541616,-1.0149012223468636,0.2371286792109677,58.28847122192383,42.64178466796875,0.3562339246273041,0.17490871250629425
1786713564.245969,4.379482647515652,-1.5269012215859035,0.23712684163051878,58.7347297668457,43.410987854003906,0.3518214523792267,0.17489372193813324
1786713565.3505046,4.190899706577187,-1.014891554823626,0.22086928056957258,37.316650390625,18.737173080444336,0.26155221462249756,0.038410987704992294
1786713565.350594,4.190877740219572,-1.5268915543479704,0.2208671473979704,37.61947250366211,18.967134475708008,0.23101234436035156,0.03841165825724602
1786713566.3458838,4.0045353959933845,-1.0148845360473229,0.20614537593135351,10.134011268615723,3.8406848907470703,0.08119142800569534,0.01680123247206211
1786713566.345996,4.004513802009011,-1.5268845355843932,0.2061425938197668,13.59957504272461,5.30163049697876,0.10853710770606995,0.016806133091449738
1786713567.5959742,3.8131298314906603,-1.0148744981223279,0.19620597226708922,4.651993751525879,1.6920089721679688,0.005211945157498121,0.0526384562253952
1786713567.59612,3.813107049841868,-1.5268744976152104,0.19620543877151683,0.0,0.0,0.009108181111514568,0.05269385874271393
1786713571.2958245,3.597968876749454,-1.0157596479655802,0.19620279026494575,4.970312118530273,1.8119096755981445,2.966518479752267e-07,0.914538562297821
1786713571.295957,3.589738347873948,-1.5276934897792034,0.19620340158097777,4.371941089630127,1.5869736671447754,3.8180988326530496e-07,0.9054709076881409
1786713571.4462087,3.609177597667518,-1.0166041391563392,0.1962017251360736,4.651993751525879,1.6920089721679688,3.6127843827671313e-07,0.9232414364814758
1786713571.4464977,3.5975275519037933,-1.528471579448529,0.19620328221945532,4.651993751525879,1.6920089721679688,3.952090708025935e-07,0.9150646924972534
1786713571.5458572,3.621903562959131,-1.01786244362159,0.19620003708162126,4.651993751525879,1.6920089721679688,3.6127843827671313e-07,0.9345465898513794
1786713571.5459979,3.606401124173994,-1.5296276967821518,0.19620705272425598,4.371941089630127,1.5869736671447754,2.238437986079589e-07,0.9279320240020752
1786713571.6959696,3.636712185624107,-1.0193280698811487,0.19619919773878633,4.651993751525879,1.6920089721679688,3.6127843827671313e-07,0.9079549312591553
1786713571.6961036,3.617445487023932,-1.53096543587694,0.19620567373662554,4.12362813949585,1.4942169189453125,1.978924046852626e-07,0.9202671647071838
1786713571.795998,3.63179794676094,-1.0202406997872684,0.19619872200721655,4.651993751525879,1.6920089721679688,3.6127843827671313e-07,0.8233550190925598
1786713571.796184,3.6179064711456577,-1.532052214745852,0.19620653416308204,4.371941089630127,1.5869736671447754,2.238437986079589e-07,0.8059878349304199
1786713571.9459713,3.67200511388693,-1.0227938510296382,0.19619804022811146,4.371941089630127,1.5869736671447754,5.493016033142339e-07,0.9425703287124634
1786713571.9461036,3.6481672972986856,-1.534238626552179,0.19620757978397882,4.12362813949585,1.4942169189453125,1.978924046852626e-07,0.9393608570098877
1786713572.0459886,3.694044724320466,-1.0246799373629965,0.19619619249680922,4.651993751525879,1.6920089721679688,5.558825364460063e-07,0.9416683316230774
1786713572.0461771,3.6681774304910237,-1.5360260852484733,0.1962085466515229,0.0,0.0,2.0324354466083605e-07,0.9414764642715454
1786713572.1960106,3.7171464102956104,-1.0264816656244484,0.196197562461183,4.371941089630127,1.5869736671447754,5.655049903907639e-07,0.9334502816200256
1786713572.1960936,3.6908267742174417,-1.5378047304772022,0.19620787261214492,0.0,0.0,7.187610151504487e-08,0.9340250492095947
1786713572.2961328,3.7387565892079935,-1.0281137963069618,0.1961971071733153,4.371941089630127,1.5869736671447754,4.897420353699999e-07,0.909504234790802
1786713572.2963111,3.712288024837459,-1.5394291735072618,0.19620888331690622,0.0,0.0,0.0006981375627219677,0.9118043780326843
1786713572.5458763,3.7613178154120974,-1.0296278057534454,0.19619801720548874,4.371941089630127,1.5869736671447754,4.897420353699999e-07,0.8135623335838318
1786713572.5460212,3.7350807731052735,-1.540955115308242,0.1962087150140065,0.0,0.0,0.0006981375627219677,0.8236681222915649
1786713573.6960614,3.8090298398328333,-1.0320501954604806,0.19619946539057978,4.12362813949585,1.4942169189453125,0.0001826179213821888,0.02888818271458149
1786713573.696269,3.7847069406170624,-1.543472131344231,0.1962078711329753,0.0,0.0,0.000792302715126425,0.044653888791799545
1786713574.8985102,4.026176026718968,-1.0442230231172052,0.2085076345241758,17.434955596923828,7.0268449783325195,0.0018090399680659175,0.014878871850669384
1786713574.8985736,4.00549516585413,-1.5557947682572122,0.20524396047537607,13.671695709228516,5.332589149475098,0.015104376710951328,0.026967810466885567
1786713575.7482338,4.233519692736393,-1.0574673257727163,0.2360979355129535,46.251102447509766,26.55743408203125,0.3146306574344635,0.03870508819818497
1786713575.7483158,4.216399265172776,-1.5691589208111307,0.2313437240029385,42.15166091918945,22.66644859313965,0.2922060191631317,0.10351778566837311
1786713576.0459244,4.366435613200731,-1.0536510018235041,0.25378454827887686,56.887210845947266,40.247474670410156,0.36767250299453735,0.3814873695373535
1786713576.0460308,4.330431415656004,-1.564361543154092,0.24904738320067277,55.60296630859375,38.22931671142578,0.36175093054771423,0.3239727020263672
1786713576.3961987,4.38477467354865,-1.0450026029679398,0.2605656414488266,58.83176803588867,43.50197219848633,0.35877725481987,0.4412562847137451
1786713576.3962703,4.333007285125271,-1.5543590445850932,0.25607644564841686,53.34954071044922,34.972251892089844,0.3549841046333313,0.38991743326187134
1786713576.5959206,4.405464402391375,-1.0388136063186053,0.2660765341560449,60.739532470703125,46.908016204833984,0.389030784368515,0.32360103726387024
1786713576.5961044,4.341005946997012,-1.5467251740850867,0.2622104176073599,54.20293045043945,36.17150115966797,0.35118669271469116,0.2614087164402008
1786713576.8959682,4.43013247772922,-1.0336171813767248,0.27141620122146803,60.966773986816406,47.34305191040039,0.3856777250766754,0.6600815653800964
1786713576.896055,4.351048450654206,-1.5394534526211876,0.26701354803317345,56.887210845947266,40.247474670410156,0.34011387825012207,0.6199297904968262
1786713577.196224,4.454376760730756,-1.0291070206005724,0.27703046713365026,60.966773986816406,47.34305191040039,0.3856777250766754,0.4828447699546814
1786713577.197594,4.366694114805209,-1.5335156726062682,0.27177067766143576,58.83176803588867,43.50197219848633,0.35402390360832214,0.4194481372833252
1786713577.6958895,4.479968107508885,-1.0253873090024044,0.2831529484730693,62.66799545288086,50.48033142089844,0.3765224814414978,0.5766341090202332
1786713577.696018,4.37958433127306,-1.5273741530145655,0.2744176232160292,58.37507629394531,42.723018646240234,0.35402390360832214,0.6169312596321106
1786713578.2463195,4.526165305342591,-1.0188320945057001,0.29697357467813845,64.5062026977539,54.12523651123047,0.3604302704334259,0.4721502959728241
1786713578.2471905,4.403878371346931,-1.5156578104043434,0.27815566311118,60.739532470703125,46.908016204833984,0.376945436000824,0.5219763517379761
1786713579.4459186,4.571706677644381,-1.0170800794849681,0.30210895069587534,64.5029067993164,54.12247085571289,0.3651522397994995,0.0941103994846344
1786713579.4460452,4.431582888084091,-1.5089192553697865,0.2775417232534871,62.80410385131836,50.71052169799805,0.37142786383628845,0.16601762175559998
1786713586.3463829,4.41085012759864,-1.004834502799453,0.241118666471656,60.107276916503906,45.763771057128906,0.3919534683227539,0.7067191004753113
1786713586.3465242,4.411629389198468,-1.5168339077486013,0.24116430721096663,60.98236083984375,47.35743713378906,0.376444548368454,0.6785661578178406
1786713587.4968154,4.447346589513316,-1.0120062528508658,0.24709821505365176,60.966773986816406,47.34305191040039,0.38618531823158264,0.4021807014942169
1786713587.4969597,4.441864160784476,-1.523975988331059,0.24613233329373246,60.72287368774414,46.89262771606445,0.376444548368454,0.4703894257545471
1786713588.686232,4.438921434111713,-0.9983776014890835,0.2456157878771532,60.421897888183594,46.355201721191406,0.38668760657310486,0.7066077589988708
1786713588.6871438,4.44878502768318,-1.5102796370698366,0.2473523045451438,60.966773986816406,47.34305191040039,0.3760465085506439,0.669573187828064
1786713589.6961339,4.4330744998922205,-1.0014020724695574,0.2446010677044851,60.421897888183594,46.355201721191406,0.38705021142959595,0.9061374068260193
1786713589.696286,4.435531306888891,-1.5133960087930298,0.245017321685994,60.966773986816406,47.34305191040039,0.3760465085506439,0.8941914439201355
1786713590.946318,4.433164712557255,-1.0030739592342326,0.2445975875596127,60.421897888183594,46.355201721191406,0.38705021142959595,0.986110508441925
1786713590.9463987,4.432934622464267,-1.5150739061897087,0.24456049121402046,60.72287368774414,46.89262771606445,0.376444548368454,0.9871183037757874
1786713592.0960295,4.4328819598233,-1.004015747219313,0.24454959871447987,60.421897888183594,46.355201721191406,0.38705021142959595,0.9975221753120422
1786713592.0961754,4.432878624543539,-1.516015747208328,0.24454995146814132,60.72287368774414,46.89262771606445,0.376444548368454,0.9975258111953735
1786713606.5462682,4.379532802772233,-1.0043917842654155,0.2371315452527977,57.859195709228516,41.844852447509766,0.3656296133995056,0.1744580864906311
1786713606.5464163,4.379503408678045,-1.5163917834144123,0.23712882227873697,58.39242172241211,42.739253997802734,0.35458168387413025,0.1746540069580078
1786713607.6463602,4.190937105676419,-1.004342824936386,0.22087297693137975,39.9868049621582,20.825225830078125,0.2932546138763428,0.038442131131887436
1786713607.6464996,4.19085924189122,-1.5163428189645012,0.2208657353112327,35.15373229980469,17.1447811126709,0.24598833918571472,0.03844001889228821
1786713608.696208,4.004574245827708,-1.0043145598240826,0.2061485896432855,10.950654983520508,4.1770100593566895,0.0021835833322256804,0.016790874302387238
1786713608.6963103,4.004497115805512,-1.5163145539702314,0.20614185887704659,9.523838996887207,3.592073917388916,0.015104376710951328,0.016785215586423874
1786713609.9462354,3.8131669850396395,-1.0042830043826245,0.1962060327419329,5.335330963134766,1.9500732421875,0.0003060685412492603,3.934697360818973e-06
1786713609.9463794,3.8130915772316185,-1.516282998829301,0.1962055169897308,0.0,0.0,0.005464892368763685,3.1122635846259072e-06
1786713611.0484936,3.5881673071394427,-1.0042497877769252,0.1962055306730086,5.335330963134766,1.9500732421875,2.6771951411319606e-07,1.6514122762600891e-06
1786713611.0486548,3.5880917422088268,-1.5162497822005854,0.19620519383687823,4.651993751525879,1.6920089721679688,5.293061917654995e-07,8.959780757322733e-07
1786713612.196379,3.388167653450165,-1.0042200243282093,0.19620542613462882,5.335330963134766,1.9500732421875,7.268044441843813e-07,1.0805219972098712e-05
1786713612.1965368,3.3880922301535477,-1.5162200187728514,0.19620531182500367,4.651993751525879,1.6920089721679688,1.1040176559617976e-06,8.717808668734506e-06
1786713613.496338,3.188168476807172,-1.0041908082511282,0.1962052961007636,0.0,0.0,1.9763277236961585e-07,1.631955456105061e-05
1786713613.4964547,3.1880926965648917,-1.5161908026430395,0.19620549074004873,0.0,0.0,4.816209866476129e-07,1.378493743686704e-05
1786713614.8987532,2.963168899858686,-1.004156892421764,0.19620587226767816,0.0,0.0,8.028396223380696e-07,0.010829436592757702
1786713614.8988287,2.963093475086617,-1.516156886866069,0.19620550393624997,0.0,0.0,1.486937549088907e-06,0.01118553802371025
1786713615.9461124,2.753174116522891,-1.0041680600379044,0.1962049958916498,0.0,0.0,0.0005193023825995624,0.06517861783504486
1786713615.946224,2.753172781936208,-1.5161680600361631,0.19620503636984166,0.0,0.0,5.046134674557834e-07,0.06506743282079697
1786713617.7965608,2.560047488573816,-1.005363394340724,0.1962040676296221,0.0,0.0,0.015333748422563076,0.9646819829940796
1786713617.7966797,2.5520616626332133,-1.517301111824859,0.19620515414692444,0.0,0.0,0.004987271502614021,0.9706474542617798
1786713618.0463517,2.583799154782939,-1.0071567578986869,0.19620339058457525,0.0,0.0,0.006256032735109329,0.944826602935791
1786713618.0464902,2.5689301840257737,-1.5189408077656343,0.19620661677922308,0.0,0.0,0.004351945593953133,0.9539798498153687
1786713618.6908603,2.5794434506060915,-1.0079643889525536,0.19620418035866136,0.0,0.0,0.010677995160222054,0.8679194450378418
1786713618.6909392,2.568791821384452,-1.5198535789005807,0.1962072262541478,0.0,0.0,0.0019309715135022998,0.8512133955955505
1786713618.6910698,2.614296031876333,-1.0098502534989091,0.19620253819140293,0.0,0.0,0.004906711634248495,0.9560645222663879
1786713618.6911893,2.5941545220244917,-1.5214539278008936,0.19620718545350613,0.0,0.0,0.0009287969442084432,0.9534247517585754
1786713618.691333,2.6326437631353796,-1.0112628256775267,0.19620175788843294,0.0,0.0,0.004906711634248495,0.9512287378311157
1786713618.6914206,2.610825165602729,-1.522797720654114,0.19620655372149445,0.0,0.0,0.0008344573434442282,0.9487588405609131
1786713618.6915126,2.653699561711263,-1.012795208137532,0.196202044349788,0.0,0.0,0.004895669408142567,0.9498364329338074
1786713618.6916163,2.630252348128864,-1.524258039782836,0.1962065818398771,0.0,0.0,0.0007694112719036639,0.947243869304657
1786713618.6961727,2.675318169621947,-1.0145395532709618,0.19620200610374308,0.0,0.0,0.004181985277682543,0.9531508088111877
1786713618.6962676,2.650168617053543,-1.5259215044378902,0.19620713584293667,0.0,0.0,0.0006733871414326131,0.9501494765281677
1786713618.796181,2.6946262982342435,-1.0163756419842669,0.1962020048032615,0.0,0.0,0.0006148341344669461,0.951551616191864
1786713618.7963047,2.6675924904400827,-1.5276614458257904,0.19620713077681723,0.0,0.0,0.0002769263810478151,0.9481741786003113
1786713618.9462683,2.71414015225527,-1.0184166974800775,0.19620188817643422,0.0,0.0,0.0005310035194270313,0.9498174786567688
1786713618.9464653,2.6850191622489614,-1.5295878702882053,0.19620745734867648,0.0,0.0,0.0002336662437301129,0.9460431337356567
1786713619.0962691,2.7338727335573165,-1.020686336804515,0.19620127599975715,0.0,0.0,0.0005310035194270313,0.9478155374526978
1786713619.0965137,2.702450206136166,-1.5317211934762196,0.19620735855123347,0.0,0.0,7.307954206225986e-07,0.9435965418815613
1786713619.1962373,2.753847572774291,-1.0232009459880853,0.19620055795105132,0.0,0.0,0.0004752765817102045,0.9456865787506104
1786713619.1964602,2.719883060195173,-1.5340731529378546,0.19620773675754297,0.0,0.0,7.307954206225986e-07,0.9410054087638855
1786713619.3464377,2.7740719363238875,-1.0259864217673957,0.19620061307565817,0.0,0.0,0.0002644306805450469,0.9433495402336121
1786713619.3491595,2.737315462368945,-1.536665343959545,0.19620775899637455,0.0,0.0,7.307954206225986e-07,0.9381735920906067
1786713619.4962518,2.7945628026301637,-1.0290676367803264,0.1961996652839932,0.0,0.0,8.096037163340952e-06,0.9407622814178467
1786713619.4964042,2.7547465763291377,-1.539517113276504,0.19620790686904796,0.0,0.0,5.805038085782144e-07,0.9350523352622986
1786713619.7497804,2.835804221769308,-1.035566805705121,0.19619817541098492,0.0,0.0,5.968511686660349e-06,0.9432504773139954
1786713619.7498362,2.7889845768125094,-1.5454216093047752,0.1962077919352959,0.0,0.0,8.026409545891511e-07,0.9380502104759216
1786713619.8981774,2.852712628044134,-1.038202283903865,0.19619760101561193,0.0,0.0,5.968511686660349e-06,0.9422491192817688
1786713619.8983037,2.803336299586943,-1.54781584148916,0.19620824745837231,0.0,0.0,8.345280662069854e-07,0.9504415988922119
1786713619.9962673,2.8464930540186453,-1.0384950973770652,0.19619812690294305,0.0,0.0,5.968511686660349e-06,0.7652886509895325
1786713619.9964113,2.799588986297948,-1.5483421414495693,0.19620717025156317,0.0,0.0,8.345280662069854e-07,0.7408660650253296
1786713620.312491,2.8831931798365598,-1.0426310379339365,0.1961991175981894,0.0,0.0,1.1787318499045796e-06,0.9267603754997253
1786713620.312579,2.8292092001719955,-1.551777117044522,0.19620723508346857,0.0,0.0,8.825881536722591e-07,0.92916339635849
1786713622.996332,2.859352572831822,-1.0403745579350203,0.19620490666818002,0.0,0.0,5.968511686660349e-06,0.12041141837835312
1786713622.9964914,2.807027920752948,-1.5496938397068432,0.19620541573149947,0.0,0.0,8.345280662069854e-07,0.12067271023988724
1786713624.1964567,2.647192315682096,-1.018654598462314,0.1962052449117885,0.0,0.0,0.004431328270584345,1.3063511687505525e-05
1786713624.1965754,2.594807702650879,-1.5279677166102457,0.19620521504071578,0.0,0.0,0.000771822698879987,1.385944415233098e-05
1786713624.5967567,2.4233736231781395,-0.9956343712636315,0.19620521037472152,0.0,0.0,0.025709906592965126,0.7954308390617371
1786713624.596979,2.370989322829137,-1.5049475215711914,0.1962060673863257,0.0,0.0,0.012892868369817734,0.7762207984924316
1786713624.746508,2.366265762607177,-0.989788230342088,0.19620526681856026,0.0,0.0,0.028196878731250763,0.9304429888725281
1786713624.7465715,2.3080185792166015,-1.4984642231163292,0.19620378193013321,0.0,0.0,0.016787074506282806,0.9178389310836792
1786713624.896328,2.351783776386198,-0.9882973493126295,0.19620525194303107,0.0,0.0,0.029362358152866364,0.9450778365135193
1786713624.896495,2.2900951533981244,-1.4965674682350019,0.19620313703534392,0.0,0.0,0.017719009891152382,0.9340108036994934
1786713624.9963841,2.339154911881015,-0.9870362250749405,0.1962049711574024,0.0,0.0,0.030757112428545952,0.9526586532592773
1786713624.996578,2.273485579514844,-1.4948073731122948,0.1962022492989597,0.0,0.0,0.017719009891152382,0.9425749778747559
1786713626.3964212,2.329419626807883,-0.9937104861634385,0.19619953488208353,0.0,0.0,0.03128194063901901,0.9672299027442932
1786713626.3966255,2.229821291402652,-1.4959297326309695,0.19620741475396175,0.0,0.0,0.017947901040315628,0.9630581736564636
1786713626.546631,2.3405413904864742,-0.9970418440092703,0.1961967748183911,0.0,0.0,0.030644956976175308,0.9638455510139465
1786713626.546881,2.2386525204088716,-1.498801405986172,0.19620768613854284,0.0,0.0,0.016868723556399345,0.9599716067314148
1786713626.6463315,2.3539855641593563,-1.000796635234921,0.1961963079022874,0.0,0.0,0.030644956976175308,0.959563672542572
1786713626.6464696,2.249931023777666,-1.5021115587341023,0.1962064550654861,0.0,0.0,0.016868723556399345,0.9557963013648987
1786713626.7965639,2.369820070562851,-1.0050974480232084,0.19619319851355374,0.0,0.0,0.030644956976175308,0.9546953439712524
1786713626.796768,2.2636238897821683,-1.505963069689837,0.1962080342277466,0.0,0.0,0.016358522698283195,0.9509184956550598
1786713626.9465218,2.388104164780583,-1.0099858254088292,0.19619428969599764,0.0,0.0,0.02801976166665554,0.9488810300827026
1786713626.9467404,2.279729473410394,-1.5103845924313384,0.1962095464643889,0.0,0.0,0.014524433761835098,0.9448329210281372
1786713627.0970883,2.408951735530922,-1.015595497611321,0.1961892754901786,0.0,0.0,0.026066796854138374,0.9465774893760681
1786713627.097169,2.298227727806221,-1.5154796778736552,0.19621017607846655,0.0,0.0,0.012771490961313248,0.9420955181121826
1786713627.246416,2.4303625046379995,-1.0215755884256938,0.1961897499686683,0.0,0.0,0.023734169080853462,0.949176013469696
1786713627.246572,2.3170671153529883,-1.5208832635182006,0.19620873610503028,0.0,0.0,0.012321166694164276,0.9440858364105225
1786713627.3964822,2.4495339811859904,-1.0273425464640604,0.1961883691269199,0.0,0.0,0.020144455134868622,0.9470655918121338
1786713627.396694,2.3333955471067296,-1.5259965985610495,0.19620974366037353,0.0,0.0,0.012131021358072758,0.9414181709289551
1786713627.496698,2.468926209724082,-1.0334531301556753,0.19619001884222123,0.0,0.0,0.020144455134868622,0.9446711540222168
1786713627.4968405,2.349663844008482,-1.5313692753686468,0.19621147050306173,0.0,0.0,0.010573855601251125,0.9384113550186157
1786713627.6467218,2.488549792029605,-1.0399301427351528,0.19618875526181628,0.0,0.0,0.017027027904987335,0.942011296749115
1786713627.6467936,2.365854702636885,-1.5370115390732664,0.19621004995132263,0.0,0.0,0.010573855601251125,0.9351041316986084
1786713627.7974732,2.5084452671286677,-1.0468090173154674,0.1961892966853002,0.0,0.0,0.017027027904987335,0.9386749267578125
1786713627.7975628,2.3819919421600524,-1.5429476634207018,0.1962103975544426,0.0,0.0,0.010573855601251125,0.9309870600700378
1786713627.89633,2.5286462960390956,-1.0540863675713585,0.1961877167756547,0.0,0.0,0.015057730488479137,0.9360151290893555
1786713627.896457,2.3980423828932755,-1.5491486033779074,0.196211152216848,0.0,0.0,0.00959081295877695,0.9276961088180542
1786713628.0467613,2.5490765254291294,-1.0618633398750346,0.19618690163564295,0.0,0.0,0.015057730488479137,0.9333534836769104
1786713628.0469086,2.414009474849841,-1.5557265711962218,0.1962113312845244,0.0,0.0,0.008031658828258514,0.9244059920310974
1786713628.1964805,2.5697121998908368,-1.0701711986148754,0.1961855226073247,0.0,0.0,0.011274362914264202,0.9622786045074463
1786713628.1966414,2.429873063475568,-1.562704461644977,0.1962126436815012,0.0,0.0,0.008031658828258514,0.9675922393798828
1786713628.3463671,2.5628800463299437,-1.0710555633269558,0.1961849753319377,0.0,0.0,0.015057730488479137,0.9268916249275208
1786713628.3465028,2.4253015064872536,-1.5642250520948975,0.1962118662332528,0.0,0.0,0.008031658828258514,0.9165143370628357
1786713628.4964447,2.584108661458483,-1.0801519443531271,0.1961904187146385,0.0,0.0,0.004753120709210634,0.8218210339546204
1786713628.4965742,2.441035426894792,-1.571755493016655,0.1962126202772274,0.0,0.0,0.008526855148375034,0.7968224883079529
1786713628.6479337,2.6331216851461767,-1.0984185195980993,0.19619766897074292,0.0,0.0,0.0038022457156330347,0.9199417233467102
1786713628.648652,2.476871759574721,-1.585994114318522,0.19621152322627866,0.0,0.0,0.004597209393978119,0.9080913066864014
1786713628.7464693,2.654746446703721,-1.1090316021332816,0.19619743519811075,0.0,0.0,0.0023371472489088774,0.9163651466369629
1786713628.7466154,2.4923213808266653,-1.59458499547742,0.19621110364722458,0.0,0.0,0.004039279650896788,0.9037767648696899
1786713628.8965151,2.6765972065253374,-1.120287633656135,0.19619687451861442,0.0,0.0,0.0023371472489088774,0.9127645492553711
1786713628.8967175,2.5076512592356863,-1.603610782995391,0.19621126846040263,0.0,0.0,0.004039279650896788,0.8994463682174683
1786713629.0465786,2.6986578576870035,-1.1322090762504495,0.19619640180642683,0.0,0.0,0.0003320536052342504,0.9091747403144836
1786713629.046759,2.52285539441602,-1.6130806741606079,0.19621160658929387,0.0,0.0,0.004039279650896788,0.8951411247253418
1786713629.1463606,2.720908916952897,-1.14481567035276,0.1961958721537495,0.0,0.0,0.00028823729371652007,0.908998429775238
1786713629.1465197,2.5379280268957625,-1.6230018198964629,0.1962119490446328,0.0,0.0,0.0019959439523518085,0.8949655890464783
1786713629.297867,2.7426070712443047,-1.1571051531387677,0.1961961110083849,0.0,0.0,0.00025558724883012474,0.9145441055297852
1786713629.2980106,2.552487845349544,-1.6324983374531603,0.1962120043606036,0.0,0.0,0.0017662494210526347,0.9015664458274841
1786713629.4465933,2.7603093372302174,-1.167563311188517,0.1961979214577374,0.0,0.0,0.00023454957408830523,0.9128990769386292
1786713629.4467096,2.564720071440563,-1.6407322439394636,0.1962116033523833,0.0,0.0,0.0018953122198581696,0.9003617763519287
1786713629.5492258,2.7759272384303615,-1.1764553359127596,0.19620137393041756,0.0,0.0,8.612222046622264e-08,0.8912275433540344
1786713629.5493062,2.5761192406132456,-1.6478583099324444,0.19621105442731637,0.0,0.0,0.0018486850894987583,0.875918447971344
1786713629.6971753,2.7912716123031256,-1.1856795840163867,0.196200283998242,0.0,0.0,8.612222046622264e-08,0.9758937358856201
1786713629.6972275,2.587622654112197,-1.655436012112331,0.19620978605897052,0.0,0.0,0.00028777297120541334,0.970513105392456
1786713629.8464248,2.7921321868304885,-1.1890013635910388,0.19620007933037106,0.0,0.0,9.881623697083342e-08,0.8060539960861206
1786713629.846593,2.586745684971681,-1.6580007076452397,0.19621152185147075,0.0,0.0,0.00029373136931099,0.779066801071167
1786713629.9467084,2.835028812580872,-1.2116964859311372,0.1961985124230067,0.0,0.0,6.432503028008796e-07,0.9060739278793335
1786713629.9469385,2.618358294253626,-1.6755907479351257,0.19621145759843503,0.0,0.0,0.00024204594956245273,0.892039954662323
1786713630.0965178,2.8575458357232257,-1.225983778068347,0.1961974989614054,0.0,0.0,5.099226996208017e-07,0.9174749255180359
1786713630.0967574,2.633931624928554,-1.6865711037117905,0.19621118460081358,0.0,0.0,0.00024012532958295196,0.9050315618515015
1786713630.246477,2.8773715104489646,-1.2396056977825372,0.19619699431729296,0.0,0.0,6.330714654723124e-07,0.9136559367179871
1786713630.2466805,2.6476477347117267,-1.6971764427501301,0.19621151428228314,0.0,0.0,0.0002447411243338138,0.9004737138748169
1786713630.396487,2.8973167063005243,-1.2539310632848215,0.1961964978859735,0.0,0.0,1.3449431435219594e-06,0.9097344279289246
1786713630.3966339,2.6611724273431085,-1.7082215862819838,0.19621168494607216,0.0,0.0,0.0002706244995351881,0.8958115577697754
1786713630.5482833,2.9173721977024463,-1.2689727457729838,0.1961959939278018,0.0,0.0,1.6319905853379169e-06,0.9058420658111572
1786713630.5528717,2.6745039100669987,-1.7197043672585741,0.19621193118180325,0.0,0.0,1.6700197420504992e-06,0.8911956548690796
1786713630.6972666,2.9375138551152964,-1.2847469518544343,0.19619548761120426,0.0,0.0,7.903253163021873e-07,0.9020044207572937
1786713630.6974769,2.6876354377719465,-1.7316303552878816,0.19621227217250237,0.0,0.0,1.6700197420504992e-06,0.8866564035415649
1786713630.8466403,2.9577172484359093,-1.3012651158077422,0.19619502192138705,0.0,0.0,1.1604666951825493e-06,0.8982717990875244
1786713630.8468354,2.700562782646211,-1.7440015841677863,0.19621258582481882,0.0,0.0,1.6589782489973004e-06,0.8822505474090576
1786713630.9965413,2.977951144537656,-1.3185371259693501,0.1961945291713852,0.0,0.0,1.3059051298114355e-06,0.8946424722671509
1786713630.9967937,2.7132786514279545,-1.756820676938117,0.196213003570668,0.0,0.0,1.6589782489973004e-06,0.8779760599136353
1786713631.1467721,2.9981843848531238,-1.3365676754723959,0.19619410572151735,0.0,0.0,1.8989672980751493e-06,0.8911409974098206
1786713631.1469982,2.7257759990751342,-1.7700854617148059,0.19621332317609474,0.0,0.0,2.2484580313175684e-06,0.8738616704940796
1786713631.296523,3.018385134117848,-1.3553567068677705,0.19619374172207207,0.0,0.0,1.8842300733012962e-06,0.8877993226051331
1786713631.2967057,2.73804942351794,-1.7837909363209143,0.19621362477605878,0.0,0.0,2.436597469568369e-06,0.8699424862861633
1786713631.3971217,3.0385171350693616,-1.3749031546082384,0.19619330097486778,0.0,0.0,2.234012072221958e-06,0.8846445083618164
1786713631.397225,2.750090759712215,-1.7979329710193857,0.19621392836322502,0.0,0.0,3.4493668863433413e-06,0.8662493824958801
1786713631.5463684,3.0585429912318403,-1.3952021084626234,0.19619289853760133,0.0,0.0,2.372271183048724e-06,0.881643533706665
1786713631.5465055,2.7618924683548935,-1.8125059148455034,0.1962142338091091,0.0,0.0,4.276093022781424e-06,0.8627432584762573
1786713631.6965754,3.0784255199507395,-1.416245378443529,0.19619255060501145,0.0,0.0,1.8963766024171491e-06,0.8788750767707825
1786713631.6968265,2.7734445389896667,-1.8275002881632716,0.19621453760665952,0.0,0.0,3.952307451982051e-06,0.8595139384269714
1786713631.8467486,3.0981249540562645,-1.438023110513651,0.19619225592088715,0.0,0.0,1.3661845059687039e-06,0.8763051629066467
1786713631.846924,2.784738839172607,-1.8429096903034696,0.19621471097975493,0.0,0.0,4.898327006230829e-06,0.8565208911895752
1786713631.9964356,3.117602046967126,-1.4605234614432865,0.1961919101266967,0.0,0.0,2.1994414964865427e-06,0.8739534616470337
1786713631.996569,2.795764979869171,-1.858725547961297,0.1962150291504575,0.0,0.0,4.910850293526892e-06,0.8537855744361877
1786713632.1471677,3.1368155691941455,-1.4837317622501955,0.1961916508071104,0.0,0.0,2.3044165118335513e-06,0.8723145127296448
1786713632.1473048,2.8065107922238424,-1.8749385538011132,0.19621520998821276,0.0,0.0,4.910850293526892e-06,0.851882815361023
1786713632.2472394,3.155701707817404,-1.5075867406915513,0.196191476286936,0.0,0.0,1.3380000609686249e-06,0.8717101812362671
1786713632.2473083,2.8169734271967974,-1.8915231303971873,0.19621530084161537,0.0,0.0,5.074356522527523e-06,0.8511859774589539
1786713632.4501824,3.1741865964628095,-1.5319859989448643,0.19619140939348306,0.0,0.0,1.2059996379321092e-06,0.8715891242027283
1786713632.4502752,2.8271575271724343,-1.90843629379515,0.1962153799806413,0.0,0.0,6.207415935932659e-06,0.8510516285896301
1786713632.5468302,3.192228097575039,-1.556870587134518,0.1961914086269336,0.0,0.0,1.508177433606761e-06,0.8717344999313354
1786713632.5470476,2.8370582535079274,-1.9256501707500273,0.1962153609815878,0.0,0.0,6.320877218968235e-06,0.8512263298034668
1786713632.7007837,3.209799644955876,-1.58220243799958,0.19619146378421776,0.0,1.1920928955078125e-05,1.7212611282957369e-06,0.8720496296882629
1786713632.7075684,2.846669504320292,-1.943146339981441,0.19621563173822376,0.0,0.0,6.574369763256982e-06,0.8515974879264832
1786713632.8464496,3.2268806570269017,-1.6079502092523423,0.1961913560873957,-2.9802322387695312e-05,1.1920928955078125e-05,2.787032371998066e-06,0.8724274039268494
1786713632.8465936,2.8559839698281912,-1.9609086301103678,0.19621523978409014,0.0,0.0,7.313007245102199e-06,0.8520393371582031
1786713632.9966722,3.2434552975000326,-1.6340957294927345,0.1961913864378317,-2.9802322387695312e-05,1.1920928955078125e-05,3.875040874845581e-06,0.872818648815155
1786713632.9971173,2.8649909299891636,-1.9789271694149924,0.1962151717412091,0.0,0.0,0.0001338247675448656,0.8524963855743408
1786713633.0968978,3.259513478585683,-1.6606208089597916,0.19619152672824597,-2.9802322387695312e-05,1.1920928955078125e-05,3.7000688735133735e-06,0.8731198906898499
1786713633.0970342,2.8736829028037834,-1.9971899195811769,0.1962153455637216,0.0,0.0,0.000129792038933374,0.8528470993041992
1786713633.7341294,3.275045666650857,-1.6875216723979551,0.19619155376280917,0.0,0.0,4.253794941178057e-06,0.8735954761505127
1786713633.7342465,2.8820465000565574,-2.015691833274868,0.19621534886677644,0.0,0.0,0.00014580438437405974,0.8533998727798462
1786713633.7344203,3.290039223607423,-1.7147645170848727,0.19619152788382127,0.0,1.1920928955078125e-05,4.2965671127603855e-06,0.8739495873451233
1786713633.7351553,2.890080398629182,-2.034415792312668,0.19621534529777995,0.0,0.0,0.00014580438437405974,0.8538102507591248
1786713633.7352586,3.3044861792408002,-1.742346687759924,0.19619164015250976,-2.9802322387695312e-05,1.1920928955078125e-05,5.192830940359272e-06,0.8743781447410583
1786713633.73533,2.8977710440321176,-2.053356009539733,0.1962152673941477,0.0,0.0,0.00019543193047866225,0.8543061017990112
1786713633.7354207,3.3183768168285095,-1.7702454052488112,0.19619170498140437,0.0,1.1920928955078125e-05,4.505958713707514e-06,0.8747568130493164
1786713633.7355163,2.905113677564935,-2.072499565138711,0.1962152690641758,0.0,0.0,0.0008749787230044603,0.8547430038452148
1786713633.8465137,3.3317043651016145,-1.7984522334143411,0.19619177619892958,-2.9802322387695312e-05,1.1920928955078125e-05,4.33648528996855e-06,0.8749538064002991
1786713633.8466263,2.912099908160321,-2.091839518697338,0.1962152128277604,0.0,0.0,0.0007316068513318896,0.8549695611000061
1786713633.9965258,3.3444657675944787,-1.8269712969842538,0.1961917599965097,0.0,0.0,3.944836407754337e-06,0.8752026557922363
1786713633.9966235,2.9187192055514237,-2.1113721836866013,0.19621524270828564,0.0,0.0,0.000699336058460176,0.8552557826042175
1786713634.1522593,3.3566528955889834,-1.8557822450968346,0.19619173298237952,0.0,0.0,3.975190793426009e-06,0.8757554888725281
1786713634.1523454,2.9249676400137647,-2.131085422641902,0.19621523930494672,-2.9802322387695312e-05,1.1920928955078125e-05,0.0006393435760401189,0.8558915853500366
1786713634.296847,3.368251313385078,-1.8848372884967677,0.19619190163282108,0.0,0.0,3.265383838879643e-06,0.8759762048721313
1786713634.2969847,2.9308453706225355,-2.150957638519739,0.19621513226798093,0.0,0.0,0.0006972546107135713,0.8561439514160156
1786713634.44663,3.3792621787762687,-1.9141569212747533,0.19619191093957175,-2.9802322387695312e-05,1.1920928955078125e-05,2.4745729660935467e-06,0.8763402700424194
1786713634.4467669,2.9363396084636517,-2.1709907122096666,0.19621518465759888,0.0,0.0,0.0006972546107135713,0.8565611243247986
1786713634.6060255,3.38967749560908,-1.9437110638768882,0.1961919508218857,0.0,0.0,2.275169663334964e-06,0.8769441843032837
1786713634.606085,2.9414494989893187,-2.1911694694934374,0.1962151014244621,0.0,0.0,0.0007087890990078449,0.8572539687156677
1786713634.702146,3.3994898926552666,-1.9734567687421747,0.19619199481107136,0.0,1.1920928955078125e-05,2.4196097001549788e-06,0.877207338809967
1786713634.7022119,2.946177587699537,-2.2114734774887457,0.19621508537275728,-2.9802322387695312e-05,1.1920928955078125e-05,0.000505684467498213,0.8575534224510193
1786713634.8488257,3.4086982498495364,-2.003418650009809,0.1961919930787551,0.0,0.0,2.623738282636623e-06,0.9670048952102661
1786713634.8488986,2.950509454432535,-2.2319072213279942,0.1962150428460426,0.0,0.0,0.0006662191008217633,0.9614692330360413
1786713634.9982226,3.4047752203095385,-2.0076004761615382,0.19619204758882736,0.0,0.0,2.623738282636623e-06,0.877765417098999
1786713634.9982915,2.9452543699815346,-2.2333981457408796,0.19621499028185518,0.0,0.0,0.0009464710601605475,0.858189046382904
1786713635.1464775,3.4133082600452567,-2.037689001853954,0.19619206368510458,0.0,1.1920928955078125e-05,2.6253846954205073e-06,0.7850163578987122
1786713635.1466703,2.949185757020422,-2.253870179715005,0.19621496720038975,0.0,0.0,0.0009464710601605475,0.7513949275016785
1786713635.2967486,3.43266282759851,-2.0944763055582536,0.19619202642882505,0.0,0.0,2.5404197003808804e-06,0.8777937293052673
1786713635.2968142,2.961092731666222,-2.2938895551049647,0.19621499670929538,0.0,0.0,0.0008212840766645968,0.8582153916358948
1786713635.4501514,3.4394168169337846,-2.125202814561388,0.1961920207081417,0.0,0.0,2.5717281459947117e-06,0.878126323223114
1786713635.4502432,2.96379674944037,-2.314753733496217,0.19621501030735303,0.0,0.0,0.001076052780263126,0.8585931658744812
1786713635.5981805,3.445545684887245,-2.1560651784472284,0.19619204672877846,-2.9802322387695312e-05,1.1920928955078125e-05,2.519358076824574e-06,0.8785122036933899
1786713635.5982566,2.9660906291149893,-2.3356949336969137,0.19621492381523084,0.0,0.0,0.0011736109154298902,0.8590320348739624
1786713635.7502615,3.451048250485206,-2.187041455336858,0.19619206782718943,0.0,0.0,2.57888859778177e-06,0.878918468952179
1786713635.750352,2.967974821247261,-2.3567001168952304,0.19621492639356367,0.0,0.0,0.0012381809065118432,0.8594933748245239
1786713635.896558,3.455922161184425,-2.2181156322649955,0.19619209080564298,-2.9802322387695312e-05,1.1920928955078125e-05,3.072307663387619e-06,0.8792285919189453
1786713635.89677,2.9694472218201033,-2.377759400852453,0.19621493098762877,0.0,0.0,0.0016681457636877894,0.8598447442054749
1786713636.046475,3.4601663876846955,-2.249282873192371,0.1961921762949312,-2.9802322387695312e-05,1.1920928955078125e-05,3.072307663387619e-06,0.8793736696243286
1786713636.0466278,2.9705041979678133,-2.398865423808613,0.19621482153950048,0.0,0.0,0.0016459551407024264,0.8600073456764221
1786713636.146361,3.463778968826734,-2.280546738172418,0.19619223305084446,0.0,1.1920928955078125e-05,3.0894270821590908e-06,0.8793238997459412
1786713636.1465137,2.9711402616295386,-2.4200139517351302,0.19621486331128055,0.0,0.0,0.001638603862375021,0.859947144985199
1786713636.346391,3.466754780412895,-2.3119142718386563,0.1961925411020911,0.0,0.0,3.1245626814779826e-06,0.8797006607055664
1786713636.3465295,2.971347093023785,-2.4412016369557747,0.196214831164438,0.0,0.0,0.0014291411498561502,0.8603742718696594
1786713636.4965513,3.4690978311189817,-2.3433238997790453,0.19619273661850561,0.0,0.0,3.2310024380421964e-06,0.8798953294754028
1786713636.4967122,2.9711379905362736,-2.4624036910073275,0.1962148244479437,0.0,0.0,0.0013921894133090973,0.8605929017066956
1786713636.596448,3.4708047994055313,-2.3747825626799175,0.19619241256133815,0.0,0.0,3.263847474954673e-06,0.8799697160720825
1786713636.5966055,2.9705059520950288,-2.4836175886552363,0.19621478964457964,0.0,0.0,0.0017388438573107123,0.8606745004653931
1786713636.7966294,3.4718727062143264,-2.4062882701436497,0.19619248116849114,0.0,0.0,3.1404351830133237e-06,0.8801683187484741
1786713636.7968597,2.9694463860568368,-2.5048366963892237,0.19621478642960616,0.0,0.0,0.0017388438573107123,0.8608973026275635
1786713636.8964844,3.4723025857539946,-2.437815225874335,0.19619268076227053,0.0,0.0,2.9758566597593017e-06,0.8804038166999817
1786713636.896666,2.967962599472366,-2.5260488801642156,0.19621477375992225,0.0,0.0,0.0014704419299960136,0.8611621856689453
1786713637.0502632,3.4720956409179147,-2.469343933718786,0.19619281453006382,0.0,0.0,3.021850488948985e-06,0.8807226419448853
1786713637.0503516,2.9660562380875097,-2.54724208711842,0.19621472284484193,0.0,0.0,0.0013060003984719515,0.8615220785140991
1786713637.1964593,3.4712556257571108,-2.500851590083374,0.19619285608641826,0.0,0.0,2.9587185963464435e-06,0.8808087706565857
1786713637.1965911,2.963731597532463,-2.568404238404292,0.19621475260621116,0.0,0.0,0.0013060003984719515,0.8616170287132263
1786713637.3464441,3.4697781919738837,-2.532348923920117,0.19619265977167216,0.0,0.0,2.9473358154064044e-06,0.881144642829895
1786713637.3465974,2.9609815823813594,-2.5895329215283525,0.1962146755399657,0.0,0.0,0.0003416902618482709,0.8619958758354187
1786713637.4965053,3.4676700151928763,-2.5637958016642677,0.19619281813475817,0.0,0.0,2.9473358154064044e-06,0.9656661152839661
1786713637.4965518,2.9578148234404207,-2.6106112154628627,0.19621458813370093,0.0,0.0,0.00024989660596475005,0.9606673121452332
1786713637.646499,3.4626563110321333,-2.566465718662383,0.19619296620100013,-2.9802322387695312e-05,0.0,3.133660356979817e-06,0.7935868501663208
1786713637.6465569,2.952557347347927,-2.610545722935437,0.19621468223206662,0.0,0.0,0.00024989660596475005,0.7603400945663452
1786713637.7965097,3.4615424631349327,-2.62657872019946,0.19619282240400163,0.0,0.0,3.0223786779970396e-06,0.8817271590232849
1786713637.7965949,2.9502044175751374,-2.6526056810299106,0.1962145714035339,0.0,0.0,0.0002137834526365623,0.8626488447189331
1786713637.9465034,3.4575423386840534,-2.657837005719723,0.19619287523967943,0.0,0.0,3.258463038946502e-06,0.8816106915473938
1786713637.9466808,2.9457816546416797,-2.6734895388099424,0.19621470048518952,0.0,0.0,0.0002137834526365623,0.8625143766403198
1786713638.096486,3.4529060478262785,-2.689035706235166,0.19619293288389061,0.0,0.0,3.3519183944008546e-06,0.9653880000114441
1786713638.096756,2.9409330871635184,-2.6942975574741785,0.1962146525991344,0.0,0.0,1.9353085008333437e-05,0.9604949951171875
1786713638.2464793,3.447716533362617,-2.691287515663545,0.19619274845132018,0.0,0.0,3.1471538477489958e-06,0.7955334782600403
1786713638.2467008,2.935722964283502,-2.6938535906388332,0.19621467675422988,0.0,0.0,1.9353085008333437e-05,0.7623662352561951
1786713638.3965614,3.4417637176068783,-2.7511005862217557,0.19619257813237734,0.0,0.0,3.105084715571138e-06,0.8820435404777527
1786713638.3966968,2.929997596143313,-2.7356268525286556,0.1962146628356618,0.0,0.0,0.0001241519785253331,0.8629970550537109
1786713638.5464373,3.4352549295299655,-2.781965620764492,0.19619242128195813,0.0,0.0,3.0206358587747673e-06,0.8823710680007935
1786713638.5466857,2.9239069030969773,-2.756135495568981,0.1962146804982694,4.371941089630127,1.5869736671447754,0.0001241519785253331,0.8633652329444885
1786713638.6966567,3.42813509513784,-2.8126760122642036,0.19619241140752589,0.0,0.0,2.9323298349481774e-06,0.8823052644729614
1786713638.696781,2.917413112376086,-2.7765227851787317,0.19621466470764973,4.651993751525879,1.6920089721679688,0.0001241310383193195,0.8632886409759521
1786713638.8466792,3.4203925902653114,-2.8432551644539106,0.19619247575554907,0.0,0.0,2.9395423553069122e-06,0.882713258266449
1786713638.8468437,2.9105055629001684,-2.796787769089969,0.19621467550040425,4.651993751525879,1.6920089721679688,0.0001241310383193195,0.86374831199646
1786713639.0467906,3.4120527214391276,-2.8736457615562587,0.19619241336520224,0.0,0.0,2.9938223633507732e-06,0.8830053806304932
1786713639.0470996,2.9032057386371286,-2.8169117540903628,0.19621455295674686,9.523838996887207,3.592073917388916,0.00018499308498576283,0.8640767335891724
1786713639.1964874,3.403114989779477,-2.903846008069368,0.1961937671401261,0.0,0.0,2.9815316793246893e-06,0.8828292489051819
1786713639.1966243,2.8955121057203494,-2.8368884718076917,0.1962145667088559,14.573365211486816,5.727887153625488,0.0002216876164311543,0.8638758063316345
1786713639.3491771,3.393561403948155,-2.9338866454049186,0.19619365836786495,0.0,0.0,3.1872777981334366e-06,0.8827071189880371
1786713639.3492577,2.8874100513395975,-2.856719244068945,0.19621423943370564,21.133363723754883,8.816361427307129,0.00034201156813651323,0.8637358546257019
1786713639.4964921,3.3833961759995552,-2.963750136220268,0.19619308065776056,0.0,0.0,3.470749788903049e-06,0.8828705549240112
1786713639.4966443,2.878903376180738,-2.8763944581679546,0.19621412801452895,24.961769104003906,10.820531845092773,0.00034201156813651323,0.8639186024665833
1786713639.6464827,3.372638153584181,-2.993398400519485,0.1961929022645628,0.0,0.0,3.5187488265364664e-06,0.8829228281974792
1786713639.6466577,2.8700068870424653,-2.8959006599084987,0.19621459152001589,26.697784423828125,11.787432670593262,0.00034079732722602785,0.8639755845069885
1786713639.7966704,3.3612847180827155,-3.0228288837846224,0.19619287838302674,0.0,0.0,3.6077706226933515e-06,0.8831052780151367
1786713639.7968397,2.860718289252664,-2.9152312542442984,0.1962139883824603,26.697784423828125,11.787432670593262,0.00034079732722602785,0.8641799688339233
1786713639.9464605,3.349350762367988,-3.0520175112472927,0.19619251406002267,0.0,0.0,3.5638838653540006e-06,0.8831474781036377
1786713639.9466524,2.8510492619334733,-2.934375621510142,0.19621358023305938,28.325244903564453,12.73040771484375,0.0003948632220271975,0.8642256259918213
1786713640.0965967,3.336831412563662,-3.0809644971234675,0.19619322277944048,0.0,0.0,3.4267748105776263e-06,0.8833332657814026
1786713640.096811,2.8409958630331036,-2.9533278747777363,0.19621462143680454,28.325244903564453,12.73040771484375,0.0003948632220271975,0.8644331693649292
1786713640.246454,3.323739918197123,-3.1096476443427923,0.19619309718227193,0.0,0.0,3.4267748105776263e-06,0.8833946585655212
1786713640.2467349,2.8305674946331014,-2.972079624205821,0.1962148131463574,30.14494514465332,13.830166816711426,0.00041695224354043603,0.8645008206367493
1786713640.4465168,3.310076617573424,-3.138064764234061,0.19619256955331937,0.0,0.0,3.490274139039684e-06,0.8832680583000183
1786713640.4466913,2.8197651870338616,-2.9906242658625786,0.1962154216274729,35.20161056518555,17.1750545501709,0.0004221000417601317,0.8643580079078674
1786713640.5965765,3.295840621118197,-3.1662172261283983,0.19619239585335244,0.0,0.0,3.5088214644929394e-06,0.8838686943054199
1786713640.59672,2.8085905826675894,-3.0089550262922256,0.1962154733166447,40.0390625,20.861679077148438,0.0004221000417601317,0.8650318384170532
1786713640.7493153,3.2810732171542334,-3.1940390786996566,0.19619252689530672,0.0,0.0,3.7365243770182133e-06,0.8836683034896851
1786713640.749393,2.797067882968835,-3.02705753498254,0.19621572020381692,42.214603424072266,22.712390899658203,0.0005484799039550126,0.8648053407669067
1786713640.9481876,3.2657379378576987,-3.221580696569689,0.1961921674110107,0.0,0.0,3.591152562876232e-06,0.8836556077003479
1786713640.951266,2.785176191486138,-3.044933003804753,0.196215940088875,46.3306770324707,26.620573043823242,0.00063373550074175,0.864790141582489
1786713641.0465715,3.249852769823814,-3.248815396895749,0.19619140436410754,0.0,0.0,3.7947058899590047e-06,0.9625285267829895
1786713641.048787,2.772928084575976,-3.0625713526464957,0.19621554835166582,46.3306770324707,26.620573043823242,0.00063373550074175,0.9578616619110107
1786713641.24707,3.2442275625967776,-3.2490259596443543,0.19619053399827047,0.0,0.0,3.7947058899590047e-06,0.8024835586547852
1786713641.2501924,2.768256819232862,-3.060357332526331,0.1962150901001558,46.3306770324707,26.620573043823242,0.00063373550074175,0.7694292664527893
1786713641.3982267,3.216438788122055,-3.302331975913628,0.19618933573073064,8.94051742553711,3.3568620681762695,3.5180798931833124e-06,0.8837031126022339
1786713641.4024732,2.7473667026875512,-3.097111660104094,0.19621473574345535,53.903907775878906,35.689796447753906,0.0002966980100609362,0.864839494228363
1786713641.5465384,3.198938436852159,-3.3285742376106686,0.19619137319034488,8.94051742553711,3.3568620681762695,3.5180798931833124e-06,0.8838251233100891
1786713641.5466666,2.7340732954897495,-3.1139946490543995,0.19621420144421095,55.712074279785156,38.330223083496094,0.0002966980100609362,0.8649754524230957
1786713641.6968446,3.180922368227014,-3.3544583964784693,0.19619156395142975,9.523838996887207,3.592073917388916,3.3504059047118062e-06,0.8838923573493958
1786713641.6969104,2.720447429993734,-3.130612845309233,0.1962134910493595,55.712074279785156,38.330223083496094,0.0002966980100609362,0.8650504350662231
1786713641.8465002,3.1623970431203983,-3.379975792718139,0.1961914021546333,10.18795394897461,3.862607479095459,3.498062369544641e-06,0.8840013146400452
1786713641.8466659,2.706494995756888,-3.1469579335603237,0.1962142771983961,56.4124870300293,39.41119384765625,6.645835674135014e-05,0.8651712536811829
1786713641.9968007,3.1433674936572613,-3.405116116766845,0.1961898698169479,10.18795394897461,3.862607479095459,2.8296419714024523e-06,0.8843053579330444
1786713641.9970036,2.692217843067107,-3.1630252408417667,0.19621366499954582,57.989627838134766,41.967124938964844,0.0003072911931667477,0.8655121326446533
1786713642.1467087,3.123859890751434,-3.429852650290016,0.19619134216214568,10.18795394897461,3.862607479095459,2.46620788857399e-06,0.8841643333435059
1786713642.1468604,2.6776330587153065,-3.178803623372927,0.19621267252167718,57.989627838134766,41.967124938964844,0.0003072911931667477,0.8653523921966553
1786713642.299201,3.1038488697285778,-3.454208776489907,0.19618975149938447,9.523838996887207,3.592073917388916,2.394701141383848e-06,0.8840590715408325
1786713642.2992811,2.662727983460583,-3.1942927071557805,0.19621424714603383,57.989627838134766,41.967124938964844,0.0003072911931667477,0.8652342557907104
1786713642.4479651,3.0833483792855874,-3.4781685443837755,0.19619117156771626,10.18795394897461,3.862607479095459,2.4135131297953194e-06,0.8838813304901123
1786713642.4481087,2.6475134212914644,-3.2094830612296112,0.19621424697570305,58.513580322265625,42.85289001464844,0.0003072911931667477,0.865032970905304
1786713642.5974562,3.0623519383607642,-3.501727294185308,0.19619223717095116,8.94051742553711,3.3568620681762695,2.5377239580848254e-06,0.8842868208885193
1786713642.7467644,3.0409208487581627,-3.524841397776816,0.1961926775870751,4.651993751525879,1.6920089721679688,2.5377239580848254e-06,0.8838430643081665
1786713642.899915,3.018994049747857,-3.547550352010451,0.19619224913951872,4.970312118530273,1.8119096755981445,1.915236907734652e-06,0.8835890889167786
1786713642.9000032,2.6000624790800146,-3.2532030424387273,0.19621335985676863,57.989627838134766,41.967124938964844,3.3332319259643555,0.8647028207778931
1786713642.996455,2.9965930910087257,-3.569832901597927,0.1961924618514977,4.970312118530273,1.8119096755981445,1.8437436892781989e-06,0.8843554854393005
1786713642.9965656,2.583651753345924,-3.26713924251965,0.1962125381977991,55.712074279785156,38.330223083496094,0.009649114683270454,0.8655616044998169
1786713643.1965168,2.973810426662505,-3.591625472330892,0.1961924497754688,4.371941089630127,1.5869736671447754,1.8323524955121684e-06,0.8839858174324036
1786713643.1966624,2.566994149613539,-3.2807484607376494,0.1962122203021313,53.45635223388672,35.068397521972656,0.009648710489273071,0.8651461601257324
1786713643.2964325,2.9505642001058927,-3.612980178596159,0.19619272830857812,4.12362813949585,1.4942169189453125,1.862908561633958e-06,0.9606485962867737
1786713643.2965841,2.550051001601311,-3.2940237907411,0.1962144096959116,54.31887435913086,36.27708435058594,0.009648710489273071,0.9561091065406799
1786713643.4501796,2.945152589302523,-3.611526303863837,0.19619227622487526,4.12362813949585,1.4942169189453125,1.862908561633958e-06,0.8060462474822998
1786713643.4502668,2.546237097193932,-3.2905739247373638,0.1962143854323101,54.31887435913086,36.27708435058594,0.009648710489273071,0.7729285359382629
1786713643.5965211,2.902809330002686,-3.6542783572346735,0.19619240417361616,0.0,0.0,1.6017357893360895e-06,0.8841052651405334
1786713643.5966623,2.5153801101828,-3.3195507080026108,0.19621406823044973,55.712074279785156,38.330223083496094,0.00978850107640028,0.8652783036231995
1786713643.7471266,2.878328817159399,-3.6742008003838884,0.19619252621667427,0.0,0.0,1.809546574804699e-06,0.8845179677009583
1786713643.7478251,2.4976713052662016,-3.331791895484241,0.19621454222205803,52.44804763793945,33.7127685546875,0.010665244422852993,0.8657404184341431
1786713643.8986897,2.8534888952982014,-3.6936133461965546,0.196192606252964,0.0,0.0,2.342553671041969e-06,0.8841747641563416
1786713643.900306,2.4797364230953063,-3.3436803682731715,0.1962146039068479,48.72484588623047,29.187191009521484,0.0070779332891106606,0.8653549551963806
1786713644.0465934,2.828233646586485,-3.7125418159153356,0.19619259696169947,0.0,0.0,2.3535565105703427e-06,0.8844885230064392
1786713644.0467105,2.461551401629456,-3.355207055853042,0.19621460823445083,48.72484588623047,29.187191009521484,0.0070779332891106606,0.8657061457633972
1786713644.1964986,2.8026318556039986,-3.730951281945493,0.19619267652616398,0.0,0.0,2.214977030234877e-06,0.884521484375
1786713644.1966283,2.4431514287457072,-3.366372316254945,0.1962146262640068,50.090087890625,30.764944076538086,0.0070779332891106606,0.8657425045967102
1786713644.351195,2.7766687646609483,-3.748845504463273,0.19619276074777608,0.0,0.0,2.1846676645509433e-06,0.9595383405685425
1786713644.3535244,2.424531789186061,-3.377168830360467,0.19621352790105911,46.33073425292969,26.62057876586914,0.006126583553850651,0.9549970030784607
1786713644.496563,2.771492458977523,-3.7466671594160164,0.19619257111334776,0.0,0.0,2.1846676645509433e-06,0.8074951767921448
1786713644.4967177,2.42122271510737,-3.3732302757926482,0.19621445271169818,46.33073425292969,26.62057876586914,0.006404431536793709,0.7743613123893738
1786713644.5965178,2.7235958413737897,-3.7831052221940498,0.19619253024297434,0.0,0.0,2.79733012575889e-06,0.8846068978309631
1786713644.5966604,2.3866185909890643,-3.397631056739785,0.1962146772165666,44.57101058959961,24.878429412841797,0.0062990374863147736,0.8658370971679688
1786713644.7464678,2.696611096254969,-3.799412383726112,0.19619259100000597,0.0,0.0,3.1832614695304073e-06,0.8843162655830383
1786713644.746669,2.367385647239926,-3.407296835404552,0.19621462110261056,40.03904724121094,20.861684799194336,0.0013414674904197454,0.8655110001564026
1786713644.8465605,2.6692789436497155,-3.8151887071593493,0.19619257703967174,0.0,0.0,0.0020703617483377457,0.8842847347259521
1786713644.846679,2.3479516017217796,-3.416575186509419,0.1962145905554325,37.49181365966797,18.85315704345703,0.0013414674904197454,0.8654749393463135
1786713644.946555,2.641630673458957,-3.8304172448868323,0.1961925463692217,0.0,0.0,0.0022958051413297653,0.8845996260643005
1786713644.9466882,2.3283316130403815,-3.425463299045136,0.1962146388620519,35.201595306396484,17.175060272216797,0.0023183522280305624,0.8658277988433838
1786713645.096648,2.613713832491695,-3.8450830167448116,0.1961925933957919,0.0,0.0,0.0025872248224914074,0.8839753866195679
1786713645.0968282,2.3085510289066873,-3.433963006500087,0.1962146051011466,33.140777587890625,15.756410598754883,0.0014080418040975928,0.8651280999183655
1786713645.1964853,2.5854520466913504,-3.859206347798326,0.19619255334818594,0.0,0.0,0.003041048301383853,0.8844379782676697
1786713645.1966085,2.2885812871724855,-3.4420591895228463,0.1962145847775136,33.140777587890625,15.756410598754883,0.0014080418040975928,0.8656457662582397
1786713645.3464441,2.556952653096761,-3.8727508987648647,0.19619253042976406,0.0,0.0,0.00318358582444489,0.8844709396362305
1786713645.3465583,2.268467457701034,-3.449761192565503,0.1962145955089156,31.282886505126953,14.544063568115234,0.0007803243934176862,0.8656825423240662
1786713645.4464502,2.5281910921179196,-3.885723499076688,0.19619254172785494,0.0,0.0,0.0028017302975058556,0.8842625617980957
1786713645.4466271,2.2482046102778965,-3.4570609633887104,0.1962145508141221,23.42662239074707,9.996729850769043,0.001113389153033495,0.8654485940933228
1786713645.5964754,2.4991556670794948,-3.898124997560772,0.1961924767333405,-2.9802322387695312e-05,1.1920928955078125e-05,0.0029831205029040575,0.8847017884254456
1786713645.5966046,2.2277915146774845,-3.463952800962497,0.19621466158351097,20.840526580810547,8.66970443725586,0.0004783016338478774,0.8659408092498779
1786713645.7061877,2.4699192247580783,-3.9099351686731167,0.19619259472996659,-2.9802322387695312e-05,1.1920928955078125e-05,0.0029831205029040575,0.8844774961471558
1786713645.7062705,2.2072602216334904,-3.4704419974002625,0.19621455212098682,13.671695709228516,5.332589149475098,0.0004783016338478774,0.8656890988349915
1786713645.796439,2.440430385802381,-3.92116504142695,0.19619255603956284,0.0,0.0,0.002728790510445833,0.8845839500427246
1786713645.796606,2.186594285418741,-3.47651772764155,0.1962145890726484,14.573365211486816,5.727887153625488,0.001761664287187159,0.8658081293106079
1786713645.8963804,2.410731867588366,-3.9318021037015205,0.19619255690096718,0.0,0.0,0.0040305620059370995,0.884337842464447
1786713645.896491,2.1658134744874533,-3.4821811742097513,0.19621455290168457,10.18795394897461,3.862607479095459,0.001761664287187159,0.8655321002006531
1786713646.0464573,2.3808043664664456,-3.9418501835112805,0.19619253025385874,0.0,0.0,0.003769893664866686,0.88469398021698
1786713646.0466013,2.144916030139426,-3.4874267110788395,0.1962146054396593,8.422464370727539,3.1496763229370117,0.0014656598214060068,0.8659311532974243
1786713646.146363,2.3507144436497707,-3.9512932675597128,0.19619259146587267,0.0,0.0,0.014586759731173515,0.8842580318450928
1786713646.1464806,2.123928647382527,-3.492259279569706,0.19621453281608672,4.651010036468506,1.691603660583496,0.002892292570322752,0.865442156791687
1786713646.2985024,2.320401148518754,-3.9601410431638757,0.1961925078892783,0.0,0.0,0.01768677495419979,0.8846498131752014
1786713646.298574,2.1028348682188724,-3.4966662183992017,0.19621454938716745,4.651010036468506,1.691603660583496,0.002892292570322752,0.8658811450004578
1786713646.4464715,2.2899526948269795,-3.9683777599728174,0.19619272776764787,-2.9802322387695312e-05,1.1920928955078125e-05,0.021619228646159172,0.8846926689147949
1786713646.4465992,2.0816686864646696,-3.5006580027117273,0.19621570942100228,4.651010036468506,1.691603660583496,0.002892292570322752,0.8659291863441467
1786713646.5464342,2.259349311146941,-3.9760050560821,0.19619277685407882,0.0,1.1920928955078125e-05,0.024725427851080894,0.8844478726387024
1786713646.5465674,2.060427638108458,-3.5042273886660493,0.19621564695179594,4.121005535125732,1.4931321144104004,0.0037636982742697,0.8656545281410217
1786713646.6965601,2.228577528760528,-3.983023787898074,0.1961926835098845,-2.9802322387695312e-05,1.1920928955078125e-05,0.02735389769077301,0.8846552968025208
1786713646.6966932,2.039112761344778,-3.507369395113428,0.19621576522585332,0.0,0.0,0.0031944678630679846,0.8658867478370667
1786713646.7964356,2.197688037577457,-3.989425645623344,0.19619249647026496,0.0,0.0,0.024104496464133263,0.8845701217651367
1786713646.7965946,2.0177427310716434,-3.510088930827375,0.19621519309206,0.0,0.0,0.0032629887573421,0.8657912611961365
1786713646.9466743,2.166670163994205,-3.995210619466804,0.1961927190514889,-2.9802322387695312e-05,1.1920928955078125e-05,0.02521788701415062,0.8843650817871094
1786713646.9468923,1.9963211844688147,-3.512380188913863,0.1962152295012101,0.0,0.0,0.002569495467469096,0.8655608296394348
1786713647.04876,2.135522522744694,-4.000376420688614,0.1961926334419118,-2.9802322387695312e-05,1.1920928955078125e-05,0.026830395683646202,0.8847439289093018
1786713647.048881,1.974851128546589,-3.5142399145912986,0.19621556665055423,0.0,0.0,0.004007292445749044,0.8659859299659729
1786713647.1966486,2.104312523311369,-4.004920371715669,0.19619269891901592,0.0,0.0,0.020510151982307434,0.8842540979385376
1786713647.196913,1.9533581029052143,-3.5156793652294596,0.19621576842194116,-2.9802322387695312e-05,0.0,0.003629944985732436,0.865435779094696
1786713647.2977169,2.0729716422114253,-4.008839621486651,0.1961929543437333,0.0,0.0,0.024411726742982864,0.884573221206665
1786713647.2978573,1.9318264675817522,-3.5166790388575153,0.19621713924574424,-2.9802322387695312e-05,0.0,0.003629944985732436,0.8657942414283752
1786713647.4496014,2.0415881135639906,-4.012133148781861,0.19619273828795872,0.0,0.0,0.02571309544146061,0.8847256898880005
1786713647.4499457,1.910287376073773,-3.5172552691403705,0.19621673969366346,-2.9802322387695312e-05,1.1920928955078125e-05,0.0031712809577584267,0.8659651279449463
1786713647.5465403,2.0101593409209793,-4.0148026410373365,0.19619282461031856,0.0,0.0,0.028568517416715622,0.884665310382843
1786713647.5466924,1.888745302534843,-3.5174067919474945,0.19621713438155775,0.0,0.0,0.002998767187818885,0.8658972978591919
1786713647.6964464,1.9786780733525697,-4.016844388512179,0.19619289071935536,-2.9802322387695312e-05,1.1920928955078125e-05,0.034311797469854355,0.8842957019805908
1786713647.6966035,1.867202820585062,-3.5171272010611982,0.1962171085198689,-2.9802322387695312e-05,1.1920928955078125e-05,0.002912295749410987,0.865481972694397
1786713647.8009045,1.947127243694481,-4.018253459818565,0.19619293477501726,0.0,0.0,0.03196106478571892,0.8843479156494141
1786713647.801121,1.8456602192737397,-3.516408421610193,0.19621703535640944,0.0,0.0,0.002995418617501855,0.8655402660369873
1786713647.9471734,1.915558246356647,-4.019032686295192,0.19619302062162555,0.0,0.0,0.03373564034700394,0.8846794366836548
1786713647.9472368,1.8241366577916103,-3.5152608207043747,0.19621717413169568,0.0,0.0,0.002995418617501855,0.8659130334854126
1786713648.0520587,1.884010255710159,-4.019186899944338,0.19619268529473127,0.0,0.0,0.03316248208284378,0.8850193619728088
1786713648.0521643,1.8026477679734036,-3.5136929385318707,0.19621645117948744,0.0,0.0,0.0030396506190299988,0.8662956357002258
1786713648.6890006,1.8525003828110174,-4.018719079029306,0.19619323705971245,0.0,0.0,0.03316248208284378,0.8851130604743958
1786713648.6890972,1.7812057294549606,-3.5117071739953603,0.19621683131512843,0.0,1.1920928955078125e-05,0.0028128463309258223,0.8664012551307678
1786713648.6892083,1.8210162593488801,-4.0176272793074705,0.19619404968968326,0.0,0.0,0.03013692982494831,0.884820282459259
1786713648.6893213,1.7598111020268938,-3.5092987161008264,0.19621740477499514,0.0,0.0,0.003306083381175995,0.8660716414451599
1786713648.6894364,1.789530730731383,-4.015902378704569,0.196193967597767,-2.9802322387695312e-05,1.1920928955078125e-05,0.030791565775871277,0.8844994306564331
1786713648.689555,1.738459691997067,-3.506455866831606,0.19621727143953335,0.0,0.0,0.0025268958415836096,0.8657103180885315
1786713648.6896355,1.7580563588884537,-4.01354412955231,0.19619352906365314,-2.9802322387695312e-05,1.1920928955078125e-05,0.030791565775871277,0.8846903443336487
1786713648.6897948,1.7171621102684396,-3.5031798871841593,0.19621680540018663,0.0,0.0,0.0025268958415836096,0.8659254908561707
1786713648.6964257,1.7266514156641986,-4.010560111418414,0.1961936924071502,0.0,0.0,0.026077600196003914,0.8845472931861877
1786713648.6965308,1.6959368218307156,-3.4994822179677723,0.19621718067375568,-2.9802322387695312e-05,1.1920928955078125e-05,0.0036040227860212326,0.8657641410827637
1786713648.8466961,1.6952993460631465,-4.006949198396852,0.19619381289082827,-2.9802322387695312e-05,1.1920928955078125e-05,0.027783097699284554,0.8846026659011841
1786713648.8469238,1.6747868190697126,-3.495360266060443,0.1962172059810794,0.0,0.0,0.004605351947247982,0.8658265471458435
1786713648.9966931,1.6640303479644538,-4.002713761951843,0.1961943120414133,0.0,1.1920928955078125e-05,0.020121028646826744,0.8845654129981995
1786713648.9967632,1.653724106994945,-3.490817502089219,0.1962174580092737,-2.9802322387695312e-05,1.1920928955078125e-05,0.003820545971393585,0.8657844662666321
1786713649.1465306,1.6328488794703468,-3.997856391581468,0.19619336358746894,0.0,0.0,0.003048746148124337,0.8842633962631226
1786713649.1466877,1.6327557354575504,-3.4858564005720494,0.19621639722584264,0.0,0.0,0.0032603414729237556,0.8654439449310303
1786713649.3116417,1.6017417559860183,-3.992364495223677,0.19619325671326207,0.0,0.0,0.0030628503300249577,0.957986056804657
1786713649.3117523,1.611883142337268,-3.480464942804281,0.19621596565736546,-2.9802322387695312e-05,1.1920928955078125e-05,0.002833727514371276,0.9535719752311707
1786713649.446556,1.5996281862291486,-3.9872045869821706,0.19619274723692676,0.0,0.0,0.003090565325692296,0.8114792704582214
1786713649.4467263,1.6122838046784622,-3.475361022179931,0.19621493283476948,-2.9802322387695312e-05,1.1920928955078125e-05,0.002833727514371276,0.7783781290054321
1786713649.5965903,1.539976908949069,-3.9795651959679037,0.19619263161681194,0.0,0.0,0.003001594915986061,0.9024718403816223
1786713649.5967479,1.5705025790054108,-3.4684759836154053,0.19621464329961896,0.0,0.0,0.002334393560886383,0.8861632347106934
1786713649.7466555,1.51200827260886,-3.973460014091878,0.19619434275276665,0.0,0.0,0.0034419873263686895,0.9262802004814148
1786713649.7468886,1.5513616401016772,-3.462974644960827,0.19621358099948194,-2.9802322387695312e-05,1.1920928955078125e-05,0.0021553386468440294,0.9131107926368713
1786713649.8966274,1.4906274755054143,-3.968749047400776,0.19619706849316054,-2.9802322387695312e-05,0.0,0.0034043188206851482,0.9249778985977173
1786713649.8968515,1.5358724180379733,-3.458752091574105,0.1962119934186199,0.0,0.0,0.0015782532282173634,0.9107644557952881
1786713650.0522285,1.4696045210012352,-3.9636629475324487,0.1961983785103966,-2.9802322387695312e-05,0.0,0.0034043188206851482,0.9456837177276611
1786713650.0523338,1.5198955798385059,-3.4541388468167518,0.1962121946840907,-2.9802322387695312e-05,1.1920928955078125e-05,0.0013358027208596468,0.9327958226203918
1786713650.3965285,1.4421477809993666,-3.958556795415175,0.1961997670215312,0.0,0.0,0.003814124036580324,0.7725971937179565
1786713650.396715,1.4957736535024704,-3.4493728741704017,0.19621177026835945,0.0,0.0,0.001318285707384348,0.7765145301818848
1786713651.5465758,1.390503750361981,-3.952226679820524,0.1962041383794694,0.0,0.0,0.0038355484139174223,0.045485761016607285
1786713651.5467749,1.4440856633454129,-3.443038130661181,0.19620659600705534,0.0,0.0,0.0005558902048505843,0.039618074893951416
1786713652.6465697,1.1921822057783433,-3.9318893587525223,0.19620617264790247,0.0,0.0,0.0048858411610126495,1.3311828297446482e-05
1786713652.6467774,1.244491420135663,-3.4225684912313032,0.19620530497078037,-2.9802322387695312e-05,1.1920928955078125e-05,6.0958723224757705e-06,1.3722848962061107e-05
1786713653.0969906,0.9932291497783697,-3.9114563335734394,0.19620632721493333,0.0,0.0,0.003875850234180689,0.8849207162857056
1786713653.099198,1.0455381643012795,-3.402135445529744,0.1962049047938452,0.0,0.0,6.703109534100804e-07,0.8529011011123657
1786713653.1965172,0.916119285787316,-3.9032710342559263,0.19620247256684678,0.0,0.0,0.0024982388131320477,0.9428730607032776
1786713653.1966693,0.976025414631594,-3.3947877447744617,0.19620918088119174,0.0,0.0,1.9086380689259386e-06,0.9236230850219727
1786713653.3466082,0.8896868901800568,-3.899781844390149,0.19620056177634537,0.0,0.0,0.00215783528983593,0.9831876158714294
1786713653.3467643,0.9543908304483277,-3.39188677641493,0.1962069027455426,0.0,0.0,1.6274202607746702e-06,0.981513261795044
1786713653.496849,0.8903646006718114,-3.8993629162656607,0.19619933448069016,0.0,0.0,0.00215783528983593,0.9002004265785217
1786713653.4970438,0.9556901831296086,-3.391547429866499,0.19620638658494005,0.0,0.0,1.6274202607746702e-06,0.8725804090499878
1786713653.646843,0.8360988746054779,-3.8909160115696184,0.19619774507761495,0.0,0.0,1.4806263379796292e-06,0.9432947039604187
1786713653.6469643,0.913164297052779,-3.384749121528936,0.19620720885701426,0.0,0.0,2.760766165010864e-06,0.9298983812332153
1786713653.7466168,0.8089185290438008,-3.8854790539634543,0.19619786204507142,0.0,0.0,9.923548986989772e-07,0.9579144716262817
1786713653.746823,0.892887901046685,-3.380411588690719,0.19620726501711397,0.0,0.0,2.740961235758732e-06,0.9466122388839722
1786713653.8965085,0.7822009300080716,-3.8795481733232147,0.19619760010831408,0.0,0.0,9.177210245070455e-07,0.9558255076408386
1786713653.8966322,0.8719393173806954,-3.3754737525054552,0.19620804047402077,0.0,0.0,2.740961235758732e-06,0.9442377090454102
1786713654.0467277,0.7553042985073828,-3.8729638926887806,0.19619782312812292,0.0,0.0,9.177210245070455e-07,0.9769719839096069
1786713654.047081,0.8509530619312367,-3.369977497313052,0.19620888745596024,0.0,0.0,2.7376238449505763e-06,0.9804612994194031
1786713654.1965644,0.7565658937350297,-3.871220347131067,0.1961973657515567,0.0,0.0,9.177210245070455e-07,0.9017431735992432
1786713654.1967793,0.8507105470556349,-3.3679502565127386,0.19620920477702894,0.0,0.0,2.7376238449505763e-06,0.8765892386436462
1786713654.3466253,0.7015667305546528,-3.8582144452891556,0.19619813048644866,0.0,0.0,1.0276901321049081e-06,0.9745790362358093
1786713654.346762,0.8085202196981666,-3.3575099905064385,0.19620912005800442,0.0,0.0,3.275097242294578e-06,0.9670924544334412
1786713654.4465466,0.6759797571701713,-3.8508448893223823,0.1961993502828457,0.0,0.0,7.737322675893665e-07,0.963901162147522
1786713654.446674,0.7860657774820123,-3.3508198219155165,0.1962091818938406,0.0,0.0,3.275097242294578e-06,0.9570738673210144
1786713654.5965443,0.6507635826800418,-3.843511162161482,0.19620043088459466,0.0,0.0,9.189922707264486e-07,0.9387449622154236
1786713654.5966587,0.763186466436131,-3.3440063121972283,0.19620880662899626,0.0,0.0,3.2119360184879042e-06,0.9327026605606079
1786713654.8487399,0.6258125977176744,-3.8363601879143694,0.19620159180369148,0.0,0.0,9.249355912288593e-07,0.7766914963722229
1786713654.8488777,0.7398846872729498,-3.3372293850829093,0.19620861427171613,0.0,0.0,2.795547516143415e-06,0.781410813331604
1786713655.946679,0.5774235389193363,-3.824356947854648,0.19620428089920608,0.0,0.0,8.102400101961393e-07,0.043178144842386246
1786713655.9483001,0.6912471619935419,-3.325169425148691,0.19620650609807136,0.0,0.0,2.5138328965113033e-06,0.03728727251291275
1786713657.0466256,0.38293584690308935,-3.780551011391593,0.19620991380736064,4.371941089630127,1.5869736671447754,4.4754565919902234e-07,2.2911423002369702e-05
1786713657.0468268,0.4955118792081148,-3.2810806549866487,0.19620509971800426,0.0,0.0,3.6482694554251793e-07,2.2516913304571062e-05
1786713658.1968684,0.1878317103357336,-3.7365780730688094,0.19620898834204453,4.371941089630127,1.5869736671447754,4.4085183503739245e-07,2.1172956621740013e-05
1786713658.197033,0.3004076616829494,-3.237107698393536,0.19620888246491852,0.0,0.0,8.273930234281579e-07,1.9377177522983402e-05
1786713659.3968735,-0.007273175806358563,-3.692602220458103,0.19620906620389506,4.371941089630127,1.5869736671447754,3.7512202766265546e-07,1.2768502529070247e-05
1786713659.3970537,0.10530301007970624,-3.1931318986582586,0.1962055298032988,0.0,0.0,5.857975793333026e-07,1.5946825442370027e-05
1786713660.6968374,-0.2023771456019284,-3.648629193798598,0.19620855275351393,0.0,0.0,1.4737512401552522e-06,0.11111663281917572
1786713660.6969798,-0.08980188474004955,-3.1491586634960083,0.19620749000647472,0.0,0.0,5.623755896522198e-07,0.1111152395606041
1786713661.7966118,-0.3974838449551372,-3.60465256208748,0.19620984180751558,0.0,0.0,1.0989468819389003e-06,2.4866338208084926e-05
1786713661.796766,-0.28490824791482383,-3.105182107569298,0.19620604476772316,0.0,0.0,7.589279107378388e-07,2.1433437723317184e-05
1786713662.8968723,-0.5925881650868412,-3.5606784009371677,0.1962098652376927,0.0,0.0,6.724064292029652e-07,0.06944643706083298
1786713662.8969955,-0.48001314577679105,-3.061207816198445,0.1962070191427495,0.0,0.0,4.858861188949959e-07,0.07953023165464401
1786713663.7135391,-0.813982629803902,-3.5108360294901657,0.19620317827736422,0.0,0.0,5.278853336676548e-07,0.9999532699584961
1786713663.7136214,-0.6979168729695729,-3.012165055712535,0.1962046424336361,0.0,0.0,5.138451228958729e-07,0.9782917499542236
1786713663.7137277,-0.8665182948046102,-3.497879472323169,0.19619980843413634,0.0,0.0,8.002961635611427e-07,0.9754675030708313
1786713663.7138207,-0.7424077923695449,-3.001149582801972,0.1962062563105668,0.0,0.0,8.958976422945852e-07,0.9585700035095215
1786713663.7139475,-0.8931022358614363,-3.490600016694595,0.19619984260540752,0.0,0.0,9.073310707208293e-07,0.9682266116142273
1786713663.7140503,-0.7638037517171316,-2.995195230728528,0.19620615928342422,0.0,0.0,8.958976422945852e-07,0.9530385136604309
1786713663.7141693,-0.9197575681351272,-3.4826947687284324,0.19619932993658692,0.0,0.0,7.885662398621207e-07,0.9716975688934326
1786713663.714264,-0.7845619681902439,-2.9888667119119843,0.19620684216572895,0.0,0.0,8.691702646501653e-07,0.9587475657463074
1786713663.7143679,-0.94649658905522,-3.47423435724144,0.1961981607719693,0.0,0.0,8.736947165743914e-07,0.9872492551803589
1786713663.7144809,-0.8052612828650353,-2.9820996315619324,0.19620626760300988,0.0,0.0,9.2020621877964e-07,0.9765374660491943
1786713663.8467698,-0.9727219022208231,-3.465416785391799,0.196197671050349,0.0,0.0,7.086059667926747e-07,0.986031174659729
1786713663.8469968,-0.8265849625296042,-2.974715252111949,0.19620739161008274,0.0,0.0,1.3006358585698763e-06,0.975077211856842
1786713663.9967852,-0.999053200876917,-3.456019127015319,0.1961976654744011,0.0,0.0,4.479672099932941e-07,0.9942077398300171
1786713663.997004,-0.8479123836620112,-2.9668356713899544,0.19620834429164952,0.0,0.0,1.2725942042379756e-06,0.9845008254051208
1786713664.147723,-1.0250199103471556,-3.4464359809167924,0.1961986859403469,0.0,0.0,1.5097903087735176e-06,0.9794712066650391
1786713664.1478634,-0.8695061913475034,-2.9586250717422153,0.19620833838513896,0.0,0.0,1.2725942042379756e-06,0.9733412265777588
1786713664.2966492,-1.0499689930841187,-3.4370768351944037,0.19619932985248023,0.0,0.0,1.5097903087735176e-06,0.9562023282051086
1786713664.296802,-0.892061539122447,-2.9500355269992475,0.19620907119085496,0.0,0.0,1.3140161172486842e-06,0.9514089226722717
1786713664.4467905,-1.074468163788757,-3.4278633544735557,0.19620090582689467,0.0,0.0,1.3320449170350912e-06,0.9182814955711365
1786713664.446942,-0.9149345369431306,-2.9413522838325497,0.19620792173659476,0.0,0.0,1.3558418459069799e-06,0.9155281782150269
1786713664.7467072,-1.0985939309070434,-3.4188743191025077,0.19620182151211904,0.0,0.0,9.56374151428463e-07,0.7506213784217834
1786713664.746873,-0.9381566262393978,-2.9326605068388014,0.19620773547002338,0.0,0.0,1.3515135606212425e-06,0.7585500478744507
1786713665.9969468,-1.1456732985730813,-3.402665054830545,0.1962042093950135,0.0,0.0,8.92663365448243e-07,0.08012634515762329
1786713665.9971023,-0.9860545081409287,-2.916181918701166,0.19620585292861767,0.0,0.0,1.2287299568924936e-06,0.08653361350297928
1786713667.0491724,-1.311486843812995,-3.348753681291892,0.1962062283864037,0.0,0.0,7.101461392267083e-07,0.12496555596590042
1786713667.0492494,-1.1530875792110082,-2.861872101261971,0.1962051713389639,0.0,0.0,3.1977495495993935e-07,0.1249656155705452
1786713668.4967983,-1.5016739750574066,-3.286879114568806,0.1962061651369064,0.0,0.0,8.72225484727096e-07,9.015932846523356e-06
1786713668.4969466,-1.343275554189348,-2.7999972600439937,0.1962051727688853,0.0,0.0,1.3450527092118136e-07,8.532789252058137e-06
1786713669.9466922,-1.715634380981678,-3.2172707905479285,0.1962078280179274,4.371941089630127,1.5869736671447754,8.53624953833787e-07,0.37357932329177856
1786713669.946849,-1.5572357931319007,-2.7303889903566114,0.196204720055505,0.0,0.0,2.509721355181682e-07,0.356857568025589
1786713670.1022162,-1.931382295278024,-3.145978785871301,0.1962026514398945,0.0,0.0,2.73676192819039e-07,0.972691535949707
1786713670.1023028,-1.7662331001443565,-2.6613451682462728,0.1962064435591159,0.0,0.0,9.274848480345099e-07,0.9531588554382324
1786713670.2466161,-1.9561863627349279,-3.1366660168664815,0.19619960624635585,0.0,0.0,1.800086266712242e-07,0.9630388021469116
1786713670.2467713,-1.7867768324377626,-2.6535051627050477,0.19620671171729515,0.0,0.0,9.603880926079e-07,0.9456189274787903
1786713670.397766,-1.9811750190540578,-3.1266028112313076,0.1961988467452185,0.0,0.0,1.8709202720401663e-07,0.979132354259491
1786713670.3978446,-1.806637680008214,-2.645270579604398,0.1962075562206925,0.0,0.0,9.64469450082106e-07,0.9665188789367676
1786713670.5966196,-2.005911176367991,-3.1163304698853564,0.19620040502702926,0.0,0.0,3.005854978255229e-07,0.9551628232002258
1786713670.596746,-1.826774137581982,-2.636691104040668,0.1962085955476708,0.0,0.0,8.963186246546684e-07,0.9506863355636597
1786713670.7468994,-2.029159628534256,-3.1065956852163947,0.19620123686412858,0.0,0.0,3.877181597999879e-07,0.9154855608940125
1786713670.7469673,-1.8485430955234992,-2.6275114880672876,0.19620795767561114,0.0,0.0,9.249596928384562e-07,0.9133315682411194
1786713671.0468166,-2.05214216496689,-3.0970230771250002,0.19620090459442138,0.0,0.0,2.271746097903815e-07,0.7430183291435242
1786713671.047058,-1.8707673583714448,-2.6182254377363434,0.19620785549170136,0.0,0.0,8.454514954792103e-07,0.7519485950469971
1786713672.1967108,-2.0978173148652663,-3.0791132162826247,0.19620395113615202,0.0,0.0,2.778916723400471e-07,0.043381113559007645
1786713672.1969028,-1.9173997213330292,-2.5999540653314583,0.19620589899037766,0.0,0.0,7.747424888293608e-07,0.03748393803834915
1786713672.5967839,-2.284576117530123,-3.009357740581894,0.19620769575489586,0.0,0.0,7.549888778157765e-06,0.8783513903617859
1786713672.5969126,-2.1053570938730575,-2.5297490025946434,0.1962053114831501,0.0,0.0,5.74172815959173e-07,0.8478593230247498
1786713672.7467227,-2.3579164966456356,-2.9806619025413608,0.19620112160008435,0.0,0.0,6.755112553946674e-05,0.9786302447319031
1786713672.7468483,-2.1718284579638936,-2.5036763243187194,0.19620633650060526,0.0,0.0,2.4271807319564687e-07,0.9755380153656006
1786713672.8994582,-2.358088700737135,-2.979762140650505,0.1961997503144279,0.0,0.0,3.9829079469200224e-05,0.9788553714752197
1786713672.9008844,-2.1712802903727035,-2.5030582306923557,0.19620665879210544,0.0,0.0,2.4271807319564687e-07,0.965191125869751
1786713672.9965472,-2.382972956000493,-2.968648832048312,0.19619787167896946,0.0,0.0,7.249225018313155e-05,0.9219962358474731
1786713672.9966686,-2.1922694434798307,-2.4934897321721916,0.19620869742350344,0.0,0.0,5.752962124461192e-07,0.8927488327026367
1786713673.146815,-2.434008501205625,-2.9457847945751676,0.19619826788120015,0.0,0.0,9.521111496724188e-05,0.9586564302444458
1786713673.147077,-2.232739934185325,-2.475003567439416,0.19620857083468474,0.0,0.0,7.836138706807105e-07,0.944879412651062
1786713673.3012402,-2.459551921056954,-2.9326714148963315,0.1961967317835166,0.0,0.0,8.56213882798329e-05,0.9755110144615173
1786713673.3014355,-2.2523176917456893,-2.4644855820621654,0.19620835695415556,0.0,0.0,7.876648737692449e-07,0.9640621542930603
1786713673.4506688,-2.4845151524589624,-2.9192385319961076,0.19619552976512586,0.0,0.0,8.733706636121497e-05,0.958050549030304
1786713673.4508367,-2.272417765034399,-2.453235637099546,0.19620951900323977,0.0,0.0,1.052080733643379e-06,0.9637960195541382
1786713673.5465662,-2.4832335177410565,-2.9172294035689235,0.19619676462807,0.0,0.0,8.733706636121497e-05,0.974570631980896
1786713673.546676,-2.2731938564905025,-2.450295424789125,0.19620951687353405,0.0,0.0,7.38451603865542e-07,0.962746798992157
1786713673.6966655,-2.5082344013909563,-2.9028719879407787,0.1961962430636992,0.0,0.0,5.488480019266717e-05,0.9742213487625122
1786713673.6968148,-2.293185370148161,-2.4382238264647875,0.1962103326359183,0.0,0.0,1.3691133062820882e-06,0.9622356295585632
1786713673.8466852,-2.5331600491648327,-2.8879121763284257,0.19619729641877312,0.0,0.0,5.2948777010897174e-05,0.9210994839668274
1786713673.84685,-2.3130584863968773,-2.4256359581457403,0.19621032785626188,0.0,0.0,1.3691133062820882e-06,0.8942751884460449
1786713673.946656,-2.583476504935977,-2.8602455652180447,0.19619685100200346,0.0,0.0,5.5754248023731634e-05,0.9871458411216736
1786713673.9467957,-2.3520176765617653,-2.403550031425964,0.19621034188478553,0.0,0.0,1.3081499901090865e-06,0.9790431261062622
1786713674.0966716,-2.6069810299071703,-2.8457824023648697,0.19619786812653878,0.0,0.0,4.752144741360098e-05,0.9719035625457764
1786713674.0968945,-2.372747659797282,-2.390503665566364,0.19620995618605047,0.0,0.0,1.4825944845142658e-06,0.9641007781028748
1786713674.246844,-2.630156834891023,-2.831722578818341,0.1961997067417285,0.0,0.0,5.9432008129078895e-05,0.9417405724525452
1786713674.2470043,-2.393719499552995,-2.3775845091065158,0.1962095388636733,0.0,0.0,1.4825944845142658e-06,0.934891402721405
1786713674.5482001,-2.6529923523287473,-2.8183436649733458,0.19619840931238014,0.0,0.0,5.515099110198207e-05,0.755961000919342
1786713674.5482795,-2.414990442046157,-2.3650235897733363,0.19620947707454217,0.0,0.0,1.4825944845142658e-06,0.7629213333129883
1786713674.8966422,-2.696703065611795,-2.7946474281888274,0.1962029873827976,0.0,0.0,5.453349513118155e-05,0.42579948902130127
1786713674.8967848,-2.4592803297820534,-2.341023746601824,0.19620680494941292,0.0,0.0,1.1655159823931172e-06,0.4510674774646759
1786713675.0466135,-2.761665558541851,-2.7626891083967213,0.1961882957599979,0.0,0.0,5.8433302910998464e-05,0.7458333969116211
1786713675.0467627,-2.5314593996604904,-2.3053608636825245,0.19615667738767123,0.0,0.0,9.290110369875038e-07,0.7606709599494934
1786713675.1968474,-2.7831612489956186,-2.7531001576753553,0.19618776941648033,0.0,0.0,4.6451197704300284e-05,0.7901031970977783
1786713675.1970613,-2.5567727698375355,-2.293870089762521,0.19615270855859787,0.0,0.0,7.612111971866398e-07,0.8034427165985107
1786713675.3469207,-2.804624866268994,-2.744193131281284,0.19620925047231993,0.0,0.0,4.984761403648008e-07,0.8167747855186462
1786713675.3470407,-2.5827348819829634,-2.2827726812924323,0.19615263218357462,0.0,0.0,1.0326322126275045e-06,0.8291949033737183
1786713675.499457,-2.8261698811049185,-2.736028475455723,0.19621129434364049,0.0,0.0,6.289357088462566e-07,0.8442188501358032
1786713675.4996312,-2.6094627628240405,-2.27215131024957,0.19618923304470576,0.0,0.0,1.0326322126275045e-06,0.8548698425292969
1786713675.5966465,-2.847996162704327,-2.728220165470061,0.19621052335374567,0.0,0.0,5.124523454469454e-07,0.8642779588699341
1786713675.596794,-2.6366359589897015,-2.261882450708213,0.19620178211441258,0.0,0.0,1.065960418600298e-06,0.8725483417510986
1786713675.746896,-2.8706858666176625,-2.7204587059210583,0.196209862733025,0.0,0.0,1.564964122735546e-07,0.862654447555542
1786713675.7470446,-2.663600408943234,-2.2522070501323963,0.19620143960926867,0.0,0.0,1.1937040653720032e-06,0.8710750341415405
1786713675.8983562,-2.89366023147707,-2.713052416052534,0.19620803579793752,0.0,0.0,3.9117088590501226e-07,0.8597633242607117
1786713675.8984876,-2.690938940115502,-2.2428949126714555,0.19620146547335118,0.0,0.0,3.630203195825743e-07,0.868486762046814
1786713675.996767,-2.9168192991850708,-2.7059666419988337,0.1962074172633211,0.0,0.0,3.9117088590501226e-07,0.8561226725578308
1786713675.9969301,-2.71862317356113,-2.2338837088686345,0.1962015141297441,0.0,0.0,7.829556238903024e-07,0.8652393817901611
1786713676.1468658,-2.940102458373469,-2.699186005282096,0.1962040166685058,0.0,0.0,3.7714841027991497e-07,0.8524854779243469
1786713676.1470735,-2.746636060863795,-2.225145128318277,0.1962026019250629,0.0,0.0,1.324895038123941e-06,0.8619952201843262
1786713676.3032544,-2.963501865040837,-2.692719834070081,0.19620306386010572,0.0,0.0,3.7868042568334204e-07,0.8488540053367615
1786713676.303325,-2.774971248399824,-2.216694407660733,0.19620219301596314,0.0,0.0,8.943096645452897e-07,0.8587578535079956
1786713676.4467678,-2.987006017442746,-2.6865827904664106,0.1962014142062465,0.0,0.0,4.0332676576326776e-07,0.8452478647232056
1786713676.4469159,-2.8036194780341575,-2.208552062203761,0.1962020642696876,0.0,0.0,1.5815187452972168e-06,0.8555457592010498
1786713676.546705,-3.0106001758180256,-2.6807891316451102,0.19619820323631518,0.0,0.0,3.1756528073856316e-07,0.9720970988273621
1786713676.5468502,-2.832567919108143,-2.200738597265962,0.19620182001065808,0.0,0.0,1.564241642881825e-06,0.9675990343093872
1786713676.7006893,-3.01441990528477,-2.6826273519968007,0.1961984124310784,0.0,0.0,3.1756528073856316e-07,0.6516200304031372
1786713676.700868,-2.834732790383746,-2.2031937896169893,0.19619994531651977,0.0,0.0,1.564241642881825e-06,0.6768656373023987
1786713676.846773,-3.058049058261314,-2.6702659695779425,0.1962045636298081,0.0,0.0,9.228676276507031e-07,0.834775984287262
1786713676.8469098,-2.8913394525541114,-2.186166901911603,0.19619752590441114,0.0,0.0,1.0584842584648868e-06,0.846218466758728
1786713676.9970028,-3.081872260236992,-2.665556396091089,0.1962107909303642,0.0,0.0,1.1212314348085783e-06,0.8313746452331543
1786713676.997245,-2.9211385987543497,-2.179440473741272,0.19620057474387204,0.0,0.0,1.2171069556643488e-06,0.8431900143623352
1786713677.1499443,-3.105749165991543,-2.661232314112692,0.19621179069876693,0.0,0.0,1.1149630836371216e-06,0.9820671677589417
1786713677.1500163,-2.951196927900289,-2.1731159288824187,0.1961987248730903,0.0,0.0,2.17881779462914e-06,0.979487955570221
1786713677.3043175,-3.109465856908577,-2.6635810663118553,0.19621072331199862,0.0,0.0,1.1149630836371216e-06,0.6373922228813171
1786713677.3043973,-2.953962599439463,-2.175766822159501,0.19619983470145003,0.0,0.0,1.7726667920214823e-06,0.6640996932983398
1786713677.4467852,-3.1536377116040355,-2.6537833671788205,0.19621151576664816,0.0,0.0,1.386012627335731e-06,0.8216748237609863
1786713677.4469345,-3.0120521673027167,-2.161749289609272,0.19619905853053923,0.0,0.0,2.578893145255279e-06,0.8345551490783691
1786713677.5967505,-3.1776363979990268,-2.6506757104433776,0.19621228291214815,0.0,0.0,1.386012627335731e-06,0.8185736536979675
1786713677.5968943,-3.0428301072433652,-2.156741237261059,0.19619906150859828,0.0,0.0,2.5196015940309735e-06,0.8317944407463074
1786713677.7476213,-3.2016515144217137,-2.6479876177413377,0.1962118424570559,0.0,0.0,1.3161053402654943e-06,0.8155484199523926
1786713677.7477636,-3.0738181535990345,-2.1522027534149464,0.1961989723349347,0.0,0.0,2.8930389817105606e-06,0.8291011452674866
1786713677.8467066,-3.2256799931865316,-2.64572722748437,0.19621242768114303,0.0,0.0,1.2441799981388613e-06,0.8128260374069214
1786713677.8468218,-3.10500965468107,-2.1481504301814347,0.19619861714105416,0.0,0.0,3.7122749745321926e-06,0.8266795873641968
1786713677.9968567,-3.249704660751193,-2.6439010578479674,0.19621200466747304,0.0,0.0,1.9665833406179445e-06,0.8106040954589844
1786713677.996976,-3.136371907232511,-2.1446018621542513,0.19619937605381457,0.0,0.0,2.1998316697136033e-06,0.8247092962265015
1786713678.147478,-3.2737031380741617,-2.6425100545428406,0.1962125016393335,0.0,0.0,1.949306579263066e-06,0.8084774017333984
1786713678.1505127,-3.1678577156217176,-2.1415701915494334,0.19619800991779832,0.0,0.0,1.992845682252664e-06,0.8228243589401245
1786713678.2967305,-3.297658955037936,-2.6415546081891277,0.19621254050055753,0.0,0.0,2.2015929062035866e-06,0.8067668676376343
1786713678.2968328,-3.1994450126217995,-2.1390627959819346,0.19619913114936316,0.0,0.0,2.750543899310287e-06,0.8213140964508057
1786713678.4492366,-3.3215504532183817,-2.641031558229684,0.1962128339515272,0.0,0.0,2.074847088806564e-06,0.8055253624916077
1786713678.4494488,-3.231090412955847,-2.1370861436359907,0.1961978109470011,0.0,0.0,2.2139563498058124e-06,0.8202260136604309
1786713678.6468978,-3.3453638292494996,-2.640942171611467,0.19621289716711507,0.0,0.0,1.372147607980878e-06,0.8041612505912781
1786713678.647118,-3.262755228440357,-2.1356503560408644,0.1961991232829721,0.0,0.0,1.2683792647294467e-06,0.8190261721611023
1786713678.7469695,-3.3690891136698284,-2.641279550856419,0.19621285554555754,0.0,0.0,1.2784003047272563e-06,0.8028081655502319
1786713678.7473187,-3.2944339369526037,-2.134751561160618,0.19619723342556242,0.0,0.0,6.445182521019888e-07,0.8178345561027527
1786713678.9032767,-3.392727454175849,-2.6420508705003236,0.19621327167254518,0.0,0.0,1.7953657334146556e-06,0.8246442675590515
1786713678.9034605,-3.3261249257723517,-2.1344012837643893,0.19619603519097314,0.0,0.0,1.2444999129002099e-06,0.8378245830535889
1786713679.056195,-3.4143084098993177,-2.6426548528869835,0.1962116356274785,0.0,0.0,1.2687822845691699e-06,0.8546626567840576
1786713679.0562835,-3.3548013732917084,-2.134124703916364,0.19619814114958878,0.0,0.0,1.6128688002936542e-06,0.8649718165397644
1786713679.1967494,-3.4315324284976034,-2.6429889900773804,0.1962105058042532,0.0,0.0,1.2687822845691699e-06,0.8634272813796997
1786713679.1968932,-3.3767166179607973,-2.133931796036429,0.19620000124881287,0.0,0.0,1.6128688002936542e-06,0.8724067807197571
1786713679.358402,-3.446578813653629,-2.643097951047736,0.19620904348363638,0.0,0.0,2.0343600226624403e-06,0.8812875151634216
1786713679.3585167,-3.395094244500091,-2.1336930638650418,0.19620173176036,0.0,0.0,1.9308436094434e-06,0.8876755237579346
1786713679.5967808,-3.459402348365158,-2.642879691221185,0.19620815384208232,0.0,0.0,1.448140096727002e-06,0.931730329990387
1786713679.596872,-3.4097864142257572,-2.133289405744762,0.1962029067667255,0.0,0.0,3.7513959796342533e-06,0.9279618859291077
1786713681.2967882,-3.500219692886701,-2.6392496900233104,0.19620494180750664,0.0,0.0,1.6786688092906843e-06,0.8869583606719971
1786713681.2969391,-3.455776674987487,-2.129182225701236,0.19620469845356953,0.0,0.0,3.177638973284047e-06,0.8954702615737915
1786713681.5002153,-3.508079436082156,-2.638709739536078,0.19620345337000494,0.0,0.0,1.6786688092906843e-06,0.9002306461334229
1786713681.50141,-3.4666709245625973,-2.128386964056138,0.19620388327047028,0.0,0.0,3.177638973284047e-06,0.9076353311538696
1786713681.5971258,-3.517351203589689,-2.638317581892951,0.19620243880118782,0.0,0.0,1.8527335896578734e-06,0.9094029664993286
1786713681.5972974,-3.4792532190577266,-2.127736987301519,0.1962035623715117,0.0,0.0,3.177638973284047e-06,0.9159019589424133
1786713681.6966386,-3.528550237002354,-2.6378995424466947,0.19620605746844352,0.0,0.0,2.2488084141514264e-06,0.933497428894043
1786713681.69677,-3.493963804492397,-2.1270690630488724,0.19620395371316182,0.0,0.0,3.452416876825737e-06,0.9369671940803528
1786713681.846935,-3.542780497878032,-2.6375896182025045,0.19620730117013516,0.0,0.0,2.2488084141514264e-06,0.9355195760726929
1786713681.8470836,-3.5102131931697644,-2.1266264388475546,0.19620455895834546,0.0,0.0,4.7337634896393865e-06,0.938084602355957
1786713681.9969256,-3.559759672441091,-2.6370936071935978,0.19620605742914524,0.0,0.0,2.2304582216747804e-06,0.9338477849960327
1786713681.9971578,-3.528806212300685,-2.126030124541856,0.19620377500091504,0.0,0.0,3.69687359125237e-06,0.935982882976532
1786713682.0979753,-3.5790670790158376,-2.636453606424265,0.19620667532072675,0.0,0.0,2.2304582216747804e-06,0.9310744404792786
1786713682.0980365,-3.549556080206889,-2.125304801335492,0.19620430509740552,0.0,0.0,2.0392462829477154e-06,0.9334569573402405
1786713682.2467992,-3.5987027404308964,-2.635926268617416,0.19620640551448326,0.0,0.0,2.2304582216747804e-06,0.9329740405082703
1786713682.2469409,-3.570767412268557,-2.1246889289836277,0.1962042538489296,0.0,0.0,2.0392462829477154e-06,0.9358200430870056
1786713682.4026835,-3.6158469568690954,-2.635720936810829,0.1962069606277409,0.0,0.0,2.753512944764225e-06,0.9293097257614136
1786713682.4027557,-3.589676720711945,-2.124390203593456,0.19620434099236989,0.0,0.0,2.113083382937475e-06,0.9325559139251709
1786713682.4968386,-3.6329975117453133,-2.635691629380258,0.1962076777134889,0.0,0.0,3.0165906537149567e-06,0.9249019026756287
1786713682.4969468,-3.608796796824297,-2.1242638970639844,0.19620378597887833,0.0,0.0,1.963234353752341e-06,0.9286205768585205
1786713682.6470656,-3.6501506342908114,-2.635841420256608,0.19620785775449534,0.0,0.0,2.801106802508002e-06,0.9202566742897034
1786713682.6472118,-3.628161573885659,-2.124313824514871,0.196203713208424,0.0,0.0,1.6948026768659474e-06,0.9244661331176758
1786713682.749179,-3.6673130237701668,-2.6361999243063705,0.1962077216841068,0.0,0.0,2.801106802508002e-06,0.9176377058029175
1786713682.7492623,-3.647787613349053,-2.1245723660883336,0.19620327909289112,0.0,0.0,1.374023327116447e-06,0.9221620559692383
1786713682.8968923,-3.6840160778341318,-2.636251760422775,0.19620764021980386,0.0,0.0,2.801106802508002e-06,0.9304732084274292
1786713682.8971534,-3.6671133958968607,-2.1245308410531,0.1962028672077923,0.0,0.0,2.085331061607576e-06,0.9335858225822449
1786713683.04674,-3.6983090352273567,-2.636257371778747,0.1962069464953031,0.0,0.0,2.7787143608293263e-06,0.9045499563217163
1786713683.0469205,-3.682995895912622,-2.124486419351582,0.1962029315379433,0.0,0.0,1.9860851807607105e-06,0.909598171710968
1786713683.71821,-3.711884336348437,-2.636342016293334,0.19620527594188358,0.0,0.0,0.0007586457650177181,0.8862268924713135
1786713683.7193584,-3.6985519914992273,-2.124515631100382,0.19620420968798252,0.0,0.0,2.962491407743073e-06,0.8921101093292236
1786713683.7194254,-3.72439273913853,-2.636374086686633,0.19620608878285473,0.0,0.0,0.0007586457650177181,0.9478984475135803
1786713683.7194571,-3.7128116872910937,-2.1245050807593655,0.19620306586323566,0.0,0.0,0.0006465784390456975,0.9393015503883362
1786713684.453291,-3.735821204299833,-2.636300834664987,0.1962053678914061,0.0,0.0,0.0007349430816248059,0.16367840766906738
1786713684.453401,-3.7224589947846147,-2.124475228274809,0.196204922971112,0.0,0.0,0.0006465784390456975,0.16312482953071594
1786713685.7469094,-3.9437844017308326,-2.6303047612505335,0.1982497330953229,5.420416831970215,-13.315558433532715,0.045738402754068375,0.07547871768474579
1786713685.7470262,-3.9305608270823376,-2.118477125921183,0.19698135354571789,2.4023056030273438,-6.237637996673584,0.04003262519836426,0.07054406404495239
1786713686.8467648,-4.153948894460772,-2.620038868171566,0.22747893299017724,35.16444396972656,-58.67414474487305,0.22807914018630981,0.43514910340309143
1786713686.8469117,-4.139791446225942,-2.1082852407458716,0.22028230349283645,20.376428604125977,-39.99776077270508,0.22263289988040924,0.4844367802143097
1786713686.946737,-4.344287067441521,-2.6305947068048336,0.2552300063661696,58.78895568847656,-82.15779876708984,0.35307103395462036,0.32413193583488464
1786713686.9468546,-4.291589805363372,-2.121542305841168,0.23997708393817951,37.32396697998047,-61.03898239135742,0.29965972900390625,0.26396214962005615
1786713687.2468204,-4.369622114584319,-2.6361017381852685,0.2584167533244128,58.78895568847656,-82.15779876708984,0.35307103395462036,0.18238872289657593
1786713687.2469232,-4.300348656192096,-2.12904658551897,0.24291642697501387,43.8568000793457,-67.81952667236328,0.3359149992465973,0.11013899743556976
1786713687.3969078,-4.426327131723451,-2.6474619113475955,0.26433655388815797,64.21564483642578,-87.46720123291016,0.36765292286872864,0.665664792060852
1786713687.3970764,-4.318906001683193,-2.147066843884045,0.24986322396644484,47.00803756713867,-70.93161010742188,0.3419215977191925,0.6353870034217834
1786713689.0471218,-4.445031007872636,-2.649508328704394,0.26898534136965385,64.21564483642578,-87.46720123291016,0.36658960580825806,0.17457924783229828
1786713689.047271,-4.329711270646563,-2.150939425975029,0.252420093489025,50.379215240478516,-74.18045806884766,0.3363768756389618,0.1267118602991104
1786713689.4968147,-4.544385370092781,-2.6105478067924928,0.2995625190961811,64.21564483642578,-87.46720123291016,0.3700914680957794,0.1968095600605011
1786713689.49697,-4.440729888481492,-2.1093682571412584,0.2847773865868904,61.4006233215332,-84.7106704711914,0.37063032388687134,0.2510446310043335
1786713691.0469418,-4.56678871877743,-2.5965289456365594,0.30938209413393064,64.21564483642578,-87.46720123291016,0.3704849183559418,0.4204370081424713
1786713691.0470853,-4.477963339834182,-2.0926839450059695,0.28952592644858016,61.4006233215332,-84.7106704711914,0.37029969692230225,0.3882060647010803
1786713692.3983836,-4.702236367268651,-2.576631972542771,0.3135990648211291,64.21564483642578,-87.46720123291016,0.3716876804828644,0.09264691174030304
1786713692.3984551,-4.608829493000612,-2.073507276317016,0.2967261312523608,64.21564483642578,-87.46720123291016,0.3759511411190033,0.08393363654613495
1786713693.646862,-4.882969427370386,-2.5409164867761103,0.32391135844362773,64.21564483642578,-87.46720123291016,0.37672170996665955,0.01358109712600708
1786713693.6469927,-4.78993590575899,-2.037706923971684,0.3075131951696606,64.21564483642578,-87.46720123291016,0.37821924686431885,0.013582008890807629
1786713694.4982212,-5.100745407252838,-2.499395719198521,0.3623112964628674,64.21564483642578,-87.46720123291016,0.37465769052505493,0.44962820410728455
1786713694.4983444,-5.007703696502442,-1.996187723726786,0.3459114990873635,64.21564483642578,-87.46720123291016,0.3721519112586975,0.4577229917049408
1786713694.647295,-5.237659781412276,-2.4725201877913703,0.3864504745717056,64.21564483642578,-87.46720123291016,0.3671024739742279,0.9355531930923462
1786713694.6474907,-5.14925579945357,-1.9684510408135105,0.37086102176355534,64.21564483642578,-87.46720123291016,0.3680829703807831,0.9292542338371277
1786713694.7467153,-5.233861642054961,-2.4724940163509017,0.38578173507154984,64.21564483642578,-87.46720123291016,0.3671024739742279,0.6254112720489502
1786713694.7468157,-5.144340754587024,-1.9686282482092188,0.3699925488371513,64.21564483642578,-87.46720123291016,0.3689654767513275,0.6421345472335815
1786713694.9002624,-5.273521793164626,-2.464607274132355,0.39277454617858726,64.21564483642578,-87.46720123291016,0.36510828137397766,0.8617677092552185
1786713694.9003499,-5.19061237801553,-1.959576431300154,0.378150023354536,64.21564483642578,-87.46720123291016,0.36667197942733765,0.8682026267051697
1786713695.047019,-5.289519768787272,-2.460907789845293,0.3955932515625165,64.21564483642578,-87.46720123291016,0.3639749586582184,0.8806963562965393
1786713695.0471861,-5.209730155290009,-1.9553590269562404,0.3815196621374299,64.21564483642578,-87.46720123291016,0.36667197942733765,0.8679138422012329
1786713695.1969354,-5.2847657697318775,-2.4606936751516404,0.39475596545208136,64.21564483642578,-87.46720123291016,0.3639749586582184,0.6786709427833557
1786713695.197767,-5.200571819937589,-1.9558819208399043,0.3799076818225202,64.21564483642578,-87.46720123291016,0.36667197942733765,0.6949714422225952
1786713695.2967896,-5.321794365675325,-2.4536871935735056,0.40128727442274553,64.21564483642578,-87.46720123291016,0.3629584014415741,0.9215874671936035
1786713695.29693,-5.24681194051467,-1.9473802655165948,0.3880611442781779,64.21564483642578,-87.46720123291016,0.36478257179260254,0.924212634563446
1786713695.4468598,-5.338274734036468,-2.4501439622039327,0.40419027661521395,64.21564483642578,-87.46720123291016,0.36256930232048035,0.9230324029922485
1786713695.4470544,-5.264980962096339,-1.9435820822514294,0.39126414905225676,64.21564483642578,-87.46720123291016,0.3643215596675873,0.925553560256958
1786713695.5982075,-5.354772594800349,-2.446674114981471,0.4070994705344825,64.21564483642578,-87.46720123291016,0.36256930232048035,0.845384955406189
1786713695.5982835,-5.2831138336021555,-1.9398711389541743,0.39445963535296336,64.21564483642578,-87.46720123291016,0.36405640840530396,0.8288509249687195
1786713695.8467712,-5.382765881883182,-2.4405181556002793,0.4120399158621942,64.21564483642578,-87.46720123291016,0.3618738353252411,0.9442369341850281
1786713695.8469048,-5.313470353353368,-1.9333765485831502,0.39981207231324895,64.21564483642578,-87.46720123291016,0.36204585433006287,0.9449816942214966
1786713696.0011778,-5.394121986567942,-2.437930333333606,0.4140429220913006,64.21564483642578,-87.46720123291016,0.36005064845085144,0.9435397982597351
1786713696.001255,-5.3253182559807115,-1.930719644006707,0.4019035938639309,64.21564483642578,-87.46720123291016,0.36210253834724426,0.9435667991638184
1786713696.307235,-5.404357093192545,-2.4356796486115218,0.4158470323105067,64.21564483642578,-87.46720123291016,0.36005064845085144,0.8791697025299072
1786713696.3073435,-5.335773901201715,-1.9284381114437916,0.40374873705591063,64.21564483642578,-87.46720123291016,0.3611510694026947,0.8648447394371033
1786713701.7469552,-5.4696873813279945,-2.4254957138698714,0.42736514128446934,64.21564483642578,-87.46720123291016,0.36038440465927124,0.10364729166030884
1786713701.7471497,-5.398409598380291,-1.9186373171319815,0.41479361335998777,64.21564483642578,-87.46720123291016,0.3602103590965271,0.10366024076938629
1786713702.7970855,-5.676747996489133,-2.395280606558123,0.4638760257635359,64.21564483642578,-87.46720123291016,0.3648970127105713,0.01506887562572956
1786713702.797214,-5.605468921419836,-1.8884223170216294,0.45130750216663973,64.21564483642578,-87.46720123291016,0.3665463924407959,0.015074681490659714
1786713703.8972313,-5.871727308975624,-2.3670062370724287,0.4982582557427858,64.21564483642578,-87.46720123291016,0.36969971656799316,0.014943379908800125
1786713703.8974547,-5.800450869693028,-1.860147704157789,0.48568460015606585,64.21564483642578,-87.46720123291016,0.3702314794063568,0.01494974922388792
1786713705.1969,-6.066709085981502,-2.338733764196182,0.532639650393594,64.21564483642578,-87.46720123291016,0.3704879879951477,0.01473396085202694
1786713705.1970243,-5.995434581715971,-1.8318750612588857,0.5200618803836048,64.21564483642578,-87.46720123291016,0.3705894649028778,0.014723134227097034
1786713706.546994,-6.28607042677634,-2.3069286503645063,0.5713178508158201,64.21564483642578,-87.46720123291016,0.3703461289405823,0.01484716311097145
1786713706.5471048,-6.214791762870402,-1.8000703491681076,0.5587474657745823,64.21564483642578,-87.46720123291016,0.37069156765937805,0.014853802509605885
1786713707.7470279,-6.505425242145789,-2.2751211695217957,0.6099989925638652,64.21564483642578,-87.46720123291016,0.37022864818573,0.014899639412760735
1786713707.7501736,-6.434147967836698,-1.7682627194381149,0.5974267315963456,64.21564483642578,-87.46720123291016,0.37021583318710327,0.014899282716214657
1786713708.8472028,-6.700407422846548,-2.2468498573852984,0.6443799616391163,64.21564483642578,-87.46720123291016,0.3739513158798218,0.029895154759287834
1786713708.8474011,-6.629130154414349,-1.7399913372813325,0.6318104905738086,64.21564483642578,-87.46720123291016,0.373148113489151,0.031352654099464417
1786713710.0470507,-6.888114126004045,-2.2194133861354652,0.6857035219235055,61.279296875,-83.46763610839844,0.4261804223060608,0.01881374605000019
1786713710.0472102,-6.816881379534935,-1.7125495122674934,0.6730976027574822,61.87853240966797,-84.28385925292969,0.41426926851272583,0.016514256596565247
1786713716.997216,-7.140479039188009,-2.1824091820411757,0.7422571253863924,54.53804016113281,-74.28543853759766,0.5351750254631042,0.17919211089611053
1786713716.9973245,-7.069200299430082,-1.6755517528422994,0.729652057975713,56.336299896240234,-76.73484802246094,0.5138000845909119,0.17375126481056213
1786713718.0471532,-7.331730246252602,-2.151630768310244,0.7899497533622732,51.47515106201172,-70.11355590820312,0.5575931668281555,0.03545007109642029
1786713718.04739,-7.26199864096495,-1.6447458726076127,0.7712627061760446,52.29307556152344,-71.22763061523438,0.5666351318359375,0.03543350100517273
1786713719.1971216,-7.522974998425998,-2.1234308268256723,0.8411957508106346,51.47515106201172,-70.11355590820312,0.554754376411438,0.03391103819012642
1786713719.1973143,-7.453250972171767,-1.6165449352260146,0.822507437346894,51.47515106201172,-70.11355590820312,0.662483274936676,0.033900726586580276
1786713720.2982302,-7.714228548396258,-2.0952333959009577,0.8924391184194332,51.47515106201172,-70.11355590820312,0.5523444414138794,0.033815499395132065
1786713720.2983093,-7.64450516552519,-1.5883473049839711,0.8737538109317012,51.40936279296875,-70.20681762695312,1.9679902791976929,0.033805981278419495
1786713721.502204,-7.905483693434811,-2.0670367135049394,0.9436826214866425,51.47515106201172,-70.11355590820312,0.5532213449478149,0.03388535603880882
1786713721.5023012,-7.835760463121654,-1.5601504289082073,0.9250019993765761,51.46525955200195,-70.12626647949219,1.0731346607208252,0.03386538475751877
1786713722.5970469,-8.096737142987958,-2.038842058837793,0.9949313602227906,51.47515106201172,-70.11355590820312,0.5557329654693604,0.03368397802114487
1786713722.5977664,-8.027012340589184,-1.5319561637685908,0.976246036828598,51.47515106201172,-70.11355590820312,0.49522534012794495,0.03367415815591812
1786713723.6970546,-8.287990118471537,-2.0106469145693113,1.046173886629028,51.47515106201172,-70.11355590820312,0.5559751987457275,0.03377237543463707
1786713723.6972122,-8.21826466198474,-1.5037609235169243,1.0274936084580006,51.47515106201172,-70.11355590820312,0.5817809700965881,0.0337560810148716
1786713724.7472403,-8.47924435618132,-1.9824491813476746,1.0974169578294217,51.47515106201172,-70.11355590820312,0.5555341839790344,0.0338389091193676
1786713724.747446,-8.409517635498114,-1.4755632141268666,1.078740752181796,51.47515106201172,-70.11355590820312,0.5902004837989807,0.03381098806858063
1786713725.7971916,-8.67049742429455,-1.954254059179347,1.148655909094177,51.47515106201172,-70.11355590820312,0.5552901029586792,0.03385939449071884
1786713725.7973762,-8.600766902163857,-1.4473683737139926,1.129986250455123,51.47515106201172,-70.11355590820312,0.5253795981407166,0.033845316618680954
1786713726.7974072,-8.861750830964938,-1.926060495282957,1.1998910580770397,51.47515106201172,-70.11355590820312,0.5557816624641418,0.03435376286506653
1786713726.7976148,-8.79202126940851,-1.4191742865970385,1.181232020342914,51.47515106201172,-70.11355590820312,0.5420021414756775,0.034401822835206985
1786713727.7972462,-9.053000160851933,-1.8978598393630854,1.2511598488788869,51.47515106201172,-70.11355590820312,0.5556344389915466,0.033930566161870956
1786713727.7973847,-8.983285011969176,-1.3909725109732995,1.2324773882775533,51.47515106201172,-70.11355590820312,0.555465042591095,0.03391788527369499
1786713728.8972757,-9.244253904076755,-1.869667131972872,1.3024069683147235,51.47515106201172,-70.11355590820312,0.5553253889083862,0.0337708480656147
1786713728.897497,-9.174538760856423,-1.3627797744377794,1.2837252773618157,51.47515106201172,-70.11355590820312,0.5553174018859863,0.033762428909540176
1786713730.0491703,-9.435507307426281,-1.8414734552053231,1.3536516551299789,51.47515106201172,-70.11355590820312,0.5551319718360901,0.03376788645982742
1786713730.0492408,-9.36579246069483,-1.3345860133018606,1.3349711469523657,51.47515106201172,-70.11355590820312,0.5554112792015076,0.033758655190467834
1786713730.5012598,-9.626759442224058,-1.8132813621141866,1.4049000625662795,51.47515106201172,-70.11355590820312,0.5556029677391052,0.5106855034828186
1786713730.5013492,-9.557044484770541,-1.306394025095447,1.386217121756393,51.47515106201172,-70.11355590820312,0.5559281706809998,0.5200597047805786
1786713730.6477702,-9.690126659139203,-1.8032979026656837,1.4218743598129975,51.47515106201172,-70.11355590820312,0.555557906627655,0.7233633399009705
1786713730.6502485,-9.624575425310663,-1.2958154184113786,1.4043083722621996,51.47515106201172,-70.11355590820312,0.5560995936393738,0.7296753525733948
1786713730.7480922,-9.708509145953583,-1.8001917806357435,1.4268011201346669,51.47515106201172,-70.11355590820312,0.5554462671279907,0.8237177133560181
1786713730.7481747,-9.645279591458204,-1.2923936798262456,1.409856733082227,51.47515106201172,-70.11355590820312,0.5560266375541687,0.8112375736236572
1786713730.8973346,-9.704132052938222,-1.8000636570743016,1.4256275534007146,51.47515106201172,-70.11355590820312,0.5554462671279907,0.4706074297428131
1786713730.8974383,-9.638544791517225,-1.2925861818592728,1.4080513396823542,51.47515106201172,-70.11355590820312,0.5560266375541687,0.4839823246002197
1786713731.0472481,-9.741476624784875,-1.7943352521914289,1.435634291555065,51.47515106201172,-70.11355590820312,0.5554443001747131,0.837898313999176
1786713731.0473814,-9.683537914633598,-1.2858610564801127,1.4201069556040171,51.47515106201172,-70.11355590820312,0.5557055473327637,0.8417510390281677
1786713731.147261,-9.757154700663031,-1.791555319573455,1.4398364691782053,51.47515106201172,-70.11355590820312,0.5554192662239075,0.9014800190925598
1786713731.1473796,-9.701919717330183,-1.2827587619046499,1.4250324318709717,51.47515106201172,-70.11355590820312,0.5556991100311279,0.9032427072525024
1786713731.2973144,-9.773460504801854,-1.7887441710851182,1.4442048452840546,51.47515106201172,-70.11355590820312,0.555397093296051,0.9035152792930603
1786713731.2976007,-9.719649006757479,-1.2797841016639875,1.4297836659613294,51.47515106201172,-70.11355590820312,0.5556469559669495,0.9052109718322754
1786713731.450226,-9.789779070517625,-1.7860026282367913,1.448576636141552,51.47515106201172,-70.11355590820312,0.5553950071334839,0.9128819108009338
1786713731.4502976,-9.737350470199683,-1.2768878600037916,1.434526916010514,51.47515106201172,-70.11355590820312,0.5556469559669495,0.9141543507575989
1786713731.5971818,-9.807146068073402,-1.783271686131718,1.4532303984703263,51.47515106201172,-70.11355590820312,0.5553692579269409,0.9443569779396057
1786713731.5973487,-9.755867873307986,-1.274031378325234,1.4394879224649777,51.47515106201172,-70.11355590820312,0.5556469559669495,0.942314088344574
1786713731.6975176,-9.826412524035101,-1.7804328978114885,1.458392242784495,51.47515106201172,-70.11355590820312,0.5553672313690186,0.9253184199333191
1786713731.6976323,-9.77483191243954,-1.2712253119069596,1.4445692559614582,51.47515106201172,-70.11355590820312,0.5556469559669495,0.921821117401123
1786713731.8471704,-9.846987120926787,-1.777583506483627,1.4639047336635966,51.47515106201172,-70.11355590820312,0.5553672313690186,0.8921831846237183
1786713731.847329,-9.794871617527644,-1.2684342875777572,1.4499388039417103,51.47515106201172,-70.11355590820312,0.5554725527763367,0.8865042328834534
1786713732.147365,-9.8688551205405,-1.774704639487216,1.4697633970019264,51.47515106201172,-70.11355590820312,0.5553672313690186,0.7657474875450134
1786713732.1476161,-9.816004216280506,-1.265636612359065,1.4556026881653916,51.47515106201172,-70.11355590820312,0.5555379390716553,0.7521966695785522
1786713733.44721,-9.916430651335018,-1.768851798159275,1.4825116128396636,51.47515106201172,-70.11355590820312,0.555469274520874,0.05890244245529175
1786713733.4473557,-9.86142165126376,-1.2600289120746735,1.467771175000275,51.47515106201172,-70.11355590820312,0.5556366443634033,0.05340776965022087
1786713734.697165,-10.132965197432508,-1.7431641533828086,1.540530184269914,51.47515106201172,-70.11355590820312,0.5554645657539368,0.03355442360043526
1786713734.6973026,-10.076726579160436,-1.234485301310172,1.5254622292357105,51.47515106201172,-70.11355590820312,0.5556746125221252,0.03355476260185242
1786713735.8502095,-10.348888722572218,-1.7175782042370398,1.5983864817815487,51.47515106201172,-70.11355590820312,0.5587184429168701,0.08600999414920807
1786713735.8502765,-10.292649806406546,-1.2088993876053453,1.58331844213833,51.47515106201172,-70.11355590820312,0.5554797649383545,0.08713113516569138
1786713736.8012035,-10.535080534435794,-1.6953144212071565,1.6543341023654605,48.88863754272461,-66.59049224853516,0.5988169312477112,0.14720779657363892
1786713736.801327,-10.478879503715133,-1.1866322399877798,1.6392383196486735,50.67044448852539,-69.0174560546875,0.5795560479164124,0.14900122582912445
1786713737.7972484,-10.695207257781691,-1.6761034751165298,1.7055870534386854,44.11008834838867,-60.081703186035156,0.6762667298316956,0.1458631455898285
1786713737.7974703,-10.638996318018647,-1.1674223456639148,1.6904927237163196,46.88744354248047,-63.864707946777344,0.643141508102417,0.14794394373893738
1786713738.947225,-10.855305164634546,-1.656862654307096,1.75679989558147,41.21059036254883,-56.1323356628418,0.7193340063095093,0.05407016724348068
1786713738.9474082,-10.799046986251009,-1.1481875396051548,1.7416788821255846,43.27333068847656,-58.941978454589844,0.7142276167869568,0.04717585816979408
1786713739.9971857,-11.040857559561285,-1.6324547480858311,1.8215448148140125,38.069740295410156,-51.94392395019531,0.7413711547851562,0.17707225680351257
1786713739.997333,-10.986282206898792,-1.1237594784244282,1.8016789268178224,39.783695220947266,-54.18878936767578,0.7388231754302979,0.17708083987236023
1786713740.9971726,-11.20423477562333,-1.6126032884892239,1.881009162349401,38.069740295410156,-51.94392395019531,0.7383955717086792,0.055368822067976
1786713740.9973056,-11.149661387114655,-1.1039077119052731,1.861145737906399,38.069740295410156,-51.94392395019531,0.7378743290901184,0.05535734072327614
1786713741.9482882,-11.414296213409488,-1.587082264849578,1.957466513678956,38.069740295410156,-51.94392395019531,0.737528920173645,0.05907467380166054
1786713741.948371,-11.35972268697502,-1.0783868436993487,1.9375994879001066,38.069740295410156,-51.94392395019531,0.7368566989898682,0.05907904729247093
1786713742.8972652,-11.624356670655896,-1.5615621342667152,2.03392162077242,38.069740295410156,-51.94392395019531,0.7404448390007019,0.06203888729214668
1786713742.8974042,-11.56978152851056,-1.0528668640550432,2.014055168545345,38.069740295410156,-51.94392395019531,0.7412474155426025,0.06206890940666199
1786713743.8495417,-11.831373459099535,-1.536321865055814,2.1092689534218625,38.069740295410156,-51.94392395019531,0.7425249814987183,0.05919056013226509
1786713743.8499944,-11.776802251368334,-1.02762615770072,2.089402886743759,38.069740295410156,-51.94392395019531,0.7420908808708191,0.059193674474954605
1786713744.947303,-12.041435288146804,-1.5108025049428908,2.1857231544365607,38.069740295410156,-51.94392395019531,0.7414248585700989,0.13206982612609863
1786713744.947473,-11.98686276014228,-1.002106810219834,2.1658603913502628,38.069740295410156,-51.94392395019531,0.7406585216522217,0.13210058212280273
1786713751.697335,-12.201765888646301,-1.4894822766387643,2.244073571804584,38.069740295410156,-51.94392395019531,0.7413382530212402,0.7856617569923401
1786713751.697491,-12.154404068696744,-0.979968984742076,2.226838044784332,38.069740295410156,-51.94392395019531,0.7404647469520569,0.7722518444061279
1786713751.8986375,-12.158993664160779,-1.4922033569362305,2.2285061707695273,38.069740295410156,-51.94392395019531,0.7417569160461426,0.7602696418762207
1786713751.8988729,-12.117656072218363,-0.9820965884665667,2.2134632902661475,38.069740295410156,-51.94392395019531,0.7405106425285339,0.764202356338501
1786713752.0473948,-12.132999261501391,-1.493748080346907,2.2190449221524444,38.069740295410156,-51.94392395019531,0.7417563796043396,0.8447604179382324
1786713752.0475085,-12.094797866063002,-0.9833644954501505,2.2051434958049407,38.069740295410156,-51.94392395019531,0.7406551837921143,0.8469151854515076
1786713752.1492338,-12.105266838669683,-1.4953916053510743,2.208950546532424,38.069740295410156,-51.94392395019531,0.7417563796043396,0.8426781892776489
1786713752.1493475,-12.068962293707896,-0.9848512244884788,2.195740719743496,38.069740295410156,-51.94392395019531,0.7404999136924744,0.8447266221046448
1786713752.2473116,-12.075217111953242,-1.4971410186752168,2.198013312790888,38.069740295410156,-51.94392395019531,0.7416302561759949,0.5950163006782532
1786713752.247443,-12.040785997058117,-0.9864536773137884,2.1854858349811046,38.069740295410156,-51.94392395019531,0.7406405210494995,0.5688503980636597
1786713752.397462,-12.067462803690072,-1.4970175714443743,2.1951908396973665,38.069740295410156,-51.94392395019531,0.7416302561759949,0.5766710042953491
1786713752.3975701,-12.02765933221979,-0.9867726091773361,2.1807076722253274,38.069740295410156,-51.94392395019531,0.7406405210494995,0.5490761399269104
1786713752.5012596,-12.063685610484416,-1.4963018723176817,2.1938163714264864,38.069740295410156,-51.94392395019531,0.7416302561759949,0.17328934371471405
1786713752.501345,-12.018259623816732,-0.9865889568457724,2.1772868966497865,38.069740295410156,-51.94392395019531,0.7406405210494995,0.15921925008296967
1786713752.5973585,-11.978869888724393,-1.5026006441876123,2.162946235814241,38.069740295410156,-51.94392395019531,0.7417214512825012,0.8769097328186035
1786713752.5975065,-11.949210587507185,-0.9915743492969571,2.152154953145528,38.069740295410156,-51.94392395019531,0.7409022450447083,0.8778647780418396
1786713752.7474074,-11.948168695030958,-1.5043067152150569,2.15177214159389,38.069740295410156,-51.94392395019531,0.7429402470588684,0.8816386461257935
1786713752.74757,-11.919760331109735,-0.9931999491949484,2.1414358662596293,38.069740295410156,-51.94392395019531,0.740917444229126,0.8824267387390137
1786713752.847459,-11.917524658696006,-1.5059860186493261,2.1406184347873047,38.069740295410156,-51.94392395019531,0.7434399127960205,0.8846007585525513
1786713752.8476021,-11.890277456569049,-0.9948076509585193,2.1307054946979544,38.069740295410156,-51.94392395019531,0.7406811714172363,0.8852716684341431
1786713752.9475708,-11.886880474214339,-1.5076284166749423,2.1294653518244573,38.069740295410156,-51.94392395019531,0.7426690459251404,0.8863573670387268
1786713752.947694,-11.860734177440948,-0.9963849498290125,2.119952793157493,38.069740295410156,-51.94392395019531,0.742084801197052,0.8869377970695496
1786713753.097463,-11.856128410264397,-1.5092271921376486,2.118271784939817,38.069740295410156,-51.94392395019531,0.7427818179130554,0.8882072567939758
1786713753.0975509,-11.831040573598411,-0.9979236678320142,2.109144546361878,38.069740295410156,-51.94392395019531,0.7425267100334167,0.8887016177177429
1786713753.1975021,-11.825358298746561,-1.5107859120501206,2.1070717126709426,38.069740295410156,-51.94392395019531,0.7423250675201416,0.5402396321296692
1786713753.197867,-11.801287095491904,-0.9994270163422289,2.0983163169472365,38.069740295410156,-51.94392395019531,0.7426922917366028,0.5099359750747681
1786713753.3496752,-11.821680556943544,-1.5106910618129934,2.105733725951213,38.069740295410156,-51.94392395019531,0.7423331141471863,0.38187626004219055
1786713753.3498461,-11.791381011494277,-0.9997072666806842,2.094711082994547,38.069740295410156,-51.94392395019531,0.7421790957450867,0.3924697935581207
1786713753.4475808,-11.763838987315678,-1.5137534676522366,2.0846789995194084,38.069740295410156,-51.94392395019531,0.7423087954521179,0.8920204043388367
1786713753.4477096,-11.741689686882625,-1.002296200886356,2.076624636558783,38.069740295410156,-51.94392395019531,0.7417267560958862,0.892318069934845
1786713753.5473945,-11.733008411148413,-1.5151734734655928,2.0734588560523823,38.069740295410156,-51.94392395019531,0.7415326237678528,0.8934865593910217
1786713753.5475297,-11.711783435813198,-1.003671844647195,2.0657397798028905,38.069740295410156,-51.94392395019531,0.7419142127037048,0.893709659576416
1786713753.6472697,-11.702210231070469,-1.516548790023144,2.0622490503923596,38.069740295410156,-51.94392395019531,0.7414314150810242,0.8942854404449463
1786713753.6473927,-11.681874381144654,-1.0050062700677675,2.05485286992551,38.069740295410156,-51.94392395019531,0.7420229911804199,0.894457995891571
1786713753.8022037,-11.671398166975472,-1.517878588616941,2.051034484400429,38.069740295410156,-51.94392395019531,0.7406551241874695,0.9040336608886719
1786713753.8022764,-11.651929131162337,-1.0062978740568242,2.0439542912768522,38.069740295410156,-51.94392395019531,0.7412398457527161,0.9038786888122559
1786713753.8974998,-11.642098785880588,-1.5190971255605468,2.0403692491630805,38.069740295410156,-51.94392395019531,0.7407702803611755,0.886938750743866
1786713753.8976278,-11.623316281011626,-1.0074873232341828,2.033540803188628,38.069740295410156,-51.94392395019531,0.7412398457527161,0.8815883994102478
1786713753.997406,-11.618635750280488,-1.5200853602719806,2.031830291585007,38.069740295410156,-51.94392395019531,0.7403921484947205,0.8537464737892151
1786713753.9975848,-11.599149041333161,-1.0085053783141245,2.0247457849400705,38.069740295410156,-51.94392395019531,0.7412627339363098,0.8459584712982178
1786713754.2474804,-11.598327813659253,-1.5209164935718187,2.0244362173612416,38.069740295410156,-51.94392395019531,0.739966094493866,0.7503224015235901
1786713754.2475822,-11.577942917726698,-1.0093760815433304,2.017029269302588,38.069740295410156,-51.94392395019531,0.7404922246932983,0.7353701591491699
1786713755.551279,-11.503558026696838,-1.5237042858129082,1.9899469690288267,38.069740295410156,-51.94392395019531,0.7372546195983887,0.7203221321105957
1786713755.551353,-11.484573855882497,-1.012103023006685,1.983036892794098,38.069740295410156,-51.94392395019531,0.7384632229804993,0.7254140377044678
1786713755.6474314,-11.483539950019434,-1.5239195923517939,1.9826603455073797,38.069740295410156,-51.94392395019531,0.7368469834327698,0.760550856590271
1786713755.6475778,-11.46711421851678,-1.012218054181128,1.9766827892861918,38.069740295410156,-51.94392395019531,0.7384632229804993,0.7648624181747437
1786713755.7974699,-11.460148797166086,-1.524130487738114,1.974147176698718,38.069740295410156,-51.94392395019531,0.7364680767059326,0.8103291392326355
1786713755.7977116,-11.446448342076655,-1.0123381003127327,1.9691622289787272,38.069740295410156,-51.94392395019531,0.7381243109703064,0.8136416673660278
1786713755.9475985,-11.4340790260614,-1.5244285554465686,1.9646579747291133,38.069740295410156,-51.94392395019531,0.7360557317733765,0.8889572620391846
1786713755.9476974,-11.422935317400828,-1.0125658848422043,1.9606052967186476,38.069740295410156,-51.94392395019531,0.737480878829956,0.8899846076965332
1786713756.0473642,-11.406308984099802,-1.5248402825224798,1.9545503880155706,38.069740295410156,-51.94392395019531,0.734954833984375,0.8842198848724365
1786713756.0475073,-11.39635670593222,-1.0129498082310953,1.9509317571949025,38.069740295410156,-51.94392395019531,0.7363208532333374,0.8850948214530945
1786713756.1506517,-11.376130083121573,-1.5252693640437494,1.9435666076811668,38.069740295410156,-51.94392395019531,0.7356591820716858,0.5737753510475159
1786713756.150723,-11.367353273927481,-1.0133545439147327,1.9403752830898684,38.069740295410156,-51.94392395019531,0.7363985776901245,0.5450858473777771
1786713756.3045092,-11.368336775644574,-1.525073537357382,1.9407302826945287,38.069740295410156,-51.94392395019531,0.7355182766914368,0.40313512086868286
1786713756.3045964,-11.353513854098098,-1.0133165502145367,1.9353388907309668,38.069740295410156,-51.94392395019531,0.7366100549697876,0.4141228497028351
1786713756.3974879,-11.31044509215052,-1.5261782332271103,1.9196584971936193,38.069740295410156,-51.94392395019531,0.7370982766151428,0.8988199830055237
1786713756.397643,-11.303746993533451,-1.0142278305419445,1.91722525544382,38.069740295410156,-51.94392395019531,0.7352958917617798,0.8986449837684631
1786713756.547458,-11.279616510915936,-1.5266715675653284,1.9084382145306407,38.069740295410156,-51.94392395019531,0.737389087677002,0.9022994637489319
1786713756.5476058,-11.273639012273154,-1.014711061165424,1.9062681000799255,38.069740295410156,-51.94392395019531,0.7359490394592285,0.9018017053604126
1786713756.6474552,-11.248786929466617,-1.5271954877909173,1.8972133365758372,38.069740295410156,-51.94392395019531,0.7383739948272705,0.9039812684059143
1786713756.6484268,-11.243399291705446,-1.0152275545290284,1.8952617549341082,38.069740295410156,-51.94392395019531,0.7365244626998901,0.9032862782478333
1786713756.7482421,-11.217959024900578,-1.5277313252825477,1.88599160200211,38.069740295410156,-51.94392395019531,0.7387276887893677,0.9049647450447083
1786713756.7483354,-11.213084773150479,-1.0157575638750593,1.8842282812301148,38.069740295410156,-51.94392395019531,0.73752361536026,0.9041258096694946
1786713756.8473096,-11.187128006783766,-1.5282661757173321,1.8747727457841161,38.069740295410156,-51.94392395019531,0.7391766905784607,0.9055965542793274
1786713756.8474503,-11.182713180232962,-1.016287704858175,1.8731744081334603,38.069740295410156,-51.94392395019531,0.7384839057922363,0.9046380519866943
1786713756.9982376,-11.156303508412483,-1.5287942995478667,1.8635532549531681,38.069740295410156,-51.94392395019531,0.7394717931747437,0.9059813618659973
1786713756.9988656,-11.152304698311275,-1.0168119593549256,1.862106586942213,38.069740295410156,-51.94392395019531,0.7391417026519775,0.9049480557441711
1786713757.0975897,-11.125475965770299,-1.5293143339803612,1.8523333796262575,38.069740295410156,-51.94392395019531,0.7395088076591492,0.9061803817749023
1786713757.0978794,-11.121866085776492,-1.0173287263305093,1.8510271155480302,38.069740295410156,-51.94392395019531,0.7394417524337769,0.9050894975662231
1786713757.247432,-11.094648852788625,-1.5298199339909158,1.8411126173198153,38.069740295410156,-51.94392395019531,0.7408604621887207,0.9063618779182434
1786713757.247538,-11.091407818904846,-1.0178315329719034,1.8399409000504956,38.069740295410156,-51.94392395019531,0.7401928901672363,0.9052242040634155
1786713757.3482347,-11.063818357325237,-1.5303112336105222,1.8298919453926918,38.069740295410156,-51.94392395019531,0.7409272193908691,0.9065244197845459
1786713757.3483508,-11.060929689104269,-1.0183204458446693,1.828848470998776,38.069740295410156,-51.94392395019531,0.740189254283905,0.9053313136100769
1786713757.5051959,-11.03298665683098,-1.5307897298707742,1.818668044993823,38.069740295410156,-51.94392395019531,0.7414596676826477,0.9067214727401733
1786713757.5052786,-11.030431219081619,-1.0187969346201144,1.8177475292009588,38.069740295410156,-51.94392395019531,0.7412812113761902,0.9055019617080688
1786713757.5973837,-11.002169055122339,-1.5312506231979306,1.8074510946611466,38.069740295410156,-51.94392395019531,0.7419083714485168,0.9067427515983582
1786713757.5975358,-10.999936841223706,-1.019256118036584,1.8066486573123448,38.069740295410156,-51.94392395019531,0.7426826357841492,0.9054945707321167
1786713757.751638,-10.971336534920884,-1.5316971204827707,1.7962308839556234,38.966068267822266,-53.08412170410156,0.7393643856048584,0.9069527983665466
1786713757.751763,-10.96941811878538,-1.0197011805350429,1.7955401187468039,39.01907730102539,-53.15404510498047,0.7402363419532776,0.9056133031845093
1786713757.8974698,-10.940516171973304,-1.5321410175844046,1.7850101452669902,39.69409942626953,-54.066741943359375,0.7380345463752747,0.5236093401908875
1786713757.897594,-10.938880516068817,-1.020143964367388,1.784425229158881,39.88444137573242,-54.32599639892578,0.7387257218360901,0.49051254987716675
1786713758.0512428,-10.936804231590415,-1.5323123144416104,1.7836610664131112,39.01907730102539,-53.15404510498047,0.7390753626823425,0.9073984622955322
1786713758.0513268,-10.928156766875848,-1.020394957127494,1.7805240878442612,39.783695220947266,-54.18878936767578,0.7389717698097229,0.9058865308761597
1786713758.7571812,-10.905999134291456,-1.5327729805937957,1.772448349213149,39.783695220947266,-54.18878936767578,0.7376114726066589,0.47762590646743774
1786713758.7572713,-10.897575414922319,-1.0208514107122213,1.7693910232615477,39.88444137573242,-54.32599639892578,0.7387976050376892,0.48758888244628906
1786713758.757306,-10.848241681399125,-1.5337642169095527,1.7521217251395045,41.3880729675293,-56.37408447265625,0.7242660522460938,0.8884761929512024
1786713758.7573402,-10.84703547366337,-1.021765747776862,1.7524573866942112,41.3880729675293,-56.37408447265625,0.7206419706344604,0.8862940073013306
1786713758.7573736,-10.820145863383233,-1.5341527434531141,1.743431611080347,42.18442916870117,-57.45878982543945,0.7176300287246704,0.8532642722129822
1786713758.757407,-10.819094295942067,-1.0221539265521147,1.7437567232051863,42.18442916870117,-57.45878982543945,0.7191332578659058,0.84576815366745
1786713758.7574394,-10.798474815823882,-1.5344814156341333,1.7368487998670292,42.432533264160156,-57.796714782714844,0.7125963568687439,0.8417496085166931
1786713758.7574706,-10.79636208694397,-1.0224857847159177,1.7367473240641749,42.432533264160156,-57.796714782714844,0.7146400809288025,0.8355082869529724
1786713758.7575014,-10.77560343505499,-1.534742551175089,1.729848861720985,43.459625244140625,-59.195716857910156,0.6949478983879089,0.7894073724746704
1786713758.757534,-10.772978850956115,-1.0227493882956546,1.7295131192291173,42.97705078125,-58.53840637207031,0.6988394260406494,0.7918727993965149
1786713758.902408,-10.743223764160515,-1.5349268511545093,1.7196899273619388,43.766021728515625,-59.61305618286133,0.6909632682800293,0.8341238498687744
1786713758.9024892,-10.742603456223865,-1.0229272962828377,1.7199564405398309,44.11008834838867,-60.081703186035156,0.683881402015686,0.835665225982666
1786713758.9974113,-10.710013901515305,-1.5349819686451196,1.7093101817870946,44.55146026611328,-60.682891845703125,0.681384801864624,0.8798133134841919
1786713758.9975388,-10.711165830541647,-1.0229838486600185,1.7100836100256793,44.55146026611328,-60.682891845703125,0.682492196559906,0.8782943487167358
1786713759.197423,-10.679760528522136,-1.5350984278788697,1.6999342884857795,45.33346176147461,-61.74803924560547,0.6566802859306335,0.8804773688316345
1786713759.1975963,-10.681349877424305,-1.0231015992168384,1.7007836471201734,45.33346176147461,-61.74803924560547,0.6573141813278198,0.8787281513214111
1786713759.355206,-10.649502078642087,-1.5352424990966407,1.6905614514877294,46.11207580566406,-62.808589935302734,0.6466996073722839,0.8809241652488708
1786713759.3552973,-10.651450000218098,-1.0232469892144263,1.6914578118979693,46.11207580566406,-62.808589935302734,0.6485867500305176,0.8789968490600586
1786713759.4995625,-10.619245536805312,-1.5354023134941261,1.6811844685351662,46.88744354248047,-63.864707946777344,0.637794017791748,0.8811465501785278
1786713759.499734,-10.621491425007637,-1.0234080892512818,1.682117382331065,46.88744354248047,-63.864707946777344,0.6379242539405823,0.8790944814682007
1786713759.6474388,-10.588992940397032,-1.5355686420805428,1.6718072607296208,47.65962219238281,-64.91645812988281,0.613113284111023,0.8813517093658447
1786713759.6476467,-10.591495092469751,-1.0235756567441128,1.6727675738530516,47.65962219238281,-64.91645812988281,0.6128547787666321,0.879197895526886
1786713759.7974076,-10.558744238769615,-1.535743306709576,1.6624319836681087,48.42866897583008,-65.96397399902344,0.6024134159088135,0.881524920463562
1786713759.7975698,-10.56146842185604,-1.0237514827200442,1.6634071730772335,47.65962219238281,-64.91645812988281,0.6128547787666321,0.8792975544929504
1786713759.9476058,-10.528504770785482,-1.5359175540980023,1.6530555136290943,48.59915542602539,-66.19619750976562,0.5986752510070801,0.8816788196563721
1786713759.9487321,-10.53142602405807,-1.0239268408428572,1.654043349549173,49.194664001464844,-67.00735473632812,0.5967314839363098,0.8794134259223938
1786713760.0980558,-10.498262655075656,-1.536090187390129,1.6436805792081532,49.86250305175781,-67.91697692871094,0.5811783075332642,0.8818226456642151
1786713760.09964,-10.501367598010848,-1.024100562957679,1.6446724475907173,49.86250305175781,-67.91697692871094,0.5802294611930847,0.8795134425163269
1786713760.2475486,-10.46802069343977,-1.536260462758452,1.634300854208046,50.04231643676758,-68.16191101074219,0.5757351517677307,0.8819611072540283
1786713760.2476857,-10.471294117024952,-1.0242718984646806,1.6352982159451785,49.95772171020508,-68.04667663574219,0.5762129426002502,0.8796529173851013
1786713760.397474,-10.43777830078423,-1.536427093374995,1.6249250891972942,50.76000213623047,-69.13946533203125,0.568596601486206,0.5315044522285461
1786713760.3976238,-10.44121951408671,-1.0244396235235431,1.6259194563907453,50.67044448852539,-69.0174560546875,0.5694847702980042,0.4977978467941284
1786713760.547325,-10.435359275840089,-1.5365870860861066,1.6231826637182758,50.71784591674805,-69.0820541381836,0.5700268149375916,0.48611733317375183
1786713760.5474546,-10.43153860927876,-1.0246024001001315,1.6221415955795733,50.71784591674805,-69.0820541381836,0.5689815878868103,0.49731680750846863
1786713760.7475412,-10.377328646860379,-1.536751905332561,1.6061732181751938,51.47515106201172,-70.11355590820312,0.5584481358528137,0.55689537525177
1786713760.7476227,-10.381059532502208,-1.024766456961413,1.6071637475903533,51.47515106201172,-70.11355590820312,0.557770848274231,0.5246531963348389
1786713760.851225,-10.373670805345032,-1.5367692431046724,1.6050279063505106,51.47515106201172,-70.11355590820312,0.5582147240638733,0.4804060161113739
1786713760.8513184,-10.370411320609588,-1.024780364047722,1.6041541321994959,51.47515106201172,-70.11355590820312,0.557770848274231,0.4921536147594452
1786713761.0474837,-10.314106172009982,-1.5367417360067481,1.5890671765038187,51.47515106201172,-70.11355590820312,0.557133138179779,0.904635488986969
1786713761.047605,-10.318624573312679,-1.0247631073204868,1.5902787119771542,51.47515106201172,-70.11355590820312,0.5569053888320923,0.9031951427459717
1786713761.1974132,-10.282467825741735,-1.536767455631835,1.5805889732089795,51.47515106201172,-70.11355590820312,0.5555976033210754,0.9047364592552185
1786713761.197557,-10.287254295697844,-1.0247914403920622,1.5818733113900445,51.47515106201172,-70.11355590820312,0.5551405549049377,0.9031275510787964
1786713761.3482044,-10.25080709908859,-1.5368096479808224,1.5721077959542074,51.47515106201172,-70.11355590820312,0.555639386177063,0.9047983884811401
1786713761.3487978,-10.2558065092567,-1.02483580924689,1.5734473294597033,51.47515106201172,-70.11355590820312,0.555183470249176,0.9030608534812927
1786713761.4976258,-10.21915239402761,-1.5368639876819552,1.5636260459855258,51.47515106201172,-70.11355590820312,0.5556456446647644,0.9047282934188843
1786713761.4977632,-10.224322813138564,-1.024891969934557,1.5650116180244287,51.47515106201172,-70.11355590820312,0.5551983714103699,0.9028920531272888
1786713761.6474802,-10.187489101554162,-1.5369259972853329,1.555142482031109,51.47515106201172,-70.11355590820312,0.5559068918228149,0.9046181440353394
1786713761.6476226,-10.192799278091181,-1.0249555100269665,1.5565645233724925,51.47515106201172,-70.11355590820312,0.5552728176116943,0.9026857614517212
1786713761.7974746,-10.155808465843835,-1.5369954750177133,1.5466527142299344,51.47515106201172,-70.11355590820312,0.5558984279632568,0.904597282409668
1786713761.7976427,-10.161228232893366,-1.025026222051323,1.5481053470690178,51.47515106201172,-70.11355590820312,0.5552728176116943,0.9026443362236023
1786713761.9474769,-10.124129506107373,-1.5370660719447786,1.5381640228354796,51.47515106201172,-70.11355590820312,0.5559491515159607,0.9045188426971436
1786713761.9475927,-10.129652395897988,-1.0250980012417215,1.5396446541029112,51.47515106201172,-70.11355590820312,0.5551520586013794,0.9024996757507324
1786713762.0974483,-10.092445948862649,-1.5371382963703923,1.529673410118487,51.47515106201172,-70.11355590820312,0.5556954741477966,0.9044564962387085
1786713762.0975847,-10.098051231693239,-1.0251711903255822,1.5311777812467184,51.47515106201172,-70.11355590820312,0.5553585886955261,0.9024150967597961
1786713762.197708,-10.060759193242877,-1.5372121586547245,1.5211839748155664,51.47515106201172,-70.11355590820312,0.555748462677002,0.9044539928436279
1786713762.2013924,-10.066440181799013,-1.0252459439908106,1.5227075927887552,51.47515106201172,-70.11355590820312,0.555184006690979,0.9024010300636292
1786713762.3975265,-10.029071537275808,-1.5372842887705787,1.512694019717942,51.47515106201172,-70.11355590820312,0.5556976199150085,0.9044754505157471
1786713762.3976948,-10.034824517455153,-1.0253189310023458,1.5142353387315557,51.47515106201172,-70.11355590820312,0.5551736950874329,0.9024340510368347
1786713762.4981728,-9.99739762859516,-1.5373517556238623,1.5042063396034395,51.47515106201172,-70.11355590820312,0.5554876923561096,0.9044049382209778
1786713762.4982522,-10.003226158358551,-1.0253873188585043,1.5057695824915287,51.47515106201172,-70.11355590820312,0.5551249384880066,0.9022954106330872
1786713762.6474516,-9.96572092166637,-1.537421559178624,1.495717944780847,51.47515106201172,-70.11355590820312,0.5554739236831665,0.9044171571731567
1786713762.6475694,-9.971603562707921,-1.025457784913017,1.4972954028915109,51.47515106201172,-70.11355590820312,0.5550820827484131,0.902340292930603
1786713762.7973819,-9.934038928309512,-1.5374859067406286,1.4872300906966607,51.47515106201172,-70.11355590820312,0.555510401725769,0.9043319821357727
1786713762.7975304,-9.93998613645778,-1.0255229316225525,1.4888247140030395,51.47515106201172,-70.11355590820312,0.5551454424858093,0.9022042751312256
1786713762.9521756,-9.902356372088027,-1.5375517046330704,1.4787393726608367,51.47515106201172,-70.11355590820312,0.5554368495941162,0.5549202561378479
1786713762.9522507,-9.908352413639859,-1.025589341933401,1.480347683787737,51.47515106201172,-70.11355590820312,0.5550999641418457,0.5214660167694092
1786713763.0999675,-9.898530634760727,-1.5377522434098696,1.4777147222139324,51.47515106201172,-70.11355590820312,0.5555058717727661,0.5212076902389526
1786713763.1000388,-9.897160443337564,-1.025754207870677,1.4773484170518816,51.47515106201172,-70.11355590820312,0.5553218126296997,0.5329698920249939
1786713763.249667,-9.838989253340834,-1.5376769712145615,1.4617606287017153,51.47515106201172,-70.11355590820312,0.5553137063980103,0.9114442467689514
1786713763.2497416,-9.845087824251564,-1.0257159039139299,1.46339556027369,51.47515106201172,-70.11355590820312,0.555479109287262,0.909620463848114
1786713763.4012406,-9.809589829685903,-1.537696714533892,1.4538837827727076,51.47515106201172,-70.11355590820312,0.5553861260414124,0.47304022312164307
1786713763.4025295,-9.81578058329046,-1.0257368299698135,1.4555424469772043,51.47515106201172,-70.11355590820312,0.5554518699645996,0.43293964862823486
1786713763.547505,-9.81184695501427,-1.5378617294167825,1.454490094107268,51.47515106201172,-70.11355590820312,0.5553861260414124,0.51448655128479
1786713763.5477197,-9.810682347419169,-1.0258631491505978,1.454177852917459,51.47515106201172,-70.11355590820312,0.5554518699645996,0.5262452363967896
1786713763.847496,-9.768019717518717,-1.537829027463588,1.4427458175674348,51.47515106201172,-70.11355590820312,0.5552750825881958,0.7826642990112305
1786713763.8476205,-9.771842239266563,-1.0258443166640416,1.443767695736405,51.47515106201172,-70.11355590820312,0.5553752183914185,0.768000602722168
1786713765.6474967,-9.66813396162178,-1.5359457384516602,1.4159783139575781,51.47515106201172,-70.11355590820312,0.5553823113441467,0.7440825700759888
1786713765.6476421,-9.676879029376401,-1.0240257970098683,1.418322955550504,51.47515106201172,-70.11355590820312,0.5554423332214355,0.7507696747779846
1786713765.7975457,-9.644811638955902,-1.5351842518600862,1.4097295270826236,51.47515106201172,-70.11355590820312,0.5553481578826904,0.7666296362876892
1786713765.7977288,-9.657023634003513,-1.023340382934324,1.4130038239635503,51.47515106201172,-70.11355590820312,0.5555272102355957,0.7727475166320801
1786713765.9473658,-9.618055468495948,-1.5345225678385435,1.4025587009782512,51.47515106201172,-70.11355590820312,0.5553481578826904,0.8370184898376465
1786713765.9475398,-9.634066953674816,-1.0227909999427143,1.4068522730625708,51.47515106201172,-70.11355590820312,0.5556895732879639,0.8407755494117737
1786713766.0975246,-9.58957385659271,-1.5339120610243735,1.3949276190258086,51.47515106201172,-70.11355590820312,0.5555073618888855,0.839231550693512
1786713766.0976741,-9.608063150750231,-1.0222700446189683,1.3998867570726634,51.47515106201172,-70.11355590820312,0.5557436943054199,0.8426743745803833
1786713766.24763,-9.558726957788902,-1.5330165893234873,1.3866615936864013,51.47515106201172,-70.11355590820312,0.5556086301803589,0.7051398158073425
1786713766.247848,-9.579568906969751,-1.0214715093534656,1.3922512549290083,51.47515106201172,-70.11355590820312,0.5559586882591248,0.6825833916664124
1786713766.4475837,-9.550849636714013,-1.5329232874741692,1.3845510208138523,51.47515106201172,-70.11355590820312,0.555421769618988,0.4352424442768097
1786713766.4477339,-9.56665567046523,-1.0211848906044132,1.3887915946225895,51.47515106201172,-70.11355590820312,0.5561084151268005,0.4501849114894867
1786713766.6067808,-9.491538057818376,-1.5307287917682397,1.3686585350899698,51.47515106201172,-70.11355590820312,0.555528461933136,0.6366778016090393
1786713766.6069305,-9.516490583011011,-1.0193809639349398,1.375349607999212,51.47515106201172,-70.11355590820312,0.5561152100563049,0.6085681319236755
1786713766.7974834,-9.488018687966449,-1.5310227060653196,1.3677162035130002,51.47515106201172,-70.11355590820312,0.5556966662406921,0.49254584312438965
1786713766.7976034,-9.506705520506365,-1.0193883737832912,1.3727274229202682,51.47515106201172,-70.11355590820312,0.5561152100563049,0.5059024095535278
1786713766.9482846,-9.428651635068153,-1.5287478169353539,1.351809323362059,51.47515106201172,-70.11355590820312,0.5556014776229858,0.900295615196228
1786713766.9483633,-9.455533238552587,-1.0175047782471622,1.3590159027843718,51.47515106201172,-70.11355590820312,0.5559847950935364,0.8999694585800171
1786713767.0986655,-9.39707702941942,-1.5277372816329233,1.3433493550778317,51.47515106201172,-70.11355590820312,0.5554702281951904,0.9008430242538452
1786713767.098831,-9.424618154910233,-1.0165318458040593,1.3507310070420153,51.47515106201172,-70.11355590820312,0.5559923052787781,0.9004197120666504
1786713767.250256,-9.365501002827177,-1.5266690423150462,1.3348889595385154,51.47515106201172,-70.11355590820312,0.5557478070259094,0.9010782837867737
1786713767.2503502,-9.393666159310115,-1.015500045399372,1.3424375059227731,51.47515106201172,-70.11355590820312,0.5558252334594727,0.90060955286026
1786713767.4475212,-9.333921169426274,-1.5255506217143833,1.3264268521665397,51.47515106201172,-70.11355590820312,0.5557478070259094,0.9011831283569336
1786713767.4476514,-9.362693891994025,-1.0144179007653669,1.3341386620250613,51.47515106201172,-70.11355590820312,0.5308688879013062,0.9006964564323425
1786713767.5991695,-9.302342923409112,-1.524390641135463,1.3179656504144457,51.47515106201172,-70.11355590820312,0.5558217167854309,0.9010937809944153
1786713767.5992393,-9.331716556644421,-1.0132945548586372,1.325838404892319,51.47515106201172,-70.11355590820312,0.5277669429779053,0.9006231427192688
1786713767.7489247,-9.270768627601818,-1.5231919521606536,1.3095054457672832,51.47515106201172,-70.11355590820312,0.5555427074432373,0.9010342955589294
1786713767.7489986,-9.300749026174955,-1.012133627557715,1.317540653009981,51.47515106201172,-70.11355590820312,0.521727442741394,0.9005744457244873
1786713767.8979754,-9.239196814420392,-1.5219572646221584,1.301045608705646,51.47515106201172,-70.11355590820312,0.5555998682975769,0.9009028077125549
1786713767.8981454,-9.269787833473572,-1.0109377295589934,1.3092446535960438,49.11762619018555,-66.90239715576172,0.46152958273887634,0.9004688262939453
1786713768.047573,-9.207622150568064,-1.5206851407267228,1.292585607775559,51.47515106201172,-70.11355590820312,0.5555542707443237,0.6192973256111145
1786713768.0478168,-9.238833024668253,-1.0097057740860336,1.300950307733256,49.11762619018555,-66.90239715576172,0.456081748008728,0.5891963839530945
1786713768.1975381,-9.203866949801617,-1.521019315820098,1.2915791538965924,51.47515106201172,-70.11355590820312,0.5555542707443237,0.5121104121208191
1786713768.1977086,-9.228308582559164,-1.0096450052565227,1.2981305723516523,49.11762619018555,-66.90239715576172,0.456081748008728,0.5255140066146851
1786713768.3476214,-9.144491415533105,-1.518034883822212,1.2756694448639316,51.47515106201172,-70.11355590820312,0.5555537939071655,0.9002305865287781
1786713768.347828,-9.17698710778207,-1.0071413818006731,1.2843791852405824,46.411006927490234,-63.21575164794922,0.49890759587287903,0.8999148011207581
1786713768.4975107,-9.11292870469909,-1.5166558599863307,1.2672127890974825,51.47515106201172,-70.11355590820312,0.5554603338241577,0.8999391198158264
1786713768.4976673,-9.146087310831891,-1.0058079975389038,1.2760991985087415,46.731441497802734,-63.652217864990234,0.516852855682373,0.8996737003326416
1786713768.6491778,-9.081372929800091,-1.5152395304511437,1.2587572740355086,51.47515106201172,-70.11355590820312,0.5556319355964661,0.8997180461883545
1786713768.6493144,-9.11521282277455,-1.0044395500001215,1.2678259903014633,46.411006927490234,-63.21575164794922,0.4950990080833435,0.8994889855384827
1786713768.8011928,-9.04981969594689,-1.5137846962150352,1.250302466995431,51.47515106201172,-70.11355590820312,0.555544912815094,0.8993960022926331
1786713768.8012853,-9.084354187226989,-1.0030345538984933,1.2595577917145928,46.411006927490234,-63.21575164794922,0.5550793409347534,0.8992171883583069
1786713768.9512103,-9.018270906102998,-1.512292620079634,1.2418497091908614,51.47515106201172,-70.11355590820312,0.555544912815094,0.899109423160553
1786713768.9512923,-9.053518587797736,-1.0015946802244111,1.2512950870434265,44.31438446044922,-60.359989166259766,0.4687667191028595,0.8989748954772949
1786713769.0994062,-8.986723057580917,-1.5107588531507896,1.233395352058838,51.47515106201172,-70.11355590820312,0.5554971694946289,0.8987446427345276
1786713769.0995412,-9.02270024844696,-1.0001154639826524,1.243037490632129,43.827056884765625,-59.696189880371094,0.6714919209480286,0.8986656069755554
1786713769.2520564,-8.955184247926628,-1.5091862470885469,1.2249453159195687,51.47515106201172,-70.11355590820312,0.5555008053779602,0.8984535336494446
1786713769.2521462,-8.991911566980047,-0.9986000897227856,1.2347880767931456,43.827056884765625,-59.696189880371094,0.6791293025016785,0.8984168171882629
1786713769.4002213,-8.923647153152086,-1.5075711293719614,1.2164943638388057,51.47515106201172,-70.11355590820312,0.5553693175315857,0.9065626859664917
1786713769.4003909,-8.961140299216687,-0.9970446490080389,1.2265430874096968,43.827056884765625,-59.696189880371094,0.5861689448356628,0.9063919186592102
1786713769.4973629,-8.894314203162445,-1.5060710436842055,1.2086359524061006,51.47515106201172,-70.11355590820312,0.555287778377533,0.9010472893714905
1786713769.4974616,-8.932467961357464,-0.995596995513583,1.2188602802516322,41.20442199707031,-56.12393569946289,0.37510964274406433,0.8959549069404602
1786713769.6474867,-8.871704116674481,-1.5049447895918284,1.2025775675811026,51.47515106201172,-70.11355590820312,0.5553597211837769,0.8828447461128235
1786713769.6477249,-8.909127729491354,-0.9944128074821452,1.2126059496485444,40.447479248046875,-55.092918395996094,0.4166072905063629,0.8759223222732544
1786713769.9483125,-8.85281000867072,-1.5039643669108902,1.1975147132044939,51.47515106201172,-70.11355590820312,0.5554153919219971,0.82325279712677
1786713769.9484599,-8.889354750136578,-0.9933641389983092,1.2073070125674767,41.863895416259766,-57.02220153808594,0.2623593509197235,0.8110271096229553
1786713771.247664,-8.761142504712922,-1.4987667723024996,1.1729520006996812,51.47515106201172,-70.11355590820312,0.5551758408546448,0.7028813362121582
1786713771.247894,-8.8008917804911,-0.9884231508806848,1.1836001530829732,35.02287673950195,-48.47806930541992,0.1103854775428772,0.7118948698043823
1786713771.3475285,-8.738745937387215,-1.4974537052789063,1.1669495723338392,51.47515106201172,-70.11355590820312,0.5553805232048035,1.0
1786713771.3483691,-8.78194636365232,-0.9874108860602255,1.1785273844748798,36.44137954711914,-50.0295295715332,0.2010374814271927,1.0
1786713771.4976304,-8.713224014223323,-1.495834158567585,1.160110807068627,51.47515106201172,-70.11355590820312,0.5513859391212463,0.4194498658180237
1786713771.4977682,-8.760048318259932,-0.9861342565476157,1.1726604856430405,34.30727767944336,-47.726318359375,0.166948601603508,0.3714684247970581
1786713771.6479046,-8.725394362858065,-1.4974548754774812,1.1633704701195524,51.47515106201172,-70.11355590820312,0.5553805232048035,0.03964884206652641
1786713771.6480484,-8.761187646306762,-0.986797679497202,1.172965732154523,36.44137954711914,-50.0295295715332,0.2010374814271927,0.07003850489854813
1786713771.79848,-8.653683613462132,-1.4913149694590297,1.1441557319146065,51.47515106201172,-70.11355590820312,0.5562546849250793,0.844687819480896
1786713771.7994208,-8.706599218952991,-0.9822542792159645,1.1583385505621788,25.121719360351562,-39.14152526855469,0.1803138703107834,0.8480722308158875
1786713771.8975194,-8.620717433830938,-1.4885307605464129,1.1353226878846046,51.47515106201172,-70.11355590820312,0.562971830368042,0.8643211126327515
1786713771.8976169,-8.67590367870635,-0.9797285662558952,1.150114762171379,25.468833923339844,-39.44187927246094,0.2795344591140747,0.866523802280426
1786713772.097526,-8.586997366178451,-1.4857685441831348,1.1262878835962145,51.47515106201172,-70.11355590820312,0.5683680772781372,0.8771308064460754
1786713772.0976481,-8.643923738422394,-0.97717187455385,1.1415461857672997,25.468833923339844,-39.44187927246094,0.2795344591140747,0.8789751529693604
1786713772.1974287,-8.55562830591379,-1.4831518141456683,1.1178831806118206,51.47515106201172,-70.11355590820312,0.576603889465332,0.8793409466743469
1786713772.1975753,-8.61408180605819,-0.9747407795897123,1.1335486924965696,25.121719360351562,-39.14152526855469,0.25603345036506653,0.8810258507728577
1786713772.347426,-8.524265389883734,-1.4804010935743486,1.1094790389223226,51.47515106201172,-70.11355590820312,0.6283396482467651,0.8804665803909302
1786713772.3475807,-8.584177640553715,-0.9721720864726093,1.1255351455499465,19.95903968811035,-34.77003860473633,0.38605213165283203,0.8820652365684509
1786713772.4975052,-8.492905001640711,-1.4775400872310698,1.1010758823821745,51.47515106201172,-70.11355590820312,0.6467211842536926,0.8806478977203369
1786713772.4976904,-8.554239366153443,-0.9694929843767105,1.1175147695437653,19.95903968811035,-34.77003860473633,0.38605213165283203,0.8822337985038757
1786713772.647418,-8.461549568633608,-1.4745808802222646,1.092674807287259,51.47515106201172,-70.11355590820312,0.6467211842536926,0.8803753852844238
1786713772.6475632,-8.5243000257395,-0.9667191346373281,1.1094922834481573,17.876855850219727,-32.8558349609375,0.4432651996612549,0.8819814324378967
1786713772.7502484,-8.430204047830628,-1.4715305247674664,1.08427537562111,51.47515106201172,-70.11355590820312,0.6467211842536926,0.8798602223396301
1786713772.7503123,-8.494378602566837,-0.9638595652034438,1.1014748913048154,16.677505493164062,-31.666656494140625,0.38698074221611023,0.8815068006515503
1786713772.9480515,-8.398867447661726,-1.4683933360610708,1.0758786952592811,51.47515106201172,-70.11355590820312,0.6585322022438049,0.8792243599891663
1786713772.9517431,-8.464482349047312,-0.9609197190338987,1.0934631411566915,19.95903968811035,-34.77003860473633,0.37882402539253235,0.8809186220169067
1786713773.0474997,-8.367546132819104,-1.4651743255423497,1.0674860390773877,51.47515106201172,-70.11355590820312,0.7010326385498047,0.8783099055290222
1786713773.0476496,-8.434620955735703,-0.9579053503748813,1.0854625505090665,17.876855850219727,-32.8558349609375,0.3127410113811493,0.8800740838050842
1786713773.7163942,-8.336235063014039,-1.4618709064548254,1.0590977003512743,51.47515106201172,-70.11355590820312,0.7034921050071716,0.8772979378700256
1786713773.7165098,-8.404798477120176,-0.9548151921056778,1.0774705278959376,16.677505493164062,-31.666656494140625,0.4055134356021881,0.8791346549987793
1786713773.7166076,-8.304935220546552,-1.458479883491617,1.0507092635399882,51.47515106201172,-70.11355590820312,0.7224236726760864,0.8762475848197937
1786713773.7167485,-8.37501733971198,-0.9516468613982039,1.0694918163201679,14.871686935424805,-29.735559463500977,0.35089290142059326,0.8781632781028748
1786713773.7168624,-8.273650169993061,-1.4550042173423599,1.0423279319411227,51.47515106201172,-70.11355590820312,0.6958363652229309,0.8751360177993774
1786713773.7169738,-8.345283557352907,-0.9484035563315737,1.0615224123662044,19.95903968811035,-34.77003860473633,0.5181697010993958,0.8771288394927979
1786713773.7170856,-8.242378723387144,-1.4514369296838097,1.03394610306119,51.47515106201172,-70.11355590820312,0.8089295029640198,0.8740792274475098
1786713773.7172866,-8.315595574613141,-0.9450791546315244,1.0535699747650549,19.95903968811035,-34.77003860473633,0.44619354605674744,0.8761506080627441
1786713773.7474716,-8.21112224357663,-1.4477836839602816,1.0255717571771799,51.47515106201172,-70.11355590820312,0.8209603428840637,0.8728528618812561
1786713773.747568,-8.285954851168535,-0.9416790804787061,1.0456269603861506,16.677505493164062,-31.666656494140625,0.4504340887069702,0.8750084042549133
1786713773.897541,-8.179880234952092,-1.4440386285618623,1.0171994008209484,51.47515106201172,-70.11355590820312,0.8209603428840637,0.8716530203819275
1786713773.8976836,-8.256363958944577,-0.9381987002097636,1.0376983483301558,17.876855850219727,-32.8558349609375,0.3485853672027588,0.8738929033279419
1786713774.0475576,-8.148654958970226,-1.440199193346538,1.0088317473284796,51.47515106201172,-70.11355590820312,0.836603045463562,0.8704187870025635
1786713774.047703,-8.226824785264139,-0.9346356511571463,1.0297836700587337,19.95903968811035,-34.77003860473633,0.2217661738395691,0.8727450370788574
1786713774.1975648,-8.117444750191947,-1.436266852583136,1.000468665323535,51.47515106201172,-70.11355590820312,0.8580238223075867,0.8692581057548523
1786713774.197788,-8.197336600598792,-0.930991903895143,1.021881709640411,18.871501922607422,-33.792476654052734,0.4592439532279968,0.8716635704040527
1786713774.3475902,-8.08625344808691,-1.4322391315527414,0.9921118277102615,51.47515106201172,-70.11355590820312,0.927847683429718,0.8677500486373901
1786713774.3477378,-8.167900323161426,-0.9272649327020257,1.0139943843626436,25.468833923339844,-39.44187927246094,0.35225874185562134,0.8702565431594849
1786713774.4976096,-8.055076528072794,-1.4281073270338998,0.983756743423594,51.46525955200195,-70.12626647949219,0.9456673860549927,0.8665313124656677
1786713774.4977999,-8.138520768978376,-0.9234481888230531,1.006122182833017,30.26959228515625,-43.759010314941406,0.3456310033798218,0.8691183924674988
1786713774.6490421,-8.023917960869213,-1.4238737304499052,0.9754069632859732,51.46525955200195,-70.12626647949219,0.9456673860549927,0.8815932273864746
1786713774.6492186,-8.109193202035371,-0.9195428237917491,0.9982645623159683,30.26959228515625,-43.759010314941406,0.3456310033798218,0.8836267590522766
1786713774.8582087,-7.994856950647571,-1.41993632563912,0.9676213697172465,51.46394729614258,-70.12796783447266,0.8687210083007812,0.9178705811500549
1786713774.858323,-8.081672785237737,-0.9158872312763463,0.9908919807208386,32.63492965698242,-46.033451080322266,0.12287840247154236,0.9159268140792847
1786713774.9504158,-7.972464871883622,-1.4169339123905893,0.9616234010511011,51.405235290527344,-70.21318817138672,1.2955443859100342,0.9109194278717041
1786713774.9505377,-8.059284111877966,-0.9128853447347789,0.9848927158439831,35.02287673950195,-48.47806930541992,0.3820776343345642,0.907318651676178
1786713775.3000374,-7.953725715851499,-1.4143360955222506,0.9566039374547103,51.405235290527344,-70.21318817138672,1.2955443859100342,0.87083899974823
1786713775.300104,-8.040231284717388,-0.91022960265129,0.9797864826240662,35.02287673950195,-48.47806930541992,0.3820776343345642,0.8623170852661133
1786713776.947651,-7.854833873610781,-1.4007852029129018,0.930105313126559,51.32694625854492,-70.34854125976562,1.9215184450149536,0.7328203916549683
1786713776.9478302,-7.949669716695999,-0.8982871904007645,0.9555200782773136,42.990684509277344,-58.5747184753418,1.1172747611999512,0.7422143220901489
1786713777.1551855,-7.8317945503460935,-1.397490613100056,0.9239311764946817,51.32694625854492,-70.34854125976562,1.9215184450149536,0.7742016315460205
1786713777.1552753,-7.930763204350748,-0.8958474909685106,0.9504525554675477,42.990684509277344,-58.5747184753418,1.1172747611999512,0.7819685935974121
1786713777.2474582,-7.805697807371419,-1.39357354054056,0.9169400807246675,51.319583892822266,-70.36315155029297,2.3163373470306396,0.8304475545883179
1786713777.2475877,-7.9087968753253,-0.8928226965428381,0.9445656924393504,45.16404724121094,-61.54937744140625,1.0390511751174927,0.8355075716972351
1786713777.3973932,-7.777828554890861,-1.389100075259965,0.9094708515915619,51.3304328918457,-70.34182739257812,2.5156173706054688,0.8277575969696045
1786713777.3975272,-7.88378483926667,-0.8889890541714753,0.9378650831730178,45.05936050415039,-61.579872131347656,0.7721086144447327,0.8326477408409119
1786713777.6002665,-7.747623001370722,-1.3839142934358573,0.9013747349304587,51.306427001953125,-70.39041137695312,2.752746343612671,0.8227231502532959
1786713777.6003423,-7.856402189036646,-0.8844535598180743,0.9305305903411242,46.353607177734375,-63.36965560913086,1.4507113695144653,0.8275531530380249
1786713777.7474947,-7.715090472239434,-1.3780181134493885,0.8926576600628296,51.31523132324219,-70.3720703125,2.8798141479492188,0.7827315926551819
1786713777.747632,-7.826710300063149,-0.8792295935107317,0.9225746521243406,46.647377014160156,-63.81715393066406,1.4489601850509644,0.7632780075073242
1786713777.8475585,-7.709070340590536,-1.3782614952035586,0.8910424020604615,51.31523132324219,-70.3720703125,2.8798141479492188,0.4629794657230377
1786713777.8479114,-7.816207492519423,-0.878420596291251,0.9197601048081232,46.647377014160156,-63.81715393066406,1.4489601850509644,0.4816838502883911
1786713778.0475595,-7.651131566643431,-1.3659104878235653,0.8755204012486668,51.31523132324219,-70.3720703125,2.8015024662017822,0.8351521492004395
1786713778.0477014,-7.768153138557932,-0.8684505279599695,0.9068818431665522,46.938331604003906,-64.19441986083984,2.99122953414917,0.8395821452140808
1786713778.1476269,-7.6203754783529165,-1.3598273555713103,0.8672783072933663,51.323204040527344,-70.35600280761719,2.6737682819366455,0.8348702788352966
1786713778.1477988,-7.740011627263727,-0.8630346520753833,0.8993438905096192,46.856449127197266,-64.24983978271484,2.987715721130371,0.8393165469169617
1786713778.3003721,-7.58964496284045,-1.3535642388393918,0.8590439110682989,51.31842041015625,-70.36592864990234,2.730686902999878,0.8340423107147217
1786713778.3004632,-7.711899043109798,-0.8574549859412827,0.8918089693831565,49.00300598144531,-67.16283416748047,2.903276205062866,0.8385366201400757
1786713778.447622,-7.558953886465082,-1.3471373087914698,0.8508187502556229,51.32676696777344,-70.34929656982422,2.722327947616577,1.0
1786713778.4478066,-7.683843474940042,-0.8517321160342401,0.8842894192021403,49.00300598144531,-67.16283416748047,3.243839979171753,1.0
1786713778.5975673,-7.52829890118194,-1.340551326540813,0.8426064075737952,51.32676696777344,-70.34929656982422,2.5212249755859375,0.8312373161315918
1786713778.597802,-7.655852886190504,-0.845874142293376,0.8767892145600856,49.00300598144531,-67.16283416748047,3.243839979171753,0.8358930349349976
1786713778.7475765,-7.497679004468948,-1.3338103151362823,0.8344024228531045,51.31843566894531,-70.3659439086914,2.1133363246917725,0.8294532895088196
1786713778.7477186,-7.627932084120902,-0.8398875146373819,0.8693080440122415,51.410316467285156,-70.40592193603516,3.0729150772094727,0.8342111706733704
1786713778.8976007,-7.467098923736175,-1.3269126072022954,0.8262062000716849,51.32676696777344,-70.34929656982422,2.2021608352661133,0.827654242515564
1786713778.897714,-7.600091936755937,-0.8337731269780458,0.861847630066599,51.40730667114258,-70.42619323730469,3.0309345722198486,0.8325155377388
1786713779.0478659,-7.436559766806654,-1.3198562848572013,0.8180238657443432,51.36549377441406,-70.2789077758789,1.6404931545257568,0.8255383372306824
1786713779.0481567,-7.572333668502238,-0.8275298512717313,0.8544124685118194,51.410316467285156,-70.40592193603516,3.027649164199829,0.8305232524871826
1786713779.1476233,-7.40606112636166,-1.312635633888812,0.8098530613364321,51.37882995605469,-70.2564697265625,1.5948015451431274,0.823462724685669
1786713779.1477447,-7.544664784522274,-0.8211547397647286,0.8469954448825552,51.376373291015625,-70.44905853271484,2.5777204036712646,0.8285652995109558
1786713779.3477447,-7.37560934242019,-1.3052535874830888,0.801693664982036,51.383480072021484,-70.24871063232422,1.4895039796829224,0.821401834487915
1786713779.347954,-7.517089745164195,-0.8146519151641091,0.8396053354439771,51.35093688964844,-70.47062683105469,2.3650951385498047,0.8266220688819885
1786713779.453188,-7.345200546505582,-1.2977044140262213,0.7935439566400111,51.42741012573242,-70.18001556396484,1.3650281429290771,0.8192921280860901
1786713779.4532876,-7.489603641687712,-0.8080162983886132,0.8322388594711276,51.36144256591797,-70.42898559570312,2.287914752960205,0.8246316313743591
1786713779.5474727,-7.314837372765425,-1.2899882799712108,0.7854087737852702,51.47515106201172,-70.11355590820312,0.7987545728683472,0.8169357776641846
1786713779.5476024,-7.462210059484782,-0.8012495806501261,0.824902760606719,51.36610412597656,-70.4115982055664,2.249985456466675,0.8224116563796997
1786713779.7477903,-7.284524284005843,-1.2820976268812214,0.7772873368401638,51.47515106201172,-70.11355590820312,0.6901900172233582,0.8337738513946533
1786713779.7479188,-7.434919255482943,-0.7943467053082139,0.8175910718914461,51.35197830200195,-70.392578125,2.2380497455596924,0.8386287093162537
1786713779.851252,-7.255946959517093,-1.274696825009646,0.7696303056416509,52.927032470703125,-72.09114074707031,0.6478184461593628,0.8898116946220398
1786713779.8513303,-7.409045687413439,-0.7878482115693548,0.810657212761082,51.34651184082031,-70.4089126586914,2.2732224464416504,0.8914303183555603
1786713779.9474595,-7.233347798680993,-1.2690100736387915,0.7635751756330325,53.107826232910156,-72.3373794555664,0.6540790796279907,0.8419487476348877
1786713779.94759,-7.3875311042947684,-0.7825284904805903,0.8048931803997097,51.3282585144043,-70.39877319335938,2.3209292888641357,0.8453258275985718
1786713780.1530807,-7.210478291572369,-1.2629153880158275,0.7574480396033701,53.21620559692383,-72.4850082397461,0.5542595982551575,0.6920127868652344
1786713780.153182,-7.366123833844507,-0.7769329997571521,0.7991563538009759,51.338985443115234,-70.37725067138672,2.3227779865264893,0.703061580657959
1786713780.247503,-7.178727897704845,-1.2536490896393757,0.7497816604506867,53.91944885253906,-73.44287109375,0.5459311008453369,0.7269396185874939
1786713780.247678,-7.3390908286352685,-0.7692558770554475,0.7921012302266862,51.376773834228516,-70.30867767333984,2.285449266433716,0.7372035980224609
1786713780.4010851,-7.145449098721719,-1.243280367777592,0.7434087770665028,54.08139419555664,-73.6634750366211,0.5440943241119385,0.7889960408210754
1786713780.4012961,-7.310955902458907,-0.7605407218737719,0.784808441187776,51.41100311279297,-70.20185089111328,2.104825019836426,0.7964211106300354
1786713780.5476265,-7.115177521764569,-1.233738771641939,0.7377648565564695,54.94313049316406,-74.83722686767578,0.5418434143066406,0.79081791639328
1786713780.5480335,-7.284515562486303,-0.7522333061617973,0.7780279249601177,51.41100311279297,-70.20185089111328,2.104825019836426,0.7981448173522949
1786713780.6991656,-7.08497105707919,-1.2239591323676942,0.7321457638884136,56.053340911865234,-76.34941864013672,0.5299760103225708,0.7909556031227112
1786713780.6992304,-7.258086049493362,-0.743703471657192,0.7712571401996605,52.30931854248047,-71.36365509033203,1.8327054977416992,0.7982730865478516
1786713780.7975671,-7.054847833384446,-1.2139677202262855,0.7265332242172104,56.5142936706543,-76.97727966308594,0.5162882804870605,0.8437245488166809
1786713780.797714,-7.231726037618811,-0.7349926767881273,0.7644938436831863,52.25688171386719,-71.28541564941406,1.7750898599624634,0.8292924761772156
1786713780.9512424,-7.05085695146724,-1.2139234502687377,0.7279200106763846,56.5142936706543,-76.97727966308594,0.5162882804870605,0.4317184388637543
1786713780.952159,-7.224570829604372,-0.7335635047403518,0.7628744277724213,52.25688171386719,-71.28541564941406,1.7750898599624634,0.45375052094459534
1786713781.0975564,-6.9948211979170205,-1.1933477838764526,0.7153370205707738,57.933197021484375,-78.90995025634766,0.49263522028923035,0.8481583595275879
1786713781.0976815,-7.179275979992766,-0.7170637340240414,0.7510292777924082,53.64924621582031,-73.07484436035156,0.9094945192337036,0.834038496017456
1786713781.19747,-6.9908500298998195,-1.1932891753771615,0.7167052504472511,57.933197021484375,-78.90995025634766,0.49263522028923035,0.43516770005226135
1786713781.1976047,-7.17222207545737,-0.7156102409576894,0.7494316419707223,53.64924621582031,-73.07484436035156,0.9094945192337036,0.4567548632621765
1786713781.3477683,-6.935261920380201,-1.172448620413135,0.7037599988718256,59.053810119628906,-80.43631744384766,0.46260198950767517,0.8187345862388611
1786713781.348013,-7.1272057184767394,-0.6990455801041273,0.7382728920925236,55.2969856262207,-75.31919860839844,0.552084743976593,0.8242151141166687
1786713781.4976144,-6.908657369521031,-1.1632725964768993,0.6981074567833458,59.51915740966797,-81.07017517089844,0.44909149408340454,0.8790565133094788
1786713781.4977603,-7.103648711737187,-0.6911562429330891,0.733157780280258,55.2969856262207,-75.31919860839844,0.552084743976593,0.8811101317405701
1786713781.597565,-6.888297599785298,-1.1563025686898785,0.693911534630372,60.885162353515625,-82.93077087402344,0.4320738613605499,0.8886121511459351
1786713781.597708,-7.084631516912022,-0.6847508521899952,0.7290679231208143,55.2969856262207,-75.31919860839844,0.552084743976593,0.8894920349121094
1786713781.8978775,-6.871342210908303,-1.1503445595790216,0.6904156632946392,61.72196578979492,-84.07057189941406,0.4235669672489166,0.9004604816436768
1786713781.8980594,-7.068480175009439,-0.6791299189402047,0.7255921548435371,56.053340911865234,-76.34941864013672,0.5375756621360779,0.8970843553543091
1786713783.952241,-6.8022531285867815,-1.1292251159478743,0.6733973484713025,62.75177001953125,-85.4732666015625,0.4011031687259674,0.44438886642456055
1786713783.9523168,-6.987107670110061,-0.6531793626811939,0.7101837491511374,58.35716247558594,-79.48743438720703,0.49041229486465454,0.4165727496147156
1786713784.0477114,-6.778461747644272,-1.1222011985476195,0.6674687912625095,62.75177001953125,-85.4732666015625,0.4011031687259674,0.7479382753372192
1786713784.0478897,-6.953568836557629,-0.6424212787183291,0.7034234285279466,59.20281982421875,-80.63928985595703,0.4662153720855713,0.7355374693870544
1786713784.1977823,-6.758793525372337,-1.117223994641227,0.662491167441942,62.83332443237305,-85.58433532714844,0.39829322695732117,0.8402738571166992
1786713784.1979177,-6.928715495130676,-0.6355955900161777,0.698610470477514,59.20281982421875,-80.63928985595703,0.4662153720855713,0.854361891746521
1786713784.3478816,-6.748854413456806,-1.1159369684786216,0.6594962973129818,62.75177001953125,-85.4732666015625,0.4015510380268097,0.47305604815483093
1786713784.348084,-6.921846608037933,-0.6355336222333142,0.6973159420801814,59.51915740966797,-81.07017517089844,0.4661039113998413,0.4468085765838623
1786713784.4987319,-6.711400295923967,-1.1047227878607748,0.6510510776321297,64.21564483642578,-87.46720123291016,0.37959417700767517,0.839970052242279
1786713784.4988189,-6.873296153131973,-0.6203699449805946,0.6876031639306259,60.74540328979492,-82.74042510986328,0.43133601546287537,0.8543208837509155
1786713784.5974936,-6.701578656367289,-1.1035262110693438,0.64792633188084,64.21564483642578,-87.46720123291016,0.37959417700767517,0.5196413993835449
1786713784.5976098,-6.866622174460808,-0.6203396151854307,0.6858123542826448,60.74540328979492,-82.74042510986328,0.43133601546287537,0.4965318441390991
1786713784.7508984,-6.657572486915025,-1.0895736276762096,0.6397270862626541,64.21564483642578,-87.46720123291016,0.37764108180999756,0.921388566493988
1786713784.754606,-6.812578512679875,-0.6027946882497129,0.673835679130167,62.65998077392578,-85.34825134277344,0.39919400215148926,0.9223484992980957
1786713785.0023863,-6.636446838962729,-1.082118451308339,0.6372282528318526,64.21564483642578,-87.46720123291016,0.37764108180999756,0.8906211256980896
1786713785.0024855,-6.791048010524297,-0.5948798565348615,0.6662287617059607,62.65998077392578,-85.34825134277344,0.39919400215148926,0.8951810002326965
1786713786.1496553,-6.548738849941531,-1.055340113008393,0.6178284466222507,64.21564483642578,-87.46720123291016,0.3740557134151459,0.6717396974563599
1786713786.1497405,-6.70090673460675,-0.567262027757711,0.6455542031410636,64.21564483642578,-87.46720123291016,0.37324902415275574,0.6557809710502625
1786713786.3011837,-6.512275296935329,-1.0465757117015233,0.611203186308487,64.21564483642578,-87.46720123291016,0.3736015856266022,0.7072591185569763
1786713786.3012643,-6.656307303356808,-0.5559084479232155,0.6365885636448874,64.21564483642578,-87.46720123291016,0.37082386016845703,0.6928202509880066
1786713786.3976593,-6.490013653550145,-1.0420360664747808,0.6072795995457372,64.21564483642578,-87.46720123291016,0.37292996048927307,0.7241319417953491
1786713786.3978705,-6.628765821395303,-0.5498023445972136,0.6317295272517058,64.21564483642578,-87.46720123291016,0.37026458978652954,0.7105138301849365
1786713786.5478492,-6.465109651425989,-1.0373635850389202,0.602889513470036,64.21564483642578,-87.46720123291016,0.37345167994499207,0.7564104795455933
1786713786.5482595,-6.597863125610846,-0.5434267893701413,0.6262766247989162,64.21564483642578,-87.46720123291016,0.36815187335014343,0.7448899149894714
1786713786.6977224,-6.4375305238108105,-1.0324196777559325,0.598025983366045,64.21564483642578,-87.46720123291016,0.37300360202789307,0.7674751877784729
1786713786.6978936,-6.565126852370128,-0.5370838243773794,0.620510851520507,64.21564483642578,-87.46720123291016,0.3684753179550171,0.7567192912101746
1786713786.7977452,-6.40880684897269,-1.0273711910906345,0.5929597115922081,64.21564483642578,-87.46720123291016,0.3730015158653259,0.7875247597694397
1786713786.7978618,-6.531545941024705,-0.5307716573779849,0.6145934444792125,64.21564483642578,-87.46720123291016,0.37029945850372314,0.7777466177940369
1786713786.9476473,-6.3819846576032315,-1.0228559419589145,0.5882289294719217,64.21564483642578,-87.46720123291016,0.37264618277549744,0.8509905338287354
1786713786.9477828,-6.50028968819349,-0.5251481391841821,0.6090822935694972,64.21564483642578,-87.46720123291016,0.37048861384391785,0.8659330606460571
1786713787.097688,-6.375053040461305,-1.0232402437436265,0.5870056054652193,64.21564483642578,-87.46720123291016,0.37264618277549744,0.4969366490840912
1786713787.0978675,-6.496602402397025,-0.5263392091459929,0.6084325611243975,64.21564483642578,-87.46720123291016,0.37048861384391785,0.4714551866054535
1786713787.2003028,-6.3272935189482995,-1.013731261269489,0.5785846959007054,64.21564483642578,-87.46720123291016,0.37120845913887024,0.8186870217323303
1786713787.200426,-6.437640753080637,-0.5141423035480992,0.5980362059243137,64.21564483642578,-87.46720123291016,0.3715205788612366,0.8109017610549927
1786713787.3532352,-6.299546746600616,-1.0092051855401742,0.573687287083424,64.21564483642578,-87.46720123291016,0.37159934639930725,0.8251617550849915
1786713787.3533025,-6.406252537220452,-0.5088015058433746,0.5925030143906156,64.21564483642578,-87.46720123291016,0.3713684380054474,0.8178276419639587
1786713787.4976983,-6.2715825872673925,-1.0047345799411826,0.5687563716460935,64.21564483642578,-87.46720123291016,0.37235063314437866,0.8303447365760803
1786713787.4978235,-6.374822079820875,-0.5035817329710793,0.5869616222914229,64.21564483642578,-87.46720123291016,0.37444397807121277,0.823384165763855
1786713787.6476457,-6.243438156091893,-1.0003363611601972,0.563793300731756,64.21564483642578,-87.46720123291016,0.37235063314437866,0.8518228530883789
1786713787.647774,-6.343355471942688,-0.4984896669135582,0.5814121958983868,64.21564483642578,-87.46720123291016,0.37444397807121277,0.846028208732605
1786713787.7477903,-6.21729338654082,-0.9963346175440599,0.5591823780415798,64.21564483642578,-87.46720123291016,0.37239551544189453,0.9001339077949524
1786713787.747883,-6.314389131528012,-0.49391725398377284,0.5763057275536522,64.21564483642578,-87.46720123291016,0.37541279196739197,0.8988115191459656
1786713787.9977162,-6.195954796356986,-0.9930783118885586,0.5554251018012949,64.21564483642578,-87.46720123291016,0.37275218963623047,0.8463876843452454
1786713787.9979224,-6.2920988681953816,-0.4904720984560743,0.5723753722827293,64.21564483642578,-87.46720123291016,0.37791943550109863,0.8459266424179077
1786713788.9997742,-6.147264921575877,-0.9852187302703996,0.5468427809206913,64.21564483642578,-87.46720123291016,0.3725282847881317,0.0652046874165535
1786713788.9998617,-6.241900012979347,-0.48231727498277716,0.5635258784942314,64.21564483642578,-87.46720123291016,0.3785148859024048,0.09814263880252838
1786713790.0513136,-5.9731673777430805,-0.9506730435048795,0.5161427066115533,64.21564483642578,-87.46720123291016,0.3716246783733368,0.014645599760115147
1786713790.0513926,-6.07077618807956,-0.4483580733470146,0.5333529041699886,64.21564483642578,-87.46720123291016,0.3742433786392212,0.014646654948592186
1786713791.3479183,-5.77993071557046,-0.9119560884492917,0.4820695169699247,64.21564483642578,-87.46720123291016,0.36254602670669556,0.044562533497810364
1786713791.3480725,-5.877540357676915,-0.40964127636380726,0.49927961073417215,64.21564483642578,-87.46720123291016,0.366956889629364,0.044567644596099854
1786713792.3476539,-5.580827305050579,-0.8722225242705666,0.4469623072007073,64.21564483642578,-87.46720123291016,0.35779711604118347,0.020726090297102928
1786713792.3477688,-5.678437956947728,-0.36990792025967045,0.4641727468694109,64.21564483642578,-87.46720123291016,0.36262792348861694,0.020723138004541397
1786713793.4978936,-5.383083517788119,-0.8325857021872196,0.4120945916680999,64.21564483642578,-87.46720123291016,0.37208425998687744,0.024241428822278976
1786713793.498056,-5.48069445756402,-0.33027115068568036,0.42930493117297164,64.21564483642578,-87.46720123291016,0.376960813999176,0.024249112233519554
1786713794.6978436,-5.189333118173534,-0.7938678477587007,0.37793078337417235,64.21564483642578,-87.46720123291016,0.3828319013118744,0.008014699444174767
1786713794.698093,-5.286944832899548,-0.2915534561513538,0.3951413944146999,64.21564483642578,-87.46720123291016,0.37739768624305725,0.0024527758359909058
1786713794.9480386,-4.966690506975731,-0.7508224819926383,0.3386730090871144,64.21564483642578,-87.46720123291016,0.3724689185619354,0.7457478642463684
1786713794.9481723,-5.0592853905810635,-0.24752971440566846,0.3550002141376827,64.21564483642578,-87.46720123291016,0.36485975980758667,0.7328534722328186
1786713795.10122,-4.912932970456963,-0.742719226176005,0.32919625165989835,64.21564483642578,-87.46720123291016,0.36856919527053833,0.8001390099525452
1786713795.1014044,-4.999145179317041,-0.23825865599413154,0.3443945468026319,64.21564483642578,-87.46720123291016,0.3652614653110504,0.7892091274261475
1786713795.2478466,-4.8847617699816475,-0.738971158247419,0.3242289143694366,64.21564483642578,-87.46720123291016,0.36856919527053833,0.8331819772720337
1786713795.24797,-4.967186952996721,-0.2338583143119592,0.3387583361185528,64.21564483642578,-87.46720123291016,0.36872240900993347,0.8240946531295776
1786713795.3475888,-4.856233464489424,-0.7353544548946432,0.319198865543421,64.21564483642578,-87.46720123291016,0.36789995431900024,0.8632363677024841
1786713795.3477333,-4.934864142371842,-0.22961823634453304,0.3330586542282124,64.21564483642578,-87.46720123291016,0.3718678951263428,0.8579649925231934
1786713795.4976013,-4.827022565892658,-0.7317204503976018,0.3140483113427643,64.21564483642578,-87.46720123291016,0.36615145206451416,0.8641414642333984
1786713795.4977505,-4.903146409634706,-0.22558891177909313,0.3274656892385149,64.21564483642578,-87.46720123291016,0.37616315484046936,0.859011709690094
1786713795.6476624,-4.797747463462749,-0.7281984830787501,0.3088861170216722,64.21564483642578,-87.46720123291016,0.3617394268512726,0.8651347756385803
1786713795.6477625,-4.871408989425507,-0.22169142516607576,0.32186994840863153,64.21564483642578,-87.46720123291016,0.3831198215484619,0.8601696491241455
1786713795.7976255,-4.768396917549094,-0.7247842022378468,0.30371098138524955,64.21564483642578,-87.46720123291016,0.3632088005542755,0.866061806678772
1786713795.7977571,-4.839647910836852,-0.217921705095449,0.3162690443760273,64.21564483642578,-87.46720123291016,0.3821522295475006,0.8612514734268188
1786713795.9501774,-4.7389785714609,-0.7214743074221718,0.2985240033596867,64.21564483642578,-87.46720123291016,0.3656947910785675,0.8670120239257812
1786713795.950264,-4.807867637917796,-0.21427525072085474,0.3106653955365218,64.21564483642578,-87.46720123291016,0.3821522295475006,0.8623664379119873
1786713796.0976734,-4.709488623825842,-0.7182647485307896,0.29332335762601996,64.21564483642578,-87.46720123291016,0.3656947910785675,0.8679725527763367
1786713796.097823,-4.7760674509210554,-0.21074771039041668,0.3050585943023311,64.21564483642578,-87.46720123291016,0.38348403573036194,0.8635022640228271
1786713796.1983292,-4.679924088915496,-0.7151529084316348,0.2881105182452921,64.21564483642578,-87.46720123291016,0.3671679198741913,1.0
1786713796.1984909,-4.744247658137755,-0.20733605705693464,0.2994473565344633,64.21564483642578,-87.46720123291016,0.3819248378276825,1.0
1786713796.347559,-4.650288869953024,-0.7121355899699907,0.2828849700719032,64.21564483642578,-87.46720123291016,0.366411030292511,0.8813348412513733
1786713796.3477054,-4.712409244358121,-0.20403601259067006,0.29383387644314757,64.21564483642578,-87.46720123291016,0.3816682696342468,0.8777865171432495
1786713796.4976377,-4.6228742090467225,-0.7094262131143724,0.2780513758316166,64.21564483642578,-87.46720123291016,0.36568179726600647,0.9015480279922485
1786713796.497769,-4.683096782816568,-0.2010911159746308,0.2886660178164015,64.21564483642578,-87.46720123291016,0.38240551948547363,0.9032037854194641
1786713796.7977672,-4.600582872668725,-0.7072310617419288,0.2741207291590394,64.21564483642578,-87.46720123291016,0.3697925806045532,0.8895388245582581
1786713796.797921,-4.660566180547604,-0.19886682914531267,0.2846947441184241,64.21564483642578,-87.46720123291016,0.3823705017566681,0.8946799635887146
1786713798.2551885,-4.497018199469747,-0.6970018953508607,0.2558551859840499,64.21564483642578,-87.46720123291016,0.37162455916404724,0.7931801080703735
1786713798.25529,-4.552397044194875,-0.18809934375856197,0.2656212773085238,64.21564483642578,-87.46720123291016,0.37892937660217285,0.7787573337554932
1786713798.397786,-4.457495228229847,-0.6952579436207647,0.24888660644245814,64.21564483642578,-87.46720123291016,0.3676289916038513,0.8211295008659363
1786713798.397935,-4.504452902037315,-0.18548306650030355,0.2571661914206019,64.21564483642578,-87.46720123291016,0.37818673253059387,0.8091019988059998
1786713798.5542321,-4.433157198311133,-0.6945883175503476,0.24459822884098947,61.212196350097656,-84.52530670166016,0.36862680315971375,0.864280641078949
1786713798.5552106,-4.475378719408641,-0.18438642043689518,0.25203915203955696,64.21564483642578,-87.46720123291016,0.37146738171577454,0.8822941780090332
1786713798.697694,-4.421737433148703,-0.6951136958503432,0.24258551883179535,61.212196350097656,-84.52530670166016,0.36862680315971375,0.6088178157806396
1786713798.6980214,-4.467967291212515,-0.18527016075623676,0.2507322940308958,64.21564483642578,-87.46720123291016,0.37146738171577454,0.5796088576316833
1786713798.7975857,-4.377200025662006,-0.6922491544885758,0.23723149337420116,58.40227127075195,-81.78632354736328,0.3488067388534546,0.7880700826644897
1786713798.7977276,-4.412259499362021,-0.18147047035670183,0.24170017778788697,64.21564483642578,-87.46720123291016,0.3641698956489563,0.7719817757606506
1786713798.9477777,-4.350685382010754,-0.688198872066006,0.23572338306606994,55.41612243652344,-78.94962310791016,0.33988136053085327,0.638718843460083
1786713798.9478877,-4.379601918675398,-0.1770166898216663,0.23650470453443456,61.4006233215332,-84.7106704711914,0.34333184361457825,0.6044088006019592
1786713799.0475948,-4.333142449513055,-0.68080047792512,0.23434002909070265,56.021690368652344,-79.52201080322266,0.3403635323047638,0.6285486817359924
1786713799.0477278,-4.3496750055388524,-0.16906876263397663,0.23318844043233042,61.5667839050293,-84.87405395507812,0.34375840425491333,0.593423068523407
1786713799.197612,-4.315819020175689,-0.6745801364573231,0.23220546779602413,55.41612243652344,-78.94962310791016,0.3354056179523468,0.8588747978210449
1786713799.1977572,-4.319599999441285,-0.16259785135201033,0.23024487244371872,58.78895568847656,-82.15779876708984,0.329011470079422,0.852593719959259
1786713799.352222,-4.289004458915735,-0.6728569996487681,0.22968229343488772,51.45069885253906,-75.20040893554688,0.29790955781936646,0.8796656131744385
1786713799.3523054,-4.289909029057905,-0.16086274545314877,0.22743164385545717,55.41612243652344,-78.94962310791016,0.2892470955848694,0.878624677658081
1786713799.4477022,-4.260893738817544,-0.6718043344386618,0.22743912879911032,51.45069885253906,-75.20040893554688,0.29790955781936646,0.868068277835846
1786713799.4478672,-4.26057507162965,-0.1598095162338644,0.22515777335559306,51.45069885253906,-75.20040893554688,0.27599963545799255,0.8701152205467224
1786713799.7989347,-4.233413594747744,-0.6707368689195062,0.22547695040030555,42.243080139160156,-66.19021606445312,0.26988792419433594,0.8226395845413208
1786713799.798993,-4.232712571306114,-0.15874188296206848,0.2233222066620896,51.45069885253906,-75.20040893554688,0.27599963545799255,0.8306192755699158
1786713800.5979555,-4.181531647450493,-0.6708308337995639,0.2202867878487365,37.32396697998047,-61.03898239135742,0.22240573167800903,0.26470476388931274
1786713800.598124,-4.181857823045416,-0.15883099443160192,0.2205278203416997,39.24477005004883,-63.086551666259766,0.20846761763095856,0.29298847913742065
1786713801.59798,-4.039229257518861,-0.6695993423742959,0.20916019965057986,14.884382247924805,-31.456995010375977,0.104268878698349,0.024586759507656097
1786713801.5981727,-4.0428699174547615,-0.15761230759287592,0.20930788499266817,23.074880599975586,-43.81123352050781,0.10393408685922623,0.02393065206706524
1786713802.5977113,-3.850892864894265,-0.6681494453505967,0.19621331507332704,2.4023056030273438,-6.237637996673584,0.013847840018570423,0.0005235977005213499
1786713802.5978792,-3.8545758127868015,-0.15616269172373237,0.19621098148108915,2.4023056030273438,-6.237637996673584,0.01444152183830738,0.0005412690225057304
1786713803.6810431,-3.650918321562976,-0.6667228560289631,0.19621514075170732,0.0,0.0,0.012106301262974739,8.719352626940235e-05
1786713803.681133,-3.6545801072703217,-0.154735950619536,0.19621130513163254,0.0,0.0,0.012053686194121838,9.259155194740742e-05
1786713804.767067,-3.450928766371476,-0.6652845372207821,0.1962108308046845,0.0,0.0,0.012219848111271858,5.045008219894953e-05
1786713804.7672257,-3.454588556144274,-0.15329761753135684,0.19621322931224905,0.0,0.0,0.012097977101802826,3.118335371254943e-05
1786713805.3601053,-3.228440195271805,-0.663729604648811,0.19620992276079163,0.0,0.0,0.0129551375284791,0.6334428787231445
1786713805.3602507,-3.2320928451557416,-0.15174263396815352,0.19621136117410648,0.0,0.0,0.01776881143450737,0.6042298674583435
1786713805.6044507,-3.1597741537742596,-0.664990410063963,0.1962073637616847,0.0,0.0,0.016786621883511543,0.647689163684845
1786713805.6045802,-3.1520442486346694,-0.15304876444920618,0.19620016738817295,0.0,0.0,0.021798232570290565,0.6119123101234436
1786713805.7524447,-3.0954925269315443,-0.6696978961804142,0.19620760577676713,0.0,0.0,0.016773268580436707,0.984703540802002
1786713805.7525785,-3.0693163193757855,-0.15836746875590335,0.19619544580201412,0.0,0.0,0.02400784380733967,0.9837373495101929
1786713805.9003124,-3.0963679878310058,-0.6715532859575917,0.19620840104997483,0.0,0.0,0.016773268580436707,0.5985247492790222
1786713805.9004383,-3.0698177911182483,-0.1602421411056526,0.19619409324714487,0.0,0.0,0.02400784380733967,0.5553024411201477
1786713806.0480564,-3.0542978986547973,-0.6765413352367726,0.19620882355027908,0.0,0.0,0.018822964280843735,0.8000733256340027
1786713806.048191,-3.0131996537466086,-0.16619347934246737,0.1961930263394029,0.0,0.0,0.025015149265527725,0.7794653177261353
1786713806.1962082,-3.0332962611916408,-0.6809074169232451,0.1962104119573636,0.0,0.0,0.018822964280843735,0.7963167428970337
1786713806.1964219,-2.9852075912249205,-0.1711707403170546,0.19619188338214155,0.0,0.0,0.027382835745811462,0.7753819227218628
1786713806.3444378,-3.012245962906229,-0.6859327478057762,0.19621077695762848,0.0,0.0,0.01873934455215931,0.7928469777107239
1786713806.3445978,-2.957060812130869,-0.17691546045284207,0.19619317692089647,0.0,0.0,0.02606922760605812,0.7716322541236877
1786713806.4971056,-2.9911605476959786,-0.6916257987017527,0.19621091646697944,0.0,0.0,0.019629299640655518,0.789665162563324
1786713806.497229,-2.9287893209155818,-0.18343899274555558,0.1961929735880443,0.0,0.0,0.02606922760605812,0.768218994140625
1786713806.591158,-2.970051852279659,-0.6979987410490229,0.1962115094554383,0.0,0.0,0.020393744111061096,0.7860696911811829
1786713806.5913599,-2.900421742218052,-0.19075555735195587,0.1961923869045864,0.0,0.0,0.027030596509575844,0.7642671465873718
1786713806.739362,-2.9489620960425125,-0.7049818654551525,0.19621111680057465,0.0,0.0,0.021701836958527565,0.781139075756073
1786713806.7395453,-2.871966365100981,-0.19880436984704808,0.1961922306497135,0.0,0.0,0.02275601215660572,0.7586172819137573
1786713806.8902133,-2.9279736985330658,-0.7123907754841885,0.19621155490914977,0.0,0.0,0.02281400002539158,0.7762430906295776
1786713806.8902915,-2.843402539007055,-0.2074237283684096,0.196194130881936,0.0,0.0,0.02138427458703518,0.7529885172843933
1786713806.98609,-2.907105474088881,-0.7202095925780676,0.19621181496547804,0.0,0.0,0.02319064922630787,0.7715407013893127
1786713806.9862597,-2.81474909669481,-0.21660826296735108,0.1961926065710025,0.0,0.0,0.019905565306544304,0.7475773096084595
1786713807.1344833,-2.88636974493596,-0.7284415114857308,0.19621143382877743,0.0,0.0,0.02319064922630787,0.7670664191246033
1786713807.1346273,-2.7860299340646835,-0.22636988111778023,0.19619315858827907,0.0,0.0,0.01856190711259842,0.7424268126487732
1786713807.2837315,-2.865779510378162,-0.7370897953971361,0.1962126250486339,0.0,0.0,0.022112347185611725,0.762815535068512
1786713807.2837932,-2.757272139275954,-0.2367197823279329,0.196191705838901,0.0,0.0,0.018684662878513336,0.7375331521034241
1786713807.3816574,-2.845347099956278,-0.7461612777169427,0.19621231598856437,0.0,0.0,0.022112347185611725,0.7759560346603394
1786713807.3819313,-2.728502872624187,-0.2476721342947115,0.1961915955481523,0.0,0.0,0.016401570290327072,0.7527622580528259
1786713807.530039,-2.8246654358067538,-0.7552154983810928,0.19621264368519892,0.0,0.0,0.022016335278749466,0.7875606417655945
1786713807.5301979,-2.7001533946542287,-0.25858610816885474,0.19619301073643514,0.0,0.0,0.016541464254260063,0.7692849040031433
1786713807.7774172,-2.8031346459661877,-0.7641473373769125,0.19620994377596876,0.0,0.0,0.022029219195246696,0.7668406963348389
1786713807.7776268,-2.6733480832564376,-0.26887019500783294,0.19619027892202803,0.0,0.0,0.01652771793305874,0.7522013187408447
1786713808.7179728,-2.759143014818438,-0.7805723179023596,0.19620804551224322,0.0,0.0,0.022163497284054756,0.4034607410430908
1786713808.7181342,-2.6228107760964408,-0.2870568465083527,0.19619463657286337,0.0,0.0,0.01635412871837616,0.4454178810119629
1786713808.866473,-2.580648569841569,-0.8261177311177949,0.19620109280011921,0.0,0.0,0.018453378230333328,0.9862574934959412
1786713808.8666096,-2.460441184724751,-0.3284288880231324,0.19620583342012493,0.0,0.0,0.016926050186157227,0.9817482233047485
1786713808.9681985,-2.58008163491178,-0.824694347289098,0.19620144019686067,0.0,0.0,0.017934037372469902,0.7238332033157349
1786713808.9682803,-2.4591018142289194,-0.32719270614593016,0.19620832477865532,0.0,0.0,0.016926050186157227,0.7663677930831909
1786713809.1154606,-2.524242754399791,-0.8358375997416455,0.19620055531453906,0.0,0.0,0.018041865900158882,0.8776187300682068
1786713809.1184087,-2.415121239967839,-0.3356011606095929,0.19620780525054082,0.0,0.0,0.016890576109290123,0.893012523651123
1786713809.2644331,-2.4961484375631158,-0.8399656387332697,0.19620034853995577,0.0,0.0,0.018061526119709015,0.8755007386207581
1786713809.2645574,-2.3915028015850814,-0.33877376848392,0.1962085162652374,0.0,0.0,0.017473140731453896,0.891160786151886
1786713809.3616996,-2.4677482136625852,-0.8436679144313046,0.19620051893331186,0.0,0.0,0.0166569035500288,0.8734865784645081
1786713809.3618379,-2.367664436004883,-0.3415451830362093,0.1962086486599427,8.94051742553711,3.3568620681762695,0.017473140731453896,0.8893840909004211
1786713809.5106692,-2.439059090050645,-0.846931830526499,0.19620035800775382,0.0,0.0,0.01662074774503708,0.8713107705116272
1786713809.510821,-2.3436157791411225,-0.3439064093694326,0.19620886590167497,8.42413330078125,3.150463104248047,0.021365173161029816,0.8875476121902466
1786713809.6592395,-2.410094267817985,-0.8497760494195408,0.19620057316676648,0.0,0.0,0.016405533999204636,0.8684468269348145
1786713809.659375,-2.3193949489042525,-0.34587364470388876,0.1962089617385694,9.523838996887207,3.592073917388916,0.021569445729255676,0.8853850364685059
1786713809.7583747,-2.380872326701193,-0.85227801044761,0.19620025772566574,0.0,0.0,0.016405533999204636,0.8654664754867554
1786713809.758513,-2.2951101203281437,-0.3475118825436551,0.19620913888046365,9.523838996887207,3.592073917388916,0.021569445729255676,0.8831515312194824
1786713809.8576605,-2.3514038343058763,-0.8544331328613032,0.1961998917709141,8.42413330078125,3.150463104248047,0.016405533999204636,0.8624600172042847
1786713809.857874,-2.2707838066914983,-0.34882022651560873,0.1962090632900377,13.671695709228516,5.332589149475098,0.021569445729255676,0.8808924555778503
1786713810.0061781,-2.3216997642981463,-0.856226173361585,0.1961997723838037,8.94051742553711,3.3568620681762695,0.015497684478759766,0.8594398498535156
1786713810.006346,-2.2464277794525094,-0.34978947622167417,0.19620912205144303,22.061378479003906,9.287041664123535,0.022229935973882675,0.8786180019378662
1786713810.1615052,-2.291772470505314,-0.857641364896558,0.19619978773937088,9.523838996887207,3.592073917388916,0.015260769985616207,0.8564267158508301
1786713810.1616685,-2.2220544124042356,-0.35041026147813087,0.19620976470049215,23.42662239074707,9.996729850769043,0.02217673324048519,0.8763443231582642
1786713810.3040295,-2.261636225914557,-0.8586617132009541,0.19619942957491365,17.434955596923828,7.0268449783325195,0.015260769985616207,0.8534440398216248
1786713810.3041685,-2.1976767748803847,-0.35067235454097234,0.19620999497559533,24.961740493774414,10.82054328918457,0.023789675906300545,0.8740875720977783
1786713810.4571698,-2.231303111832485,-0.8592709658715317,0.19619913406028652,22.061378479003906,9.287041664123535,0.015376794151961803,0.8504953384399414
1786713810.457241,-2.1733036340557295,-0.3505666701781772,0.1962101227742065,28.32522964477539,12.730413436889648,0.023789675906300545,0.8718516826629639
1786713810.5519848,-2.200788133536829,-0.8594524430954948,0.19619884844146104,24.961740493774414,10.82054328918457,0.015331808477640152,0.8475582599639893
1786713810.552185,-2.1489466186041817,-0.3500837581596712,0.19621052052680174,33.888427734375,16.261703491210938,0.023789675906300545,0.8696263432502747
1786713810.7010515,-2.170103214121635,-0.8591939331696308,0.1961982954824149,28.32522964477539,12.730413436889648,0.015331808477640152,0.8447076678276062
1786713810.7012694,-2.124617207731971,-0.3492184209473678,0.1962107998867304,37.79561996459961,19.08445930480957,0.024280579760670662,0.8674554824829102
1786713810.8522048,-2.1392633871561815,-0.8584746333255162,0.19619779366762527,35.75157928466797,17.567842483520508,0.01574750803411007,0.8419057130813599
1786713810.8523302,-2.100321933079573,-0.34795767671822114,0.19621086365859022,40.03904724121094,20.861684799194336,0.027231033891439438,0.8653221130371094
1786713810.9490488,-2.108284704186836,-0.8572799984116088,0.1961976407217069,35.75157928466797,17.567842483520508,0.01574750803411007,0.8391349911689758
1786713810.9492707,-2.076073390797205,-0.34629425388526625,0.1962110785178864,44.0849494934082,24.416738510131836,0.027231033891439438,0.8632217049598694
1786713811.048121,-2.0771819599121764,-0.8556033728299091,0.19619715480543315,44.57101058959961,24.878429412841797,0.015258077532052994,0.8364405035972595
1786713811.0482543,-2.0518858013965615,-0.34422865291819454,0.19621128166744062,46.33073425292969,26.62057876586914,0.02736886776983738,0.8611717224121094
1786713811.251016,-2.045969685106199,-0.8534258737541824,0.19619695014662636,46.33073425292969,26.62057876586914,0.015258077532052994,0.833818793296814
1786713811.2511513,-2.027766146029353,-0.3417495786648195,0.196211396632827,46.33073425292969,26.62057876586914,0.02736886776983738,0.8591775298118591
1786713811.3461766,-2.0146636394531168,-0.8507349760777474,0.19619651741649266,47.83750915527344,28.2076358795166,0.015258077532052994,0.8312830924987793
1786713811.3463225,-2.003724541719798,-0.338851848872365,0.19621145794661907,50.090087890625,30.764944076538086,0.030677298083901405,0.8572533130645752
1786713811.4972444,-1.9832827851095958,-0.8475201363066818,0.19619618967904223,54.31887435913086,36.277095794677734,0.014303027652204037,0.8288931250572205
1786713811.497497,-1.9797742961189193,-0.3355321576753383,0.1962117458072269,53.45636749267578,35.06840515136719,0.03442741930484772,0.8554430603981018
1786713811.5944855,-1.9518485672027086,-0.8437721656820798,0.19619589103930396,56.41250228881836,39.411197662353516,0.014008048921823502,0.8268725872039795
1786713811.5946085,-1.9559267641236115,-0.33178840807526183,0.19621191219452805,56.41250228881836,39.411197662353516,0.03427543491125107,0.8539232015609741
1786713811.7439172,-1.920407128199779,-0.8394875221782543,0.19619575606823983,57.01359939575195,40.365516662597656,0.014008048921823502,0.8257336020469666
1786713811.7441711,-1.93220489695413,-0.3276234656261783,0.19621195705392372,58.961124420166016,43.62318801879883,0.04733899608254433,0.8530965447425842
1786713811.8429577,-1.908650576209995,-0.32305572266281646,0.19621214241007492,58.961124420166016,43.62318801879883,0.04733899608254433,0.852107048034668
1786713821.0070102,-1.9004973850220819,-0.34551108992007434,0.1961976102186574,55.71208953857422,38.33022689819336,9.942499445969588e-07,0.8918878436088562
1786713821.1067305,-1.9233060759289105,-0.36087228022508366,0.1961984013889155,54.8872184753418,37.099273681640625,9.942499445969588e-07,0.891196072101593
1786713821.256371,-1.9460585341898684,-0.3768637430847067,0.19619809237725372,51.257118225097656,32.18669128417969,7.741658691884368e-07,0.8906636834144592
1786713821.406097,-1.9687150046817303,-0.3934858548372554,0.19619807205174616,48.72484588623047,29.187191009521484,4.3220137513344525e-07,0.8902403116226196
1786713821.5065818,-1.7122689537485907,-0.8400584096101584,0.19620982589079328,54.31887435913086,36.277095794677734,3.8154146750457585e-05,0.8683484196662903
1786713821.5075772,-1.9912463476753057,-0.4107384665251866,0.19619768608217675,46.33073425292969,26.62057876586914,3.87602142382093e-07,0.8899195194244385
1786713821.6555939,-1.7297590020380418,-0.8547249649892926,0.1962100970848252,54.31887435913086,36.277095794677734,3.8154146750457585e-05,0.8677749633789062
1786713821.6558185,-2.0136255684478996,-0.42862195828732597,0.19619767848408168,41.98905944824219,22.514211654663086,1.4936907064111438e-05,0.8897007703781128
1786713821.7552564,-1.7470369130650598,-0.8699162210808501,0.19621045098271703,51.257118225097656,32.18669128417969,3.8154146750457585e-05,0.8668405413627625
1786713821.7554104,-2.035824944457811,-0.44713321200758915,0.19619767372927818,41.98905944824219,22.514211654663086,1.4936907064111438e-05,0.8892304301261902
1786713821.9053328,-1.7640889273966913,-0.8855801017719431,0.19621043601260868,48.72484588623047,29.187191009521484,3.823575025307946e-05,0.8709974884986877
1786713821.9054544,-2.057850745143014,-0.4662377663569665,0.19619766536420147,35.75157928466797,17.567842483520508,1.570230961078778e-05,0.8913447260856628
1786713822.1553495,-1.7813310699527336,-0.9013278536998853,0.19621047113996015,48.72484588623047,29.187191009521484,3.823575025307946e-05,0.8464315533638
1786713822.1555037,-2.0796272710817365,-0.48519881573047974,0.19619819667678695,32.18801498413086,15.127211570739746,2.0078536181245e-05,0.8615849018096924
1786713822.5036733,-1.81772167484243,-0.9334733290688911,0.19621016613226686,44.0849494934082,24.416738510131836,2.6860125217353925e-05,0.6562473773956299
1786713822.503806,-2.121510073336345,-0.5213366905124285,0.19620017203252269,22.061378479003906,9.287041664123535,7.38415983505547e-05,0.6609782576560974
1786713822.9033208,-1.8747300337868935,-0.9794009329676927,0.1962067559813602,35.75157928466797,17.567842483520508,1.904391319840215e-05,0.7344464063644409
1786713822.903442,-2.1814212721366246,-0.5694198549793161,0.1962034397883675,16.467571258544922,6.579887866973877,6.60167497699149e-05,0.7737676501274109
1786713823.1525736,-1.923321868984577,-1.0227686772570996,0.19620902421505407,22.061378479003906,9.287041664123535,1.4958973224565852e-06,0.8367799520492554
1786713823.152754,-2.2424567671772806,-0.6223977034518806,0.19619954828122863,0.0,0.0,8.860906746122055e-06,0.8662212491035461
1786713823.2522242,-1.9516589051232305,-1.0535282281941463,0.1962104754368645,18.519580841064453,7.5380144119262695,1.4958973224565852e-06,0.8674164414405823
1786713823.2523596,-2.2819457884185312,-0.6623063288081599,0.19619767318967626,0.0,0.0,9.283339750254527e-06,0.8901543617248535
1786713823.4057002,-1.9658844607359434,-1.070052832878381,0.19621078070986084,18.519580841064453,7.5380144119262695,1.4958973224565852e-06,0.8644782304763794
1786713823.4067454,-2.3008489160250525,-0.6828283327279039,0.19619751106183295,0.0,0.0,9.283339750254527e-06,0.888115406036377
1786713823.5519302,-1.979842115550665,-1.086929754139108,0.1962108923659715,12.873679161071777,4.987990856170654,1.4502431895380141e-06,0.8606355786323547
1786713823.5522585,-2.3196045778299963,-0.7039082546891792,0.19619729036936084,0.0,0.0,7.686770914006047e-06,0.8853328824043274
1786713823.6517234,-1.9935330493828975,-1.1040915303029561,0.19621112256473328,8.94051742553711,3.3568620681762695,1.4132901924313046e-06,0.8566945195198059
1786713823.6518843,-2.338239685535751,-0.7255134871063083,0.1961969246286865,0.0,0.0,9.873928320303094e-06,0.8824387788772583
1786713823.751449,-2.006943327051656,-1.1215318745915404,0.19621138100717603,4.651993751525879,1.6920089721679688,1.4157495797917363e-06,0.857047975063324
1786713823.7516212,-2.356730847329772,-0.7476432675971777,0.19619663305490634,0.0,0.0,7.4614217737689614e-06,0.8829329609870911
1786713824.0009034,-2.019535773891957,-1.1380962011991191,0.19621179998878183,4.651993751525879,1.6920089721679688,1.4157495797917363e-06,0.8787275552749634
1786713824.0010345,-2.3743613050136823,-0.7689853204775106,0.1961977606189195,0.0,0.0,7.4614217737689614e-06,0.8984963893890381
1786713824.4039555,-2.038973580991588,-1.1631595475723848,0.19620976598777104,0.0,0.0,1.4219981494534295e-06,0.8607907891273499
1786713824.4040856,-2.399548937340002,-0.7996634508545878,0.19620169501171789,0.0,0.0,6.5155177253473084e-06,0.8626976013183594
1786713837.6900115,-2.0756047477289927,-1.2026602680841578,0.19620606833635804,0.0,0.0,1.1769145658035995e-06,0.9112405180931091
1786713837.6901605,-2.442292113293994,-0.8453307619799076,0.19620455442937748,0.0,1.1920928955078125e-05,6.553453886226634e-07,0.9266713261604309
1786713837.7900953,-2.086132966484859,-1.2156431739458,0.19620604645807233,0.0,0.0,1.2099975492674275e-06,0.9287984371185303
1786713837.7902534,-2.457261602532213,-0.8629286498596561,0.19620396908016308,0.0,0.0,8.832474236442067e-07,0.940287172794342
1786713837.9403558,-2.093253505637576,-1.2241496340230011,0.1962059653415551,0.0,0.0,8.559590582990495e-07,0.9381827116012573
1786713837.9405239,-2.4665923730146337,-0.8737754196507759,0.19620302224918018,0.0,0.0,8.832474236442067e-07,0.9435617923736572
1786713838.0404172,-2.102484720230738,-1.2350092729106865,0.1962060884749382,-2.9802322387695312e-05,1.1920928955078125e-05,8.570254976802971e-07,0.928923487663269
1786713838.0406075,-2.476996309984646,-0.8858888507993721,0.19620389347348555,0.0,0.0,8.519862149114488e-07,0.9337250590324402
1786713838.243168,-2.113385047353487,-1.2476832086156247,0.19620614835130912,0.0,0.0,8.291397080029128e-07,0.9187905192375183
1786713838.243235,-2.4890175103660392,-0.899769062999991,0.19620273263762028,0.0,0.0,8.519862149114488e-07,0.9230014681816101
1786713838.3406508,-2.1259959985997265,-1.2621958638093784,0.19620648694298895,0.0,0.0,8.291397080029128e-07,0.9161781668663025
1786713838.3408031,-2.5027015237875436,-0.9154438670180634,0.19620271778356288,0.0,1.1920928955078125e-05,3.812041597939242e-07,0.9209823608398438
1786713838.490993,-2.1387619602965873,-1.2770901326535269,0.19620689422130191,0.0,0.0,8.291397080029128e-07,0.9248250722885132
1786713838.4911163,-2.516636043164993,-0.9316119459555201,0.19620339874192536,-2.9802322387695312e-05,1.1920928955078125e-05,5.184169822314288e-07,0.9308666586875916
1786713838.6412709,-2.1496914225231762,-1.2902659233115263,0.19620757241111517,0.0,0.0,5.67594213407574e-07,0.9234772324562073
1786713838.6414778,-2.5288729420310068,-0.9462232293925148,0.1962026043366291,-2.9802322387695312e-05,1.1920928955078125e-05,5.184169822314288e-07,0.9304297566413879
1786713838.7410867,-2.1604773290428634,-1.3035636990131745,0.19620760828342965,0.0,0.0,5.67594213407574e-07,0.9215806722640991
1786713838.7412446,-2.5411053560789387,-0.9611220178278327,0.19620296272533444,-2.9802322387695312e-05,1.1920928955078125e-05,5.184169822314288e-07,0.9295863509178162
1786713838.8912718,-2.1711080048668836,-1.3169897079863067,0.19620777927502717,0.0,0.0,5.67594213407574e-07,0.9030960202217102
1786713838.8914435,-2.553343784339685,-0.9763435442565551,0.19620258091122142,0.0,0.0,5.718407578569895e-07,0.877687931060791
1786713839.0416062,-2.167456287295829,-1.3147917250991124,0.19620754732793116,0.0,0.0,5.67594213407574e-07,0.7446138858795166
1786713839.0417435,-2.5463513770645494,-0.9704336107446673,0.1962023124293502,-2.9802322387695312e-05,1.1920928955078125e-05,5.184169822314288e-07,0.7830119729042053
1786713839.191685,-2.1918278797432236,-1.3442891431409287,0.19620715622777163,0.0,0.0,4.71375471988722e-07,0.9124605655670166
1786713839.1918836,-2.577792242234327,-1.0078734614958043,0.19620167144823109,0.0,0.0,6.033860699972138e-07,0.9240835309028625
1786713839.2968454,-2.201917470515357,-1.358179384206064,0.19620798988462765,-2.9802322387695312e-05,1.1920928955078125e-05,3.7173869316120545e-08,0.9089483618736267
1786713839.2969365,-2.590040162679457,-1.0242560759745403,0.1962011337871011,0.0,1.1920928955078125e-05,4.7508873990409484e-07,0.9217531085014343
1786713839.4419165,-2.2117595584258964,-1.372274270423935,0.1962085883656329,0.0,0.0,3.033790392237279e-07,0.9046840071678162
1786713839.4421704,-2.602214722942086,-1.041081329011037,0.19620078397690663,0.0,0.0,8.523165888618678e-07,0.9187589287757874
1786713839.5919902,-2.2213561857600483,-1.3865797247296825,0.19620884460334653,0.0,1.1920928955078125e-05,3.1239019904205634e-07,0.8998162746429443
1786713839.5921588,-2.614329624373431,-1.058378755082577,0.1962006547318536,0.0,0.0,8.482856515001913e-07,0.9152210354804993
1786713839.7450821,-2.2306933238763045,-1.4011087947483853,0.19620909433264902,0.0,1.1920928955078125e-05,3.1239019904205634e-07,0.8949740529060364
1786713839.7452292,-2.6263765686846337,-1.0761799260774365,0.19620002959748886,0.0,1.1920928955078125e-05,3.2596588539490767e-07,0.9112588167190552
1786713839.8422968,-2.2399205097750756,-1.4150542051853414,0.1962086797377343,0.0,1.1920928955078125e-05,3.1239019904205634e-07,0.8923340439796448
1786713839.842447,-2.638434423537888,-1.09360333730575,0.19619991028888015,4.112750053405762,1.4897704124450684,1.9432347642123204e-07,0.9100257158279419
1786713839.992415,-2.2471502873161175,-1.4265015203614486,0.1962076809803467,0.0,0.0,3.7539291497523664e-07,0.8841181993484497
1786713839.9926434,-2.648695931630036,-1.1088458963463679,0.19619967410053318,4.112750053405762,1.4897704124450684,1.9432347642123204e-07,0.9033711552619934
1786713840.1425452,-2.2537847807233975,-1.4373688164190197,0.1962073308878722,0.0,0.0,6.321185992419487e-07,0.8801928162574768
1786713840.1427145,-2.6586063379552733,-1.1238987113895202,0.19620004020955542,4.112750053405762,1.4897704124450684,1.9432347642123204e-07,0.9001172184944153
1786713840.2926342,-2.2597627211896376,-1.4474190795684025,0.19620669550159162,-2.9802322387695312e-05,1.1920928955078125e-05,1.9779974536504596e-05,0.8757584095001221
1786713840.292875,-2.667952680183667,-1.1383479593937835,0.19619959203976287,4.638075828552246,1.6861796379089355,8.4374499920159e-07,0.8963627219200134
1786713840.442707,-2.2648632452766932,-1.4563513257292162,0.19620581055243,-2.9802322387695312e-05,1.1920928955078125e-05,1.9779974536504596e-05,0.9605468511581421
1786713840.4428506,-2.67651324077272,-1.1519038242164599,0.1962002642641956,4.954397678375244,1.8051505088806152,2.860187464648334e-07,0.9516457319259644
1786713841.6936963,-2.2843690533988656,-1.5010305489181575,0.19620475043088864,4.363447189331055,1.5834689140319824,2.5053624995052814e-05,0.8503294587135315
1786713841.6938667,-2.7279816736149094,-1.2453904833069587,0.19619847683489222,0.0,0.0,9.337392725683458e-07,0.8760240077972412
1786713841.843879,-2.286274122141325,-1.509864668405767,0.1962068997796007,4.363447189331055,1.5834689140319824,2.5053624995052814e-05,0.8684660196304321
1786713841.8440428,-2.7334398834106794,-1.2604918914780514,0.19619819583771575,0.0,0.0,1.02966350823408e-06,0.8920994400978088
1786713841.9942596,-2.2891066218287626,-1.5211740856686125,0.1962082245872915,4.363447189331055,1.5834689140319824,2.5053624995052814e-05,0.879766047000885
1786713841.9945717,-2.739413815969478,-1.2775197591992273,0.19619833185134958,0.0,0.0,1.252514380212233e-06,0.901919960975647
1786713842.0940568,-2.2930400714377415,-1.5349026497449718,0.19620846775497786,4.642367362976074,1.6879677772521973,2.6254261683789082e-05,0.8829048871994019
1786713842.0942054,-2.7461907451544754,-1.2965783605613068,0.19619871219987883,0.0,0.0,1.6440171748399734e-06,0.9044015407562256
1786713842.2442093,-2.2981238090468876,-1.5508541754509737,0.1962089162613108,4.360079765319824,1.5820860862731934,4.9196525651495904e-05,0.9458837509155273
1786713842.2443488,-2.7539521744104327,-1.3176922119453518,0.19619870833915662,-2.9802322387695312e-05,0.0,1.6762381847001961e-06,0.935075044631958
1786713842.3943362,-2.2957628923072773,-1.5524491950125052,0.19621083945921847,4.360079765319824,1.5820860862731934,4.9196525651495904e-05,0.7029114961624146
1786713842.3944914,-2.750662706137956,-1.3174807732270255,0.19619898811094483,-2.9802322387695312e-05,0.0,1.6762381847001961e-06,0.7537301778793335
1786713842.4945195,-2.3101100859521004,-1.5878471156909164,0.19621047216983598,4.358023643493652,1.5812039375305176,4.2634434066712856e-05,0.8688527345657349
1786713842.494687,-2.7711189790227495,-1.3651033158519716,0.19619851043790518,0.0,0.0,2.030766836469411e-06,0.8928987979888916
1786713842.644602,-2.314502910536292,-1.6045778108222284,0.19621076098459783,4.358023643493652,1.5812039375305176,4.2634434066712856e-05,0.8605584502220154
1786713842.644753,-2.778257506829053,-1.3876085175034705,0.1961975663798604,0.0,0.0,2.0252098238415783e-06,0.8861190676689148
1786713842.7445781,-2.3184891239810805,-1.6215220830286972,0.1962111844559311,4.358023643493652,1.5812039375305176,4.2634434066712856e-05,0.8520764112472534
1786713842.7447422,-2.785083118637257,-1.4107282407333772,0.1961970011103319,0.0,0.0,2.0252098238415783e-06,0.8791402578353882
1786713842.894696,-2.3220610409454623,-1.6386818633403182,0.19621150967270823,4.3559370040893555,1.580345630645752,4.87331926706247e-05,0.8435711860656738
1786713842.8948627,-2.7915726748468406,-1.4344691668560492,0.19619648029831377,0.0,0.0,1.790540522961237e-06,0.8721092343330383
1786713842.9961662,-2.3252091698462363,-1.6560597504176224,0.19621186986135788,4.633813858032227,1.684403419494629,5.024137863074429e-05,0.8350939750671387
1786713842.9962218,-2.79769810125303,-1.4588334604689714,0.19619602194035532,0.0,0.0,1.6151992667801096e-06,0.8650725483894348
1786713843.1450272,-2.32792465563757,-1.6736544864837137,0.19621222301531255,4.105746746063232,1.4868855476379395,0.00016316029359586537,0.8267751336097717
1786713843.145234,-2.8034308422326055,-1.4838180668191772,0.196195525803259,0.0,0.0,1.7470488273829687e-06,0.8581441640853882
1786713843.2448738,-2.3302021173819316,-1.6914656497368132,0.19621260696289317,4.351764678955078,1.5786290168762207,0.00016709277406334877,0.8186672925949097
1786713843.2451541,-2.8087436109088433,-1.509416099707395,0.19619508215622272,-2.9802322387695312e-05,1.1920928955078125e-05,1.7082301155824098e-06,0.8513731956481934
1786713843.3957605,-2.3320348853177646,-1.7094899363395457,0.19621296173009917,4.629075527191162,1.682436466217041,0.0001802694605430588,0.8107519745826721
1786713843.3958256,-2.8136071352630387,-1.5356159367103797,0.19619464225622396,0.0,0.0,1.7450597624701913e-06,0.8447417616844177
1786713843.545161,-2.333422578938049,-1.7277198720803333,0.19621334186139464,4.9408674240112305,1.799452304840088,0.00021870265481993556,0.9553678631782532
1786713843.5453997,-2.817998506284681,-1.562401481480133,0.19619422351037305,0.0,0.0,1.7033875110428198e-06,0.9615002870559692
1786713843.695291,-2.327740775459415,-1.7260511648706216,0.19621368109887996,4.62624454498291,1.6812562942504883,0.00019584510300774127,0.6270365715026855
1786713843.6955285,-2.8128682208212763,-1.5623582775442384,0.19619379577956444,0.0,0.0,1.7033875110428198e-06,0.6918678283691406
1786713843.7952578,-2.3348343727482552,-1.7647723273051643,0.1962139543036613,8.885919570922852,3.330385684967041,0.000511944992467761,0.7892955541610718
1786713843.7954314,-2.8252400666373703,-1.6176456642625683,0.1961933852496887,0.0,0.0,1.5865683735682978e-06,0.8267090320587158
1786713843.9453874,-2.3348564807214274,-1.7835750903451975,0.19621421520293306,9.464770317077637,3.5628318786621094,0.000609306909609586,0.7829742431640625
1786713843.9455678,-2.8280418634782096,-1.6460535364541156,0.19619299190888936,0.0,0.0,1.2323516784817912e-06,0.821380078792572
1786713844.0454457,-2.3344197686599415,-1.8025480030918393,0.19621452261263955,10.120094299316406,3.828263282775879,0.0006100964965298772,0.7771033644676208
1786713844.0455935,-2.830264318453488,-1.6749463496442007,0.19619267166921633,0.0,0.0,1.2642742603929946e-06,0.816425621509552
1786713844.1459038,-2.3335226973837533,-1.8216786495219592,0.19621480060000793,10.120094299316406,3.828263282775879,0.0006100964965298772,0.7716950178146362
1786713844.1459644,-2.8318843277274257,-1.7042917469558816,0.19619228085582982,-2.9802322387695312e-05,1.1920928955078125e-05,1.2289449387026252e-06,0.8118600249290466
1786713844.295786,-2.3321598420061513,-1.8409538887711838,0.1962149902462291,8.361429214477539,3.1206250190734863,0.001286294194869697,0.7668757438659668
1786713844.295912,-2.832876266579832,-1.7340564536488234,0.19619204661452785,0.0,0.0,1.181365291813563e-06,0.8077918887138367
1786713844.3955104,-2.330330678341398,-1.8603602415576048,0.19621530728905892,8.87143611907959,3.3234000205993652,0.0013696991372853518,0.7635736465454102
1786713844.3956125,-2.8332197493426747,-1.7642010937276338,0.19619172578797647,0.0,1.1920928955078125e-05,1.2678443681579665e-06,0.805016815662384
1786713844.4956014,-2.3280480467826825,-1.8798743813925807,0.19621537505654604,8.87143611907959,3.3234000205993652,0.0013696991372853518,0.7624064087867737
1786713844.4957085,-2.832903374447305,-1.7946388397174058,0.19619162665877268,0.0,0.0,1.2305200698392582e-06,0.8040644526481628
1786713844.6458466,-2.325338465771982,-1.8994663841426946,0.1962154354673129,10.105877876281738,3.821098804473877,0.0016308225458487868,0.762407124042511
1786713844.6459992,-2.8319311189191527,-1.8252512697434746,0.19619151851050554,0.0,0.0,7.858315029807272e-07,0.8041085600852966
1786713844.795888,-2.3222186403369927,-1.9191133879903388,0.19621539821661071,8.865147590637207,3.3203601837158203,0.0028816259000450373,0.7631499767303467
1786713844.7960477,-2.8303092859766137,-1.8559636038233935,0.19619145701808988,0.0,0.0,7.858315029807272e-07,0.8047862648963928
1786713844.897724,-2.3186980404089663,-1.9387947458317094,0.19621541557744626,8.865147590637207,3.3203601837158203,0.0028816259000450373,0.7638559937477112
1786713844.8978226,-2.8280429555630358,-1.8867202142467163,0.1961916059737031,0.0,1.1920928955078125e-05,8.030622780097474e-07,0.8054329752922058
1786713844.9960372,-2.3147719070185184,-1.9584969770325524,0.1962154012549944,8.865147590637207,3.3203601837158203,0.0028816259000450373,0.7650728821754456
1786713844.9961765,-2.825128197592454,-1.9175036103815892,0.19619168981357718,-2.9802322387695312e-05,1.1920928955078125e-05,1.1641292303465889e-06,0.8065146803855896
1786713845.1461763,-2.3104500942152786,-1.9782008737359753,0.19621541043609075,10.099977493286133,3.8181424140930176,0.0052498276345431805,0.766082227230072
1786713845.1464655,-2.821574394584289,-1.948268466403651,0.19619167056849618,-2.9802322387695312e-05,1.1920928955078125e-05,1.1641292303465889e-06,0.8074196577072144
1786713845.2477298,-2.3057254591430842,-1.9978960013742202,0.196215414615367,10.851442337036133,4.125511646270752,0.005225381348282099,0.7673338055610657
1786713845.2477782,-2.817376930057902,-1.9790075989362612,0.19619166497992913,-2.9802322387695312e-05,1.1920928955078125e-05,1.341895199402643e-06,0.808530867099762
1786713845.3464074,-2.30060340694031,-2.017566395078348,0.19621544428022716,10.85960865020752,4.12973165512085,0.006385454908013344,0.7682968378067017
1786713845.3465257,-2.812542815775162,-2.009689776558521,0.196191726874571,0.0,0.0,1.4770214420423144e-06,0.809394121170044
1786713845.4461153,-2.295078507725214,-2.0372018196127866,0.19621552486211186,10.108232498168945,3.8222789764404297,0.013118482194840908,0.7694752812385559
1786713845.4462552,-2.8070690673577054,-2.0403108864790744,0.19619206362775593,0.0,0.0,1.0308708624506835e-06,0.8104415535926819
1786713845.5476735,-2.28915526756258,-2.056787150201768,0.1962154003252131,8.877754211425781,3.32643985748291,0.015376446768641472,0.7706434726715088
1786713845.5477746,-2.800962320518278,-2.0708420426002596,0.1961920664291866,-2.9802322387695312e-05,1.1920928955078125e-05,1.303517137785093e-06,0.8114797472953796
1786713845.6963568,-2.282834458112071,-2.0763102136332505,0.19621522524901464,4.343092441558838,1.5750646591186523,0.018134374171495438,0.9170851707458496
1786713845.6973028,-2.7942258788879792,-2.101266459414647,0.19619170299940403,0.0,0.0,1.0158337317989208e-06,0.928514301776886
1786713845.7965164,-2.2774357652221315,-2.074641288627358,0.19621530031966677,4.343092441558838,1.5750646591186523,0.018134374171495438,0.6176379323005676
1786713845.796691,-2.788661382442152,-2.1027903160163275,0.19619174052934957,0.0,0.0,9.986165423470084e-07,0.6872838735580444
1786713845.8963835,-2.268988609317818,-2.115127602985774,0.1962153225361014,4.098444938659668,1.4838933944702148,0.02007056213915348,0.7735840082168579
1786713845.8965082,-2.778860162092552,-2.161764488767209,0.1961917494305515,0.0,0.0,1.0799051324283937e-06,0.8141052722930908
1786713846.0471892,-2.261474764840245,-2.1343964099284722,0.1962152495008238,4.343926906585693,1.5753984451293945,0.021621152758598328,0.7745148539543152
1786713846.0472763,-2.7702473822901643,-2.1917934758949347,0.19619176334283323,0.0,0.0,1.1243762401136337e-06,0.8149387240409851
1786713846.1464863,-2.253563324320285,-2.153558028555014,0.19621521812804185,8.369416236877441,3.124415874481201,0.021621152758598328,0.77488112449646
1786713846.146634,-2.761013809001783,-2.221660929011833,0.19619185402368614,0.0,0.0,1.220894205289369e-06,0.8152826428413391
1786713846.2466438,-2.2452493298656817,-2.172604479715366,0.19621519028707374,8.883208274841309,3.3290624618530273,0.02306325174868107,0.7758905291557312
1786713846.2467647,-2.751153634879339,-2.251375246023186,0.19619186802534594,0.0,0.0,1.2668772342294687e-06,0.8161807060241699
1786713846.3466089,-2.2365478231996656,-2.1915213229007913,0.1962151272947899,10.1177396774292,3.827047348022461,0.0233480054885149,0.7771022319793701
1786713846.346727,-2.7406873997811747,-2.280892944719234,0.1961919376768695,0.0,0.0,1.219836121890694e-06,0.8172535300254822
1786713846.4967797,-2.227465410808641,-2.2102967235154525,0.1962150481364427,14.475703239440918,5.6700825691223145,0.0233480054885149,0.7773358225822449
1786713846.4969633,-2.729626050201353,-2.310190125258199,0.1961919621133028,0.0,0.0,1.2842591559092398e-06,0.8174811601638794
1786713846.5968814,-2.217985874757339,-2.2289256403422812,0.19621541172197332,14.475703239440918,5.6700825691223145,0.0233480054885149,0.7779383659362793
1786713846.5970159,-2.7179486833850364,-2.33929406627473,0.19619203870425012,0.0,0.0,1.2842591559092398e-06,0.8180263042449951
1786713846.6967645,-2.208120668961529,-2.247395431847192,0.19621580863501908,13.595998764038086,5.289185047149658,0.03498552367091179,0.7785974740982056
1786713846.6968646,-2.705671300745279,-2.3681736097211488,0.1961921223907701,0.0,0.0,1.6619222833469394e-06,0.8186203241348267
1786713846.846972,-2.197873142202853,-2.2656958629816195,0.1962157529575426,12.806683540344238,4.9506425857543945,0.03519817441701889,0.7791361808776855
1786713846.8471775,-2.6927998709015317,-2.396812348070748,0.19619214158278778,0.0,0.0,1.867036075964279e-06,0.8191084265708923
1786713846.9470372,-2.1872477015586416,-2.2838179650683337,0.19621566540390095,17.355113983154297,6.974136829376221,0.0376473143696785,0.7798671722412109
1786713846.9472544,-2.679340021633408,-2.425200948391524,0.19619221186353997,0.0,0.0,2.6080520001414698e-06,0.819764256477356
1786713847.047158,-2.1762487872450134,-2.3017510154560745,0.196215555534518,14.507293701171875,5.6887030601501465,0.03766823187470436,0.7806487083435059
1786713847.047286,-2.6653004182779982,-2.4533178378083282,0.19619218850877954,0.0,0.0,2.5482352157268906e-06,0.8204622268676758
1786713847.1991723,-2.16488404658845,-2.3194861050220217,0.1962166777226219,15.537590026855469,6.147491931915283,0.04358117654919624,0.7816707491874695
1786713847.1992452,-2.6506920334633466,-2.4811480959196643,0.1961924378704208,0.0,0.0,2.5482352157268906e-06,0.8213663697242737
1786713847.297298,-2.1531658008487713,-2.3370121176982757,0.19621689182020757,15.53952693939209,6.148672103881836,0.044809240847826004,0.9207082986831665
1786713847.2974212,-2.635533263868244,-2.508667674044969,0.19619248967349012,0.0,0.0,2.5465924409218132e-06,0.9308899641036987
1786713847.3973184,-2.1484303605584123,-2.3344837522488198,0.19621716426135877,14.519065856933594,5.695641040802002,0.043695978820323944,0.7825540900230408
1786713847.397438,-2.629821294508227,-2.5088591177741617,0.19619248980244175,0.0,0.0,2.443935727569624e-06,0.8221709132194519
1786713847.5473576,-2.1363979543206506,-2.3517259756167563,0.19621665489848508,14.520734786987305,5.696630477905273,0.04226911440491676,0.8154051303863525
1786713847.5475712,-2.6140957103995746,-2.5359781214915476,0.19619261961106718,0.0,0.0,2.0226914784871042e-05,0.8499442338943481
1786713847.7472925,-2.125448075481086,-2.3678660428346117,0.19621537825533208,13.625412940979004,5.305993556976318,0.03942141309380531,0.7776560187339783
1786713847.7474108,-2.599775015891243,-2.5606300258547074,0.19619413285231774,0.0,0.0,2.1032681615906768e-05,0.8245888352394104
1786713848.5236027,-2.100857456340459,-2.4123153070206853,0.19621146717491866,14.532506942749023,5.703628063201904,0.03391328826546669,0.9065629839897156
1786713848.5237663,-2.5680717830030346,-2.621730618813506,0.1961993036110794,0.0,0.0,3.1321589631261304e-05,0.9137828350067139
1786713897.7426407,-2.065974107403444,-2.48550509806504,0.19620684911685765,14.546066284179688,5.711650848388672,0.044719234108924866,0.12095492333173752
1786713897.742783,-2.532773947040133,-2.695842706958391,0.19620641458856064,0.0,0.0,5.82226348342374e-05,0.12101459503173828
1786713898.8924053,-1.978328316090334,-2.679919854729124,0.19620292669706715,23.426591873168945,9.996729850769043,0.03402678668498993,0.02174709178507328
1786713898.8925774,-2.4451346709089665,-2.890243003940136,0.19620555406644327,0.0,0.0,0.0002495241060387343,0.02546602301299572
1786713899.3424194,-1.8961907259596913,-2.8627142806902723,0.1962046066616384,16.467571258544922,6.579887866973877,0.022875666618347168,0.5479005575180054
1786713899.3426452,-2.3633171096639716,-3.0723256869686857,0.19620691912376223,0.0,0.0,0.00025903285131789744,0.5238611698150635
1786713899.6443987,-1.8663262170473236,-2.937621385760235,0.19620360396819297,9.523838996887207,3.592073917388916,0.01593628339469433,0.7043468952178955
1786713899.6446104,-2.3379695306257866,-3.1368614036808338,0.19620756971509645,0.0,0.0,2.5895591534208506e-05,0.6846463084220886
1786713899.7936819,-1.8489601814323773,-2.99102591033649,0.19619971441134423,10.18795394897461,3.862607479095459,0.0022817146964371204,0.7561922073364258
1786713899.7938447,-2.325084795903364,-3.179305891690706,0.19621048985219744,0.0,0.0,2.4002532882150263e-05,0.7393393516540527
1786713899.942184,-1.8410753511452154,-3.0186079881239998,0.1962008240955904,5.335330963134766,1.9500732421875,0.0022817146964371204,0.7845625877380371
1786713899.9433162,-2.319568055729061,-3.2007857352615456,0.19621121278111617,0.0,0.0,2.4002532882150263e-05,0.7711957693099976
1786713900.0922458,-1.8338402564497296,-3.0459815983435825,0.1961985490061767,4.371941089630127,1.5869736671447754,0.0016894879518076777,0.7797147631645203
1786713900.0924215,-2.3142142766931912,-3.223139156817474,0.19621082516214075,0.0,0.0,2.3981461708899587e-05,0.7658150792121887
1786713900.1921964,-1.826966246667614,-3.0737259445680847,0.1962003073523178,0.0,0.0,0.0016894879518076777,0.7736384272575378
1786713900.1923323,-2.309231081273534,-3.2456696247919643,0.19621186558937015,0.0,0.0,2.3733502530376427e-05,0.7590618133544922
1786713900.3924143,-1.8204118083697225,-3.101826575591338,0.1962002767247995,0.0,0.0,2.6968612019118154e-06,0.7675086259841919
1786713900.3925962,-2.3045871251069308,-3.2683146007305837,0.1962124281979934,0.0,0.0,3.7930046801193384e-06,0.7522477507591248
1786713900.492442,-1.8141937481580785,-3.130272118090149,0.1961989765400224,0.0,0.0,2.3995937681320356e-06,0.7614003419876099
1786713900.492595,-2.3002922695959627,-3.2910583962931126,0.19621303149838734,0.0,0.0,3.352451585669769e-06,0.7454580068588257
1786713900.6432834,-1.8083334711882062,-3.1590522982298945,0.1961985064450719,0.0,0.0,2.3476591195503715e-06,0.7554174661636353
1786713900.643351,-2.2963594177110958,-3.3138898754927575,0.19621221063460917,0.0,0.0,3.352451585669769e-06,0.7388083338737488
1786713900.7926013,-1.8028518521491823,-3.188154992200232,0.19619924097639285,0.0,0.0,1.3982522659716778e-06,0.7495062947273254
1786713900.7927516,-2.292799492298388,-3.3367999036868925,0.19621343066812696,0.0,0.0,2.3016325485514244e-06,0.7322400212287903
1786713900.9426227,-1.7977700292491738,-3.2175694800084145,0.1961990436129299,0.0,0.0,1.3283321322887787e-06,0.7437501549720764
1786713900.9427702,-2.2896240489405453,-3.3597792656066785,0.19621295531619054,0.0,0.0,2.29282727559621e-06,0.7258439064025879
1786713901.0426576,-1.793109553723768,-3.247282120229717,0.19619909188609647,0.0,0.0,1.0344722340960288e-06,0.7381172180175781
1786713901.0428033,-2.286844200095804,-3.382818457672508,0.19621339134213567,0.0,0.0,2.29282727559621e-06,0.7195867300033569
1786713901.2428083,-1.7888901895385636,-3.2772800932914374,0.19619757185001369,0.0,0.0,6.925383786438033e-07,0.7326555252075195
1786713901.2429607,-2.2844693123588757,-3.4059087555779404,0.19621379020281332,0.0,0.0,2.812442289723549e-06,0.7135211229324341
1786713901.343903,-1.7851333347210105,-3.3075474214254394,0.19619668166584428,0.0,0.0,3.940955366488197e-07,0.745939314365387
1786713901.343999,-2.2825100228342188,-3.42903993086849,0.19621313664981935,0.0,0.0,2.3799739210517146e-06,0.7283915281295776
1786713901.4428272,-1.7815208101794187,-3.337478859304396,0.19619806758626834,0.0,0.0,8.451035000689444e-07,0.766152024269104
1786713901.4429543,-2.2804710051643187,-3.4523383503430556,0.1962136518924814,0.0,0.0,2.203537860623328e-06,0.7528780102729797
1786713901.7429895,-1.7779701782491133,-3.365859797907265,0.19619914146840753,0.0,0.0,7.563061785731406e-07,0.7518163919448853
1786713901.7431314,-2.277936318299475,-3.476213133083677,0.1962139260762887,0.0,0.0,2.203537860623328e-06,0.7416642308235168
1786713902.1933348,-1.7702984513538784,-3.4190859708002694,0.19620267348930462,0.0,0.0,9.115515240409877e-07,0.6554673314094543
1786713902.1935115,-2.271466062525153,-3.5238477263834964,0.19621161767456743,0.0,0.0,2.154512003471609e-06,0.6700063943862915
1786713903.3938057,-1.7558778461537436,-3.4916606881398042,0.19620309792915766,0.0,0.0,1.2542784588731593e-06,2.957822107418906e-05
1786713903.393996,-2.2567153748198834,-3.5979892819113477,0.19620821260780572,0.0,0.0,1.6154582453964395e-06,2.958897857752163e-05
1786713904.4441712,-1.7091523377229938,-3.7117531392348626,0.1962035391251772,0.0,0.0,0.0009168096585199237,0.005982165224850178
1786713904.444351,-2.2099898025756213,-3.8180820335830807,0.19620870423506723,0.0,0.0,0.006086166948080063,0.007981948554515839
1786713905.7447886,-1.665079876903645,-3.9037677251916723,0.19999321810936496,0.0,0.0,0.018045159056782722,0.04468083009123802
1786713905.7449408,-2.1659653487803214,-4.009645312879222,0.20689832407120715,-14.480918884277344,10.815513610839844,0.06795479357242584,0.05291219800710678
1786713907.1952841,-1.6125850940339195,-4.107830636916838,0.21539902496355812,-35.89430618286133,29.181516647338867,0.1906871646642685,0.0934932604432106
1786713907.1954434,-2.1127351104215326,-4.2152643604664055,0.2366582853398146,-49.49951171875,43.150604248046875,0.2794375419616699,0.07527171820402145
1786713908.5721922,-1.5646404128527318,-4.324648257063545,0.243843778703162,-61.357887268066406,57.24564743041992,0.3396338224411011,0.8298868536949158
1786713908.5722823,-2.063041879609413,-4.437506358300773,0.2755143789487595,-66.08179473876953,63.07695388793945,0.3758631944656372,0.8235433101654053
1786713908.5723157,-1.5540964882266681,-4.435343080065075,0.261478888972667,-65.85791778564453,62.80695724487305,0.37005946040153503,0.35387519001960754
1786713908.5723436,-2.0463205525752306,-4.571991192592599,0.29592832755803633,-69.34761810302734,66.93091583251953,0.37378382682800293,0.30662378668785095
1786713908.652267,-1.5603103150691724,-4.462512186762103,0.2686663033974964,-67.64873504638672,64.93263244628906,0.3718912899494171,0.5057216286659241
1786713908.652371,-2.0453776605504297,-4.622845625075593,0.30253160874590324,-69.34761810302734,66.93091583251953,0.3732055127620697,0.4717176556587219
1786713909.0461311,-1.5647431704842003,-4.488854393304291,0.2759286282223296,-69.34761810302734,66.93091583251953,0.37428510189056396,0.11015075445175171
1786713909.0462966,-2.0421746882159666,-4.670689453863379,0.30968002267966993,-69.34761810302734,66.93091583251953,0.3731488883495331,0.04577488824725151
1786713909.8032398,-1.567349441381555,-4.513274051362998,0.2882686892755151,-69.34761810302734,66.93091583251953,0.3740713596343994,0.1249350905418396
1786713909.8033276,-2.03710424461985,-4.71489888140967,0.31693666344882643,-69.34761810302734,66.93091583251953,0.3733680546283722,0.1669856756925583
1786713909.8963215,-1.5146465820310147,-4.60317777226403,0.30524557754690385,-69.34761810302734,66.93091583251953,0.3734882175922394,0.05910158529877663
1786713909.8964272,-1.9906259176218148,-4.79046148504269,0.32788366532792257,-69.34761810302734,66.93091583251953,0.3728666305541992,0.004719951655715704
1786713910.0463073,-1.4967906472306196,-4.620800047389812,0.30778539317637743,-69.34761810302734,66.93091583251953,0.3734056055545807,0.22228498756885529
1786713910.0464451,-1.979578966251855,-4.78981323640542,0.3300110755151445,-69.34761810302734,66.93091583251953,0.372358113527298,0.17003072798252106
1786713910.196246,-1.4799047261697331,-4.638954816104689,0.3098069672034162,-69.34761810302734,66.93091583251953,0.3726041913032532,0.2746458947658539
1786713910.19636,-1.9684921089497998,-4.790290772850667,0.3326935917667813,-69.34761810302734,66.93091583251953,0.3724510371685028,0.2263755202293396
1786713910.351804,-1.4634931333922225,-4.658741497092893,0.31155727803446925,-69.34761810302734,66.93091583251953,0.3724724054336548,0.30078381299972534
1786713910.3544993,-1.9570661422736457,-4.792765188757605,0.3353760726366531,-69.34761810302734,66.93091583251953,0.3723233640193939,0.25406327843666077
1786713910.5001829,-1.4484650629347955,-4.677384338265836,0.3134845154831562,-69.34761810302734,66.93091583251953,0.3724724054336548,0.3149358332157135
1786713910.500266,-1.9461811384623793,-4.794815025328096,0.33863887688443234,-69.34761810302734,66.93091583251953,0.3723233640193939,0.26886796951293945
1786713910.6501162,-1.4345912945629096,-4.696911808228061,0.3151055595628047,-69.34761810302734,66.93091583251953,0.37216049432754517,0.35126814246177673
1786713910.650312,-1.935850769923923,-4.797638618070617,0.3422541900944377,-69.34761810302734,66.93091583251953,0.3720991313457489,0.307946115732193
1786713910.797482,-1.4219034924692129,-4.716801905732318,0.31669528104946226,-69.34761810302734,66.93091583251953,0.3720757067203522,0.4509771466255188
1786713910.7976546,-1.9259032566238106,-4.802102240190116,0.34588587325821357,-69.34761810302734,66.93091583251953,0.3720991313457489,0.41455745697021484
1786713910.9001868,-1.412043178200049,-4.73486836988636,0.318642811388844,-69.34761810302734,66.93091583251953,0.3718870282173157,0.5559491515159607
1786713910.9002657,-1.918038393310383,-4.807014930320484,0.34877113864032494,-69.34761810302734,66.93091583251953,0.37205809354782104,0.5274821519851685
1786713911.047908,-1.404937121223418,-4.753128985284083,0.32110052044563764,-69.34761810302734,66.93091583251953,0.37182268500328064,0.6273331046104431
1786713911.047973,-1.9121893222768593,-4.815682687749782,0.35153469259261705,-69.34761810302734,66.93091583251953,0.3718360364437103,0.6038914322853088
1786713911.1966991,-1.399628144582429,-4.7712207504236375,0.3236143213231321,-69.34761810302734,66.93091583251953,0.37182310223579407,0.6631779074668884
1786713911.1968763,-1.9077542391779807,-4.826072184663705,0.35432575490868984,-69.34761810302734,66.93091583251953,0.3718360364437103,0.6432085633277893
1786713911.496753,-1.3948857837879665,-4.786904973483894,0.32682022941271327,-69.34761810302734,66.93091583251953,0.3718835711479187,0.8871050477027893
1786713911.4968574,-1.903772620926711,-4.835546500913178,0.355319155642855,-69.34761810302734,66.93091583251953,0.37152406573295593,0.8974161148071289
1786713912.0542617,-1.392444668775266,-4.816257088685889,0.3336156194971466,-69.34761810302734,66.93091583251953,0.3717655837535858,0.4721611738204956
1786713912.0543485,-1.9013629807601649,-4.866775984355735,0.35798758919063356,-69.34761810302734,66.93091583251953,0.3713981807231903,0.4078734219074249
1786713912.5969932,-1.3991993734619301,-4.870500083491571,0.34710586483074735,-69.34761810302734,66.93091583251953,0.3718321621417999,0.5841045379638672
1786713912.597112,-1.905871756042322,-4.942147404371864,0.36424523882705684,-69.34761810302734,66.93091583251953,0.3715710937976837,0.5638909339904785
1786713924.502051,-1.3946880348736441,-4.992531591258405,0.3432295482980079,-69.34761810302734,66.93091583251953,0.3718765676021576,0.0931517481803894
1786713924.502127,-1.8957330969292936,-5.09627736365772,0.36152327670202933,-69.34761810302734,66.93091583251953,0.3714348077774048,0.0931939035654068
1786713925.7995822,-1.3507154584816292,-5.194505564478464,0.3788431249395296,-69.34761810302734,66.93091583251953,0.37173742055892944,0.014545872807502747
1786713925.7997942,-1.851762435884241,-5.298242396636948,0.3971350928333604,-69.34761810302734,66.93091583251953,0.37148571014404297,0.014546255581080914
1786713927.1497161,-1.304424869615656,-5.411346777325515,0.417078203505034,-69.34761810302734,66.93091583251953,0.3671363592147827,0.014531592838466167
1786713927.1499352,-1.8054718292971352,-5.5150836749758705,0.4353702853938113,-69.34761810302734,66.93091583251953,0.3680900037288666,0.01453485433012247
1786713931.3508787,-1.2581342593141356,-5.628187780078753,0.4553132865543138,-69.34761810302734,66.93091583251953,0.3621971905231476,0.12515655159950256
1786713931.351574,-1.7591810790554576,-5.73192558252108,0.47360407034135543,-69.34761810302734,66.93091583251953,0.36259180307388306,0.12007266283035278
1786713931.6612184,-1.2117508867938291,-5.843418475880537,0.49326215820553176,-69.34761810302734,66.93091583251953,0.3627315163612366,0.6567913293838501
1786713931.6615145,-1.7133088446547504,-5.94473229861799,0.51112620670262,-69.34761810302734,66.93091583251953,0.3629072308540344,0.645088791847229
1786713932.0049982,-1.201541752078211,-5.886782487225992,0.5009061157014484,-69.34761810302734,66.93091583251953,0.36348748207092285,0.7680052518844604
1786713932.0051079,-1.704148517810809,-5.982923011684421,0.5178601298773345,-69.34761810302734,66.93091583251953,0.36368510127067566,0.7592262029647827
1786713932.1500978,-1.191896317403209,-5.925936587620953,0.5078082417748244,-69.34761810302734,66.93091583251953,0.3656858801841736,0.8210282921791077
1786713932.1502523,-1.6957176234172713,-6.015700102730932,0.52363868590583,-69.34761810302734,66.93091583251953,0.3657216429710388,0.8141960501670837
1786713932.299983,-1.1873255581783484,-5.944471147381831,0.5110767999891755,-69.34761810302734,66.93091583251953,0.3669745624065399,0.8746778964996338
1786713932.3001697,-1.6917324698540326,-6.030986197081335,0.5263350315148433,-69.34761810302734,66.93091583251953,0.3659030795097351,0.8711674213409424
1786713932.399966,-1.1829655509766341,-5.96224814185408,0.514209685185592,-69.34761810302734,66.93091583251953,0.3669745624065399,0.8774991035461426
1786713932.400134,-1.6877086497772258,-6.04684003946691,0.5291299757805066,-69.34761810302734,66.93091583251953,0.3672959804534912,0.8741531372070312
1786713932.5499306,-1.1787168750811978,-5.9799589320713675,0.5173333623015409,-69.34761810302734,66.93091583251953,0.36733362078666687,0.8797587156295776
1786713932.5500433,-1.6837772544556748,-6.062693500328951,0.5319280326075205,-69.34761810302734,66.93091583251953,0.3672959804534912,0.8765638470649719
1786713932.7002776,-1.1745714678517283,-5.997694727459903,0.5204580252531341,-69.34761810302734,66.93091583251953,0.3691089451313019,0.8779268860816956
1786713932.700428,-1.6799323952687,-6.078629828306905,0.5347353671326409,-69.34761810302734,66.93091583251953,0.3675079941749573,0.8744595050811768
1786713932.7998939,-1.1706136310251674,-6.0149354222944185,0.5235025566178004,-69.34761810302734,66.93091583251953,0.3691539764404297,0.9215649366378784
1786713932.8000433,-1.6762830853126276,-6.093980355034673,0.5374417678117951,-69.34761810302734,66.93091583251953,0.3691657781600952,0.9208822250366211
1786713933.100044,-1.1673963038425197,-6.028029455192326,0.5258100714910211,-69.34761810302734,66.93091583251953,0.3691539764404297,0.9148924350738525
1786713933.1002152,-1.673170847264795,-6.106419182855597,0.5396361997584459,-69.34761810302734,66.93091583251953,0.3691657781600952,0.9148110151290894
1786713935.149962,-1.1549348651784013,-6.088356414389856,0.5364527234413524,-69.34761810302734,66.93091583251953,0.369863897562027,0.10278663039207458
1786713935.150065,-1.6604144687816933,-6.168570946808193,0.5505948283047132,-69.34761810302734,66.93091583251953,0.36967986822128296,0.10280241817235947
1786713935.5500507,-1.1185824779197224,-6.305433406881712,0.5747249107401836,-69.34761810302734,66.93091583251953,0.3702813386917114,0.48606371879577637
1786713935.5501742,-1.6240623648490087,-6.385645006723773,0.5888735205917995,-69.34761810302734,66.93091583251953,0.37068086862564087,0.47393861413002014
1786713935.8000998,-1.10665362289811,-6.374247796173021,0.5868557173088125,-69.34761810302734,66.93091583251953,0.37045714259147644,0.7436143755912781
1786713935.8002603,-1.612826058323983,-6.450104913576917,0.6002409089104304,-69.34761810302734,66.93091583251953,0.37049102783203125,0.7353817224502563
1786713935.9503849,-1.0990572939075132,-6.415320556811286,0.5940945035395045,-69.34761810302734,66.93091583251953,0.37063583731651306,0.8012199401855469
1786713935.9504418,-1.6059941136669047,-6.486053696121873,0.6065798459658535,-69.34761810302734,66.93091583251953,0.3704759180545807,0.7943613529205322
1786713936.1000926,-1.0954604993966197,-6.434146144394747,0.5974188991224308,-69.34761810302734,66.93091583251953,0.3706386089324951,0.8352208137512207
1786713936.1002316,-1.6028048570716606,-6.501987259508786,0.6093891052770356,-69.34761810302734,66.93091583251953,0.3704416751861572,0.829605221748352
1786713936.2000313,-1.0919863683243867,-6.452475682371682,0.6006517872444156,-69.34761810302734,66.93091583251953,0.3706812262535095,0.8904939293861389
1786713936.2001922,-1.599713129204502,-6.517483128448473,0.6121221072381854,-69.34761810302734,66.93091583251953,0.3705388903617859,0.8880670666694641
1786713936.3502865,-1.0886644309875924,-6.470050898648743,0.603752250863058,-69.34761810302734,66.93091583251953,0.3706812262535095,0.6914257407188416
1786713936.3505166,-1.5965890639482714,-6.533541322997798,0.6149564129350935,-69.34761810302734,66.93091583251953,0.3705679476261139,0.721244752407074
1786713936.500107,-1.089189146090349,-6.459440632038242,0.6018805601602035,-69.34761810302734,66.93091583251953,0.3706812262535095,0.5289048552513123
1786713936.5003142,-1.596298167406236,-6.528967240151625,0.614148048260519,-69.34761810302734,66.93091583251953,0.3705679476261139,0.511268138885498
1786713936.600174,-1.082322139914102,-6.5056641940855195,0.6100283847468275,-69.34761810302734,66.93091583251953,0.37071794271469116,0.9203419089317322
1786713936.600328,-1.5905640883578673,-6.566642146418059,0.6207899446437695,-69.34761810302734,66.93091583251953,0.37050575017929077,0.9255900979042053
1786713936.900068,-1.0794235455198384,-6.524170141224035,0.6132944127619838,-69.34761810302734,66.93091583251953,0.37067151069641113,0.8714564442634583
1786713936.9002054,-1.587572834602145,-6.585892642624266,0.6241862824841681,-69.34761810302734,66.93091583251953,0.37047886848449707,0.8810026049613953
1786713937.3526845,-1.073512255800725,-6.565036314015218,0.6205047876436088,-69.34761810302734,66.93091583251953,0.37067151069641113,0.5654000639915466
1786713937.3527553,-1.5813856172174932,-6.62892444265543,0.631772253289658,-69.34761810302734,66.93091583251953,0.3725692629814148,0.5887641906738281
1786713938.5562718,-1.0603261853925214,-6.659099637360894,0.6371256949250593,-69.34761810302734,66.93091583251953,0.37328413128852844,0.031671714037656784
1786713938.5563867,-1.5677326441589512,-6.7264677571026965,0.6491349432181645,-68.55058288574219,66.16167449951172,0.38554129004478455,0.030107401311397552
1786713939.6001153,-1.0345303410920135,-6.845888521303592,0.6794450013699039,-66.14547729492188,63.840370178222656,0.42654719948768616,0.03518476337194443
1786713939.6003332,-1.5419399073749305,-6.913247339400429,0.6913748659617268,-65.08639526367188,62.81816864013672,0.4395420253276825,0.0334264300763607
1786713940.7500482,-1.005480243278915,-7.056200045319574,0.7270155930188872,-61.26773452758789,59.13261795043945,0.5118738412857056,0.037452422082424164
1786713940.7501957,-1.5128847641343122,-7.123597680121854,0.7389408200005122,-59.23436737060547,57.17009735107422,0.5399811267852783,0.042856328189373016
1786713942.0028138,-0.9769842748677213,-7.2464712098282575,0.7671005913202388,-57.12770080566406,55.1368522644043,0.5542553663253784,0.033213045448064804
1786713942.002909,-1.4844163261816838,-7.31238612422392,0.7847623398043643,-55.450767517089844,53.51835632324219,0.5575723052024841,0.03315473720431328
1786713943.2616289,-0.9470023999727419,-7.461854565647228,0.8248096670663234,-55.450767517089844,53.51835632324219,0.5547524094581604,0.033217329531908035
1786713943.2617235,-1.4544359457641627,-7.527757791251145,0.8424720978318023,-55.450767517089844,53.51835632324219,0.5557050108909607,0.03321074694395065
1786713944.4000013,-0.917020671923162,-7.67723949919655,0.8825224553973413,-55.450767517089844,53.51835632324219,0.5523478984832764,0.033214129507541656
1786713944.4002085,-1.4244541857896094,-7.743143511921182,0.90018286626293,-55.450767517089844,53.51835632324219,0.5520121455192566,0.03320513293147087
1786713945.5532455,-0.887036747068312,-7.8926298770757555,0.9402366576967609,-55.450767517089844,53.51835632324219,0.5536755323410034,0.1420106440782547
1786713945.553335,-1.3944702316457158,-7.958534067258045,0.9578972478921732,-55.450767517089844,53.51835632324219,0.5531365275382996,0.13846981525421143
1786713945.7998612,-0.8570455422483293,-8.10574256975807,0.997338540604802,-55.450767517089844,53.51835632324219,0.5552400946617126,0.6795206069946289
1786713945.7999983,-1.3647545080070613,-8.169636440029334,1.0144610237762746,-55.450767517089844,53.51835632324219,0.5553510189056396,0.6721911430358887
1786713945.9498465,-0.8506768381988143,-8.147011555571034,1.0083989744618145,-55.450767517089844,53.51835632324219,0.5553246736526489,0.7807230353355408
1786713945.9499848,-1.3589097615185444,-8.206893268917206,1.0244450350564924,-55.450767517089844,53.51835632324219,0.5557000041007996,0.7755239009857178
1786713946.0998695,-0.8477096656096967,-8.165693142022086,1.013402836652088,-55.450767517089844,53.51835632324219,0.5551648736000061,0.8276712894439697
1786713946.0999959,-1.3562118943157673,-8.223401870741899,1.0288684769719156,-55.450767517089844,53.51835632324219,0.55580073595047,0.8235839009284973
1786713946.265993,-0.8449797131606616,-8.183063655903917,1.018056902609578,-55.450767517089844,53.51835632324219,0.5551648736000061,0.8706550002098083
1786713946.2661004,-1.3537344933495934,-8.23865688528259,1.032955442207878,-55.450767517089844,53.51835632324219,0.5558373928070068,0.8677821159362793
1786713946.4067357,-0.842462345421233,-8.19952962350586,1.0224691018944851,-55.450767517089844,53.51835632324219,0.5551165342330933,0.941339373588562
1786713946.4068356,-1.3514286465364747,-8.253286380495194,1.0368744969622699,-55.450767517089844,53.51835632324219,0.5558623671531677,0.9420422911643982
1786713946.4997637,-0.8402094394852746,-8.215068155522903,1.0266327296668882,-55.450767517089844,53.51835632324219,0.5552481412887573,0.9445357918739319
1786713946.4998946,-1.3492028399090392,-8.268584908584849,1.0409741196539104,-55.450767517089844,53.51835632324219,0.5558850765228271,0.9458577036857605
1786713946.6546803,-0.8380540221069067,-8.230875232220553,1.0308682754129208,-55.450767517089844,53.51835632324219,0.5553359985351562,0.5626958608627319
1786713946.6547632,-1.3470511021796145,-8.284359399657609,1.045200627314216,-55.450767517089844,53.51835632324219,0.5558850765228271,0.598273754119873
1786713946.7998803,-0.8390067902813588,-8.21938524495093,1.0277894013603313,-55.450767517089844,53.51835632324219,0.5552481412887573,0.48862260580062866
1786713946.8000445,-1.3471410106573871,-8.280043353808848,1.0440438749792034,-55.450767517089844,53.51835632324219,0.5558850765228271,0.47451409697532654
1786713946.9498317,-0.8331684905029291,-8.263431784489171,1.0395918120837158,-55.450767517089844,53.51835632324219,0.5553433299064636,0.9211134910583496
1786713946.9499626,-1.3422656040424208,-8.316020060323371,1.0536844424465686,-55.450767517089844,53.51835632324219,0.5560798048973083,0.9205344319343567
1786713947.0504873,-0.8306629537109397,-8.279485950482403,1.0438935571655448,-55.450767517089844,53.51835632324219,0.5553433299064636,0.9388753771781921
1786713947.0505705,-1.3398451030329266,-8.331300496065282,1.0577785014535734,-55.450767517089844,53.51835632324219,0.5560798048973083,0.9393467307090759
1786713947.2633803,-0.8284313329252375,-8.295062069255712,1.0480642771382163,-55.450767517089844,53.51835632324219,0.5553433299064636,0.9355138540267944
1786713947.26355,-1.3376490433856294,-8.346549120580745,1.0618630777864555,-55.450767517089844,53.51835632324219,0.5558888912200928,0.9357804656028748
1786713947.399823,-0.8261555702422267,-8.31086353664138,1.052302319611988,-55.450767517089844,53.51835632324219,0.5553854703903198,0.9311104416847229
1786713947.3999898,-1.335417980087111,-8.361936912584918,1.0659883777994605,-55.450767517089844,53.51835632324219,0.5558888912200928,0.9310828447341919
1786713947.4998183,-0.8238343994714024,-8.326739319759618,1.0565553402747512,-55.450767517089844,53.51835632324219,0.5555254817008972,0.9412044286727905
1786713947.4999282,-1.3331539630753184,-8.377278252400966,1.070097807472034,-55.450767517089844,53.51835632324219,0.5558888912200928,0.9419585466384888
1786713947.649923,-0.8216959325740256,-8.342454797096547,1.0607652034392656,-55.450767517089844,53.51835632324219,0.5555254817008972,0.9331387281417847
1786713947.65023,-1.3310394570368853,-8.392767657836846,1.0742481605288605,-55.450767517089844,53.51835632324219,0.5557945966720581,0.9332796931266785
1786713947.8051825,-0.8194318144559809,-8.358430614953217,1.0650465063182335,-55.450767517089844,53.51835632324219,0.5555254817008972,0.9303525686264038
1786713947.805269,-1.3288247865519704,-8.408274309772615,1.0784033796786148,-55.450767517089844,53.51835632324219,0.5558686852455139,0.93025803565979
1786713947.9516723,-0.8171429872469572,-8.374241208596633,1.069283353295976,-55.450767517089844,53.51835632324219,0.5555254817008972,0.9408096671104431
1786713947.9518557,-1.3265943934675275,-8.423524734292606,1.0824893668829039,-55.450767517089844,53.51835632324219,0.555755078792572,0.9413886070251465
1786713948.0997527,-0.8151416115160843,-8.389696771805902,1.07342438339253,-55.450767517089844,53.51835632324219,0.5555139183998108,0.9410041570663452
1786713948.0998886,-1.324622054989239,-8.438699307447575,1.0865556140692159,-55.450767517089844,53.51835632324219,0.555755078792572,0.9451115727424622
1786713948.2497587,-0.8134148732898199,-8.401246559330367,1.0765190007086312,-55.450767517089844,53.51835632324219,0.5557694435119629,0.9363353252410889
1786713948.2499285,-1.3228287128614546,-8.450890833357871,1.0898226133445594,-55.450767517089844,53.51835632324219,0.555755078792572,0.940665602684021
1786713948.5542216,-0.8117859970963861,-8.411623558053629,1.0792993810062301,-55.450767517089844,53.51835632324219,0.5558571219444275,0.8655298352241516
1786713948.5543106,-1.3211432062209487,-8.461807207054113,1.092746867233504,-55.450767517089844,53.51835632324219,0.555755078792572,0.8750995397567749
1786713949.5498006,-0.8075077762891001,-8.43780635238325,1.0863157098747984,-55.450767517089844,53.51835632324219,0.5558571219444275,0.3859391510486603
1786713949.5500195,-1.3166923015230954,-8.489598733561328,1.1001962182997675,-55.450767517089844,53.51835632324219,0.5557247996330261,0.4001326560974121
1786713950.6531715,-0.7883195135281252,-8.56310565631222,1.1198894419332492,-55.450767517089844,53.51835632324219,0.5564512610435486,0.08716470003128052
1786713950.6532311,-1.2972714100663438,-8.61699003877662,1.1343269048883826,-55.450767517089844,53.51835632324219,0.5557804703712463,0.08716198801994324
1786713951.5996883,-0.766528696218465,-8.744370324555387,1.1684593541532442,-55.450767517089844,53.51835632324219,0.5554624199867249,0.03366585820913315
1786713951.5998394,-1.2754806554906268,-8.798254000283901,1.1828972432999343,-55.450767517089844,53.51835632324219,0.556048572063446,0.03366527706384659
1786713952.5496023,-0.7447383125035456,-8.93640427255164,1.2199144554284673,-55.450767517089844,53.51835632324219,0.5543126463890076,0.03368943929672241
1786713952.5497746,-1.2536902823297644,-8.990287771813692,1.23435263111961,-55.450767517089844,53.51835632324219,0.55551677942276,0.03369196504354477
1786713953.5493884,-0.7229472714656329,-9.128438219217584,1.2713700523354052,-55.450767517089844,53.51835632324219,0.5554370880126953,0.03366546705365181
1786713953.5495458,-1.2318992139140246,-9.182322062179393,1.285807910406324,-55.450767517089844,53.51835632324219,0.554919421672821,0.0336635522544384
1786713954.7993946,-0.7011563354600381,-9.320471791932677,1.3228251501225263,-55.450767517089844,53.51835632324219,0.5557193756103516,0.033671364188194275
1786713954.7996042,-1.2101083166144733,-9.374355234807025,1.3372631369275596,-55.450767517089844,53.51835632324219,0.5552886724472046,0.03367149457335472
1786713955.9024878,-0.6766419124058113,-9.536509903821537,1.380712550490113,-55.450767517089844,53.51835632324219,0.555324375629425,0.03368007391691208
1786713955.9061754,-1.1855938976253793,-9.590393302868838,1.3951505575606857,-55.450767517089844,53.51835632324219,0.5554515719413757,0.03368242084980011
1786713956.9992964,-0.6548514136572225,-9.728543167279682,1.4321677725308037,-55.450767517089844,53.51835632324219,0.5556859970092773,0.0336773619055748
1786713956.9994066,-1.163803362471665,-9.782426919697858,1.446605744109877,-55.450767517089844,53.51835632324219,0.5556736588478088,0.03367799147963524
1786713961.8489487,-0.6154931983485082,-10.051510135569895,1.5187057428173807,-55.450767517089844,53.51835632324219,0.5561531186103821,0.6709640026092529
1786713961.8493552,-1.124445492727944,-10.105390870935139,1.5331427924608758,-55.450767517089844,53.51835632324219,0.5553277134895325,0.670965313911438
1786713963.0496426,-0.5922058363931416,-10.117445013822268,1.5363740205080383,-55.450767517089844,53.51835632324219,0.5557159781455994,0.29983630776405334
1786713963.0497122,-1.1011581649138433,-10.171325644325728,1.5508102578954408,-55.450767517089844,53.51835632324219,0.555677056312561,0.29979637265205383
1786713964.2483246,-0.5649770248166517,-10.272573114047903,1.5779400078674548,-55.450767517089844,53.51835632324219,0.5554670691490173,0.17610998451709747
1786713964.2485087,-1.0739303237639213,-10.326445126301744,1.5923741959780846,-55.450767517089844,53.51835632324219,0.5569933652877808,0.17704620957374573
1786713965.1981976,-0.5435388984075935,-10.432120878563158,1.6249652240707841,-54.62440872192383,52.72080993652344,0.5691813230514526,0.18632981181144714
1786713965.198344,-1.0524925266472223,-10.485980754994358,1.6394330508783388,-53.79493713378906,51.92024230957031,0.5763016939163208,0.1850440502166748
1786713966.1482766,-0.5223649768509366,-10.605275196820008,1.6795692068265842,-51.6790885925293,49.87811279296875,0.6209596991539001,0.0879649817943573
1786713966.1484232,-1.031320333024194,-10.659120413899943,1.6940308118608502,-49.59787368774414,47.86943817138672,0.6518553495407104,0.08618972450494766
1786713967.347878,-0.501280918184897,-10.77596055289792,1.7341731489804941,-46.498878479003906,44.8784294128418,0.6951757073402405,0.046150483191013336
1786713967.3480556,-1.0102340441869655,-10.829826555487237,1.7486358353758413,-45.58081817626953,43.99237060546875,0.7158768773078918,0.040166132152080536
1786713968.5851905,-0.47528415814262315,-10.961716489841939,1.792731268393604,-42.688175201416016,41.20052719116211,0.7380961179733276,0.6298697590827942
1786713968.585279,-0.9842524634381263,-11.013993986639699,1.8117661714189248,-40.9178581237793,39.49189376831055,0.7425568699836731,0.6298689246177673
1786713969.8024879,-0.4535560652235856,-11.042132169640455,1.8220035947161655,-40.917842864990234,39.49188995361328,0.7418696880340576,0.8600084781646729
1786713969.8025737,-0.9625246188092061,-11.094409930203208,1.8410311329569586,-40.9178581237793,39.49189376831055,0.7425899505615234,0.8600109219551086
1786713970.9474423,-0.4263912522681744,-11.058097047019457,1.8278144587419578,-40.9178581237793,39.49189376831055,0.7415484189987183,0.48472222685813904
1786713970.9476054,-0.9353597487320958,-11.110375381801267,1.8468419472702937,-40.9178581237793,39.49189376831055,0.7425899505615234,0.4847087562084198
1786713972.1972923,-0.40465149597522254,-10.95736653091569,1.791134521301588,-41.9233283996582,40.462337493896484,0.7392037510871887,0.0031179324723780155
1786713972.197433,-0.9136194899997632,-11.009642272309359,1.8101825637306022,-40.9178581237793,39.49189376831055,0.7418690323829651,0.00905104074627161
1786713973.197162,-0.3828803545940651,-10.76541312690444,1.730732281118895,-46.498878479003906,44.8784294128418,0.68182373046875,0.6086632013320923
1786713973.197254,-0.8918382011644805,-10.819236246690187,1.7451884974611702,-44.90464782714844,43.33975601196289,0.715352475643158,0.6095398664474487
1786713980.8959339,-0.3710148859588871,-9.972190820151571,1.4974531437466012,-55.450767517089844,53.51835632324219,0.5559861660003662,0.5715292692184448
1786713980.8960855,-0.8799716605778376,-10.026031860357545,1.5118803388660165,-55.450767517089844,53.51835632324219,0.5555888414382935,0.5715264081954956
1786713981.9956815,-0.3450244945069528,-10.05943909514993,1.5208323736270455,-55.450767517089844,53.51835632324219,0.5563703179359436,0.419513463973999
1786713981.9958103,-0.8539812764624284,-10.113280160889794,1.5352592146368476,-55.450767517089844,53.51835632324219,0.5552574992179871,0.41950732469558716
1786713983.5445523,-0.3205281650238458,-10.18770794320538,1.5552024699103357,-55.450767517089844,53.51835632324219,0.5563597083091736,0.1503494679927826
1786713983.5446453,-0.8294850155362588,-10.241548792773104,1.5696276990007563,-55.450767517089844,53.51835632324219,0.555637538433075,0.15009039640426636
1786713984.1953366,-0.2959491390077059,-10.375413961416305,1.605828614072906,-55.450767517089844,53.51835632324219,0.5589459538459778,0.13367903232574463
1786713984.195617,-0.804905799592677,-10.42918204984757,1.6205293049628617,-55.450767517089844,53.51835632324219,0.5695890784263611,0.13180559873580933
1786713985.195153,-0.2776443300319841,-10.533417583546425,1.6565679209791802,-52.126304626464844,50.30974578857422,0.6007303595542908,0.14267081022262573
1786713985.1952944,-0.7866033725194478,-10.58723068758775,1.6710193189628175,-51.91680908203125,50.1075439453125,0.6171185970306396,0.14105595648288727
1786713986.1950731,-0.25924584976600823,-10.692532271877951,1.707489081675877,-48.32157516479492,46.637611389160156,0.6708411574363708,0.14829806983470917
1786713986.1952403,-0.7682044980299629,-10.746348720875567,1.7219419075108195,-47.89426803588867,46.225196838378906,0.6851360201835632,0.14700371026992798
1786713987.4949224,-0.24070129845903082,-10.852438435976193,1.7584402750890733,-44.440330505371094,42.89161682128906,0.725013792514801,0.2960067689418793
1786713987.4950466,-0.7496581379687981,-10.90618488785007,1.7732137116289632,-43.73063278198242,42.206661224365234,0.7363768815994263,0.289421021938324
1786713988.7950773,-0.21728018797657472,-11.003917711468704,1.808094846005894,-40.9178581237793,39.49189376831055,0.738757312297821,0.5781697034835815
1786713988.7951818,-0.7262510963795217,-11.056175204343562,1.827115067821458,-41.805355072021484,40.34846878051758,0.7411393523216248,0.5782099962234497
1786713989.8946204,-0.1901178663349138,-11.094919558175643,1.841216832336448,-40.9178581237793,39.49189376831055,0.7396301031112671,0.798088788986206
1786713989.894797,-0.6990877352727396,-11.147186176122332,1.86023979640169,-40.9178581237793,39.49189376831055,0.74098140001297,0.7980889081954956
1786713991.293985,-0.16839037874956647,-11.060881422666466,1.8288280613990793,-40.9178581237793,39.49189376831055,0.7392275929450989,0.15740881860256195
1786713991.2941258,-0.6773602559133503,-11.11314800036148,1.8478509159675731,-40.9178581237793,39.49189376831055,0.7409267425537109,0.15994252264499664
1786714003.391805,-0.15280952117474017,-9.883624268425349,1.473719163592732,-55.450767517089844,53.51835632324219,0.5576143264770508,0.08986511826515198
1786714003.391967,-0.6617771204518281,-9.937370271075709,1.4881188193255956,-55.450767517089844,53.51835632324219,0.5562111139297485,0.08986607193946838
1786714004.691732,-0.17603827896308083,-9.678927624993838,1.4188726847374067,-55.450767517089844,53.51835632324219,0.5573177933692932,0.03359053656458855
1786714004.6918488,-0.6850060100968238,-9.732672676575495,1.4332712296310652,-55.450767517089844,53.51835632324219,0.555804431438446,0.03359662741422653
1786714005.8912978,-0.2004899526251161,-9.462879074168963,1.3609827982354237,-55.450767517089844,53.51835632324219,0.5576714277267456,0.03282728046178818
1786714005.894821,-0.7094576441808296,-9.516624728565468,1.3753804920069859,-55.450767517089844,53.51835632324219,0.5552514791488647,0.03281870484352112
1786714010.5405078,-0.22727288813073476,-8.978753477772335,1.2312614415710745,-55.450767517089844,53.51835632324219,0.5551599860191345,0.10291606187820435
1786714010.5407088,-0.7362418386041231,-9.032487357490611,1.2456585810244374,-55.450767517089844,53.51835632324219,0.5548478364944458,0.10291752219200134
1786714011.6904912,-0.2520983659349428,-8.760002989291484,1.1726474393478201,-55.450767517089844,53.51835632324219,0.556978702545166,0.03358691558241844
1786714011.6907463,-0.7610673825293501,-8.813736262754476,1.1870445039747899,-55.450767517089844,53.51835632324219,0.5552000999450684,0.033591121435165405
1786714012.839867,-0.27654491896029587,-8.543953864557084,1.1147575448298233,-55.450767517089844,53.51835632324219,0.5605421662330627,0.03358982875943184
1786714012.8399787,-0.7855139121180433,-8.597687519902992,1.1291540127006539,-55.450767517089844,53.51835632324219,0.5563387274742126,0.03359612822532654
1786714014.1397028,-0.30099185145109997,-8.327903774289371,1.0568668759798159,-55.450767517089844,53.51835632324219,0.5585231184959412,0.03362080082297325
1786714014.1398373,-0.8099607706155479,-8.38163821993287,1.071263010042795,-55.450767517089844,53.51835632324219,0.5555139183998108,0.03362428396940231
1786714015.3396509,-0.3254388537381412,-8.111855378196303,0.9989768547005844,-55.450767517089844,53.51835632324219,0.5566673874855042,0.033597491681575775
1786714015.3398015,-0.8344077345865588,-8.165590200327497,1.0133729381415186,-55.450767517089844,53.51835632324219,0.5553485751152039,0.033601220697164536
1786714016.5941825,-0.34988554953338835,-7.89580515818974,0.9410864047070288,-55.450767517089844,53.51835632324219,0.5585430860519409,0.08299761265516281
1786714016.5942595,-0.8588543662697232,-7.949540355875875,0.9554833529825201,-55.450767517089844,53.51835632324219,0.5540096759796143,0.08301077038049698
1786714017.8891318,-0.3676495012215752,-7.694841130453535,0.8872373418947704,-55.450767517089844,53.51835632324219,0.5522715449333191,0.05084557086229324
1786714017.889361,-0.8766186070081197,-7.748573309931666,0.9016353363167467,-55.450767517089844,53.51835632324219,0.552642822265625,0.05084137246012688
1786714021.938391,-0.4026018049087673,-7.180114127424036,0.7509693081884002,-58.11759948730469,56.09224319458008,0.5442332029342651,0.19129712879657745
1786714021.9402192,-0.9115700100054928,-7.234135412118641,0.7642759606811226,-56.402549743652344,54.436981201171875,0.5551485419273376,0.18875929713249207
1786714023.048346,-0.42567285086839046,-6.986819799816665,0.709816037738352,-63.71828842163086,61.49776077270508,0.4703538715839386,0.06327950954437256
1786714023.0484426,-0.9346252196934977,-7.041746760127127,0.7195379356171023,-61.26773452758789,59.13261795043945,0.5119544863700867,0.064875029027462
1786714024.0877273,-0.4467246628067184,-6.798887910932166,0.6690023750222723,-67.65118408203125,65.29360961914062,0.3974713981151581,0.055736929178237915
1786714024.0878825,-0.9556764617982098,-6.8538201031695145,0.6787245434698764,-65.563232421875,63.27840042114258,0.42409756779670715,0.0569959431886673
1786714025.2874389,-0.46785271788955035,-6.610457576922603,0.6285138310360163,-69.34761810302734,66.93091583251953,0.37191006541252136,0.014533828012645245
1786714025.2876186,-0.9768013581411228,-6.665423106583762,0.6382129101234226,-69.34761810302734,66.93091583251953,0.37234222888946533,0.014550426974892616
1786714026.2372403,-0.492379670567952,-6.390196729165391,0.5896767062950342,-69.34761810302734,66.93091583251953,0.37372660636901855,0.015016171149909496
1786714026.237389,-1.0013285166903492,-6.44516165382516,0.5993684083037912,-69.34761810302734,66.93091583251953,0.37059953808784485,0.01501583494246006
1786714027.2872057,-0.5141815391335922,-6.194406784851346,0.5551529963388945,-69.34761810302734,66.93091583251953,0.37431302666664124,0.01499523688107729
1786714027.2873523,-1.0231303351352086,-6.2493716121502905,0.56484788202685,-69.34761810302734,66.93091583251953,0.37054121494293213,0.014993076212704182
1786714028.535194,-0.5387093703761701,-5.974146632228953,0.516315825170451,-69.34761810302734,66.93091583251953,0.3689657747745514,0.014998613856732845
1786714028.5352814,-1.0476582973183222,-6.0291108477261375,0.5260073048929109,-69.34761810302734,66.93091583251953,0.3697669506072998,0.014998392201960087
1786714030.937563,-0.5632359724023848,-5.753885136206112,0.47747764724765906,-69.34761810302734,66.93091583251953,0.3616870939731598,0.0813329815864563
1786714030.9376798,-1.072184911882333,-5.808849144358216,0.48716964446657574,-69.34761810302734,66.93091583251953,0.3631952106952667,0.08133484423160553
1786714032.1406612,-0.5826944301204822,-5.571170468750674,0.44526022951421396,-69.34761810302734,66.93091583251953,0.361760675907135,0.08081164956092834
1786714032.1407979,-1.0916432234718718,-5.6261358807845205,0.45495193865729944,-69.34761810302734,66.93091583251953,0.36102497577667236,0.08081228286027908
1786714033.2382116,-0.6068396063053213,-5.354932265676869,0.40713154453460276,-69.34761810302734,66.93091583251953,0.3715502917766571,0.014998613856732845
1786714033.2382982,-1.1157884305565862,-5.409897398962125,0.4168232118931715,-69.34761810302734,66.93091583251953,0.36902710795402527,0.01499949675053358
1786714034.3421826,-0.6313669580208379,-5.13467090994984,0.3682935403455526,-69.34761810302734,66.93091583251953,0.3775653839111328,0.05590283125638962
1786714034.3422658,-1.140315773707222,-5.189636135352096,0.37798513504953146,-69.34761810302734,66.93091583251953,0.37150266766548157,0.05590134486556053
1786714037.0893223,-0.6609628851616973,-4.860618208932174,0.31997037262169425,-69.34761810302734,66.93091583251953,0.3808724880218506,0.11904533952474594
1786714037.0895307,-1.169911769617658,-4.915582778162091,0.32966207734290354,-69.34761810302734,66.93091583251953,0.372359961271286,0.11904457956552505
1786714038.257398,-0.6858711867626506,-4.6378222173215224,0.28068578888771945,-69.34761810302734,66.93091583251953,0.3795947730541229,0.015006251633167267
1786714038.2574754,-1.1948200829054678,-4.692786741790123,0.29037713373497853,-69.34761810302734,66.93091583251953,0.3731618821620941,0.015005607157945633
1786714039.2897265,-0.7103979341195834,-4.417560756790044,0.2418478027914594,-69.34761810302734,66.93091583251953,0.370303750038147,0.003328587394207716
1786714039.2898493,-1.2193468440357933,-4.472525058583075,0.25153968720607495,-67.74967956542969,65.05130004882812,0.3722863793373108,0.0017539701657369733
1786714040.339815,-0.7355683533661272,-4.227506053976659,0.22783866003663136,-60.1595344543457,55.75664520263672,0.2855813503265381,0.02763289585709572
1786714040.33997,-1.244557334846204,-4.282947050328853,0.22855465958281138,-56.5084228515625,51.285640716552734,0.3057478070259094,0.030401082709431648
1786714041.2397723,-0.7556815740497129,-4.042323720315203,0.21395426270248735,-38.95938491821289,32.13787841796875,0.1133313849568367,0.040585897862911224
1786714041.2401683,-1.2647172778589175,-4.097338725034518,0.21399303384311114,-32.27925109863281,25.817716598510742,0.16264303028583527,0.040265001356601715
1786714042.290108,-0.7757400590493375,-3.8567864184896914,0.19922174749664043,-6.46364688873291,4.706370830535889,0.018300078809261322,0.00392000749707222
1786714042.290276,-1.2847602973838261,-3.91194431848269,0.19927683163981794,-6.864518165588379,5.004274845123291,0.04218992963433266,0.0037673290353268385
1786714043.4986818,-0.7997080608022051,-3.6356990687238624,0.19621405074670725,0.0,0.0,0.014007961377501488,9.846076864050701e-05
1786714043.4987786,-1.3087271096795219,-3.6908679711225116,0.19620466139089512,0.0,0.0,1.3223288988228887e-06,7.27782680769451e-05
1786714048.4435544,-0.8443655479441383,-3.2264511026254965,0.1962068297453377,8.94051742553711,3.3568620681762695,0.014742545783519745,0.10801000893115997
1786714048.4437907,-1.3533838785919405,-3.281626632162597,0.19620463312332503,0.0,0.0,0.0001715257967589423,0.10808354616165161
1786714048.991286,-0.8700391182516884,-2.989527650061174,0.19620586685682165,40.03904724121094,20.861684799194336,0.014532041735947132,0.5989218950271606
1786714048.9915166,-1.379059420271093,-3.04468498983591,0.19620484299961574,18.519580841064453,7.5380144119262695,0.0007677608518861234,0.5568907856941223
1786714049.291274,-0.8775483832497266,-2.8977277995266464,0.19620769590812223,51.257102966308594,32.18668746948242,0.014188851229846478,0.8162333369255066
1786714049.291432,-1.387790206507396,-2.9401221594447264,0.19620092644526418,35.201595306396484,17.175060272216797,0.0010259805712848902,0.7883156538009644
1786714049.4412773,-0.8775182400981156,-2.855297817895793,0.19620887663445122,56.4124870300293,39.41119384765625,0.014106426388025284,0.8490475416183472
1786714049.4414203,-1.388665751495062,-2.8848312140509504,0.19619866629123248,37.49181365966797,18.85315704345703,0.001027221092954278,0.8259493112564087
1786714049.5914464,-0.8765341725732686,-2.8342145370831204,0.19621012420505243,58.513580322265625,42.85289001464844,0.014822530560195446,0.8673967719078064
1786714049.5916433,-1.3880463182050446,-2.8565601119539847,0.1961976796322162,46.3306884765625,26.62057876586914,0.0009074400877580047,0.8481675982475281
1786714049.69138,-0.8750607535287346,-2.8123430674651217,0.19621036230798045,58.96109390258789,43.62318801879883,0.014822530560195446,0.8641541600227356
1786714049.6915026,-1.386801065611945,-2.8286480614885896,0.19619775781143883,48.724815368652344,29.187191009521484,0.001097463653422892,0.8445825576782227
1786714049.8416004,-1.3849168177370377,-2.80047952056691,0.19619753708183085,51.257102966308594,32.18668746948242,0.0010891212150454521,0.8412396311759949
1786714049.991511,-1.3823760110447947,-2.7720805880299575,0.19619731769672066,55.712074279785156,38.330223083496094,0.0002901220286730677,0.8381295204162598
1786714050.091415,-1.3791651618029896,-2.743473761539123,0.19619726695712006,56.41250228881836,39.411197662353516,0.0002901220286730677,0.8488965630531311
1786714050.2414503,-1.375822165994411,-2.71509891431355,0.196197939049883,58.96109390258789,43.62318801879883,0.0005166021874174476,0.8548333048820496
1786714054.8425264,-1.5727286033172716,-1.915229326115386,0.1962116580549268,58.961124420166016,43.62318801879883,3.3333332538604736,0.7748029232025146
1786714054.9421499,-1.585741461036632,-1.8967563074348215,0.19621334400199303,58.961124420166016,43.62318801879883,3.3333332538604736,0.7743595242500305
1786714055.0921214,-1.599080596033268,-1.878583766878601,0.19621168035997533,58.961124420166016,43.62318801879883,3.3333332538604736,0.7738162875175476
1786714055.1920557,-1.6127449976215869,-1.8607099453030882,0.19621469980920941,56.41250228881836,39.411197662353516,3.3333332538604736,0.773526132106781
1786714055.3453183,-1.6267173787755331,-1.8431422756142988,0.19621661156067116,55.71208953857422,38.33022689819336,3.3333332538604736,0.7728694677352905
1786714055.492177,-1.6410171419779787,-1.8258806547118478,0.1962187449632933,52.448036193847656,33.71277618408203,0.014648624695837498,0.772283136844635
1786714055.5922344,-1.6556177970402606,-1.8089330006255424,0.1962187879630721,50.090087890625,30.764944076538086,0.014610758982598782,0.7991802096366882
1786714055.692175,-1.6688302228133236,-1.793202364251992,0.19621602162227877,44.57101058959961,24.878429412841797,0.014593466185033321,0.8289549350738525
1786714055.9467103,-1.6793152125983957,-1.7804085095980902,0.19621359165298483,42.49911117553711,22.964567184448242,0.014593466185033321,0.8398061394691467
1786714058.8425434,-1.6846014876799607,-1.7782219015232603,0.19619859146846313,42.49911117553711,22.964567184448242,0.014593466185033321,0.10833342373371124
1786714060.5927,-1.3848186873183104,-2.2204285818211984,0.1961983036557807,58.51356506347656,42.85289001464844,3.3333332538604736,0.9792008996009827
1786714060.692655,-1.3653611882173684,-2.241299370554787,0.19619795726155811,56.4124870300293,39.41119384765625,2.9744628591288347e-06,0.9800800085067749
1786714060.8427594,-1.3453125097631677,-2.261961485423045,0.19619784437078633,56.4124870300293,39.41119384765625,2.9744628591288347e-06,0.9476423263549805
1786714060.9929168,-1.3428764579585974,-2.2600316906110236,0.19619790434421086,56.4124870300293,39.41119384765625,2.9744628591288347e-06,0.9307324886322021
1786714061.0951924,-0.9122020873039602,-1.972753699055674,0.19621020940624825,58.96110916137695,43.62318420410156,4.238474957674043e-06,0.9538224339485168
1786714061.095276,-1.3036423769380336,-2.302781727413502,0.19619798494922394,52.44804763793945,33.71276092529297,2.990635493915761e-06,0.9790798425674438
1786714061.242577,-0.8947089677164266,-1.988227129812548,0.1962104364913715,55.712074279785156,38.330223083496094,3.900187948602252e-06,0.9514893293380737
1786714061.2427356,-1.2821044918275888,-2.3229937764984734,0.19619757962426315,45.70332336425781,25.98632049560547,1.0001139116866398e-06,0.9776341915130615
1786714061.3426273,-0.8769545166730273,-2.00342194293736,0.19621070287380504,52.44804763793945,33.71276092529297,2.468947741363081e-06,0.9488573670387268
1786714061.3427951,-1.2600991385118132,-2.3430455560422625,0.19619737676398163,42.214603424072266,22.712390899658203,1.0001139116866398e-06,0.9758625030517578
1786714061.4927444,-0.8589420848221925,-2.0183233344680085,0.1962109485653734,52.44804763793945,33.71276092529297,2.468947741363081e-06,0.9459637403488159
1786714061.4929433,-1.2376266710865738,-2.362912922141506,0.19619706391247999,40.0390625,20.861679077148438,1.0001139116866398e-06,0.9738075733184814
1786714061.5927103,-0.8406769319472749,-2.032917902357962,0.1962111668126067,48.724830627441406,29.187185287475586,2.600901552796131e-06,0.9429556131362915
1786714061.5928576,-1.214688721739044,-2.3825737058102696,0.1961967141694505,35.75156784057617,17.567842483520508,1.0111333494933206e-06,0.971602201461792
1786714061.7429473,-0.8221591885923657,-2.047191653690563,0.19621133807589802,48.724830627441406,29.187185287475586,2.600901552796131e-06,0.9398477077484131
1786714061.7430847,-1.1912850025553683,-2.402001649668428,0.19619649428679287,31.28287124633789,14.544057846069336,3.397282455352979e-07,0.9692689776420593
1786714061.8426905,-0.8033915654029973,-2.0611321899983497,0.19621162371924408,46.3306770324707,26.620573043823242,1.3350557992453105e-06,0.9365925192832947
1786714061.84283,-1.16741689422874,-2.4211732428461636,0.19619621113449873,24.961769104003906,10.820531845092773,3.397282455352979e-07,0.9667731523513794
1786714061.9939244,-0.7843840887221367,-2.0747269562842194,0.19621171764933107,40.0390625,20.861679077148438,1.2537321936179069e-06,0.9334710240364075
1786714061.993997,-1.1430909752476528,-2.440067029795229,0.19619602878410966,24.961769104003906,10.820531845092773,2.9736833084825776e-07,0.9643610119819641
1786714062.1427383,-0.7651301766428545,-2.087962819282691,0.19621191226858356,40.0390625,20.861679077148438,1.2537321936179069e-06,0.9302453398704529
1786714062.142882,-1.118304678487979,-2.458653756560772,0.1961955921519525,23.426591873168945,9.996729850769043,2.7866406071552774e-07,0.9618324637413025
1786714062.2426825,-0.7456418160996795,-2.1008294045579365,0.1962121567729051,35.20158004760742,17.1750545501709,1.1284265610811417e-06,0.9270626306533813
1786714062.2428293,-1.0930668196035904,-2.4769143240384173,0.19619543349431995,18.519580841064453,7.538002967834473,2.3373716828700708e-07,0.9593175649642944
1786714062.3927355,-0.7259230220412356,-2.1133161794184208,0.19621235378068122,32.18801498413086,15.127211570739746,1.1284265610811417e-06,0.9239807724952698
1786714062.3928869,-1.0673822471579621,-2.4948258087733057,0.19619526041822707,9.523838996887207,3.592073917388916,2.412071751223266e-07,0.9568695425987244
1786714062.5427847,-0.7059753846584845,-2.125411848413359,0.19621253565834898,28.325214385986328,12.73040771484375,1.1646588973235339e-06,0.920953631401062
1786714062.5429177,-1.0412548388820215,-2.5123636377471685,0.19619501623364197,4.970312118530273,1.8119096755981445,2.412071751223266e-07,0.9544482827186584
1786714062.6429605,-0.6858075159456204,-2.1371069042584816,0.19621271082196431,24.961769104003906,10.820531845092773,1.1646588973235339e-06,0.918646514415741
1786714062.6431503,-1.0146946470318627,-2.5295062603784917,0.19619475359278746,4.371941089630127,1.5869736671447754,4.266815949449665e-07,0.9525746703147888
1786714062.748619,-0.6654526492475169,-2.14839023341205,0.19621283629492886,19.743263244628906,8.128046989440918,1.037324750541302e-06,0.983700692653656
1786714062.7496324,-0.9877668408919037,-2.5462062229532534,0.19619467097246013,4.371941089630127,1.5869736671447754,4.266815949449665e-07,0.9870114922523499
1786714062.8928297,-0.6615176879378927,-2.1460861936172684,0.19621294449396823,18.519580841064453,7.5380144119262695,1.1005628266502754e-06,0.8338310718536377
1786714062.8929644,-0.9831357086684512,-2.5444652196764173,0.1961945727207632,4.371941089630127,1.5869736671447754,4.266815949449665e-07,0.8985400199890137
1786714063.0428042,-0.6243091605324624,-2.1696970798212707,0.1962130220120063,17.434955596923828,7.0268449783325195,1.2175753454357618e-06,0.914450466632843
1786714063.0429454,-0.9330602358680071,-2.578129171040332,0.19619454040697776,0.0,0.0,2.140593267085933e-07,0.949048638343811
1786714063.193789,-0.6035325357628931,-2.179718038561668,0.1962131948277657,17.434955596923828,7.0268449783325195,8.99412270882749e-07,0.98064786195755
1786714063.193958,-0.90529478553689,-2.5933405044133355,0.19619437670694476,0.0,0.0,4.726486793060758e-07,0.9847025275230408
1786714063.3428705,-0.5998357253648301,-2.1770078150190275,0.19621320720567648,18.519580841064453,7.538002967834473,1.290938143938547e-06,0.8305897116661072
1786714063.3430421,-0.9007152471824944,-2.591272842499674,0.19619430661038179,0.0,0.0,4.726486793060758e-07,0.8960087895393372
1786714063.4450033,-0.561583278917787,-2.198481958716352,0.1962132512783548,10.18795394897461,3.862607479095459,1.290938143938547e-06,0.9102595448493958
1786714063.4451737,-0.8489426247159417,-2.62223731976952,0.19619424716184844,0.0,0.0,1.3107329550621216e-06,0.9455174803733826
1786714063.5427265,-0.5404290117255535,-2.207221481013976,0.1962133089200809,4.970312118530273,1.8119096755981445,1.3432005516733625e-06,0.9090492725372314
1786714063.5428534,-0.8203867023518137,-2.6359028208159216,0.19619420865858814,0.0,0.0,1.1681078149194946e-06,0.9444869756698608
1786714063.6927304,-0.51916565841211,-2.2155305040763453,0.1962133647955096,4.970312118530273,1.8119096755981445,1.3432005516733625e-06,0.9077375531196594
1786714063.6928864,-0.7915940371749333,-2.649035726739628,0.19619417320269578,0.0,0.0,1.3453593510348583e-06,0.9433761239051819
1786714063.8438625,-0.4977953099469978,-2.2234073220725294,0.19621339194522716,4.371941089630127,1.5869736671447754,6.081921310396865e-05,0.9063557386398315
1786714063.8440309,-0.7625626093890931,-2.6616336069684534,0.19619409281027447,0.0,0.0,1.4024149095348548e-06,0.9422076940536499
1786714063.9428158,-0.4763234591251102,-2.230851028200395,0.1962134458414311,4.371941089630127,1.5869736671447754,6.081921310396865e-05,0.9053478837013245
1786714063.9429672,-0.7332957343914526,-2.673693268019791,0.1961940504870424,0.0,0.0,1.354031837763614e-06,0.9413406848907471
1786714064.0928032,-0.454763433148922,-2.23786039111303,0.1962135509854172,0.0,0.0,5.6606222642585635e-05,0.9042437672615051
1786714064.0929716,-0.7038249193914253,-2.685199608807919,0.19619398571196434,0.0,0.0,1.354031837763614e-06,0.9403969049453735
1786714064.258195,-0.4331189134584469,-2.2444341037907636,0.19621359608231317,0.0,0.0,5.981727008474991e-05,0.9029895663261414
1786714064.2583153,-0.6741505353275704,-2.6961505600670606,0.19619389014131403,0.0,0.0,1.354031837763614e-06,0.9393303990364075
1786714064.3428233,-0.41139547397811504,-2.25057172798814,0.1962136341801968,0.0,0.0,6.999634206295013e-05,0.9020671248435974
1786714064.3430035,-0.6442729028878934,-2.7065455240736567,0.19619394319119673,0.0,0.0,1.4731559758729418e-06,0.9385309219360352
1786714064.4930172,-0.3896071796486338,-2.2562742903074393,0.1962143696076481,0.0,0.0,0.00036443211138248444,0.9008083939552307
1786714064.4931848,-0.6142231917765966,-2.7163738954730596,0.19619382279854436,0.0,0.0,1.5892306919340626e-06,0.9374667406082153
1786714064.6430192,-0.36774646058377347,-2.261536341590203,0.19621440940872878,0.0,0.0,0.0003799139230977744,0.8995184302330017
1786714064.6430802,-0.5839781131466734,-2.7256353310404897,0.19619388772592064,0.0,0.0,1.5892306919340626e-06,0.9363802671432495
1786714064.7429316,-0.3458163055314493,-2.266353381787937,0.1962147914992902,0.0,0.0,0.0007105217082425952,1.0
1786714064.743129,-0.5535402578781766,-2.734322140557862,0.1961938919611602,0.0,0.0,1.7015530602293438e-06,1.0
1786714064.8930004,-0.32385208953102224,-2.2707377623480576,0.19621470155300655,0.0,0.0,0.0007206156733445823,0.8978613018989563
1786714064.8931994,-0.5229829000639021,-2.742427193920713,0.19619374484371624,-2.9802322387695312e-05,1.1920928955078125e-05,2.083802428387571e-06,0.9349408149719238
1786714065.0429964,-0.301838682309685,-2.27467803998587,0.19621445654895786,0.0,0.0,0.0007897990290075541,0.8970854878425598
1786714065.0431526,-0.4922672198140927,-2.7499474074749632,0.19619370926188168,-2.9802322387695312e-05,1.1920928955078125e-05,2.083802428387571e-06,0.9342687726020813
1786714065.1930401,-0.2797898682245415,-2.278179135681419,0.1962150251500125,0.0,0.0,0.0012139534810557961,0.9639191627502441
1786714065.1932492,-0.46142359592179955,-2.7568786118688124,0.19619356090341766,0.0,1.1920928955078125e-05,1.3695965890292428e-06,0.970447838306427
1786714065.3429914,-0.277579783524711,-2.273952480989593,0.19621476943975347,0.0,0.0,0.0011797716142609715,0.8198385238647461
1786714065.3431327,-0.4575333812498903,-2.753286083216064,0.1961937370885531,0.0,1.1920928955078125e-05,1.3695965890292428e-06,0.8879071474075317
1786714065.4940367,-0.23560179224973898,-2.2838538461748406,0.19621486595461934,0.0,0.0,0.0013541148509830236,0.8946571350097656
1786714065.4941142,-0.39933722224318446,-2.768966934544656,0.19619348462842817,0.0,0.0,1.9620024431787897e-06,0.932174026966095
1786714065.5929778,-0.2134912071618706,-2.2860344293044688,0.1962151544537249,0.0,0.0,0.002911995630711317,0.8935164213180542
1786714065.5931427,-0.3681632661006668,-2.7741128591851303,0.19619350123097767,-2.9802322387695312e-05,1.1920928955078125e-05,2.0717966435768176e-06,0.93121337890625
1786714065.7430792,-0.1913621470745101,-2.2877683210000925,0.19621556883147745,0.0,0.0,0.003615224501118064,0.8930187225341797
1786714065.7432652,-0.33686851091639886,-2.778657206182348,0.1961935226415783,-2.9802322387695312e-05,1.1920928955078125e-05,1.1981495617874316e-06,0.9307681918144226
1786714065.9002535,-0.16924321463156,-2.2890666870769265,0.19621459962695856,0.0,0.0,0.003732593497261405,0.9126378297805786
1786714065.9003205,-0.30551740966393615,-2.7825981889310447,0.19619348336796408,0.0,0.0,1.34078311475605e-06,0.9454281330108643
1786714066.1929758,-0.14893476750759738,-2.2905142566728856,0.1962137941890219,-2.9802322387695312e-05,1.1920928955078125e-05,0.003791607916355133,0.9549590945243835
1786714066.1931264,-0.2771920076631972,-2.7861896343146446,0.19619515635691914,0.0,0.0,1.5416325140904519e-06,0.9807355999946594
1786714066.593087,-0.11822693044820987,-2.2933889568706776,0.1962106905169164,0.0,0.0,0.004731679335236549,0.8906956911087036
1786714066.5932748,-0.23737576464262722,-2.791332282151051,0.19619978936427143,0.0,0.0,1.4575423392670928e-06,0.8952968716621399
1786714068.9431272,-0.05273808481857036,-2.307235890614688,0.19620778480955092,0.0,0.0,0.005379520822316408,0.1501571387052536
1786714068.9432633,-0.17140854601687885,-2.8052934391025737,0.19620202126398684,0.0,0.0,2.1130244931555353e-06,0.15023860335350037
1786714069.5932438,0.14467555369700538,-2.3542933285682173,0.1962059609617156,0.0,1.1920928955078125e-05,0.006431872025132179,0.8191689848899841
1786714069.5934024,0.025984687553235623,-2.8523460147763586,0.19619855172063416,0.0,0.0,1.730035933178442e-06,0.8619257807731628
1786714069.8433435,0.25478897391064453,-2.3793176529441924,0.19620618875406273,0.0,1.1920928955078125e-05,0.007266451139003038,0.9833815693855286
1786714069.8434675,0.15110441791344748,-2.8807092292696233,0.19620005985268532,-2.9802322387695312e-05,1.1920928955078125e-05,1.7142300521300058e-06,0.9929754734039307
1786714069.9431994,0.2751477326627101,-2.3821713577231742,0.19620684673876904,-2.9802322387695312e-05,1.1920928955078125e-05,0.007018011528998613,0.9633906483650208
1786714069.9433212,0.17564606926637738,-2.884409766157762,0.1961982179890771,-2.9802322387695312e-05,1.1920928955078125e-05,1.8336136236030143e-06,0.9838839173316956
1786714070.0933824,0.29667069662615075,-2.3853205760978606,0.19620739918249258,-2.9802322387695312e-05,0.0,0.006921796128153801,0.8790413737297058
1786714070.0935593,0.20210391629844443,-2.888511517966926,0.19619848995413208,-2.9802322387695312e-05,1.1920928955078125e-05,1.8263594938616734e-06,0.9306169748306274
1786714070.194173,0.33929994084214515,-2.3915786726946036,0.1962075784454785,0.0,0.0,0.006941511295735836,0.9530916810035706
1786714070.1946654,0.25741037104421344,-2.8969875153839912,0.19619810830663872,0.0,1.1920928955078125e-05,1.9800504560407717e-06,0.9414348006248474
1786714070.3435256,0.3404418504128216,-2.3903016340686682,0.19620864261867244,0.0,0.0,0.006941511295735836,0.9568691253662109
1786714070.3437073,0.25624457358718333,-2.8953311564280955,0.19619766283533846,0.0,1.1920928955078125e-05,1.9800504560407717e-06,0.9796394109725952
1786714070.5934827,0.36162547795743766,-2.3920845975505745,0.19620912841611962,0.0,1.1920928955078125e-05,0.006650441791862249,0.954176664352417
1786714070.5936902,0.2829599515511309,-2.8980052779380157,0.1961985677619589,0.0,1.1920928955078125e-05,1.657226903262199e-06,0.979767918586731
1786714070.9432967,0.3986623777276175,-2.3948229251523454,0.19620868478568296,0.0,0.0,0.004417533054947853,0.8771671652793884
1786714070.9434276,0.32919321306689964,-2.902088176379765,0.1962010346104269,-2.9802322387695312e-05,1.1920928955078125e-05,1.9715798771358095e-06,0.9004818797111511
1786714072.3433456,0.4700433999276061,-2.4025219367178674,0.1962019269111736,0.0,0.0,0.002246123505756259,0.9545507431030273
1786714072.3434813,0.4114373359341849,-2.9111567067231454,0.19619971850371493,0.0,0.0,1.4077212426855112e-06,0.9700109362602234
1786714072.4935453,0.4868290550068688,-2.404012265346215,0.1961991007770634,0.0,0.0,0.00032874426688067615,0.9669428467750549
1786714072.4935992,0.43429058086223016,-2.9133095348582634,0.19619764313376645,0.0,0.0,1.4077212426855112e-06,0.9800474643707275
1786714072.5934587,0.4977108511940119,-2.404754020759076,0.1962048035045959,0.0,1.1920928955078125e-05,0.00018455003737471998,0.9722893834114075
1786714072.593558,0.4485627973297077,-2.914389644311761,0.19620208004597683,0.0,0.0,1.1717934285115916e-06,0.9793394804000854
1786714072.7435358,0.5117770722381056,-2.405661665342444,0.1962063896423719,-2.9802322387695312e-05,1.1920928955078125e-05,0.00017123900761362165,0.9576149582862854
1786714072.743662,0.4645136604587191,-2.9154755234271543,0.19620296105308674,0.0,0.0,6.531118970087846e-07,0.9631044864654541
1786714072.8434935,0.5285163162348419,-2.406748810154312,0.19620727338649366,-2.9802322387695312e-05,1.1920928955078125e-05,0.00017123900761362165,0.9435474872589111
1786714072.8436744,0.48286761210661716,-2.9167097849315953,0.19620332162152457,-2.9802322387695312e-05,1.1920928955078125e-05,7.302115818674793e-07,0.9477149248123169
1786714073.554891,0.5477637682827889,-2.408037276770764,0.1962071354063849,-2.9802322387695312e-05,1.1920928955078125e-05,0.00017123900761362165,0.9426099061965942
1786714073.5549903,0.5035175019493499,-2.9181218461341984,0.19620354800664513,0.0,0.0,6.740842763974797e-07,0.947039783000946
1786714073.5550268,0.5673654897757621,-2.409192015270952,0.19620674766573187,0.0,0.0,0.0001749368238961324,0.9558266401290894
1786714073.5550575,0.5245803971837957,-2.91940122316722,0.19620129243598322,0.0,0.0,6.740842763974797e-07,0.961453914642334
1786714073.5551023,0.5844806857247232,-2.4099626141187818,0.19620789155542742,0.0,0.0,0.00014486175496131182,0.9084379076957703
1786714073.5551293,0.5433321955178353,-2.9203064214962398,0.19620287424789398,0.0,0.0,7.004221629358653e-07,0.880138635635376
1786714073.5551703,0.5805157703320089,-2.4087853290344343,0.1962079329851231,0.0,0.0,0.00014486175496131182,0.9146007299423218
1786714073.5551994,0.5335398083137272,-2.9186257540421083,0.19620341063344907,0.0,0.0,7.004221629358653e-07,0.9537756443023682
1786714073.555235,0.6187277272600892,-2.4109968257993675,0.19620772789442184,0.0,0.0,2.6319001335650682e-05,0.9655989408493042
1786714073.5552583,0.5814450391016425,-2.921637600839049,0.19620220039687694,0.0,0.0,8.175958328138222e-07,0.9742892384529114
1786714073.6437674,0.6358642194891022,-2.4112268331321367,0.19620759437615148,0.0,0.0,2.6319001335650682e-05,0.9671104550361633
1786714073.643921,0.6008522262042513,-2.92202832128784,0.1962026810263901,0.0,0.0,5.50158347323304e-07,0.9762304425239563
1786714073.8936493,0.6527113812589954,-2.4117279652378287,0.1962080948091728,-2.9802322387695312e-05,1.1920928955078125e-05,2.662005317688454e-05,0.9560416340827942
1786714073.893874,0.6200585573697001,-2.9226856866395337,0.1962024351140675,0.0,0.0,4.045541857067292e-07,0.9639067053794861
1786714074.2935076,0.6808846313753781,-2.4125179155842664,0.19620645970637876,0.0,0.0,2.219264570157975e-05,0.8811990022659302
1786714074.2936347,0.6514307533062537,-2.9236700153074544,0.19620255267588868,0.0,0.0,3.542976685366739e-07,0.8827618360519409
1786714116.0430233,0.7420421569143056,-2.414178219509576,0.19620661910164963,0.0,0.0,1.7239322005480062e-06,0.9678907990455627
1786714116.0432048,0.7227567158241996,-2.9258148794057246,0.19620311581086594,-2.9802322387695312e-05,1.1920928955078125e-05,8.530286521590824e-08,0.9803364872932434
1786714116.1429887,0.7510882197029796,-2.414072132757751,0.19620681136378493,0.0,0.0,1.857113261394261e-06,0.979027271270752
1786714116.143165,0.734490523648825,-2.9258030351123128,0.19619899601302532,0.0,0.0,1.013485206868836e-08,0.9890987873077393
1786714116.292965,0.7623308297328399,-2.414062424423453,0.19620759277480762,0.0,0.0,1.857113261394261e-06,0.9576115012168884
1786714116.2930965,0.7483052891144693,-2.925870283088879,0.19620327147210684,-2.9802322387695312e-05,1.1920928955078125e-05,3.9288428865802416e-07,0.9602950811386108
1786714116.4471846,0.7766463724686192,-2.414247732338483,0.1962071450182198,0.0,0.0,1.582342747497023e-06,0.9438402056694031
1786714116.4472773,0.7635833534118819,-2.9260810621601387,0.1962030463133852,0.0,0.0,1.935463274094218e-07,0.9452517628669739
1786714116.592923,0.7934452013766629,-2.414510254631889,0.19620677327836816,0.0,1.1920928955078125e-05,1.345316604783875e-06,0.9288284778594971
1786714116.593039,0.7811456552926264,-2.9263625000560944,0.1962022648738131,0.0,0.0,1.935463274094218e-07,0.9287177920341492
1786714116.692993,0.8127592840345566,-2.4149571568849395,0.19620634305534837,0.0,1.1920928955078125e-05,1.339439563707856e-06,0.9268012642860413
1786714116.6931329,0.8009802852663692,-2.9268216459134915,0.19619862563226495,0.0,0.0,5.485911174218927e-07,0.926630973815918
1786714116.8438046,0.8324281873560657,-2.4153939294437903,0.1962064926173447,0.0,1.1920928955078125e-05,1.339439563707856e-06,0.9386008381843567
1786714116.843869,0.8211717523127458,-2.9272701767975446,0.19619842086076386,0.0,0.0,3.8259997836576076e-07,0.9391629099845886
1786714116.9429638,0.849596164778689,-2.4157040156872926,0.19620503237968828,0.0,0.0,1.4073511920287274e-06,0.939817488193512
1786714116.9433818,0.8389412584220609,-2.9275931374156365,0.19619986362263536,0.0,0.0,4.866016070081969e-07,0.9407238960266113
1786714117.0928566,0.8667625199956948,-2.4159480942224976,0.19620655835747633,0.0,0.0,1.4073511920287274e-06,0.9413433074951172
1786714117.092974,0.8567794839692562,-2.9278507596520758,0.1961957053138871,0.0,0.0,7.029216249065939e-07,0.9426835179328918
1786714117.243053,0.883924253428834,-2.416115176685993,0.196206259535651,0.0,0.0,8.648291895951843e-07,0.9429107904434204
1786714117.243194,0.8747018488116606,-2.928032110591721,0.1962004599436837,0.0,0.0,7.70755377743626e-07,0.9447016716003418
1786714117.392931,0.9010872091845312,-2.4162042258870877,0.1962062233858417,0.0,0.0,7.512692832278844e-07,0.9448534846305847
1786714117.3930414,0.8927177510476416,-2.928135815186448,0.19619930050471507,0.0,0.0,7.70755377743626e-07,0.947202742099762
1786714117.54289,0.9182442832024896,-2.4162042858035275,0.19620578582026973,4.651993751525879,1.6920089721679688,7.512692832278844e-07,0.9467730522155762
1786714117.5430212,0.910842183128897,-2.9281507760614462,0.19620058016270533,0.0,0.0,7.582711987197399e-07,0.9496843814849854
1786714117.6436985,0.9354049772797695,-2.416103102876684,0.19620591226794992,4.651993751525879,1.6920089721679688,7.512692832278844e-07,0.9490640163421631
1786714117.643786,0.9290856627513304,-2.9280641035479884,0.19619846061303853,0.0,0.0,7.582711987197399e-07,0.9526425004005432
1786714117.7929058,0.9525554226451948,-2.4158883397989173,0.19620728785451041,4.371941089630127,1.5869736671447754,7.092727969393309e-07,0.9517273306846619
1786714117.7930152,0.9474557843319386,-2.9278629423326223,0.19620025018828868,0.0,0.0,9.54905544858775e-07,0.9561090469360352
1786714117.9429076,0.9697065218216508,-2.4155588149621265,0.19620740108477927,4.651993751525879,1.6920089721679688,5.516363330571039e-07,0.9543141722679138
1786714117.9430587,0.965992149423544,-2.927545341563777,0.19620339294562225,0.0,0.0,1.0806493264681194e-06,0.9594740271568298
1786714118.0428178,0.9868485911556779,-2.4150831473181387,0.19620706997229823,4.651993751525879,1.6920089721679688,5.516363330571039e-07,0.957081139087677
1786714118.0429626,0.9846798995298331,-2.927078554286076,0.1962025568533202,0.0,0.0,1.0806493264681194e-06,0.963102400302887
1786714118.194706,1.003983779871001,-2.4144508867515673,0.1962077143346085,4.970312118530273,1.8119096755981445,8.127132673507731e-07,0.9604177474975586
1786714118.1948187,1.0035390256164352,-2.926450693568173,0.1962040522094893,0.0,0.0,1.1811886224677437e-06,0.967563807964325
1786714118.292748,1.0211283134897169,-2.4136667426307703,0.19620780661480128,4.651993751525879,1.6920089721679688,7.93505080309842e-07,0.9631569385528564
1786714118.2928693,1.0226424060485768,-2.92566450385828,0.1962031438213244,0.0,0.0,1.0162848411710002e-06,0.9712266325950623
1786714118.4928415,1.0382513916015328,-2.4126748305538586,0.19620791323774767,4.371941089630127,1.5869736671447754,7.878348924350576e-07,0.9662969708442688
1786714118.4929693,1.0419169553591674,-2.9246617089222884,0.19620334270355583,0.0,0.0,1.0162848411710002e-06,0.9756329655647278
1786714118.5934255,1.0553808975511791,-2.4114932693347466,0.19620810102944655,4.371941089630127,1.5869736671447754,7.878348924350576e-07,0.9687547087669373
1786714118.593658,1.061467194471851,-2.9234570932101196,0.19620238269076914,0.0,0.0,1.1176312000316102e-06,0.9792365431785583
1786714118.7428484,1.0724959512590104,-2.4100707319995065,0.19620468186883414,4.651993751525879,1.6920089721679688,8.958776334111462e-07,0.970464289188385
1786714118.7430346,1.0812492640326121,-2.9219959018043147,0.19619869811009397,0.0,0.0,8.032050118345069e-07,0.9821200966835022
1786714118.84273,1.089608146885736,-2.4083904266107647,0.196205248074049,4.970312118530273,1.8119096755981445,9.363996014144504e-07,0.9709352850914001
1786714118.8428903,1.1012870799193963,-2.9202572085829677,0.19619919691540788,0.0,0.0,6.956673814784153e-07,0.9839071035385132
1786714118.9928896,1.1067126073564224,-2.406448349389584,0.1962057669090811,5.335330963134766,1.9500732421875,9.764012247615028e-07,0.9696733355522156
1786714118.9932325,1.1216176789969872,-2.9182313490873844,0.19619803962037874,0.0,0.0,7.822511634003604e-07,0.9839365482330322
1786714119.1430469,1.1238111301133136,-2.4042127629734114,0.1962039628288659,4.970312118530273,1.8119096755981445,9.85314045465202e-07,0.9361190795898438
1786714119.143197,1.1422504379913112,-2.9158806160329713,0.19619557229754622,0.0,0.0,1.0118798172698007e-06,0.9175040125846863
1786714119.2928627,1.119752664872163,-2.4024267357131075,0.19620487194009595,4.970312118530273,1.8119096755981445,9.85314045465202e-07,0.855181872844696
1786714119.2929833,1.1343738067654565,-2.9142179257227108,0.19619868405621477,0.0,0.0,1.0118798172698007e-06,0.9016752243041992
1786714119.3927996,1.1579781514271692,-2.398784879121938,0.19620691218826525,4.970312118530273,1.8119096755981445,5.215645160205895e-07,0.9481312036514282
1786714119.3929205,1.184469040242918,-2.910099100188253,0.1961948664989236,0.0,0.0,9.020087077260541e-07,0.932932436466217
1786714119.542799,1.153914606255324,-2.3966781301089113,0.1962066386574678,4.651993751525879,1.6920089721679688,5.059172849541937e-07,0.8405361175537109
1786714119.542959,1.1772877715312133,-2.9081443508913822,0.19619466022945536,0.0,0.0,9.020087077260541e-07,0.8896793127059937
1786714119.6426387,1.1920979693349743,-2.3919526829071347,0.1962093136302363,4.970312118530273,1.8119096755981445,3.2653554171702126e-07,0.941164493560791
1786714119.6427507,1.2280549961047609,-2.902688516775965,0.19619420775671026,0.0,0.0,3.331236086978606e-07,0.9621046781539917
1786714119.7926877,1.2091403775053533,-2.3879605565834217,0.19620990026841506,4.651993751525879,1.6920089721679688,2.2434406332649814e-07,0.9331009984016418
1786714119.7927947,1.2503835355636594,-2.8982967219243125,0.1961938213232296,0.0,0.0,7.717557082287385e-07,0.9554449915885925
1786714119.946082,1.2261654402134843,-2.3835636004718532,0.19621052666844851,4.651993751525879,1.6920089721679688,2.2434406332649814e-07,0.9247223734855652
1786714119.9493437,1.2730757106266752,-2.893410073601184,0.19619136044805152,0.0,0.0,8.488069056511449e-07,0.948484480381012
1786714120.0927866,1.2431676860074345,-2.378744668922075,0.19621066074610652,4.371941089630127,1.5869736671447754,3.252184512803069e-07,0.916289210319519
1786714120.0929222,1.2961297886419598,-2.8879980590393743,0.19619226052972458,0.0,0.0,9.016147259899299e-07,0.9414584636688232
1786714120.2428024,1.2601483011236916,-2.3734892941120096,0.19621113335215573,4.371941089630127,1.5869736671447754,3.252184512803069e-07,0.9077713489532471
1786714120.2430208,1.3195427983932586,-2.8820325994169034,0.19619314255226705,0.0,0.0,1.1171463256687275e-06,0.9343443512916565
1786714120.342671,1.2771020299137341,-2.367786416414135,0.1962115569736802,4.371941089630127,1.5869736671447754,1.6046870143782144e-07,0.8992605805397034
1786714120.3427997,1.3433067684152007,-2.875488033738965,0.19619243359818017,0.0,0.0,1.1171463256687275e-06,0.9272257685661316
1786714120.4929862,1.2940229194486392,-2.361625191843949,0.19621179845362127,4.651993751525879,1.6920089721679688,2.4213940719164384e-07,0.8909229040145874
1786714120.4932494,1.36740980709009,-2.868338487908858,0.19619409713334876,0.0,0.0,1.1375874464647495e-06,0.9202486276626587
1786714120.6452274,1.3109082730463166,-2.354998009320474,0.1962121905452163,4.651993751525879,1.6920089721679688,2.4213940719164384e-07,0.8827218413352966
1786714120.645299,1.3918370237460782,-2.8605615928386174,0.19619401173960785,0.0,0.0,1.5597718174831243e-06,0.91338050365448
1786714120.7428703,1.3277502863371435,-2.3479002134468607,0.196212590290207,4.12362813949585,1.4942169189453125,4.4330894866106973e-07,0.8748135566711426
1786714120.7432058,1.416568970518813,-2.852137499847705,0.19619406059251226,0.0,0.0,1.5597718174831243e-06,0.9067594408988953
1786714120.8929582,1.344542901960695,-2.3403266807551013,0.19621279414481324,4.12362813949585,1.4942169189453125,4.4330894866106973e-07,0.867161750793457
1786714120.8932002,1.441582125055205,-2.8430466712119875,0.1961933971858229,0.0,0.0,1.2680507097684313e-06,0.9003527760505676
1786714120.9925833,1.361278277717575,-2.3322766058344198,0.19621324879428534,4.12362813949585,1.4942169189453125,4.4330894866106973e-07,0.868252694606781
1786714120.9927306,1.4668519460674319,-2.8332738115313627,0.19619239190730312,0.0,0.0,1.27286193674081e-06,0.9007026553153992
1786714121.2426207,1.3773711125309047,-2.3245880526870435,0.19621340442829205,4.651993751525879,1.6920089721679688,5.268403242553177e-07,0.8977800011634827
1786714121.2427468,1.4912731443340803,-2.8237576899146255,0.1961928814559215,0.0,0.0,1.336257469120028e-06,0.9268324375152588
1786714121.6427093,1.4031330288451385,-2.312242285598044,0.19621202097102208,4.651993751525879,1.6920089721679688,8.125121553348436e-07,0.943664014339447
1786714121.6428487,1.527940340500707,-2.808797554049017,0.19619383053713246,0.0,0.0,1.1667719945762656e-06,0.9470585584640503
1786714122.3971846,1.45637693980264,-2.296811120599721,0.19620626217548776,8.42413330078125,3.150463104248047,1.2843454442190705e-06,0.7311679124832153
1786714122.397257,1.579536112290442,-2.793777737410054,0.196203396657467,0.0,0.0,1.4069194094190607e-06,0.7109872698783875
1786714122.6428068,1.484108126180988,-2.2910918789597434,0.1962054627259588,4.12362813949585,1.4942169189453125,1.1950552334383246e-06,0.8214341402053833
1786714122.6430442,1.6013277057337205,-2.7894928923710487,0.19620520901899968,0.0,0.0,1.5077011994435452e-06,0.8081015348434448
1786714122.7926788,1.517369931769433,-2.285636522877408,0.1962060614466904,4.371941089630127,1.5869736671447754,1.51344920595875e-06,0.8564253449440002
1786714122.7928116,1.627546732081609,-2.7856415955216973,0.19620434398718983,0.0,0.0,1.1362956229277188e-06,0.8472764492034912
1786714122.8927314,1.5369896147341342,-2.2823572439177093,0.19620271666485775,4.371941089630127,1.5869736671447754,1.51344920595875e-06,0.8741458654403687
1786714122.8929896,1.643787051657734,-2.7830950070887335,0.19620170214637248,0.0,0.0,1.1548135034900042e-06,0.8695902824401855
1786714123.528215,1.5585029941048907,-2.278722188761058,0.19620497966045256,4.651993751525879,1.6920089721679688,1.742242488944612e-06,0.8699352145195007
1786714123.5283184,1.6632012469231277,-2.7799030701120606,0.19619997557638694,0.0,0.0,1.2406433143041795e-06,0.8649703860282898
1786714123.5283487,1.5806392602883603,-2.2752327789551106,0.1962045423946478,4.651993751525879,1.6920089721679688,1.742242488944612e-06,0.8742715120315552
1786714123.5283782,1.6830941836425706,-2.776877063951282,0.1962012013348413,0.0,0.0,1.2406433143041795e-06,0.868244469165802
1786714123.5301764,1.6006371010072484,-2.272449617526023,0.19620212349779848,4.970312118530273,1.8119096755981445,1.8612817029861617e-06,0.8681120872497559
1786714123.5302444,1.7006081827549397,-2.774594798527728,0.19619881267621242,0.0,0.0,1.2148174164394732e-06,0.8612231612205505
1786714123.5302725,1.6209702467104103,-2.2698589834577714,0.1962016892921393,4.651993751525879,1.6920089721679688,1.1676542044369853e-06,0.8597994446754456
1786714123.530299,1.718188391259318,-2.772544404340409,0.1962001040495022,0.0,0.0,1.2138121974203386e-06,0.8815931081771851
1786714123.5425565,1.6133459842560773,-2.273004764980303,0.19620384552875672,4.970312118530273,1.8119096755981445,1.8612817029861617e-06,0.5962148904800415
1786714123.542681,1.7150705401130493,-2.7747976651917052,0.1961980895547226,0.0,0.0,1.2138121974203386e-06,0.5655442476272583
1786714123.6925988,1.6627170358957803,-2.2653377249554727,0.1962003869601202,4.12362813949585,1.4942169189453125,1.3970447980682366e-06,0.8467041254043579
1786714123.6927326,1.7535580356678806,-2.7692146074855652,0.196196899746712,0.0,0.0,1.391989712828945e-06,0.8368380665779114
1786714123.7981818,1.6841938129924823,-2.263426337610544,0.1962013906690493,4.651993751525879,1.6920089721679688,1.4453646599577041e-06,0.8400929570198059
1786714123.7982585,1.7713472713912397,-2.7679541115382342,0.1961964201618145,0.0,0.0,1.2388084087433526e-06,0.8293103575706482
1786714123.9425564,1.7060476078151372,-2.261843275170584,0.1961996931386437,4.651993751525879,1.6920089721679688,1.4453646599577041e-06,0.83260577917099
1786714123.9426954,1.7892235052680734,-2.7670420182829014,0.19619331867461312,0.0,0.0,1.4545788644682034e-06,0.8207898139953613
1786714124.0424578,1.728309293632516,-2.2605832547598417,0.19620050533868894,4.651993751525879,1.6920089721679688,5.696279004041571e-07,0.8285739421844482
1786714124.04256,1.8071799132182238,-2.766472002724823,0.19619353465049233,0.0,0.0,1.312163362854335e-06,0.8158444166183472
1786714124.1924696,1.750141730547839,-2.259172294872474,0.19620003589595336,4.12362813949585,1.4942169189453125,9.679710046839318e-07,0.8424946069717407
1786714124.192611,1.8244355830963965,-2.7657534072260046,0.1961910830770892,0.0,0.0,1.509114667896938e-06,0.8320124745368958
1786714124.4926653,1.7683273355922733,-2.2581235135621496,0.19619871709367115,4.12362813949585,1.4942169189453125,9.679710046839318e-07,0.8121868968009949
1786714124.4927766,1.8393616295007846,-2.765171961969335,0.196191181492417,0.0,0.0,1.509114667896938e-06,0.8003683090209961
1786714125.8923056,1.8132966968303723,-2.2580954886306213,0.19620006007749685,4.651993751525879,1.6920089721679688,1.4348502190841828e-06,0.9048668742179871
1786714125.8924406,1.902892905272774,-2.762195200396347,0.19620557899974,0.0,0.0,1.5710431853221962e-06,0.9118391275405884
1786714126.046231,1.80431575707371,-2.260533727071985,0.19620055147952703,4.651993751525879,1.6920089721679688,1.4348502190841828e-06,0.9005485773086548
1786714126.0463197,1.8962871457409236,-2.7642055087285375,0.19620598641164338,0.0,0.0,1.5710431853221962e-06,0.9066877365112305
1786714126.1960578,1.7930227931077631,-2.2633025357147436,0.19620011530698422,4.651993751525879,1.6920089721679688,1.4348502190841828e-06,0.8999499678611755
1786714126.196227,1.887211451975353,-2.7665643925130996,0.19620582460889768,0.0,0.0,1.5341887547037913e-06,0.9047712087631226
1786714126.3439786,1.7794947555323004,-2.26640097686151,0.1961984505887784,4.371941089630127,1.5869736671447754,8.808173674879072e-07,0.9019853472709656
1786714126.3440661,1.8755961152867515,-2.769301094743934,0.19620778810926107,0.0,0.0,1.5341887547037913e-06,0.9052438735961914
1786714126.4925375,1.7639486819296302,-2.26977248973806,0.19619757861649834,4.371941089630127,1.5869736671447754,8.808173674879072e-07,0.9060015678405762
1786714126.4926314,1.8615758160836742,-2.77237864028765,0.19620790292486207,0.0,0.0,1.5341887547037913e-06,0.9074261784553528
1786714126.592642,1.7464564850339814,-2.273432177480707,0.19619973918535047,4.371941089630127,1.5869736671447754,5.243780378805241e-07,0.9035826325416565
1786714126.5927875,1.845138001482878,-2.7758323747623894,0.19620883165195543,0.0,0.0,1.509114667896938e-06,0.9039140343666077
1786714126.692766,1.726772975905426,-2.2774801329336682,0.19620126440802418,4.371941089630127,1.5869736671447754,5.243780378805241e-07,0.9013267159461975
1786714126.6928377,1.8262618444766907,-2.7797210760817137,0.19620875915574296,0.0,0.0,1.509114667896938e-06,0.9017860293388367
1786714126.84226,1.7066747519389964,-2.2816767789652106,0.19619995701506804,4.651993751525879,1.6920089721679688,7.040829927973391e-07,0.9082523584365845
1786714126.8424003,1.8070195446257746,-2.7837474139387215,0.1962087855689832,0.0,0.0,1.2505776112448075e-06,0.9093375205993652
1786714126.998755,1.6889538453997859,-2.2855154973921126,0.19619753651468227,4.651993751525879,1.6920089721679688,1.1495353646751028e-06,0.904884397983551
1786714126.9988208,1.7902556699805254,-2.787393909141848,0.19621003358117214,0.0,0.0,1.4706661204400007e-06,0.906378984451294
1786714127.0924723,1.6711352653701528,-2.289479433741383,0.196195870451516,4.651993751525879,1.6920089721679688,6.786358426325023e-07,0.9012556076049805
1786714127.0926347,1.773519527164882,-2.79113814517152,0.1962093983029529,0.0,0.0,1.7867358792500454e-06,0.9031865000724792
1786714127.242194,1.6532106527857537,-2.293586188244483,0.19619595767921957,4.371941089630127,1.5869736671447754,6.79060690345068e-07,0.897244393825531
1786714127.2423239,1.756811103304558,-2.7949951495623053,0.1962087045779005,0.0,0.0,1.7681194321994553e-06,0.8996551632881165
1786714127.3923416,1.6351643513017389,-2.2978505920389334,0.19619278980805516,4.371941089630127,1.5869736671447754,6.79060690345068e-07,0.8926132917404175
1786714127.392459,1.7401281293093227,-2.7989759306834103,0.1962093678877755,0.0,0.0,1.7681194321994553e-06,0.8955806493759155
1786714127.496189,1.6169885318020385,-2.302292857403429,0.19619572695453605,4.371941089630127,1.5869736671447754,6.79060690345068e-07,0.8877059817314148
1786714127.4962802,1.72348591493561,-2.8030945219858814,0.19620743789336795,0.0,0.0,1.4722734249517089e-06,0.891257643699646
1786714127.6423001,1.5986710203575107,-2.306930468099722,0.19619541608416344,4.371941089630127,1.5869736671447754,1.0975431905535515e-06,0.8814206719398499
1786714127.642455,1.7068807860192825,-2.8073649257586126,0.19620966656126218,0.0,0.0,1.2258432207090664e-06,0.8857220411300659
1786714127.7922323,1.5801612025174416,-2.3117720298269826,0.19619694522791328,4.12362813949585,1.4942169189453125,7.977046720952785e-07,0.8755365014076233
1786714127.7923782,1.6903125859276826,-2.8117827023072315,0.19620872059144692,0.0,0.0,1.3891717571823392e-06,0.8805311322212219
1786714127.8922217,1.561485133626139,-2.316868997748054,0.19619660697115307,0.0,0.0,9.483189273851167e-07,0.8694329261779785
1786714127.892359,1.6737899912150402,-2.8164003969440663,0.1962099939244731,0.0,0.0,1.2987677564524347e-06,0.8751516938209534
1786714128.0421154,1.5426509031209388,-2.3222351906674437,0.19619642327636694,4.651993751525879,1.6920089721679688,9.483189273851167e-07,0.8604333996772766
1786714128.0422785,1.6573293788068886,-2.821227021326446,0.19620866764388706,0.0,0.0,1.3201160982134752e-06,0.8672109246253967
1786714128.1922624,1.5235227732085568,-2.3278737846796065,0.19619574499583695,4.651993751525879,1.6920089721679688,9.483189273851167e-07,0.854059100151062
1786714128.1924057,1.640897759918727,-2.826238221937556,0.19620883525387042,0.0,0.0,1.315147414970852e-06,0.861579179763794
1786714128.3431756,1.5042458625377728,-2.333863232703407,0.19619544206153405,4.970312118530273,1.8119096755981445,1.0727338803917519e-06,0.8465118408203125
1786714128.3465166,1.6245418560118403,-2.8315306656089554,0.19620883192372995,0.0,0.0,1.4888323676132131e-06,0.854912519454956
1786714128.4923322,1.4847700292053532,-2.340216191670648,0.19619171609953773,4.970312118530273,1.8119096755981445,1.0727338803917519e-06,0.8380362391471863
1786714128.492569,1.6082532970483372,-2.8371023781300657,0.19620810618720236,0.0,0.0,1.530482450107229e-06,0.8474234938621521
1786714128.642293,1.4650674228989233,-2.3469580147457276,0.19619205230752776,4.651993751525879,1.6920089721679688,9.814115173867322e-07,0.8291873335838318
1786714128.6425247,1.592035215279314,-2.842965252030138,0.19620816244489162,0.0,0.0,1.530482450107229e-06,0.8396006226539612
1786714128.744187,1.4451267249427968,-2.35411656743056,0.1961967724787054,4.371941089630127,1.5869736671447754,9.180677125186776e-07,0.8195495009422302
1786714128.744278,1.575886671826624,-2.849137613637972,0.19620690454149028,0.0,0.0,1.5073987924552057e-06,0.8310856223106384
1786714128.892353,1.424937356627307,-2.3617206284247994,0.19619311922598445,4.651993751525879,1.6920089721679688,7.495492582165753e-07,0.8097018003463745
1786714128.893453,1.5598245630636824,-2.855633010688498,0.19620677163176073,0.0,0.0,1.5073987924552057e-06,0.822377622127533
1786714129.0422018,1.40449580557823,-2.369802257048323,0.19619300785592195,4.970312118530273,1.8119096755981445,6.727480013068998e-07,0.7994174361228943
1786714129.0423558,1.5438478783971814,-2.862473546690233,0.19620579998147977,0.0,0.0,1.5073987924552057e-06,0.8132835030555725
1786714129.1921697,1.3837951221957865,-2.378390963263302,0.1961923764915043,4.371941089630127,1.5869736671447754,1.8623724145072629e-06,0.7989818453788757
1786714129.192302,1.5279626284512906,-2.8696747203123256,0.19620651386748103,0.0,0.0,1.7173277910842444e-06,0.8123906254768372
1786714129.3423638,1.3623706054266647,-2.387277614862715,0.19619046438126442,4.12362813949585,1.4942169189453125,1.7679511756796273e-06,0.8052347302436829
1786714129.3425274,1.5112330831214233,-2.877159194995332,0.1962039309336161,0.0,0.0,1.6416086054960033e-06,0.8145837783813477
1786714129.5920253,1.3407250156392676,-2.396159746245817,0.19619397998623891,4.371941089630127,1.5869736671447754,2.0030067844345467e-06,0.749164342880249
1786714129.592182,1.4926557265992817,-2.8850984529818744,0.19620504598813412,0.0,0.0,1.5181315120571526e-06,0.757832944393158
1786714130.6454346,1.295086565999912,-2.4143127850684656,0.19618902447702277,4.12362813949585,1.4942169189453125,1.6761421193223214e-06,0.809081494808197
1786714130.645642,1.451634963813986,-2.901792629740196,0.19620246589310839,0.0,0.0,1.4628742519562365e-06,0.7526993751525879
1786714130.795239,1.1361999496874087,-2.4617670850137445,0.19620812523695705,4.651993751525879,1.6920089721679688,2.1289656615408603e-06,0.9921289682388306
1786714130.7953131,1.274321749384062,-2.954784699726283,0.19620249352476513,0.0,0.0,7.056243020997499e-07,0.992164671421051
1786714130.8918447,1.1355096967891547,-2.460331346656621,0.19621029407919743,4.651993751525879,1.6920089721679688,2.1289656615408603e-06,0.9143496751785278
1786714130.8919528,1.273590138383283,-2.9533605461714716,0.1962016386748595,0.0,0.0,7.056243020997499e-07,0.8648506999015808
1786714131.0924997,1.092544292572836,-2.4699243257324923,0.19621052956057167,4.970312118530273,1.8119096755981445,2.1246346477710176e-06,0.9753791689872742
1786714131.0926485,1.2180303219379698,-2.9663085079181615,0.19620003972306016,0.0,0.0,5.982026323181344e-07,0.9543089866638184
1786714131.1918592,1.0697424186681574,-2.4735074037847595,0.19621058678944525,4.651993751525879,1.6920089721679688,2.09592121791502e-06,0.9736109375953674
1786714131.191959,1.1899305279854342,-2.9712009021342136,0.19620167496446012,0.0,0.0,4.837443157157395e-07,0.9522303938865662
1786714131.3453202,1.0466986330401433,-2.4766205903687597,0.196211370202969,4.371941089630127,1.5869736671447754,1.9826270545308944e-06,0.971960186958313
1786714131.3455575,1.1614863817140597,-2.975587295321172,0.19620120622163353,0.0,0.0,4.837443157157395e-07,0.9503033757209778
1786714131.4919994,1.0234223416493202,-2.4792515696686945,0.19621133440181127,4.371941089630127,1.5869736671447754,1.809179480005696e-06,0.9704281091690063
1786714131.4921873,1.1327163441883294,-2.9794503510637607,0.19620133970207482,0.0,0.0,3.307456211132376e-07,0.948529839515686
1786714131.6420789,0.9999247782899823,-2.481390174348223,0.19621043746565284,4.970312118530273,1.8119096755981445,8.703597700332466e-07,0.9683634638786316
1786714131.642215,1.103641171348948,-2.982775165876089,0.19620141304958863,0.0,0.0,6.752351282557356e-07,0.9460616111755371
1786714131.747588,0.976269624056172,-2.4830753516939126,0.1962106575699767,4.651993751525879,1.6920089721679688,8.390798029722646e-07,0.9651806950569153
1786714131.7477403,1.0742809031761216,-2.985606732885886,0.19620157139490774,0.0,0.0,6.348045076265407e-07,0.9421608448028564
1786714131.8919647,0.952563854268602,-2.4843861152602624,0.19621161400950957,4.970312118530273,1.8119096755981445,9.092398158827564e-07,0.9617303013801575
1786714131.892195,1.044656736359452,-2.988035696748992,0.196200019690104,0.0,0.0,6.348045076265407e-07,0.9379569292068481
1786714132.0419393,0.9288337689188001,-2.4853225168919852,0.19621201323439622,4.371941089630127,1.5869736671447754,8.697305702298763e-07,0.9582312703132629
1786714132.0421512,1.0147836891798394,-2.990056715338489,0.19620080225448253,0.0,0.0,6.960875111872156e-07,0.9337222576141357
1786714132.1919587,0.9050910894088365,-2.4858759300967144,0.19621249507270916,4.371941089630127,1.5869736671447754,8.697305702298763e-07,0.9547176957130432
1786714132.1921153,0.9846769970467854,-2.9916526428169288,0.1961992520346843,0.0,0.0,7.437877229676815e-07,0.9294881224632263
1786714132.341981,0.881345976354948,-2.486038289251376,0.1962114585924366,0.0,0.0,8.680723340148688e-07,0.9512366056442261
1786714132.3421938,0.9543502166614699,-2.992806856540003,0.19620118725231628,0.0,0.0,1.1890425639649038e-06,0.9253127574920654
1786714132.444228,0.8576061458232505,-2.4857980205631307,0.19621263177594808,0.0,0.0,8.360007655028312e-07,0.9477446675300598
1786714132.4443197,0.9238178895050144,-2.9934987245737297,0.19620055855638133,0.0,0.0,8.786823286754952e-07,0.9211346507072449
1786714132.5920706,0.8338882791428208,-2.485150016240035,0.19621255269921795,-2.9802322387695312e-05,1.1920928955078125e-05,7.285477181540045e-07,0.9443375468254089
1786714132.5922604,0.8930985541345386,-2.993714803813859,0.1961993089458866,0.0,0.0,8.953168162406655e-07,0.9170673489570618
1786714132.7417917,0.8101965039916215,-2.484084719261404,0.19621312319028023,0.0,0.0,6.983224807299848e-07,0.9409456253051758
1786714132.7419376,0.8622039457973643,-2.993436489469348,0.1961996007588055,0.0,0.0,9.775467333383858e-07,0.9130259156227112
1786714132.8486805,0.7865450958707632,-2.4825966794569774,0.1962130096201237,0.0,0.0,6.717225460306508e-07,0.9376997947692871
1786714132.8487344,0.8311513853170436,-2.992649891149369,0.19619944086572025,0.0,0.0,7.198293587862281e-07,0.9091656804084778
1786714132.9918463,0.7629429670317337,-2.480678215891176,0.1962125404913139,0.0,0.0,1.1092581644334132e-06,0.934502363204956
1786714132.9941244,0.7999605988417996,-2.9913382738035263,0.1961988244447692,0.0,0.0,8.350482403329806e-07,0.905367374420166
1786714133.1419306,0.7393998758684207,-2.478322367776472,0.1962133109843828,0.0,0.0,1.1092581644334132e-06,0.9313864707946777
1786714133.1420617,0.7686462771362012,-2.9894863804148484,0.19619929965069124,0.0,0.0,7.863956739129208e-07,0.9016669392585754
1786714133.2929673,0.7159264274476766,-2.47552760959729,0.19621255074323876,0.0,0.0,1.4394578329302021e-06,0.9820995330810547
1786714133.2930255,0.7372249000078641,-2.987084424487501,0.19619819855401102,0.0,0.0,9.288750106861698e-07,0.9808860421180725
1786714133.3917286,0.713683115088631,-2.4715859930852146,0.19621296246772513,0.0,0.0,1.4394578329302021e-06,0.8653615117073059
1786714133.3918462,0.7345410770995181,-2.983160958471139,0.19619843173368617,0.0,0.0,9.288750106861698e-07,0.8058221936225891
1786714133.5416644,0.6692596620962873,-2.4686203029173654,0.196213862215208,0.0,0.0,1.4852971617074218e-06,0.9245736002922058
1786714133.5418282,0.6742024675331176,-2.9805964434089267,0.19619831296707016,0.0,0.0,5.245200895842572e-07,0.8936657905578613
1786714133.6946368,0.6461348139788416,-2.4645331274042923,0.19621382072168225,0.0,0.0,1.8677554862733814e-06,0.9231584668159485
1786714133.6947875,0.642770470216453,-2.976522073519767,0.19619811676279547,-2.9802322387695312e-05,1.1920928955078125e-05,1.0964610055452795e-06,0.8920406699180603
1786714133.7916477,0.6231713856866457,-2.4600373487648697,0.1962132101013572,0.0,0.0,1.8684978613237035e-06,0.9214649200439453
1786714133.7918093,0.6114374171736978,-2.9719028718358254,0.1961966500800809,0.0,0.0,9.587902241037227e-07,0.8900688886642456
1786714133.9467692,0.6003606131234721,-2.45512217719593,0.19621251695289643,0.0,0.0,2.6286572392564267e-05,0.9200795888900757
1786714133.9469068,0.5801777351113647,-2.96672422091126,0.19619515475065147,0.0,1.1920928955078125e-05,1.074949750545784e-06,0.8884711861610413
1786714134.0917327,0.5777172532500111,-2.4497963060411068,0.19621206817890427,0.0,0.0,2.542773654568009e-05,0.9765769243240356
1786714134.09193,0.549027288046375,-2.9609918514000086,0.19619469494748062,0.0,1.1920928955078125e-05,1.074949750545784e-06,0.9736921191215515
1786714134.1917536,0.5763613795359945,-2.4454431288437255,0.1962122552501918,0.0,0.0,2.4297520212712698e-05,0.8573982119560242
1786714134.1922486,0.5467716773690885,-2.9565873836390515,0.19619449561279856,0.0,0.0,1.2457603588700294e-06,0.7964474558830261
1786714134.341688,0.5329493083776383,-2.4379162848906644,0.1962123701455105,0.0,0.0,0.00015654979506507516,0.9740486741065979
1786714134.3418272,0.48706983283892374,-2.9478565494303197,0.19619432800561162,0.0,0.0,1.1423876458138693e-06,0.9706296324729919
1786714134.4917915,0.5318834148440782,-2.433456495212768,0.19621231627755426,0.0,0.0,0.00014735283912159503,0.8551188707351685
1786714134.4920328,0.4849540995417697,-2.9433012157326974,0.19619433819202298,0.0,0.0,1.1423876458138693e-06,0.7937631607055664
1786714134.592586,0.4889064559837569,-2.424408999961904,0.19621266235159393,0.0,1.1920928955078125e-05,0.00015192420687526464,0.9133927226066589
1786714134.592884,0.42561986011321096,-2.932482623018717,0.1961943036384963,0.0,0.0,1.1717934285115916e-06,0.8807092308998108
1786714134.7917829,0.4671781734261432,-2.4170578495542143,0.19621242665185545,0.0,0.0,0.00032128780731000006,0.9709009528160095
1786714134.791968,0.3951321215493119,-2.923963527244145,0.1961941325881858,0.0,0.0,1.2478486723921378e-06,0.9669149518013
1786714134.891605,0.46656686541332104,-2.412490980898572,0.19621290406928352,0.0,0.0,0.00032128780731000006,0.9109273552894592
1786714134.8917146,0.3933130474555204,-2.9192235314640786,0.19619414288926415,0.0,0.0,1.160813098977087e-06,0.8778299689292908
1786714135.054354,0.44518292406011256,-2.4047101994249904,0.19621326963138558,0.0,0.0,0.002127228071913123,0.8505813479423523
1786714135.0544732,0.3630734432894696,-2.9100833613573758,0.19619413750882164,0.0,0.0,1.4567730204362306e-06,0.7883960604667664
1786714135.197554,0.4032100132992573,-2.392623271548686,0.19621284700268057,-2.9802322387695312e-05,1.1920928955078125e-05,0.004794339183717966,0.909134566783905
1786714135.198595,0.30466741873532144,-2.8950507356650563,0.19619392078888745,0.0,0.0,1.9614617485785857e-06,0.8757622241973877
1786714135.3083801,0.38232428711025085,-2.3837087966841493,0.1962129421277643,0.0,0.0,0.006771125365048647,0.9080825448036194
1786714135.308472,0.2749245503778966,-2.8843177220816205,0.19619391030028022,-2.9802322387695312e-05,1.1920928955078125e-05,2.0768104604940163e-06,0.8745302557945251
1786714135.4423277,0.36166187381347387,-2.374410272059386,0.19621282220058506,0.0,0.0,0.006771125365048647,0.9069039225578308
1786714135.4425097,0.24538684898187405,-2.873032492019827,0.1961937924253585,0.0,1.1920928955078125e-05,1.6267551927739987e-06,0.8731374144554138
1786714135.5916672,0.34122282376778623,-2.364723788716854,0.1962131588502587,0.0,0.0,0.006948157213628292,0.9061706066131592
1786714135.5917876,0.21604848598979506,-2.861186662238759,0.19619376259496663,0.0,1.1920928955078125e-05,1.6267551927739987e-06,0.8722895383834839
1786714135.6916628,0.3210244691278725,-2.3546703317739714,0.19621320572970613,0.0,0.0,0.006948157213628292,0.9049424529075623
1786714135.6918097,0.1869577809243671,-2.84880606488408,0.19619376659441118,-2.9802322387695312e-05,1.1920928955078125e-05,1.859393591985281e-06,0.8708279132843018
1786714135.8424885,0.3010584500118061,-2.3442299539411344,0.19621324312653238,0.0,1.1920928955078125e-05,0.007379687391221523,0.9042014479637146
1786714135.8426147,0.15807749676356636,-2.8358603503023234,0.1961936991971598,-2.9802322387695312e-05,1.1920928955078125e-05,1.914044105433277e-06,0.8699623942375183
1786714135.9915838,0.28134328465249603,-2.333429171466296,0.19621278388961444,-2.9802322387695312e-05,1.1920928955078125e-05,0.00716471578925848,0.9032576084136963
1786714135.991729,0.1294596938397817,-2.822382517378597,0.1961937312843553,-2.9802322387695312e-05,1.1920928955078125e-05,2.3884817892394494e-06,0.8688434362411499
1786714136.0915277,0.2618771758241781,-2.322258221016382,0.1962128993890685,-2.9802322387695312e-05,1.1920928955078125e-05,0.011935596354305744,0.9028053283691406
1786714136.0916705,0.10109254770955857,-2.8083572880665217,0.19619353376765591,0.0,0.0,2.5272297534684185e-06,0.8683306574821472
1786714136.242804,0.2426745529199199,-2.310736710661155,0.19621290794235943,-2.9802322387695312e-05,1.1920928955078125e-05,0.011935596354305744,0.9022110104560852
1786714136.2428792,0.07302495998778945,-2.7938133249217314,0.19619360766653862,0.0,0.0,2.5272297534684185e-06,0.8676388263702393
1786714136.3915694,0.22373724100989173,-2.2988634735752984,0.19621337568525843,0.0,1.1920928955078125e-05,0.01681341975927353,0.9014860987663269
1786714136.391709,0.04525236087261668,-2.7787459041457443,0.1961935720562496,0.0,0.0,2.4566309093643213e-06,0.8667799234390259
1786714136.5436547,0.2050685660524823,-2.2866402278443756,0.19621360016917663,0.0,1.1920928955078125e-05,0.01681341975927353,0.9008633494377136
1786714136.543776,0.017772080887783592,-2.7631525847105483,0.196193630305406,0.0,0.0,2.0806348857149715e-06,0.8660449981689453
1786714136.6414797,0.186674265180722,-2.2740728163435593,0.19621321174471132,0.0,1.1920928955078125e-05,0.01681341975927353,0.9000309109687805
1786714136.6416905,-0.009400565675358533,-2.7470407437063757,0.19619344102318123,0.0,0.0,2.1196140096435556e-06,0.8650451302528381
1786714136.8452234,0.16855640204860672,-2.2611574841232316,0.1962137458433811,0.0,0.0,0.019163796678185463,0.8991100788116455
1786714136.8453963,-0.03627391892852003,-2.7304000005254347,0.19619352368753992,0.0,0.0,1.979044554900611e-06,0.8639310598373413
1786714136.9414392,0.150719191536301,-2.2478942348750377,0.19621382327815623,-2.9802322387695312e-05,1.1920928955078125e-05,0.0195626113563776,0.8987239003181458
1786714136.9416072,-0.06284623902587852,-2.713226166353048,0.19619343368884284,-2.9802322387695312e-05,1.1920928955078125e-05,1.8255500435770955e-06,0.8634808659553528
1786714137.0916343,0.13317496004930499,-2.2343072383550218,0.19621398596467543,0.0,0.0,0.01856783777475357,0.8980404734611511
1786714137.0929165,-0.08906806074163426,-2.6955577551954595,0.19619339113513445,-2.9802322387695312e-05,1.1920928955078125e-05,1.8662623233467457e-06,0.8626577258110046
1786714137.2415297,0.11592477060386891,-2.2203866998354456,0.19621405280532098,0.0,0.0,0.01878131553530693,0.8978667855262756
1786714137.2416687,-0.11495371942885416,-2.677375892717427,0.19619333362220118,-2.9802322387695312e-05,1.1920928955078125e-05,1.8662623233467457e-06,0.8624699711799622
1786714137.3914926,0.0989798411324819,-2.2061579626206886,0.19621404350169108,0.0,0.0,0.020471327006816864,0.8973939418792725
1786714137.3916187,-0.14045670498520493,-2.6587219248994436,0.19619331220146247,-2.9802322387695312e-05,1.1920928955078125e-05,1.1095041827502428e-06,0.8619047999382019
1786714137.5414581,0.08234164370418741,-2.191614472520408,0.19621401102903382,0.0,0.0,0.020471327006816864,0.8970355987548828
1786714137.541612,-0.16559161136863637,-2.6395799852570603,0.19619333297293953,-2.9802322387695312e-05,1.1920928955078125e-05,1.5780744888616027e-06,0.8614804148674011
1786714137.692405,0.0660148956596065,-2.1767645939233575,0.1962140142447916,0.0,0.0,0.020471327006816864,0.8964235782623291
1786714137.6925657,-0.19034347000109714,-2.61996250448505,0.19619328930165833,-2.9802322387695312e-05,1.1920928955078125e-05,1.4222829349819222e-06,0.8607332706451416
1786714137.844572,0.05000257148959296,-2.1616041632153293,0.1962141032705129,-2.9802322387695312e-05,1.1920928955078125e-05,0.020855538547039032,0.8961960077285767
1786714137.8447263,-0.21472216147521583,-2.5998561630070074,0.19619323929329532,-2.9802322387695312e-05,1.1920928955078125e-05,1.4222829349819222e-06,0.8604691028594971
1786714137.9962397,0.03431289066868903,-2.1461525454206103,0.19621413587168748,0.0,1.1920928955078125e-05,0.019656607881188393,0.8958526253700256
1786714137.9964073,-0.23869201039125637,-2.5792949279677626,0.1961931924828977,0.0,0.0,1.4762792943656677e-06,0.8600572347640991
1786714138.091339,0.01894945909659078,-2.1304096556410594,0.19621413080872196,0.0,1.1920928955078125e-05,0.019656607881188393,0.9547345638275146
1786714138.0914707,-0.26225354116989924,-2.558275139411578,0.19619317980881135,0.0,0.0,1.2953373698110227e-06,0.9477411508560181
1786714138.2928216,0.02146268882108604,-2.1262037382169026,0.1962141892632101,-2.9802322387695312e-05,0.0,0.01937197335064411,0.8345025181770325
1786714138.2929015,-0.2614897030299202,-2.5529143468281057,0.1961931072430187,0.0,0.0,1.4794468370382674e-06,0.7697384357452393
1786714138.4415016,-0.010781272806991593,-2.0980749988701533,0.19621425685667507,0.0,0.0,0.017459582537412643,0.8947339057922363
1786714138.441583,-0.30812096555817026,-2.5148880344972273,0.1961931386528565,0.0,0.0,1.2041155059705488e-06,0.8586913347244263
1786714138.5412693,-0.025139406947374626,-2.081489907217837,0.19621425918533222,4.651993751525879,1.6920089721679688,0.017791161313652992,0.8942966461181641
1786714138.5413618,-0.3304183330382321,-2.492523697598674,0.19619304656419093,0.0,0.0,9.67255459727312e-07,0.8581488132476807
1786714138.7413976,-0.039153205941562574,-2.0646323275865015,0.19621427145282355,8.42413330078125,3.150463104248047,0.017600949853658676,0.9536281824111938
1786714138.7415597,-0.35228260025292396,-2.469717481558213,0.196193060256725,0.0,0.0,8.091519134723058e-07,0.9463173747062683
1786714138.8414218,-0.0362290341873199,-2.0606496659841675,0.19621427285222254,8.42413330078125,3.150463104248047,0.017600949853658676,0.8322296142578125
1786714138.8415976,-0.3510835521421092,-2.464395417751675,0.19619298559086817,0.0,0.0,1.001761233965226e-06,0.7671858072280884
1786714138.9927962,-0.06612756359904381,-2.03014617384804,0.19621433060706797,12.873679161071777,4.987990856170654,0.017688609659671783,0.8935325741767883
1786714138.9928787,-0.39463481435341363,-2.422863611384896,0.196192969629686,0.0,0.0,7.840481544008071e-07,0.8572136759757996
1786714139.141321,-0.07907899622252351,-2.012523048099439,0.19621433208653158,17.434955596923828,7.0268449783325195,0.018692096695303917,0.8935729265213013
1786714139.1414812,-0.41511670066544726,-2.3988165385111175,0.1961929243149633,0.0,0.0,8.575535161980952e-07,0.8572762608528137
1786714139.2913477,-0.09166874189046215,-1.994671370467433,0.19621434969586493,26.697784423828125,11.787432670593262,0.01575915887951851,0.8932653665542603
1786714139.2915018,-0.43510701467552204,-2.374400421671207,0.196192941834763,0.0,0.0,1.0118068303199834e-06,0.8568897843360901
1786714139.3912675,-0.10389265822720528,-1.9765816733487116,0.1962143853269439,30.14494514465332,13.830166816711426,0.01575915887951851,0.8930830359458923
1786714139.3914144,-0.4546193702707392,-2.349589411870772,0.19619289602095674,0.0,0.0,9.527136057840835e-07,0.8566628694534302
1786714139.5416963,-0.11574648248861946,-1.9582667077987341,0.19621438330907268,33.140777587890625,15.756404876708984,0.01575915887951851,0.892693042755127
1786714139.5417614,-0.47363907017684287,-2.3244045168504073,0.19619292013474923,0.0,0.0,1.0008817525886116e-06,0.8561688661575317
1786714139.6462247,-0.12722468180883048,-1.9397199773960734,0.19621439067780425,35.20158004760742,17.1750545501709,0.01608804054558277,0.8927119970321655
1786714139.6462903,-0.49216897749068067,-2.2988295158087273,0.19619270360969002,0.0,0.0,1.2782119256371516e-06,0.8562002778053284
1786714139.7923937,-0.1383262365578835,-1.9209690117278084,0.19621447598795896,35.20158004760742,17.1750545501709,0.01608804054558277,0.8924123644828796
1786714139.792552,-0.5101820106935382,-2.2729168527228047,0.19619300661708092,4.371941089630127,1.5869736671447754,1.2048393500663224e-06,0.8558177947998047
1786714139.9413083,-0.14904499395888393,-1.9020054985420465,0.19621445466472653,40.0390625,20.861679077148438,0.01608804054558277,0.892064094543457
1786714139.9414933,-0.5276872370066926,-2.2466416128922315,0.1961928831480148,4.651993751525879,1.6920089721679688,1.2148576615800266e-06,0.8553682565689087
1786714140.0422099,-0.1593773014512524,-1.8828337706237313,0.19621443531522972,40.0390625,20.861679077148438,0.01608804054558277,0.8920958042144775
1786714140.0422785,-0.5446806805075737,-2.2200062867353485,0.19619283110324262,8.94051742553711,3.3568620681762695,1.2148576615800266e-06,0.8554163575172424
1786714140.1962614,-0.16932181076095063,-1.8634769878435782,0.19621453098859465,44.57099914550781,24.8784236907959,0.014814156107604504,0.8918871283531189
1786714140.1964426,-0.5611364154802454,-2.1930605357563038,0.19619276122138113,12.873679161071777,4.987990856170654,1.2148576615800266e-06,0.8551462888717651
1786714140.3432176,-0.1788729425003913,-1.8439334344379046,0.19621446788216232,44.57099914550781,24.8784236907959,0.014814156107604504,0.8919121623039246
1786714140.3433495,-0.5770599597363661,-2.165789145647372,0.19619286775839048,15.599817276000977,6.185853481292725,1.2571873639899422e-06,0.8551872968673706
1786714140.4915826,-0.18802927670964456,-1.8242173556512886,0.19621446134896187,50.09007263183594,30.764938354492188,0.014583038166165352,0.8917707800865173
1786714140.4959028,-0.5924337595895444,-2.1382253392443173,0.19619286317348328,19.743263244628906,8.128046989440918,1.2571873639899422e-06,0.8550034761428833
1786714140.6410468,-0.19678756954896864,-1.8043307284651602,0.196214508893878,52.44804763793945,33.71276092529297,0.014825600199401379,0.8918190002441406
1786714140.6412485,-0.6072619012289855,-2.110361482739959,0.19619283307350147,19.743263244628906,8.128046989440918,5.365985202843149e-07,0.8550708889961243
1786714140.7410338,-0.20514637660364948,-1.7842903395783394,0.19621448988697654,55.712074279785156,38.330223083496094,0.014798288233578205,0.8916864991188049
1786714140.7411606,-0.621530179766504,-2.0822308168489694,0.19619287076376485,29.603675842285156,13.497817993164062,5.365985202843149e-07,0.8548954129219055
1786714140.8911884,-0.21310164570220919,-1.764095921048047,0.19621444919731856,55.712074279785156,38.330223083496094,0.014798288233578205,0.8912529945373535
1786714140.8913863,-0.6352421593126543,-2.053822320092379,0.1961928734243552,33.140777587890625,15.756404876708984,4.122811958495731e-07,0.8543203473091125
1786714141.0414314,-0.6484013619938964,-2.025106266976607,0.19619280605651843,40.03904724121094,20.86167335510254,1.8528095324654714e-07,0.8546505570411682
1786714141.141186,-0.6609779035357797,-1.996178470512388,0.196192855928368,42.214603424072266,22.712390899658203,2.803521681471466e-07,0.8544827103614807
1786714141.3434446,-0.6729815587936074,-1.9670024011421776,0.19619281975051495,47.112552642822266,27.432483673095703,2.5637627913965844e-06,0.8541227579116821
1786714141.441172,-0.6844102836466195,-1.9375701754395491,0.19619283682604155,52.44804763793945,33.71276092529297,1.5186444670689525e-06,0.9454956650733948
1786714141.5915432,-0.6811589760336388,-1.9330792565449952,0.19619281906636632,52.44804763793945,33.71276092529297,1.5186444670689525e-06,0.7564732432365417
1786714141.7411952,-0.7055071471737641,-1.878063358158645,0.19619282279104364,52.44804763793945,33.71276092529297,1.5186444670689525e-06,0.8540189862251282
1786714141.8410707,-0.7151636688913832,-1.8480223096698154,0.1961928332201131,53.456336975097656,35.06839370727539,1.5186444670689525e-06,0.8538267612457275
1786714141.9910371,-0.7242243908217859,-1.817783886587942,0.1961923525592309,58.96110916137695,43.62318420410156,2.672067694220459e-06,0.8537493348121643
1786714142.1410897,-0.7326834546489889,-1.7873712197888274,0.1961927968683541,58.51356506347656,42.85289001464844,2.672067694220459e-06,0.9466169476509094
1786714142.2985117,-0.7289859023657668,-1.7832485685699102,0.19619255888966283,58.96110916137695,43.62318420410156,2.672067694220459e-06,0.753710150718689
1786714166.939156,-0.03385668988480736,-0.733759849108482,0.1962060081931355,59.45722579956055,44.13718032836914,3.3333332538604736,0.45258525013923645
1786714166.9392874,-0.4694886649550509,-0.4647453843007454,0.1962014688397955,47.81144714355469,27.862464904785156,1.9647801309474744e-05,0.466473788022995
1786714167.0384302,-0.11957554697386885,-0.8721920572819443,0.19620514002998618,42.400299072265625,22.639602661132812,1.539102527203795e-06,0.9175891876220703
1786714167.0385585,-0.5610488627207609,-0.6128750476541184,0.1962040785053833,26.5174503326416,11.611663818359375,1.3285100067150779e-05,0.9361221790313721
1786714167.191251,-0.12533506979877707,-0.881436262259881,0.19620557230035732,42.400299072265625,22.639602661132812,1.539102527203795e-06,0.9901667833328247
1786714167.1913357,-0.5690335572758385,-0.6259452600503572,0.19620483669911018,22.552520751953125,9.489375114440918,1.3285100067150779e-05,0.9791497588157654
1786714168.4882784,-0.1475590649506593,-0.9232249670573555,0.19620598089820546,32.00870895385742,14.891892433166504,1.1177703527209815e-06,0.9320484399795532
1786714168.4922252,-0.6104264245715099,-0.7043692899938413,0.1962021477716261,13.562589645385742,5.270183086395264,5.156278712092899e-05,0.9543167352676392
1786714168.6380646,-0.14938493161492644,-0.9318331111623734,0.1962071567012923,29.972434997558594,13.628875732421875,1.1135244903925923e-06,0.9274259209632874
1786714168.63821,-0.6148599117411051,-0.7185796403223506,0.1962000000873036,14.459192276000977,5.660414695739746,6.158378528198227e-05,0.9478349685668945
1786714168.7912173,-0.15189143522675572,-0.9428983282143578,0.1962077534895212,26.523590087890625,11.617559432983398,1.1135244903925923e-06,0.9211617112159729
1786714168.7913773,-0.6197101579494384,-0.734836696407598,0.1962014268721509,13.569831848144531,5.2742838859558105,6.021300214342773e-05,0.9389654994010925
1786714168.9410555,-0.15532936339309603,-0.9567137737756622,0.19620932319455783,24.794219970703125,10.670012474060059,1.1251036085013766e-06,0.9753413200378418
1786714168.9423559,-0.6251765692958076,-0.7532743403901586,0.19620230890598409,9.451359748840332,3.556239604949951,6.021300214342773e-05,0.9629025459289551
1786714169.0881808,-0.1533125081651056,-0.9580307307917567,0.1962091484630034,24.794219970703125,10.670012474060059,1.1251036085013766e-06,0.7931551337242126
1786714169.0883527,-0.6220055637434456,-0.7519462345098379,0.19620245018291177,9.451359748840332,3.556239604949951,6.021300214342773e-05,0.8353399038314819
1786714169.2381976,-0.1655480253113677,-0.9921122701859334,0.1962098022703344,20.97734832763672,8.69765853881836,1.1251036085013766e-06,0.8774189949035645
1786714169.23835,-0.6389117862292715,-0.7969949982867605,0.19620230015361706,0.0,0.0,4.7561657993355766e-05,0.8858503699302673
1786714169.5412993,-0.17252580212753882,-1.013678971009241,0.19620962156145644,18.383771896362305,7.444918155670166,9.346328511128377e-07,0.8258950114250183
1786714169.541391,-0.6468203992238117,-0.8208354201133327,0.19620305335487465,0.0,1.1920928955078125e-05,6.556831067427993e-05,0.8328008651733398
1786714170.6379921,-0.18645941532294782,-1.0556975655778953,0.19620972223128427,13.578534126281738,5.279231071472168,8.166075815552176e-08,0.5634462833404541
1786714170.6380703,-0.662017530255059,-0.865991268193471,0.1962023121509923,4.62159538269043,1.6793131828308105,6.011230652802624e-05,0.5860023498535156
1786714171.887821,-0.2601754386425458,-1.2418484300104118,0.19620639493744588,-2.9802322387695312e-05,1.1920928955078125e-05,4.747156481244019e-07,0.00013072483125142753
1786714171.8879397,-0.7351537899851648,-1.0506951780542488,0.19620165876924053,4.635244369506836,1.6849875450134277,4.653895302908495e-05,0.0001288254716200754
1786714173.1375616,-0.3441774195853778,-1.4505785655745111,0.19620533971214807,0.0,0.0,4.486264231218229e-07,9.950101957656443e-05
1786714173.1376872,-0.8191562646187136,-1.259426540348101,0.19620058153202433,4.119485855102539,1.4925241470336914,7.844245146770845e-07,9.367099119117483e-05
1786714174.4411864,-0.42817934180681505,-1.6593095351376044,0.19619474116934266,0.0,0.0,6.570029427166446e-07,0.00022957941109780222
1786714174.4412744,-0.9031589346598682,-1.4681593682165395,0.19620243513085267,-2.9802322387695312e-05,0.0,1.0985420431097737e-06,0.00023097173834685236
1786714177.1873665,-0.5121796072963016,-1.8680278855921029,0.19620814368514605,0.0,0.0,1.038000618791557e-06,0.10568174719810486
1786714177.1874917,-0.9871597282085598,-1.6768790310514476,0.19619606179339422,0.0,0.0,1.4406805348698981e-06,0.10542332381010056
1786714178.2870479,-0.5789928054079462,-2.034028406387228,0.1962030814571234,0.0,0.0,3.534816414685338e-06,0.10017137974500656
1786714178.287218,-1.0539532911435672,-1.8428307678363356,0.19620461285357987,0.0,0.0,3.4929880712297745e-06,0.09134124219417572
1786714178.5369704,-0.6529823404256269,-2.2179871130133235,0.1962043253392322,0.0,0.0,2.625122306199046e-06,0.7923337817192078
1786714178.5371442,-1.1267822202284767,-2.0239312604905835,0.19620363403142776,0.0,0.0,2.2207477741176262e-06,0.7706711888313293
1786714178.6888251,-0.6740434189380806,-2.267954812556119,0.19620129294024363,0.0,0.0,1.5863380440350738e-06,0.8500417470932007
1786714178.6890414,-1.1449863494151802,-2.0670649018272726,0.19620229195009437,0.0,0.0,1.1106967576779425e-06,0.8305768966674805
1786714178.8370314,-0.685409018209552,-2.293074725885213,0.19620424437130615,0.0,0.0,1.62809089943039e-06,0.869533896446228
1786714178.8371933,-1.1544226224679566,-2.0877207899395263,0.19620773082508333,0.0,0.0,8.091703875834355e-07,0.8506802916526794
1786714178.987056,-0.6975024151460302,-2.318296231654047,0.19620222801733228,0.0,0.0,1.62809089943039e-06,0.8878577351570129
1786714178.9873288,-1.1642075886668501,-2.107748657512073,0.19620786992030004,4.651993751525879,1.6920089721679688,9.066727102435834e-07,0.8714080452919006
1786714179.1369889,-0.7101479576944149,-2.343562086843872,0.19620063839382237,0.0,0.0,1.6812116427900037e-06,0.8981730341911316
1786714179.1372156,-1.174412054796564,-2.127685158725634,0.19620757807161207,4.651993751525879,1.6920089721679688,9.066727102435834e-07,0.885279655456543
1786714179.296964,-0.7230519089338122,-2.36831172971052,0.19619925927223084,0.0,0.0,2.695053126444691e-06,0.8973156213760376
1786714179.2970424,-1.1853142269634664,-2.148180974761991,0.19620671859727887,4.371941089630127,1.5869736671447754,1.441202925889229e-06,0.8841111063957214
1786714179.3868709,-0.7364939954008424,-2.393068011268674,0.19619998858926876,0.0,0.0,2.695053126444691e-06,0.8964461088180542
1786714179.3870482,-1.1966711027520431,-2.1686108220045495,0.19620757348419873,4.371941089630127,1.5869736671447754,2.005522219405975e-06,0.882935106754303
1786714179.536996,-0.7504944797517392,-2.417830181187847,0.19619996541425097,0.0,0.0,3.2969808216876118e-06,0.8956842422485352
1786714179.5372245,-1.2085012875429695,-2.1889770319290114,0.19620951530704603,4.371941089630127,1.5869736671447754,2.005522219405975e-06,0.881890594959259
1786714179.6868439,-0.7650513352744456,-2.4425705268180953,0.1961987480602316,0.0,0.0,3.143982212350238e-06,0.8950666785240173
1786714179.6869378,-1.2208040470782082,-2.2092607208638806,0.19621011128865504,4.371941089630127,1.5869736671447754,2.005522219405975e-06,0.8810264468193054
1786714179.7868264,-0.7801671742909977,-2.467257046312783,0.19619884081221817,0.0,0.0,2.7208789106225595e-06,0.8945327401161194
1786714179.7869399,-1.2335854346637594,-2.2294422422273863,0.19620972029620992,4.371941089630127,1.5869736671447754,2.005522219405975e-06,0.880265474319458
1786714179.936901,-0.7958397062731539,-2.4918696514100125,0.1961982689329295,0.0,0.0,3.3806991268647835e-06,0.8940903544425964
1786714179.93713,-1.2468443538436083,-2.2495087475121034,0.19620974233272667,4.12362813949585,1.4942169189453125,2.930634082076722e-06,0.8796191811561584
1786714180.0869033,-0.8120681298037963,-2.516386386146994,0.19619841311665645,0.0,0.0,3.3806991268647835e-06,0.8930533528327942
1786714180.0873506,-1.2605820503850769,-2.269446589998176,0.19620949412656943,4.12362813949585,1.4942169189453125,3.149804570057313e-06,0.8782106041908264
1786714180.186833,-0.8287976401431191,-2.5408255486854148,0.19619840153226736,0.0,0.0,2.6120701477339026e-06,0.8911736011505127
1786714180.1869733,-1.2747149394579829,-2.289227134477789,0.19621023141122373,4.371941089630127,1.5869736671447754,3.299993295513559e-06,0.8757352232933044
1786714180.33686,-0.8459664510847047,-2.565213642645047,0.19619819379731376,0.0,0.0,1.7862478216557065e-06,0.8891978859901428
1786714180.3369808,-1.2891408903327146,-2.308814702993024,0.19621013240714688,4.371941089630127,1.5869736671447754,3.299993295513559e-06,0.8731514811515808
1786714180.4368174,-0.8635755894240592,-2.589533887947331,0.1961977991203955,0.0,0.0,1.4375575574376853e-06,0.8871909976005554
1786714180.4369917,-1.3038533951195663,-2.3281922462864646,0.19620988019703958,4.371941089630127,1.5869736671447754,3.299993295513559e-06,0.8705453276634216
1786714180.5381734,-0.8816281036329991,-2.6137665053228907,0.19619775984269366,0.0,0.0,5.167059384802997e-07,0.9576480388641357
1786714180.538252,-1.3188513913966333,-2.347346167352923,0.1962101342701249,4.651993751525879,1.6920089721679688,2.6278721634298563e-06,0.9638479948043823
1786714180.6365356,-0.8850140739292631,-2.61332954427275,0.1961975541542547,0.0,0.0,7.354221907007741e-07,0.8831685781478882
1786714180.6366506,-1.3230468156082087,-2.3482421680040617,0.19621021152909154,4.651993751525879,1.6920089721679688,2.6278721634298563e-06,0.8653639554977417
1786714180.7866733,-0.9036697585205531,-2.6375104444954367,0.19619737094213224,0.0,0.0,6.048262548574712e-07,0.881117582321167
1786714180.7868416,-1.3384024589497765,-2.367045143564953,0.1962104131091978,4.651993751525879,1.6920089721679688,1.9995379716419848e-06,0.8627446293830872
1786714180.8905296,-0.9227741108538181,-2.661549902272986,0.19619702962485874,0.0,0.0,3.11157236865256e-05,0.7400916218757629
1786714180.8906054,-1.354039163319027,-2.3855889370405006,0.19621081859694572,4.371941089630127,1.5869736671447754,1.7616653167351615e-06,0.6994090676307678
1786714180.9865956,-0.9583693694583083,-2.709395478916147,0.19619690842989423,0.0,0.0,3.916498462785967e-05,0.9604871273040771
1786714180.9867115,-1.3817240720876112,-2.4214461855227767,0.1962109053396246,4.970312118530273,1.8119096755981445,1.1212979416086455e-06,0.9663648009300232
1786714181.136667,-0.9603676439380124,-2.7073419015494893,0.19619772523282183,0.0,0.0,3.916498462785967e-05,0.8822270035743713
1786714181.1368356,-1.3845547906261158,-2.420620321580017,0.1962105476746979,4.970312118530273,1.8119096755981445,1.1212979416086455e-06,0.8643936514854431
1786714181.2866957,-0.9761325807758011,-2.7267297558737154,0.19619945405099798,0.0,0.0,3.971552723669447e-05,0.7349464297294617
1786714181.2868137,-1.397331908674151,-2.4356367706067923,0.19620976760999126,4.970312118530273,1.8119096755981445,1.1212979416086455e-06,0.6965049505233765
1786714181.5367284,-1.0027805587908847,-2.7617869402363477,0.19620079567491863,0.0,0.0,6.41006336081773e-05,0.9544779062271118
1786714181.5368516,-1.4186531205304478,-2.463133274043216,0.1962086426226672,4.651993751525879,1.6920089721679688,1.196872403852467e-06,0.9578772187232971
1786714191.235475,-1.0107199077909965,-2.7692488488173375,0.19620440702687494,0.0,0.0,6.41006336081773e-05,0.8993502855300903
1786714191.2359536,-1.4314009773940466,-2.4774073889855073,0.19620347939460522,4.651993751525879,1.6920089721679688,1.196872403852467e-06,0.9123131036758423
1786714191.335386,-0.9986634650262693,-2.7491491703898436,0.19620291032359935,0.0,0.0,5.487878297572024e-05,0.9238642454147339
1786714191.335598,-1.4231733115749419,-2.462905585006806,0.19620611751199765,4.651993751525879,1.6920089721679688,1.196872403852467e-06,0.932883620262146
1786714191.4854875,-0.991414470895365,-2.7368059836220984,0.19620237496371984,0.0,0.0,3.9370359445456415e-05,0.9383661150932312
1786714191.4856749,-1.4177011009974465,-2.453215241565687,0.19620638805854618,4.970312118530273,1.8119096755981445,1.0059319492938812e-06,0.9431290626525879
1786714191.6353047,-0.9831961206987906,-2.722988529484847,0.19620306679806035,0.0,0.0,3.9370359445456415e-05,0.9326378107070923
1786714191.6354403,-1.410510119089944,-2.440948201223236,0.1962066790156077,4.970312118530273,1.8119096755981445,1.1212979416086455e-06,0.9370794892311096
1786714191.7351937,-0.9736362472065772,-2.7071111779344434,0.19620318170562565,0.0,0.0,3.971552723669447e-05,0.9266165494918823
1786714191.7353828,-1.401949757002199,-2.4265910586670776,0.19620675640884752,4.651993751525879,1.6920089721679688,1.1177662599948235e-06,0.9307016730308533
1786714191.8867028,-0.9627430151900472,-2.689175455314368,0.19620274856024486,0.0,0.0,3.126953379251063e-05,0.9242831468582153
1786714191.887663,-1.3920233662145465,-2.4101371421569375,0.19620656150003093,4.371941089630127,1.5869736671447754,1.258020574823604e-06,0.9288283586502075
1786714191.9851258,-0.9516905199243693,-2.670687173560646,0.19620296976680635,0.0,0.0,2.858015250239987e-05,0.9291864633560181
1786714191.9853365,-1.3820210115236995,-2.3932711178235673,0.1962073471221208,4.371941089630127,1.5869736671447754,1.258020574823604e-06,0.9334948062896729
1786714192.1353326,-0.9414408285939294,-2.653394429188847,0.19620275484035926,0.0,0.0,2.8508608011179604e-05,0.9206538200378418
1786714192.1354978,-1.3727570994632985,-2.377513522891245,0.19620762873238945,4.12362813949585,1.4942169189453125,1.8542714315117337e-06,0.9199739694595337
1786714192.2851794,-0.9308641615638784,-2.635765008844476,0.19620331948171155,0.0,0.0,6.545349719999649e-07,0.8867573738098145
1786714192.2853215,-1.3623619274485588,-2.3601680603469037,0.19620723818515207,3.9019882678985596,1.4117121696472168,1.799728693185898e-06,0.8592618703842163
1786714192.5354233,-0.9345864748094987,-2.6404755879442336,0.1962039233737106,0.0,0.0,4.0490974129170354e-07,0.7353463768959045
1786714192.5355203,-1.3633375739860587,-2.360624743840541,0.19620697991183203,4.12362813949585,1.4942169189453125,2.0443951598281274e-06,0.7441484928131104
1786714193.3351932,-0.8952201674253397,-2.5783308021801066,0.19620523763603373,0.0,0.0,7.862429924898606e-07,0.3542138636112213
1786714193.3353496,-1.3261963953680584,-2.3019189881285804,0.196206242698355,4.371941089630127,1.5869736671447754,3.3669596177787753e-06,0.30606022477149963
1786714193.4349813,-0.8157825898359334,-2.4659938206469234,0.19621029588083677,0.0,0.0,3.3790672659961274e-06,0.7818908095359802
1786714193.4351459,-1.234279782191194,-2.1710292466432946,0.1962017155703441,4.651993751525879,1.6920089721679688,2.06360277843487e-06,0.754550039768219
1786714193.5849967,-0.8017742957439242,-2.4502065070028514,0.19621058438610015,0.0,0.0,4.612249085766962e-06,0.8163926005363464
1786714193.5851617,-1.2160410838278775,-2.1493294088537334,0.19620058582222186,4.970312118530273,1.8119096755981445,1.9225867617933545e-06,0.7931715846061707
1786714193.6848903,-0.7872510347635882,-2.4347233375750044,0.19621101457542853,0.0,0.0,3.265531631768681e-06,0.832216203212738
1786714193.6850085,-1.197073171392636,-2.127819743293702,0.19619893071538155,4.970312118530273,1.8119096755981445,1.3509925338439643e-06,0.8129907250404358
1786714193.8350215,-0.7718344983714972,-2.4189639446740694,0.19621147950611761,0.0,0.0,2.4734431463002693e-06,0.8293412923812866
1786714193.8351552,-1.1778365777149264,-2.1070243489258056,0.196198318131366,4.371941089630127,1.5869736671447754,1.0731457678048173e-06,0.8098247647285461
1786714193.9865515,-0.7558716182862152,-2.403479201139986,0.19621159004451036,0.0,0.0,2.6267380235367455e-06,0.8265422582626343
1786714193.9867296,-1.1579309416146097,-2.086473995613471,0.19619766863942975,4.371941089630127,1.5869736671447754,1.0731457678048173e-06,0.8067365884780884
1786714194.0867221,-0.7393763230338091,-2.3882828469084965,0.19620959367004603,0.0,0.0,2.6267380235367455e-06,0.8227955102920532
1786714194.0868616,-1.137368588636435,-2.0661863452898466,0.19619672838474334,0.0,0.0,1.7751673340171692e-06,0.8023384809494019
1786714194.2349536,-0.7225172863648247,-2.373364070695385,0.19620956172863677,0.0,0.0,2.5726751573529327e-06,0.8186532258987427
1786714194.235087,-1.1162506502136815,-2.0460751493838822,0.19619618201390895,0.0,0.0,1.4364117078002892e-06,0.797380805015564
1786714194.384977,-0.7053747214945367,-2.3587265792341285,0.1962099109004219,0.0,0.0,2.4663008844072465e-06,0.8146182298660278
1786714194.3851562,-1.094622208316515,-2.0261151034940323,0.19619546203730587,0.0,0.0,2.862678911697003e-06,0.7925457954406738
1786714194.4882224,-0.6879517847563588,-2.344382822801065,0.19621024271417994,0.0,0.0,1.5596176581311738e-06,0.8107157945632935
1786714194.4882984,-1.0724827315188454,-2.006329645413385,0.19619474950881374,0.0,0.0,2.8885904157505138e-06,0.7878651022911072
1786714194.6349058,-0.6702520295843588,-2.3303471682695616,0.19621064249254389,0.0,0.0,1.5486398297070991e-06,0.8069518804550171
1786714194.6350677,-1.0498335899067923,-1.9867458894843244,0.19619389924419212,0.0,0.0,3.41075087817444e-06,0.783346951007843
1786714194.7348924,-0.6522779360141149,-2.3166330386103877,0.1962109861420487,0.0,0.0,2.410923798379372e-07,0.8033372759819031
1786714194.7350318,-1.0266757276304281,-1.9673905822575013,0.19619328219202356,0.0,0.0,4.566678853734629e-06,0.7790037393569946
1786714194.8849308,-0.634033480014235,-2.3032532748913237,0.1962115447081276,0.0,0.0,2.410923798379372e-07,0.7998830676078796
1786714194.885028,-1.0030122226300238,-1.9482903372008338,0.19619247093026213,0.0,0.0,4.559089575195685e-06,0.7748508453369141
1786714195.0348842,-0.6155213473684367,-2.2902209246373433,0.1962116414282018,0.0,0.0,5.408099355008744e-07,0.7965826392173767
1786714195.0350165,-0.9788461408096572,-1.929472959855295,0.19619223770216948,0.0,0.0,4.713793714472558e-06,0.7708771228790283
1786714195.184897,-0.5967482495205976,-2.277546320634226,0.1962114672045132,0.0,0.0,2.0163263343420113e-06,0.7934268712997437
1786714195.1850512,-0.954184096447771,-1.9109626127123354,0.19619102968360236,0.0,0.0,3.96528048440814e-06,0.7670736312866211
1786714195.2995791,-0.5777185794796406,-2.2652419067006875,0.19621216078792944,0.0,0.0,2.0163263343420113e-06,0.7904414534568787
1786714195.2996638,-0.9290308492371476,-1.8927856157163516,0.1961915690292972,0.0,0.0,3.666696102300193e-06,0.7634734511375427
1786714195.434844,-0.5584360858326235,-2.2533191037457634,0.1962127601298418,0.0,0.0,2.994343503814889e-06,0.7876138687133789
1786714195.4349883,-0.9033924379212063,-1.8749685853022704,0.1961941247409587,0.0,0.0,3.066003955609631e-06,0.7600626945495605
1786714195.5848417,-0.5389056770347137,-2.241787734405172,0.19621308545577792,0.0,0.0,3.036202997463988e-06,0.7849359512329102
1786714195.585022,-0.8772764421896454,-1.8575362218118294,0.19619415943378593,0.0,0.0,3.045547600777354e-06,0.7568272352218628
1786714195.6846654,-0.5191348453077835,-2.2306580162189,0.19621304848773613,0.0,0.0,3.208635916962521e-06,0.7832688093185425
1786714195.6848354,-0.850692256276488,-1.8405122961730083,0.196194032640839,0.0,0.0,2.420021701254882e-06,0.7547932267189026
1786714195.8348317,-0.4991615981302579,-2.219938110636004,0.19621297493084913,0.0,0.0,3.205137772965827e-06,0.7824571132659912
1786714195.8349438,-0.8237188403188893,-1.8239499843282558,0.19619383886269579,0.0,0.0,2.0688582935690647e-06,0.7537779808044434
1786714195.9882174,-0.4790193676011206,-2.20963293203918,0.19621281651039427,0.0,0.0,4.03237436330528e-06,0.7822068333625793
1786714195.9883,-0.7964267899800145,-1.8078910648441475,0.19619380505800302,0.0,0.0,1.6407834664278198e-06,0.7534322738647461
1786714196.084838,-0.45873282231314455,-2.199743911779317,0.19621244202830548,0.0,0.0,5.337160018825671e-06,0.7820879220962524
1786714196.0849867,-0.7688670343461517,-1.7923610817939786,0.19619347356366665,0.0,0.0,7.645088544450118e-07,0.753241240978241
1786714196.2346056,-0.4383157361543375,-2.1902706317171905,0.19621249964543586,0.0,0.0,1.7845286492956802e-05,0.7812687754631042
1786714196.2347248,-0.7410606146728815,-1.777366843680315,0.19619364252838034,0.0,0.0,3.5279316534797545e-07,0.7522186636924744
1786714196.3844984,-0.41774545159520093,-2.1812183479113227,0.19621210244265005,0.0,0.0,1.763306681823451e-05,0.780881941318512
1786714196.3846216,-0.7129540384231713,-1.7628932471581618,0.19619358514488908,0.0,0.0,7.35529226858489e-07,0.7517083883285522
1786714196.5346143,-0.39704695738696794,-2.17258617624851,0.19621142540443456,0.0,0.0,1.598637390998192e-05,0.7799434065818787
1786714196.5347881,-0.6845929598549618,-1.7489574518525781,0.19619322232216288,0.0,0.0,7.35529226858489e-07,0.7505427598953247
1786714196.6845546,-0.37620449263409095,-2.164380459182978,0.19621143034291028,0.0,0.0,0.0001097141721402295,0.7796492576599121
1786714196.6861858,-0.6559369340328202,-1.735552100850235,0.19619357673336374,0.0,0.0,3.94122764646454e-07,0.7501472234725952
1786714196.8345788,-0.3552464241100123,-2.1565989613641254,0.1962110311874102,0.0,0.0,0.0001109093936975114,0.7791677117347717
1786714196.8347583,-0.6270468843218447,-1.722699768564859,0.19619323284454906,0.0,0.0,9.387097748003725e-07,0.7495279908180237
1786714196.9345078,-0.3341723407458661,-2.1492453415693404,0.19620989215422918,0.0,0.0,0.0003826294851023704,0.7790029048919678
1786714196.9347372,-0.5979147194641005,-1.7104014543083006,0.19619310920926936,0.0,0.0,9.387097748003725e-07,0.7492918968200684
1786714197.0848737,-0.3129980632426579,-2.1423184646095974,0.19620902389472236,0.0,0.0,0.0005200135055929422,0.8050588965415955
1786714197.085026,-0.5685754141034298,-1.698669710000606,0.19619287209230565,0.0,0.0,9.97752181319811e-07,0.7794745564460754
1786714197.2354183,-0.2936313307439099,-2.135752591504285,0.1962091434827606,0.0,0.0,0.0005052906926721334,0.8325857520103455
1786714197.2355804,-0.5420764423709662,-1.6880707554345546,0.19619642128358686,0.0,1.1920928955078125e-05,9.042004194270703e-07,0.8128088712692261
1786714197.4847157,-0.2780841743513506,-2.1302954113906263,0.19620841308084533,0.0,0.0,0.0005875240894965827,0.8374738693237305
1786714197.4848905,-0.521820875873913,-1.6800327988727615,0.196198438688339,0.0,0.0,9.919831427396275e-07,0.8224271535873413
1786714200.142788,-0.21597881734493968,-2.102650224444542,0.19620444676302712,0.0,0.0,0.0034594330936670303,0.9028702974319458
1786714200.1428773,-0.44870387673071216,-1.6465986410384932,0.1962018536216782,0.0,0.0,5.544047780858818e-07,0.8904069662094116
1786714200.2845342,-0.2004756369217694,-2.096342620257145,0.19620316216201025,0.0,0.0,0.0034594330936670303,0.9171538352966309
1786714200.2881904,-0.4277626445647411,-1.6375565958895777,0.1962018561865583,0.0,0.0,6.877078817524307e-07,0.9082432985305786
1786714200.4850605,-0.19012217644226048,-2.0918875547620424,0.19620458281992895,0.0,0.0,0.0034594330936670303,0.9236809015274048
1786714200.4852428,-0.41471344436320023,-1.6317758701014922,0.19620104794095997,0.0,0.0,6.877078817524307e-07,0.9197997450828552
1786714200.6344802,-0.176986051522259,-2.0860021471044345,0.19620119942484665,0.0,0.0,0.0034594330936670303,0.9128031134605408
1786714200.6348698,-0.4001263954033448,-1.6251850609126932,0.19619867273558794,0.0,0.0,6.877078817524307e-07,0.9090153574943542
1786714200.784192,-0.1615307358594995,-2.079010699150784,0.1962019052666304,-2.9802322387695312e-05,1.1920928955078125e-05,0.005129294469952583,0.9048739075660706
1786714200.784373,-0.38316841649208444,-1.6174690016650055,0.1961995064477749,0.0,0.0,6.877078817524307e-07,0.9019896388053894
1786714200.9340584,-0.14379811903617115,-2.0708055374147563,0.1962013761771415,0.0,0.0,0.005482210777699947,0.9012191295623779
1786714200.9342558,-0.3640934557496879,-1.6086216296229106,0.1962006434982545,0.0,1.1920928955078125e-05,6.98661779097165e-07,0.8978714942932129
1786714201.0840871,-0.12569066820594352,-2.062554217956574,0.19619787269875202,0.0,0.0,0.006510346662253141,0.908333420753479
1786714201.0841918,-0.3445091328472054,-1.5996692651544644,0.19619906841352205,-2.9802322387695312e-05,1.1920928955078125e-05,1.3766706615570001e-05,0.9040994644165039
1786714201.2339866,-0.10970488504563124,-2.055519987726138,0.19620126236677798,0.0,0.0,0.008244354277849197,0.906234085559845
1786714201.234151,-0.3268836595786549,-1.5918634554826854,0.19620070542824342,0.0,0.0,1.4779821867705323e-05,0.90149986743927
1786714201.386395,-0.09360910656269363,-2.0486778403148436,0.1962040272633806,-2.9802322387695312e-05,1.1920928955078125e-05,0.00829014740884304,0.9041893482208252
1786714201.3865635,-0.3090120250743191,-1.5841936288963623,0.19619773234989468,0.0,0.0,1.4779821867705323e-05,0.8989856243133545
1786714201.5338101,-0.07738728111174108,-2.04204195635156,0.19620151608283115,0.0,0.0,0.009701523929834366,0.902107834815979
1786714201.5339506,-0.29088526254276437,-1.576679074375666,0.19619952398776885,0.0,0.0,1.4779821867705323e-05,0.8964290022850037
1786714201.737286,-0.061037880245370935,-2.035630633710762,0.19619936394216658,-2.9802322387695312e-05,1.1920928955078125e-05,0.011207436211407185,0.8993703722953796
1786714201.7373595,-0.27249956875086817,-1.5693389285652615,0.19619673607131038,0.0,0.0,0.00019599088409449905,0.8930415511131287
1786714201.883887,-0.044571373136554626,-2.02943055581291,0.19620127003225724,-2.9802322387695312e-05,1.1920928955078125e-05,0.010618382133543491,0.8974008560180664
1786714201.883986,-0.25381824321071744,-1.5621407663221147,0.1961999229513634,0.0,0.0,0.0002123254380421713,0.890031635761261
1786714202.0339465,-0.028579753809897177,-2.0231644623967098,0.19620082322132565,-2.9802322387695312e-05,1.1920928955078125e-05,0.011179262772202492,0.9032057523727417
1786714202.034264,-0.23534410330493571,-1.5547709272386923,0.19620108475695108,0.0,0.0,0.00021206316887401044,0.8979162573814392
1786714202.3839297,-0.014888403275596776,-2.017827854864523,0.19619828702646006,0.0,0.0,0.012777633033692837,0.8679357171058655
1786714202.3840652,-0.2200313573772107,-1.5487219303981723,0.19620189722077183,0.0,0.0,0.0002805227704811841,0.8596377372741699
1786714205.0837266,-0.010204307186439096,-2.0164420357568007,0.19620674777552058,0.0,0.0,0.012777633033692837,0.3923359513282776
1786714205.0837915,-0.21369583802843806,-1.5466173909430099,0.1962056636949108,0.0,0.0,0.0006196512840688229,0.40328657627105713
1786714205.383393,-0.12464040278237624,-2.067401840166255,0.1962085048541926,0.0,0.0,0.008244354277849197,0.81718510389328
1786714205.3835962,-0.3348956778402434,-1.6005649103077833,0.19619331745834867,-2.9802322387695312e-05,1.1920928955078125e-05,1.3766706615570001e-05,0.8319194912910461
1786714205.5836074,-0.1594620387672076,-2.0842967971711786,0.19620685086137654,-2.9802322387695312e-05,1.1920928955078125e-05,0.005129294469952583,0.8466253280639648
1786714205.583701,-0.37671428791778755,-1.62067468826475,0.19618755914814642,0.0,1.1920928955078125e-05,6.98661779097165e-07,0.8620811700820923
1786714205.7335758,-0.1757361234831396,-2.092636845106598,0.19620435644996878,0.0,0.0,0.0034594330936670303,0.8656002283096313
1786714205.7337813,-0.39761570811398317,-1.6312113913692499,0.1961805378238923,0.0,0.0,6.391514943970833e-07,0.8797654509544373
1786714205.8833494,-0.18927565048488332,-2.0999560306878258,0.1962043966722714,0.0,0.0,0.0034594330936670303,0.8591868281364441
1786714205.8834996,-0.41534282811651274,-1.6405677085840027,0.19617770765979226,0.0,0.0,6.391514943970833e-07,0.8757362365722656
1786714206.0333416,-0.20157821232941606,-2.106959389463267,0.19620281784553525,0.0,0.0,0.0034594330936670303,0.8583934903144836
1786714206.0335114,-0.43241419566252437,-1.649948723779625,0.19618700546648268,0.0,0.0,6.579685418728332e-07,0.8762776255607605
1786714206.1833544,-0.2125685177514172,-2.113415586360846,0.1962075387692479,0.0,0.0,0.0034594330936670303,0.8620812892913818
1786714206.1835296,-0.44847073785873914,-1.6589993212659826,0.19618375492168405,0.0,0.0,6.22713457687496e-07,0.8804726004600525
1786714206.3332477,-0.222169904898318,-2.119195920511605,0.19620703026219277,0.0,0.0,0.003247413318604231,0.8714933395385742
1786714206.3333507,-0.46321315475873714,-1.6674856689622908,0.19618853748497972,0.0,0.0,6.288094027695479e-07,0.8895776867866516
1786714207.2332227,-0.2592110193715156,-2.143187060923392,0.19620334017934377,0.0,0.0,0.0011405112454667687,0.9865571856498718
1786714207.2334828,-0.5289648857525694,-1.708012553905775,0.19619953929341866,0.0,1.1920928955078125e-05,6.100545419940318e-07,0.9824804067611694
1786714207.3831723,-0.2599506497862946,-2.145139362761066,0.19620086891164967,0.0,0.0,0.0010859286412596703,0.6819366812705994
1786714207.383323,-0.5288945187514171,-1.7094638007398508,0.1961989796619713,0.0,0.0,6.580018521162856e-07,0.7289555668830872
1786714207.5331504,-0.2757550078519456,-2.1576758537744483,0.19620512202766244,0.0,0.0,0.0010488383704796433,0.8456047177314758
1786714207.5333872,-0.5569805142808699,-1.7298251619736245,0.19619741803937213,0.0,0.0,3.6723389484905056e-07,0.8660405278205872
1786714207.6342118,-0.2856701568712665,-2.167410272087601,0.19620987841038198,0.0,0.0,0.0010488383704796433,0.8461520671844482
1786714207.634289,-0.5722459151152488,-1.7431245963225308,0.19619858840193596,0.0,0.0,6.921806061654934e-08,0.8642224669456482
1786714207.8330894,-0.2977084547110992,-2.1790397622867776,0.19621143978867067,0.0,0.0,0.0005225377972237766,0.8393688797950745
1786714207.8333373,-0.5890694661165268,-1.7580257947370848,0.19619875623898375,0.0,0.0,6.921806061654934e-08,0.856632649898529
1786714207.937173,-0.3117093884391544,-2.1922289739919005,0.19621236991362764,0.0,0.0,0.0005225377972237766,0.8311485648155212
1786714207.9372425,-0.607675583587658,-1.774439539997624,0.19619925275053082,0.0,0.0,6.921806061654934e-08,0.8496615886688232
1786714208.0830255,-0.3258137611853943,-2.2059314656069438,0.19621116632582278,0.0,0.0,0.0005225377972237766,0.9605574011802673
1786714208.0832195,-0.6266394970523024,-1.7916273786466592,0.19619819951711695,0.0,0.0,4.693778237196966e-07,0.9541948437690735
1786714208.2831151,-0.3205525402455827,-2.206067947374646,0.19621249896959753,0.0,0.0,0.0005225377972237766,0.8264565467834473
1786714208.2832196,-0.6203200250281744,-1.7909975258305613,0.19619745454964233,0.0,0.0,4.693778237196966e-07,0.8479639887809753
1786714208.382919,-0.3322590798775462,-2.2188780961619163,0.19621233437677954,0.0,0.0,0.0005284739308990538,0.6096958518028259
1786714208.3830566,-0.6374913194301881,-1.8078096350657504,0.1961971782370151,0.0,0.0,4.693778237196966e-07,0.6565660238265991
1786714208.5329254,-0.36042933502013175,-2.2450407062036346,0.1962127656577532,0.0,0.0,0.00013067087274976075,0.8124917149543762
1786714208.5331118,-0.6774575903118305,-1.8429995577051532,0.19619661871938376,0.0,0.0,7.354684044003079e-07,0.8367211222648621
1786714208.6858928,-0.3714368711343643,-2.2588539658680786,0.1962131443204144,0.0,0.0,0.0001639468828216195,0.805571973323822
1786714208.687407,-0.6943739882105344,-1.8615434851041524,0.19619612462976818,0.0,0.0,6.313981657513068e-07,0.831125020980835
1786714208.832963,-0.3821665882041129,-2.273062000387915,0.19621347303328054,0.0,0.0,0.0001639468828216195,0.7987756729125977
1786714208.8332105,-0.7112392315687339,-1.8808182049375182,0.19619559321398053,0.0,0.0,6.313981657513068e-07,0.8256105184555054
1786714208.9832814,-0.3926131779650698,-2.2876668767184754,0.19621359581521927,0.0,0.0,0.0001639468828216195,0.7921675443649292
1786714208.9833665,-0.7280263867342559,-1.9008310212907007,0.196195194176939,0.0,0.0,8.090260052995291e-07,0.8202335238456726
1786714209.132895,-0.4027674385629961,-2.3026702017074827,0.19621350842363108,0.0,0.0,0.00013609728193841875,0.7857316136360168
1786714209.134201,-0.7447019371980738,-1.921586486116289,0.1961946832164865,0.0,0.0,1.2215090237077675e-06,0.8149781227111816
1786714209.2890487,-0.4126259951952729,-2.3180664735543486,0.19621370440412192,4.371941089630127,1.5869736671447754,0.00013183335249777883,0.7795588374137878
1786714209.2891498,-0.7612382193687328,-1.943081784832735,0.19619418036484723,0.0,0.0,1.2215090237077675e-06,0.8099218606948853
1786714209.3828354,-0.4221807890977316,-2.3338532683155724,0.19621384148160848,4.371941089630127,1.5869736671447754,0.00013183335249777883,0.7736377716064453
1786714209.3831184,-0.7775994358321008,-1.9653134670016468,0.1961938164492546,0.0,0.0,1.3191421430747141e-06,0.8050552010536194
1786714209.5327692,-0.4314261990284579,-2.3500229466993177,0.19621410705118586,4.651993751525879,1.6920089721679688,8.712989802006632e-05,0.7679907083511353
1786714209.5329525,-0.7937527612281553,-1.9882723946731766,0.19619329044397077,0.0,0.0,1.5299602864615736e-06,0.8003976345062256
1786714209.6852312,-0.4403551595368671,-2.3665678937089543,0.19621482989356598,4.651993751525879,1.6920089721679688,8.712989802006632e-05,0.7626991868019104
1786714209.6853082,-0.8096633887408564,-2.0119477708865037,0.19619661990360165,0.0,0.0,1.717686473057256e-06,0.7960193157196045
1786714209.7830603,-0.4489611670463065,-2.3834795859887605,0.19621526201146167,4.371941089630127,1.5869736671447754,8.723316568648443e-05,0.9664267301559448
1786714209.783275,-0.8252949901993174,-2.0363242127081222,0.19619646256538248,0.0,0.0,1.725453103063046e-06,0.9765702486038208
1786714209.9327898,-0.4430916691781994,-2.3850091487724425,0.19621573316690913,4.371941089630127,1.5869736671447754,8.723316568648443e-05,0.5435302257537842
1786714209.9329557,-0.8213343548231675,-2.0399345621074483,0.1961958820909138,0.0,0.0,1.725453103063046e-06,0.6024618744850159
1786714210.0326757,-0.4651691850047352,-2.4183634845483084,0.1962160228180173,4.12362813949585,1.4942169189453125,8.355345198651776e-05,0.7488851547241211
1786714210.0328202,-0.8555744235490914,-2.0871116932008587,0.19619489866865414,0.0,0.0,1.2116410061935312e-06,0.7845141291618347
1786714210.189225,-0.4727529227956031,-2.436315633223129,0.19621631902411565,4.651993751525879,1.6920089721679688,8.133601659210399e-05,0.745727002620697
1786714210.1893022,-0.8701470854555111,-2.1134814978509984,0.19619346384573447,0.0,0.0,1.1309683713989216e-06,0.7818530797958374
1786714210.3337326,-0.4799853068970787,-2.4545819731130063,0.19621516400789257,4.970312118530273,1.8119096755981445,1.0460364137543365e-05,0.7442559003829956
1786714210.3338912,-0.8842790370316227,-2.140431405287094,0.19619261288564682,0.0,0.0,9.369437066197861e-07,0.78057461977005
1786714210.4828146,-0.4868786773185484,-2.4731200816627754,0.19621430473190632,4.371941089630127,1.5869736671447754,1.1120136150566395e-05,0.7436987161636353
1786714210.483025,-0.8979181615207082,-2.167848822110767,0.19619153737859218,0.0,0.0,8.009615726223274e-07,0.7800485491752625
1786714210.5825577,-0.4934362996904304,-2.491901155986116,0.1962138214320208,4.651993751525879,1.6920089721679688,3.566540908650495e-05,0.7437096238136292
1786714210.582688,-0.9110336078997034,-2.195663940880971,0.19619009133096885,0.0,0.0,6.423829290724825e-07,0.779994010925293
1786714210.7827656,-0.49965541737246455,-2.510903582936314,0.1962131142375838,4.371941089630127,1.5869736671447754,4.769681618199684e-05,0.744016706943512
1786714210.7828856,-0.9236027028439104,-2.2238274631657484,0.19618864245824108,0.0,0.0,6.511635888273304e-07,0.7801886796951294
1786714210.932664,-0.5055307314101568,-2.5301110234386917,0.196211915472077,4.651993751525879,1.6920089721679688,5.4928637837292627e-05,0.7444258332252502
1786714210.9328015,-0.9356103461668238,-2.2523061920830285,0.1961864948378816,0.0,0.0,3.213212380615005e-07,0.7804716229438782
1786714211.032778,-0.5110566731938015,-2.5495106394590494,0.19621077983782537,4.651993751525879,1.6920089721679688,0.00017299895989708602,0.744868814945221
1786714211.032978,-0.9470474958373667,-2.281078148994719,0.19618560634579135,0.0,1.1920928955078125e-05,3.071542380439496e-07,0.7807894349098206
1786714211.1842713,-0.5162244559262161,-2.5690891561602065,0.196210505979027,4.970312118530273,1.8119096755981445,0.0002119297132594511,0.7754958868026733
1786714211.1844091,-0.957904554650516,-2.310124507048906,0.19618048008978495,0.0,0.0,3.0715418120053073e-07,0.8062605261802673
1786714211.3325596,-0.5214451127584935,-2.5871962861478197,0.1962091384754441,4.371941089630127,1.5869736671447754,0.00043955721776001155,0.810560941696167
1786714211.3327699,-0.9678570330811661,-2.3364765292700094,0.1961790559963699,-2.9802322387695312e-05,1.1920928955078125e-05,7.102775043676957e-07,0.8352307081222534
1786714211.5825331,-0.5259225637758771,-2.6018983235002704,0.19620549363579626,4.371941089630127,1.5869736671447754,0.00043955721776001155,0.7997036576271057
1786714211.5826836,-0.9754244661560247,-2.3567615462005236,0.1961923893320781,0.0,0.0,6.990425731601135e-07,0.8231807351112366
1786714211.8325758,-0.5346707332920161,-2.6281749387972027,0.1962030374190059,4.371941089630127,1.5869736671447754,0.00043955721776001155,0.7610594630241394
1786714211.8328798,-0.988213998967426,-2.3905986224239295,0.19619535683244943,0.0,0.0,1.0344839438403142e-06,0.7906761765480042
1786714211.9859169,-0.5460605981849775,-2.6632526520425097,0.19620003290462934,4.1232404708862305,1.4940619468688965,0.0010311281075701118,0.810722291469574
1786714211.9862409,-1.005876177315708,-2.4380557756904544,0.19619166942239114,0.0,1.1920928955078125e-05,8.793804795459437e-07,0.8345398902893066
1786714212.1324694,-0.5514590689976766,-2.6815430347090357,0.1961982437843947,4.969745635986328,1.811671257019043,0.0012427656911313534,0.8342286944389343
1786714212.1329186,-1.0145162270582382,-2.4630892221226124,0.1961866105587043,0.0,0.0,1.003335910354508e-06,0.8552023768424988
1786714212.2325127,-0.555621118134217,-2.6983860427406796,0.19620459685586236,0.0,0.0,0.0019845180213451385,0.8266720175743103
1786714212.232653,-1.0214480714057337,-2.485902515594752,0.1961873515085831,0.0,0.0,1.4015963643032592e-06,0.8489776253700256
1786714212.3824518,-0.559362426885935,-2.7154481083669273,0.19620423211614163,0.0,0.0,0.002073566662147641,0.8187965154647827
1786714212.3825586,-1.0280413869820022,-2.5093315590685545,0.19618258493308582,0.0,0.0,1.4015963643032592e-06,0.842456042766571
1786714212.533882,-0.5626797008263238,-2.7327176812816187,0.19620837025847465,0.0,0.0,0.003555542090907693,0.811039924621582
1786714212.5339963,-1.034280822468134,-2.5333778162500504,0.1961917755898101,0.0,0.0,1.2387749848130625e-06,0.836015522480011
1786714212.6324825,-0.5655689786560363,-2.750197961947774,0.19621184557092622,0.0,0.0,0.0025460124015808105,0.8034975528717041
1786714212.632687,-1.0401417981907481,-2.5580401143176763,0.19618832872520595,0.0,0.0,1.2387749848130625e-06,0.8297314643859863
1786714212.7823505,-0.5680213375313409,-2.7679019756664363,0.19621423321196169,0.0,0.0,0.0025460124015808105,0.7959527373313904
1786714212.7824662,-1.0455923893616523,-2.5833216685076414,0.19618848724620958,-2.9802322387695312e-05,1.1920928955078125e-05,1.2447325161701883e-06,0.8234222531318665
1786714212.9332192,-0.5700341322681404,-2.7858163930994966,0.1962155258304424,0.0,0.0,0.002905073342844844,0.9852019548416138
1786714212.9352486,-1.0506103783382552,-2.6092081518135775,0.1961868369640937,0.0,0.0,1.2506295661296463e-06,0.9894575476646423
1786714213.0324924,-0.5644952109970149,-2.7840115668351166,0.19621595370750305,0.0,0.0,0.00269438442774117,0.5743783712387085
1786714213.0327044,-1.0454808884322098,-2.6085214605213607,0.19618972026808568,0.0,0.0,1.2506295661296463e-06,0.6281933188438416
1786714213.182364,-0.5727119755069889,-2.8222718856270745,0.1962161843257522,-2.9802322387695312e-05,1.1920928955078125e-05,0.003202249063178897,0.774852991104126
1786714213.1825929,-1.0592238597100279,-2.662740741721896,0.19619062040809462,-2.9802322387695312e-05,1.1920928955078125e-05,1.284485733776819e-06,0.8056797981262207
1786714213.332523,-0.5733748058199996,-2.8407921718544076,0.19621554692545248,0.0,0.0,0.0033475770615041256,0.7683982253074646
1786714213.3327627,-1.0627721712422118,-2.6903454434499467,0.19619044330211163,0.0,0.0,1.2105153928132495e-06,0.8002212047576904
1786714213.482297,-0.5735863303399635,-2.8595041419733263,0.19620899365318195,0.0,0.0,0.0034622112289071083,0.7622311115264893
1786714213.4824626,-1.0657826904975003,-2.7184837810418228,0.19617983167735142,-2.9802322387695312e-05,1.1920928955078125e-05,1.2160194273747038e-06,0.7949910163879395
1786714213.5824199,-0.5733385290829367,-2.878384782587175,0.19620846972180433,0.0,0.0,0.003918934613466263,0.7730697989463806
1786714213.5826316,-1.0682252695543046,-2.747117447350872,0.19618008689266253,0.0,0.0,1.3959385114503675e-06,0.8039540648460388
1786714213.7323027,-0.5733351477713261,-2.896384268896874,0.1962097275312308,0.0,0.0,0.003918934613466263,0.8046565055847168
1786714213.7324376,-1.0705863962833777,-2.774379370686103,0.19618392471546783,0.0,0.0,1.5613433106409502e-06,0.8307048082351685
1786714213.9823809,-0.5733969152301661,-2.9113027947823062,0.19621050019845843,0.0,0.0,0.003054668428376317,0.8251727819442749
1786714213.9826787,-1.0722031756004333,-2.795819834351089,0.19618892542305844,0.0,0.0,1.6049941677920287e-06,0.8461077809333801
1786714215.432747,-0.5837474587064035,-2.9794043767492133,0.19620371592678892,0.0,0.0,0.0035102088004350662,0.8839110136032104
1786714215.4328957,-1.0847397768141547,-2.8738075151826927,0.19619878407540725,0.0,0.0,1.877864747257263e-06,0.8960124254226685
1786714215.531952,-0.587150859319179,-2.9985160621609745,0.19620704245111126,0.0,0.0,0.0035060804802924395,0.9041195511817932
1786714215.5320783,-1.089089589251554,-2.8975135307433355,0.19620063126441217,0.0,0.0,1.7734622588250204e-06,0.9141106009483337
1786714215.6819868,-0.5890873791927274,-3.009900467492479,0.19620662988934542,0.0,0.0,0.0024201972410082817,0.9196814298629761
1786714215.6821043,-1.0915665541074744,-2.91162189055235,0.19619705814241947,0.0,0.0,1.982566345759551e-06,0.9270272850990295
1786714215.781901,-0.5914706555248178,-3.02338228930592,0.19620552450886605,0.0,1.1920928955078125e-05,0.0022589692380279303,0.9303449988365173
1786714215.7820518,-1.0944290782233583,-2.9275865430473096,0.1961995787361059,0.0,0.0,1.982566345759551e-06,0.9326035380363464
1786714215.936843,-0.5943870139894964,-3.0398812888057276,0.1962062709065573,0.0,1.1920928955078125e-05,0.0022589692380279303,0.922626793384552
1786714215.9369102,-1.0975533326956033,-2.9451835823160093,0.19619600777365415,-2.9802322387695312e-05,1.1920928955078125e-05,2.2682604594592704e-06,0.9237554669380188
1786714216.0318975,-0.5977861179214894,-3.0588612398892794,0.19620469668809598,-2.9802322387695312e-05,1.1920928955078125e-05,0.0012541465694084764,0.9203982353210449
1786714216.032046,-1.1011149544363532,-2.9650311686361865,0.1961968715277092,-2.9802322387695312e-05,1.1920928955078125e-05,2.2682604594592704e-06,0.9215648770332336
1786714216.1819081,-0.6011624750722913,-3.078231472232863,0.1962047512870735,-2.9802322387695312e-05,1.1920928955078125e-05,0.0008557439432479441,0.928555965423584
1786714216.1820645,-1.1046567005135952,-2.985292971759346,0.19619597657683413,0.0,0.0,2.391565203652135e-06,0.930465817451477
1786714216.3318465,-0.6039701890477658,-3.0951609944399694,0.1962036209140798,-2.9802322387695312e-05,1.1920928955078125e-05,0.0008557439432479441,0.9275103211402893
1786714216.331992,-1.1076507716373005,-3.0032378164307936,0.19619543800574,0.0,0.0,3.035079998880974e-06,0.9298556447029114
1786714216.4317956,-0.6066654274594706,-3.1121003534027447,0.19620326963667545,0.0,0.0,0.0008769002743065357,0.9254105687141418
1786714216.4319065,-1.1105513032318632,-3.0213092516125006,0.19619754227679748,0.0,0.0,3.408925749681657e-06,0.9284632802009583
1786714216.5821004,-0.6092738123501789,-3.129067545543779,0.19620441381264217,-2.9802322387695312e-05,1.1920928955078125e-05,0.0013834761921316385,0.8607790470123291
1786714216.582396,-1.113396622582622,-3.0396013947312355,0.19619653146074859,0.0,0.0,3.408925749681657e-06,0.8320368528366089
1786714216.7319438,-0.6079295905085187,-3.125226033396968,0.1962047463046222,0.0,0.0,0.0008769002743065357,0.7181479334831238
1786714216.7320442,-1.1109303556787056,-3.0296528669862215,0.19619472480356304,0.0,0.0,3.408925749681657e-06,0.7465059161186218
1786714216.8319552,-0.6140340915475313,-3.1630444424984767,0.19620363045525077,0.0,0.0,0.0015491996891796589,0.9193205237388611
1786714216.832149,-1.11869556199882,-3.076668518811179,0.196196622653969,-2.9802322387695312e-05,1.1920928955078125e-05,3.3119006275228458e-06,0.9230062961578369
1786714216.9316568,-0.6165257203074375,-3.1811695167629384,0.19620422230255427,0.0,0.0,0.0015491996891796589,0.9050493836402893
1786714216.931779,-1.12144686245247,-3.0963247162953036,0.1961972535740618,-2.9802322387695312e-05,1.1920928955078125e-05,3.395953172002919e-06,0.9026206135749817
1786714217.2317271,-0.6194280430305232,-3.201190540355269,0.19620363016819173,-2.9802322387695312e-05,1.1920928955078125e-05,0.0025225149001926184,0.8436984419822693
1786714217.2334628,-1.1243665614983196,-3.1164492132084693,0.19619723126561625,-2.9802322387695312e-05,1.1920928955078125e-05,3.143848289255402e-06,0.8365525007247925
1786714218.5614934,-0.6262033423281587,-3.2450783334118105,0.19620345737733796,0.0,0.0,0.0024937272537499666,0.6576194763183594
1786714218.5616646,-1.1310478840133715,-3.159778927288242,0.19619670359249158,0.0,0.0,3.6708790958073223e-06,0.6820542216300964
1786714219.5813365,-0.6606694624154293,-3.44240977046058,0.19620226149990183,0.0,0.0,0.002133588772267103,9.323727681476157e-06
1786714219.5815415,-1.1649510109290655,-3.35384273467023,0.1962022592044323,-2.9802322387695312e-05,0.0,4.16539796788129e-06,1.3345732440939173e-05
1786714220.7312148,-0.6995923077418703,-3.6640122823827994,0.19620649205215523,0.0,0.0,0.0004840046167373657,8.1522339314688e-05
1786714220.7314312,-1.2038737120837966,-3.575444425982176,0.19619959761566436,0.0,0.0,1.6443332242488395e-06,8.585483010392636e-05
1786714221.937374,-0.734188991689134,-3.8609971726047276,0.19620888491278915,0.0,0.0,0.010973604395985603,0.013862262479960918
1786714221.9375315,-1.2384704624437606,-3.7724296948977254,0.19619679481257474,0.0,0.0,0.0012832648353651166,0.0176185704767704
1786714223.1812189,-0.7769476011697802,-4.074059623576352,0.2145616813011863,-30.58057975769043,24.279647827148438,0.13496029376983643,0.11997652798891068
1786714223.181402,-1.2812765168290314,-3.9865434550484773,0.20284566336998283,-18.989891052246094,14.407038688659668,0.06291395425796509,0.10930929332971573
1786714224.3306444,-0.815320275469357,-4.2563734268862445,0.2470030828925291,-57.520450592041016,52.51194381713867,0.3010781705379486,0.15109622478485107
1786714224.3308585,-1.3190112009421155,-4.166812075182807,0.22655275581814321,-49.75971603393555,43.440704345703125,0.22588641941547394,0.16040965914726257
1786714224.8805866,-0.8543429402543331,-4.460047857686457,0.27762418630634433,-66.08179473876953,63.07695007324219,0.37291601300239563,0.19738700985908508
1786714224.8807561,-1.357326376514722,-4.368459243607853,0.2499983176530035,-65.85791778564453,62.80695724487305,0.3517414331436157,0.25980669260025024
1786714225.0305636,-0.8626717673109339,-4.555924243971837,0.2927734157046201,-69.34761810302734,66.93091583251953,0.3740819990634918,0.2967618405818939
1786714225.0306706,-1.3616428087534003,-4.445288800052956,0.26224968148527994,-67.83932495117188,65.15666198730469,0.37199535965919495,0.3508460223674774
1786714225.180631,-0.8565321465223745,-4.582112326955226,0.297035356037115,-69.34761810302734,66.93091583251953,0.3728141486644745,0.10408575087785721
1786714225.1808407,-1.350602792310289,-4.451551931073093,0.2655364672025276,-67.74967956542969,65.05130004882812,0.3711395263671875,0.17228560149669647
1786714225.4804904,-0.8513776337959724,-4.608667506253418,0.30120702278730616,-69.34761810302734,66.93091583251953,0.3731116056442261,0.05593438073992729
1786714225.4806337,-1.3395913218715294,-4.4577795455863995,0.2692036151342023,-69.34761810302734,66.93091583251953,0.37265434861183167,0.1284700185060501
1786714225.68062,-0.8459263536351406,-4.662383118403422,0.306112533955287,-69.34761810302734,66.93091583251953,0.37268054485321045,0.3645227551460266
1786714225.6807568,-1.321930489258491,-4.475923666411768,0.2778824855593129,-69.34761810302734,66.93091583251953,0.3751058280467987,0.3104422390460968
1786714225.930481,-0.8477902381372644,-4.68338825467844,0.30833912320808265,-69.34761810302734,66.93091583251953,0.37258094549179077,0.2592981159687042
1786714225.9305904,-1.318545273358814,-4.483762038450572,0.2822035036802737,-69.34761810302734,66.93091583251953,0.37518543004989624,0.1953861564397812
1786714226.3805017,-0.8530569555745362,-4.71782228894081,0.31346596371729935,-69.34761810302734,66.93091583251953,0.3723517060279846,0.48233944177627563
1786714226.3806345,-1.3156373619607857,-4.499622884896303,0.28996303406684004,-69.34761810302734,66.93091583251953,0.375188410282135,0.4354219436645508
1786714226.981233,-0.8699998440368752,-4.760593468984987,0.32143835165717843,-69.34761810302734,66.93091583251953,0.3723336458206177,0.6786959171295166
1786714226.9813046,-1.3264424612423042,-4.529713281756085,0.29911176786552646,-69.34761810302734,66.93091583251953,0.375188410282135,0.6647419929504395
1786714227.4321766,-0.8997381674025511,-4.781189401257287,0.3320472248335734,-69.34761810302734,66.93091583251953,0.3722456395626068,0.03204401955008507
1786714227.432255,-1.364840409322405,-4.56939364894552,0.30095922290649313,-69.34761810302734,66.93091583251953,0.37427818775177,0.08800344169139862
1786714227.7302644,-0.9343466592296505,-4.825429949482004,0.3438919315589192,-69.34761810302734,66.93091583251953,0.371895432472229,0.558712363243103
1786714227.7303922,-1.4073857453373408,-4.633673355710787,0.30379914218649196,-69.34761810302734,66.93091583251953,0.3735620379447937,0.5856642127037048
1786714227.9801517,-0.9485509293714063,-4.845727221204616,0.3524507022905434,-69.34761810302734,66.93091583251953,0.3719005882740021,0.8426804542541504
1786714227.9803407,-1.424809829329998,-4.663019818024383,0.3084113445140233,-69.34761810302734,66.93091583251953,0.37325969338417053,0.8478890657424927
1786714228.2902048,-0.9593652802080956,-4.873294588276028,0.3581239925406813,-69.34761810302734,66.93091583251953,0.3719005882740021,0.9386487007141113
1786714228.290291,-1.4366541951952356,-4.693359881200333,0.3138205748397561,-69.34761810302734,66.93091583251953,0.37272727489471436,0.9298959374427795
1786714228.5800588,-0.964342233973386,-4.883271827732444,0.35842851143649335,-69.34761810302734,66.93091583251953,0.37184974551200867,0.7661663889884949
1786714228.580216,-1.4415015790683328,-4.701932498088849,0.3186917914790923,-69.34761810302734,66.93091583251953,0.37272727489471436,0.7625553607940674
1786714230.1300056,-0.9802617124505815,-4.931027017206224,0.36120695404943864,-69.34761810302734,66.93091583251953,0.3717687427997589,0.7134836316108704
1786714230.13018,-1.458076306970711,-4.750714337288279,0.3248125764016057,-69.34761810302734,66.93091583251953,0.37252184748649597,0.7349683046340942
1786714230.9797876,-1.050196489021458,-5.100816835458481,0.3653732526745083,-69.34761810302734,66.93091583251953,0.3718873858451843,0.4116379916667938
1786714230.9798977,-1.531026358052635,-4.92740406696926,0.3357987911855052,-69.34761810302734,66.93091583251953,0.3720148801803589,0.42647436261177063
1786714231.0811782,-1.0959670670296577,-5.21558714132891,0.38256381649582266,-69.34761810302734,66.93091583251953,0.3716035783290863,0.7482510805130005
1786714231.0812628,-1.5811662602714787,-5.054591578573388,0.3541706544577708,-69.34761810302734,66.93091583251953,0.3707488775253296,0.7616288065910339
1786714231.2798402,-1.1027067336829413,-5.230281297933372,0.38515517754106154,-69.34761810302734,66.93091583251953,0.37087690830230713,0.796513557434082
1786714231.2800162,-1.58933614201123,-5.073528140201988,0.357509807380773,-69.34761810302734,66.93091583251953,0.3699125647544861,0.8074279427528381
1786714231.379771,-1.1092750149114354,-5.244516968969499,0.3876652486026178,-69.34761810302734,66.93091583251953,0.37045809626579285,0.8480615019798279
1786714231.3798554,-1.5972793363532651,-5.091965709709466,0.3607599414629907,-69.34761810302734,66.93091583251953,0.3699125647544861,0.8553277254104614
1786714231.533243,-1.115929482154431,-5.259190111008962,0.39025240865743277,-69.34761810302734,66.93091583251953,0.37045809626579285,0.8510522842407227
1786714231.5333176,-1.6048665137661877,-5.109563459236025,0.3638621794446329,-69.34761810302734,66.93091583251953,0.3699125647544861,0.8581231236457825
1786714231.6802588,-1.1224572318557717,-5.2738514639295335,0.3928385795604467,-69.34761810302734,66.93091583251953,0.3703977167606354,0.8536629676818848
1786714231.6803813,-1.612286996377824,-5.1270840573782,0.3669517071640696,-69.34761810302734,66.93091583251953,0.36920639872550964,0.8605644702911377
1786714231.7795122,-1.1288647905309812,-5.288497299661144,0.3954214347511697,-69.34761810302734,66.93091583251953,0.36997973918914795,0.8560223579406738
1786714231.7796545,-1.61955132589113,-5.144532694786402,0.3700262273388855,-69.34761810302734,66.93091583251953,0.36850568652153015,0.8627662658691406
1786714231.9296587,-1.1351547900690935,-5.303178274125406,0.3980092588321996,-69.34761810302734,66.93091583251953,0.36997973918914795,0.8580840826034546
1786714231.929809,-1.6266649655571948,-5.161964428775814,0.3731014834751408,-69.34761810302734,66.93091583251953,0.3684445023536682,0.8646869659423828
1786714232.0802038,-1.1413344527745857,-5.317934626136849,0.40061075455697237,-69.34761810302734,66.93091583251953,0.36997973918914795,0.8601105809211731
1786714232.0802858,-1.6336376068282255,-5.1794256164011925,0.3761800621622431,-69.34761810302734,66.93091583251953,0.3684445023536682,0.8665786981582642
1786714232.2295928,-1.1474061663630644,-5.3327291288315015,0.4032192183357051,-69.34761810302734,66.93091583251953,0.3694431185722351,0.8619800209999084
1786714232.2297974,-1.640472896928745,-5.196880272364742,0.3792549239387483,-69.34761810302734,66.93091583251953,0.3678285777568817,0.8683185577392578
1786714232.379518,-1.1533701233137357,-5.3475992555984595,0.4058412697699782,-69.34761810302734,66.93091583251953,0.3694431185722351,0.8638437986373901
1786714232.3796468,-1.647172891656813,-5.214368243076149,0.38233971069418377,-69.34761810302734,66.93091583251953,0.3678285777568817,0.8700565695762634
1786714232.5295043,-1.1592322632166019,-5.362523891381001,0.40847291858288265,-69.34761810302734,66.93091583251953,0.3689538538455963,0.8655017614364624
1786714232.5296342,-1.653743996281228,-5.231868796672203,0.3854209753230406,-69.34761810302734,66.93091583251953,0.3673577904701233,0.8715948462486267
1786714232.6795568,-1.1649926647403408,-5.3775554133280465,0.41112408504000203,-69.34761810302734,66.93091583251953,0.3682040870189667,0.8671396374702454
1786714232.679803,-1.6601883768289691,-5.2494374274986075,0.38851903171017627,-69.34761810302734,66.93091583251953,0.3673577904701233,0.8731151223182678
1786714232.829459,-1.1706519209098838,-5.392677064261986,0.4137896928765348,-69.34761810302734,66.93091583251953,0.3682040870189667,0.8688540458679199
1786714232.8295984,-1.6665074817057013,-5.267057964118762,0.39162881502677394,-69.34761810302734,66.93091583251953,0.36724168062210083,0.8747146129608154
1786714232.9794893,-1.176212159617069,-5.407835525218145,0.4164635082356143,-69.34761810302734,66.93091583251953,0.3682040870189667,0.8674639463424683
1786714232.979625,-1.6727035751217625,-5.284676563939806,0.3947346199302664,-69.34761810302734,66.93091583251953,0.3661700487136841,0.8735586404800415
1786714233.1293669,-1.1814625335777738,-5.422498955974777,0.41904799970527684,-69.34761810302734,66.93091583251953,0.3673865795135498,0.9030840992927551
1786714233.1296787,-1.6785947820003568,-5.301872920040673,0.3977668570401959,-69.34761810302734,66.93091583251953,0.3661700487136841,0.906463086605072
1786714233.379297,-1.185911113010033,-5.434387811952883,0.4211435575080312,-69.34761810302734,66.93091583251953,0.3674016296863556,0.8875420093536377
1786714233.379451,-1.6833694945519395,-5.315073348411731,0.40009082790842626,-69.34761810302734,66.93091583251953,0.36564910411834717,0.8904990553855896
1786714233.6865137,-1.193919837272354,-5.456468574320189,0.4250361956569009,-69.34761810302734,66.93091583251953,0.36705443263053894,0.7885952591896057
1786714233.6868846,-1.6918280168884297,-5.338986166272575,0.4043159526385456,-69.34761810302734,66.93091583251953,0.3653411865234375,0.7987514734268188
1786714233.8302393,-1.204179042923917,-5.488449239650533,0.43067599096917947,-69.34761810302734,66.93091583251953,0.36671772599220276,0.8370541930198669
1786714233.8303802,-1.703553530440084,-5.377166109019445,0.4110498335533826,-69.34761810302734,66.93091583251953,0.3652062714099884,0.844906747341156
1786714233.92923,-1.2094095810250958,-5.50531641889931,0.4336499800506849,-69.34761810302734,66.93091583251953,0.3656824231147766,0.8867981433868408
1786714233.9293692,-1.7095136395685795,-5.397257475704019,0.41459229331139313,-69.34761810302734,66.93091583251953,0.3642561733722687,0.8914408087730408
1786714234.079302,-1.2141983155099263,-5.520597213461007,0.4363441940993531,-69.34761810302734,66.93091583251953,0.36494001746177673,0.7867847681045532
1786714234.0794609,-1.7147512921743724,-5.414573280613365,0.417645445053463,-69.34761810302734,66.93091583251953,0.36390748620033264,0.7595890760421753
1786714234.2792966,-1.2144074768978503,-5.515611508866888,0.43546547764912164,-69.34761810302734,66.93091583251953,0.3649686276912689,0.5520179867744446
1786714234.2795975,-1.713763394644672,-5.404247664105487,0.4158246657721078,-69.34761810302734,66.93091583251953,0.36436063051223755,0.5757928490638733
1786714234.4291975,-1.2235842954821547,-5.551387520334211,0.4417736031522549,-69.34761810302734,66.93091583251953,0.3641681671142578,0.8869564533233643
1786714234.429428,-1.7250133973484416,-5.4494577616380635,0.4237963927536986,-69.34761810302734,66.93091583251953,0.36363452672958374,0.8915757536888123
1786714234.5318518,-1.2281680484544946,-5.566840761742075,0.4444984457715525,-69.34761810302734,66.93091583251953,0.3641681671142578,0.783269464969635
1786714234.5319328,-1.730018870482925,-5.466944167940829,0.4268796212847289,-69.34761810302734,66.93091583251953,0.36363452672958374,0.7558111548423767
1786714234.7294762,-1.2284118436886826,-5.561918629154789,0.4436295756591316,-69.34761810302734,66.93091583251953,0.3641681671142578,0.5531362295150757
1786714234.7296305,-1.729124232752851,-5.456627219984828,0.4250601762973793,-69.34761810302734,66.93091583251953,0.36363452672958374,0.5767043828964233
1786714234.829183,-1.2371045977685926,-5.597832474987535,0.4499617302710337,-69.34761810302734,66.93091583251953,0.363385409116745,0.8899288177490234
1786714234.8293195,-1.7397597916944003,-5.501938065535609,0.4330496560258361,-69.34761810302734,66.93091583251953,0.36333343386650085,0.8943418860435486
1786714234.9791598,-1.241454700454926,-5.613344645868845,0.4526966193830441,-69.34761810302734,66.93091583251953,0.363385409116745,0.9006017446517944
1786714234.979311,-1.744491842455074,-5.51941292658502,0.4361296075611188,-69.34761810302734,66.93091583251953,0.36333343386650085,0.904020369052887
1786714235.1291313,-1.245804408650438,-5.6296724581717585,0.45557445050341955,-69.34761810302734,66.93091583251953,0.36342617869377136,0.9142925143241882
1786714235.1293442,-1.7491522565552673,-5.537368781960489,0.4392963865072946,-69.34761810302734,66.93091583251953,0.3638249933719635,0.911675751209259
1786714235.431226,-1.250335441932346,-5.6479831843809265,0.45880410463494675,-69.34761810302734,66.93091583251953,0.36342617869377136,0.848197877407074
1786714235.4313037,-1.7536813623018257,-5.555669295803673,0.4425243496261135,-69.34761810302734,66.93091583251953,0.3638249933719635,0.838866651058197
1786714236.72911,-1.2595421028164846,-5.689656164323711,0.4661521914439131,-69.34761810302734,66.93091583251953,0.3627535402774811,0.613304615020752
1786714236.729388,-1.7626461775160418,-5.596072243057254,0.44964947345274847,-69.34761810302734,66.93091583251953,0.3633517920970917,0.6360177397727966
1786714237.8289204,-1.3031235103882821,-5.907156276173348,0.5045043640800616,-69.34761810302734,66.93091583251953,0.36648714542388916,0.014886032789945602
1786714237.8290708,-1.8055649609065925,-5.810182819602888,0.48739479009840625,-69.34761810302734,66.93091583251953,0.36725008487701416,0.014860616996884346
1786714239.1799386,-1.3415866316101774,-6.100449929359666,0.5385844268591798,-69.34761810302734,66.93091583251953,0.37034109234809875,0.1352018564939499
1786714239.180014,-1.8440272548007983,-6.003469793937079,0.5214884185169707,-69.34761810302734,66.93091583251953,0.3698974549770355,0.13521651923656464
1786714240.5842361,-1.3829399441518868,-6.306927391478268,0.5749936743102544,-69.34761810302734,66.93091583251953,0.37060388922691345,0.014551385305821896
1786714240.5844336,-1.8853809593842494,-6.209950004404041,0.5578935980376685,-69.34761810302734,66.93091583251953,0.3703586161136627,0.014550254680216312
1786714241.8820539,-1.4262135168130738,-6.524371841367656,0.6133349986484815,-69.34761810302734,66.93091583251953,0.3706172704696655,0.010034347884356976
1786714241.8821316,-1.928654587222245,-6.427394649835526,0.5962354346590926,-69.34761810302734,66.93091583251953,0.3704896867275238,0.009997558780014515
1786714242.9779837,-1.469457889061623,-6.741029845994894,0.6525849212618119,-68.55058288574219,66.16167449951172,0.3837902247905731,0.034311313182115555
1786714242.9781337,-1.9718994145064863,-6.644093504568683,0.6352684776448391,-69.34761810302734,66.93091583251953,0.3726499676704407,0.03655433654785156
1786714244.027679,-1.5065374531617166,-6.926047468455465,0.6943704855079524,-64.03422546386719,61.80268096923828,0.457741379737854,0.041483648121356964
1786714244.0278213,-2.0089875413987306,-6.829122394753362,0.677240426592161,-66.32440948486328,64.0130386352539,0.41709646582603455,0.04391152784228325
1786714245.1275575,-1.5437177277775844,-7.111262705481469,0.7362493670303588,-59.8785285949707,57.79182434082031,0.5320603251457214,0.022569434717297554
1786714245.1276896,-2.0461613517116084,-7.014304801336781,0.719115494382453,-62.496036529541016,60.31809616088867,0.4894183874130249,0.01740182749927044
1786714246.3773935,-1.5837487056214008,-7.298020493648548,0.7812619235002835,-55.450767517089844,53.51835632324219,0.5570067763328552,0.031302496790885925
1786714246.3774815,-2.086237475522263,-7.202563039385722,0.7580905931720735,-57.3503532409668,55.35175323486328,0.5530521869659424,0.03397301211953163
1786714258.8754182,-1.6634019052069853,-7.664483565138068,0.8791055915889107,-55.450767517089844,53.51835632324219,0.5527166724205017,0.49882742762565613
1786714258.8755555,-2.165908583004922,-7.56969064930412,0.8537020116014628,-55.450767517089844,53.51835632324219,0.5535610914230347,0.4994378983974457
1786714259.9792316,-1.7089365018002518,-7.760105672972315,0.9047225934892669,-55.450767517089844,53.51835632324219,0.5528237819671631,0.3479466140270233
1786714259.9793043,-2.2114691413571546,-7.665440620120072,0.8793558051932722,-55.450767517089844,53.51835632324219,0.5529654026031494,0.34797585010528564
1786714261.075326,-1.7472121882221778,-7.884805646024655,0.9381381454950846,-55.450767517089844,53.51835632324219,0.554494321346283,0.10175197571516037
1786714261.075509,-2.249745763843116,-7.790145244057148,0.9127725453053632,-55.450767517089844,53.51835632324219,0.5537148118019104,0.10178928822278976
1786714262.1352565,-1.7854876300147708,-8.06039494364641,0.9851862535707515,-55.450767517089844,53.51835632324219,0.5555561780929565,0.03309597074985504
1786714262.1353486,-2.288022242236597,-7.9657400222093475,0.9598207382634959,-55.450767517089844,53.51835632324219,0.5556594729423523,0.033102650195360184
1786714263.324825,-1.8237665902737286,-8.250002515425805,1.0359948878220413,-55.450767517089844,53.51835632324219,0.5559214949607849,0.15408354997634888
1786714263.325006,-2.3263011161436937,-8.15534749513903,1.010628030642657,-55.450767517089844,53.51835632324219,0.5562326312065125,0.15409420430660248
1786714264.524819,-1.8572583682295634,-8.415914970061861,1.0804426564130936,-55.450767517089844,53.51835632324219,0.556159496307373,0.08065638691186905
1786714264.5296347,-2.359793090672427,-8.321260031146442,1.0550793900975697,-55.450767517089844,53.51835632324219,0.5556609034538269,0.08063726872205734
1786714265.87443,-1.900322017255287,-8.629221782346619,1.1375934313412281,-55.450767517089844,53.51835632324219,0.5557085871696472,0.10692482441663742
1786714265.8745687,-2.4028571474608658,-8.534569520952797,1.1122282520141005,-55.450767517089844,53.51835632324219,0.5550501942634583,0.1069435328245163
1786714286.9210713,-1.9354511587750687,-8.804612962730173,1.184601458261972,-55.450767517089844,53.51835632324219,0.5552070140838623,0.10403730720281601
1786714286.9212492,-2.4379874927627943,-8.709965565089194,1.1592419799162463,-55.450767517089844,53.51835632324219,0.5554586052894592,0.10402143001556396
1786714288.3752356,-1.8917281758523257,-8.58860201565016,1.1267198485220613,-55.450767517089844,53.51835632324219,0.5557801723480225,0.03268292173743248
1786714288.375312,-2.3942652140938683,-8.49395732926843,1.1013642074313206,-55.450767517089844,53.51835632324219,0.5550618171691895,0.032674409449100494
1786714289.6715107,-1.8486706933741115,-8.37528240382358,1.0695627092978828,-55.450767517089844,53.51835632324219,0.5560383796691895,0.24768804013729095
1786714289.6715894,-2.3512070879076243,-8.280635185003408,1.0442037633642658,-55.450767517089844,53.51835632324219,0.5557624101638794,0.2476837933063507
1786714290.6722157,-1.8151787614045,-8.209365557752815,1.0251058116594416,-55.450767517089844,53.51835632324219,0.5560494661331177,0.1958780586719513
1786714290.672291,-2.3177149674911868,-8.114717195582806,0.9997473986465247,-55.450767517089844,53.51835632324219,0.5564027428627014,0.1958828568458557
1786714291.8703747,-1.7721184228173812,-7.996047042967636,0.9679446092759445,-55.450767517089844,53.51835632324219,0.5562785267829895,0.03278039023280144
1786714291.8704507,-2.2746543664435883,-7.901397157214623,0.942586681705667,-55.450767517089844,53.51835632324219,0.5550711154937744,0.032778117805719376
1786714293.1201677,-1.7290573567622085,-7.782727800299873,0.9107857876358461,-55.450767517089844,53.51835632324219,0.5527966618537903,0.03270811587572098
1786714293.1203322,-2.2315931008383942,-7.688077327670983,0.8854260960580245,-55.450767517089844,53.51835632324219,0.5531145334243774,0.03271029144525528
1786714294.221756,-1.6859957298468704,-7.569409125267132,0.8536276335258903,-55.450767517089844,53.51835632324219,0.552260160446167,0.032792720943689346
1786714294.2219074,-2.188531426813979,-7.474758618344119,0.8282671364290541,-55.450767517089844,53.51835632324219,0.5543428659439087,0.03279311582446098
1786714295.5699742,-1.647718926455577,-7.379791225498389,0.8028207653652695,-55.450767517089844,53.51835632324219,0.5558629035949707,0.032458581030368805
1786714295.570843,-2.1502545704401395,-7.285140825765589,0.7774588183689879,-55.450767517089844,53.51835632324219,0.5560109615325928,0.02337861992418766
1786714296.6698706,-1.6016426747699346,-7.1667934057096145,0.7469627740413122,-58.608070373535156,56.56562423706055,0.5418669581413269,0.07864624261856079
1786714296.6700675,-2.10412292538473,-7.070077071434661,0.7295401328377428,-60.44548797607422,58.3390007019043,0.5090356469154358,0.07613315433263779
1786714297.6695561,-1.564376317884144,-6.980896614395251,0.7064249497195348,-63.362388610839844,61.15427780151367,0.4721229076385498,0.07238501310348511
1786714297.6697974,-2.066862662258135,-6.88415343509217,0.6893301851410115,-65.71563720703125,63.425498962402344,0.4399503469467163,0.06981702148914337
1786714298.6694503,-1.5272815387747174,-6.795302771622331,0.6661018371548904,-67.53772735595703,65.18409729003906,0.39702123403549194,0.03201675042510033
1786714298.6696908,-2.0297636857558574,-6.698537611464698,0.6490081030721482,-69.34761810302734,66.93091583251953,0.37470659613609314,0.03044508397579193
1786714413.1507876,-1.4602181169286048,-6.427789465108677,0.5962989988815536,-69.34761810302734,66.93091583251953,0.37041473388671875,0.7333303093910217
1786714413.1509006,-1.9650183024841739,-6.343526864100807,0.5814468362628703,-69.34761810302734,66.93091583251953,0.37005165219306946,0.7446001172065735
1786714413.3007941,-1.457810926327392,-6.404575764677549,0.5922020426694663,-69.34761810302734,66.93091583251953,0.3705770969390869,0.8958843350410461
1786714413.3010101,-1.9633565038187313,-6.324764110857069,0.5781390062481184,-69.34761810302734,66.93091583251953,0.36997300386428833,0.8843581676483154
1786714413.4007907,-1.4581723216601215,-6.396303090870938,0.5907398286711436,-69.34761810302734,66.93091583251953,0.3705770969390869,0.8037745356559753
1786714413.4008586,-1.963286398689799,-6.313883689398154,0.5762204813261373,-69.34761810302734,66.93091583251953,0.37004369497299194,0.8113830089569092
1786714413.5506709,-1.455802269424495,-6.370344406280897,0.5861604708034494,-69.34761810302734,66.93091583251953,0.3705344796180725,0.46017298102378845
1786714413.5507877,-1.9615324552924642,-6.29167416952918,0.5723050404103449,-69.34761810302734,66.93091583251953,0.37004369497299194,0.48433980345726013
1786714413.701809,-1.4499566133576152,-6.318693638903837,0.577051824342267,-69.34761810302734,66.93091583251953,0.37061062455177307,0.7854582667350769
1786714413.7019389,-1.9573745838928551,-6.2513842733080685,0.5652005593889583,-69.34761810302734,66.93091583251953,0.3699483871459961,0.7932205200195312
1786714413.800421,-1.4472367962623514,-6.28537897832573,0.5711689236010596,-69.34761810302734,66.93091583251953,0.370748907327652,0.8538705110549927
1786714413.8005602,-1.9551841097472704,-6.222058982590082,0.5600286873607013,-69.34761810302734,66.93091583251953,0.3699466586112976,0.8375311493873596
1786714413.9517338,-1.4481807107833717,-6.279358821791286,0.5700998642426773,-69.34761810302734,66.93091583251953,0.370748907327652,0.48774415254592896
1786714413.9518013,-1.955613307704388,-6.212153851246592,0.55828243998524,-69.34761810302734,66.93091583251953,0.3697429895401001,0.5099801421165466
1786714414.1004622,-1.4421764066524712,-6.219384432204024,0.5595379497640829,-69.34761810302734,66.93091583251953,0.370658278465271,0.8310335874557495
1786714414.1006103,-1.9509530751151911,-6.162891914216147,0.5495932507055248,-69.34761810302734,66.93091583251953,0.36982667446136475,0.8362025022506714
1786714414.2011542,-1.4397987719306606,-6.187543284071748,0.5539327479424507,-69.34761810302734,66.93091583251953,0.37081378698349,0.8401166200637817
1786714414.2012756,-1.9488958916260588,-6.133925648148176,0.5444843705253073,-69.34761810302734,66.93091583251953,0.36997735500335693,0.8446335196495056
1786714414.35043,-1.4374369957111415,-6.155667299684322,0.5483103756906407,-69.34761810302734,66.93091583251953,0.3705638647079468,0.8467248678207397
1786714414.3505871,-1.9468102798806273,-6.104656654619284,0.5393230810787475,-69.34761810302734,66.93091583251953,0.3699151575565338,0.8507164716720581
1786714414.50029,-1.4351205297657745,-6.123651588784801,0.5426703430454276,-69.34761810302734,66.93091583251953,0.3706909418106079,0.8521566987037659
1786714414.5004063,-1.9447352889134295,-6.075037467789121,0.5340991996739279,-69.34761810302734,66.93091583251953,0.3698568642139435,0.8556879758834839
1786714414.600471,-1.432849228505702,-6.091508142279569,0.5369955392436829,-69.34761810302734,66.93091583251953,0.370652973651886,0.7975636720657349
1786714414.600656,-1.9426769047548706,-6.045108662914272,0.5288206481127722,-69.34761810302734,66.93091583251953,0.3700728118419647,0.7747294902801514
1786714414.7503505,-1.4333865518947717,-6.087537239442246,0.536299706842637,-69.34761810302734,66.93091583251953,0.370652973651886,0.5521113276481628
1786714414.7504818,-1.9426711136315427,-6.035675195951359,0.5271583928487829,-69.34761810302734,66.93091583251953,0.3700728118419647,0.5711097121238708
1786714414.900338,-1.428596401637341,-6.027949188410182,0.525794658026813,-69.34761810302734,66.93091583251953,0.3694223463535309,0.9035100936889648
1786714414.9004703,-1.9387654849643208,-5.985345342598431,0.5182834171601257,-69.34761810302734,66.93091583251953,0.36985233426094055,0.9006989598274231
1786714415.0502434,-1.4269588585758934,-6.002190696200576,0.5212510350723476,-69.34761810302734,66.93091583251953,0.36946138739585876,0.8931335806846619
1786714415.050336,-1.9371185373355302,-5.95947759757735,0.5137215348321895,-69.34761810302734,66.93091583251953,0.3696818947792053,0.8869682550430298
1786714415.3509142,-1.4254852702318783,-5.979283763695892,0.5172112254126451,-69.34761810302734,66.93091583251953,0.3679902255535126,0.8487367630004883
1786714415.3510013,-1.9355807329049246,-5.93583314063421,0.5095520925686026,-69.34761810302734,66.93091583251953,0.3696818947792053,0.8364208936691284
