time,x,y,z,a,b,slope,slip
1787237334.0427442,-0.8171521706927374,-0.30375529909382876,0.0,61.62449645996094,49.43313217163086,0.11351191252470016,0.08223278075456619
1787237334.043559,-0.8427426825892526,0.20760477531643878,0.0,57.91579055786133,45.93761444091797,0.08263158798217773,0.10092394798994064
1787237334.3422072,-0.9762060281643464,-0.3131051601095227,0.0,44.75146484375,30.656116485595703,0.11211156845092773,0.08196289837360382
1787237334.3424947,-1.0031860335684701,0.19818348567521737,0.0,41.41911697387695,27.400726318359375,0.1120958998799324,0.09288085997104645
1787237334.6923754,-1.115323567169759,-0.3189556628923417,0.0,23.610607147216797,15.322690963745117,0.06074059009552002,0.10984811186790466
1787237334.7023413,-1.1426544892066823,0.19231434473631995,0.0,16.5865421295166,10.299301147460938,0.0686679556965828,0.10197122395038605
1787237335.042079,-1.2763080412440169,-0.3259450941980193,0.0,-2.0157694816589355,4.7583160400390625,0.01855170726776123,0.05524352565407753
1787237335.042555,-1.3037860667046215,0.1853170285108573,0.0,-3.0710995197296143,3.0248284339904785,0.04642158001661301,0.05858738347887993
1787237335.3423638,-1.4401881468109572,-0.33338718839357817,0.0,-12.867271423339844,0.41081905364990234,0.017229251563549042,0.06968504190444946
1787237335.3428154,-1.4677474967291424,0.1778705570070045,0.0,-10.943889617919922,0.9479701519012451,0.062462832778692245,0.07272783666849136
1787237335.6427834,-1.581731959125988,-0.3378575683383016,0.0,-12.702316284179688,0.06887316703796387,0.03098948299884796,0.08727046847343445
1787237335.643067,-1.6099512292980358,0.1733641768867593,0.0,-11.116966247558594,0.854271650314331,0.06588204205036163,0.10183216631412506
1787237336.0423288,-1.7673071072651783,-0.34502631514429816,0.0,-12.579157829284668,-0.26627182960510254,0.028098048642277718,0.08699370175600052
1787237336.0472288,-1.7967168891740655,0.16612832361785934,0.0,-11.399089813232422,0.6665468215942383,0.0606001578271389,0.10012362897396088
1787237336.3422735,-1.904671216304353,-0.3514157848994587,0.0,-12.614965438842773,-0.326615571975708,0.026127472519874573,0.08579947054386139
1787237336.3427658,-1.9345393115979466,0.15971227819582165,0.0,-11.50040340423584,0.4560112953186035,0.04882761836051941,0.086018867790699
1787237336.6928098,-2.0424829490012377,-0.35687379083708193,0.0,-12.683614730834961,-0.34285783767700195,0.00442107068374753,0.02623877115547657
1787237336.6937943,-2.072098205837689,0.15426898428794222,0.0,-11.718541145324707,0.39793848991394043,0.047230880707502365,0.0011940536787733436
1787237337.0424132,-2.204761847827476,-0.36437619180137804,0.0,-12.651875495910645,-0.37354230880737305,0.007805494591593742,0.0822424590587616
1787237337.0430493,-2.2335161343872256,0.1468157398685573,0.0,-11.661947250366211,-0.0004887580871582031,0.05990822613239288,0.09270152449607849
1787237337.342884,-2.3660648474796604,-0.3715115686373443,0.0,-12.548267364501953,-0.5155503749847412,0.017946681007742882,0.07682786136865616
1787237337.3430598,-2.3947458120163123,0.1396844820841448,0.0,-11.632174491882324,-0.1920163631439209,0.06819725781679153,0.08439874649047852
1787237337.6428883,-2.506587508009272,-0.37730749673192004,0.0,-12.352884292602539,-0.5896627902984619,0.004591845907270908,0.06689180433750153
1787237337.6431856,-2.5350448919026474,0.1339010490710087,0.0,-11.425971984863281,-0.3932535648345947,0.06328698247671127,0.07145866751670837
1787237337.9430146,-2.6469544864660706,-0.3838025567729415,0.0,-12.136369705200195,-0.6199121475219727,0.011261829175055027,0.06990333646535873
1787237337.9431746,-2.6759101427714715,0.12737800816270187,0.0,-11.039525032043457,-0.6241559982299805,0.05992136523127556,0.03594515100121498
1787237338.242322,-2.7863419070721673,-0.3914477227418346,0.0,-11.590689659118652,-0.854647159576416,0.02328760176897049,0.13754479587078094
1787237338.2426836,-2.815276679340872,0.11973402473528158,0.0,-10.367855072021484,-0.8763730525970459,0.05838552117347717,0.1391465812921524
1787237338.5945296,-2.9244091528397047,-0.39670959963471475,0.0,-10.076835632324219,0.023359060287475586,0.03072776086628437,0.047994956374168396
1787237338.5948822,-2.9529404430246733,0.1144948266766985,0.0,-8.2112398147583,-0.16797780990600586,0.05728113651275635,0.037124887108802795
1787237338.8931377,-3.099812948113448,-0.4041734571468565,0.0,-6.503209590911865,3.482908010482788,0.012569001875817776,0.12824204564094543
1787237338.8933313,-3.1271373494864063,0.10709689901474359,0.0,-5.369246006011963,1.1746406555175781,0.05153067782521248,0.13263364136219025
1787237339.1927423,-3.2349492269022084,-0.41151386023346936,0.0,-4.119455814361572,6.237083435058594,0.010867900215089321,0.13626347482204437
1787237339.1932333,-3.2612643251462927,0.09980943828167177,0.0,-2.6564300060272217,2.084946632385254,0.038226816803216934,0.10037218779325485
1787237339.4933617,-3.3749402521259166,-0.4183578412417521,0.0,-2.080559730529785,8.81859016418457,0.019421182572841644,0.0590522363781929
1787237339.495444,-3.4007360005334655,0.09299192101896761,0.0,-0.7505416870117188,2.5576233863830566,0.04162095487117767,0.078290656208992
1787237339.8432534,-3.5144270799600594,-0.4229821501006112,0.0,-1.1553764343261719,10.599493980407715,0.013675211928784847,0.36123892664909363
1787237339.8434606,-3.540399782240357,0.08835865478030097,0.0,-0.13077259063720703,2.7798891067504883,0.037257224321365356,0.32664403319358826
1787237339.993044,-3.619840278845192,-0.42787823693768373,0.0,-1.1851191520690918,10.460817337036133,0.013107786886394024,0.08482315391302109
1787237339.9932272,-3.6533112376133268,0.08302654373983326,0.0,-0.12469291687011719,2.520287036895752,0.0486670583486557,0.08800632506608963
1787237341.0926406,-3.584097612782012,-0.4616497085077265,0.0,-1.2227892875671387,10.974621772766113,0.012206626124680042,0.08918409794569016
1787237341.0931115,-3.714598934823196,0.033439581363811144,0.0,-0.012218952178955078,-0.40906667709350586,0.04742712900042534,0.14009006321430206
1787237341.2926302,-3.718395388963963,-0.5000039940384355,0.0,-1.2935400009155273,11.289596557617188,0.014779068529605865,0.28001075983047485
1787237341.293642,-3.854853258249588,-0.006523244758357388,0.0,0.006079673767089844,-2.240133285522461,0.04653487354516983,0.2797310948371887
1787237363.2441535,-3.3795641988000145,-0.4142368909922644,0.0,-0.796884298324585,8.145833015441895,0.053349681198596954,0.3066689670085907
1787237363.2443733,-3.8881013776985633,-0.35478995938175034,0.0,-0.8661448955535889,5.792820453643799,0.011085796169936657,0.3358233571052551
1787237371.7933443,-3.3993753414088435,-0.6004771593270495,0.0,-0.6920695304870605,10.115522384643555,0.02959604375064373,0.2038503736257553
1787237371.7948759,-3.9082758106525297,-0.5442249380059676,0.0,-1.16807222366333,10.238826751708984,0.009355208836495876,0.2501618564128876
1787237371.9935834,-3.4092587829834384,-0.7150677532113809,0.0,-0.550389289855957,9.813708305358887,0.01662108674645424,0.056895911693573
1787237371.9939888,-3.917196795760659,-0.6507018058795198,0.0,-1.1213421821594238,10.704792022705078,0.01216172706335783,0.12071342766284943
1787237372.2934716,-3.412735304157193,-0.7735392186176921,0.0,-0.5412250757217407,9.678048133850098,0.02733861468732357,0.09307772666215897
1787237372.2948723,-3.918785797485063,-0.6957131419941156,0.0,-1.0468661785125732,10.511911392211914,0.01480409037321806,0.1647738218307495
1787237372.5936816,-3.4242057706472555,-0.8594868581637705,0.0,-0.5113780498504639,9.105836868286133,0.017210163176059723,0.24911274015903473
1787237372.5938497,-3.9287269142259347,-0.7722950255069103,0.0,-0.9495913982391357,10.455804824829102,0.014252232387661934,0.19240044057369232
1787237372.8942883,-3.427666957477646,-0.912380648420353,0.0,-0.519096851348877,9.045684814453125,0.020009653642773628,0.7054537534713745
1787237372.894446,-3.930270920136791,-0.8147422506491627,0.0,-0.8355975151062012,10.28388786315918,0.007420087233185768,0.7146041393280029
1787237373.19341,-3.433380309520206,-0.9639715608271013,0.0,-0.5311518907546997,9.091347694396973,0.015147154219448566,0.40507563948631287
1787237373.194049,-3.9362274241334823,-0.8675932472648544,0.0,-0.6735026836395264,10.075545310974121,0.01761518232524395,0.3889233469963074
1787237373.5006137,-3.444075678346638,-1.0411863641928898,0.0,-0.622093677520752,9.41191291809082,0.019558485597372055,0.05032200366258621
1787237373.501433,-3.9464519054572254,-0.9423828903970184,0.0,-0.48661231994628906,9.996122360229492,0.01571262627840042,0.03490085154771805
1787237373.843585,-3.4696668639974604,-1.1681513199050086,0.0,-0.8014440536499023,10.160207748413086,0.011420988477766514,0.06890919059515
1787237373.84405,-3.971361387701288,-1.0659426858001062,0.0,-0.30419230461120605,9.958630561828613,0.02396097220480442,0.010719909332692623
1787237374.193506,-3.481689528079578,-1.2473942840692809,0.0,-0.9845495223999023,11.28551959991455,0.02851310931146145,0.18076595664024353
1787237374.1950507,-3.9809332349120727,-1.1338173445606357,0.0,-0.1729428768157959,10.01608943939209,0.041108693927526474,0.16870947182178497
1787237374.5007036,-3.510346660907463,-1.3732319414171428,0.0,-1.1070072650909424,12.011564254760742,0.03267856314778328,0.06865531951189041
1787237374.5028093,-4.00915060171806,-1.2577389605403029,0.0,-0.09906291961669922,10.42746353149414,0.07003681361675262,0.012728852219879627
1787237374.8935373,-3.525837649252243,-1.452545983896141,0.0,-1.1320710182189941,12.65256404876709,0.02707553841173649,0.5257260203361511
1787237374.8939521,-4.022017786765417,-1.326255560120592,0.0,-0.01761317253112793,10.746431350708008,0.04837348312139511,0.5191640853881836
1787237375.193959,-3.5453190856589267,-1.5337908423191748,0.0,-1.1467337608337402,13.072216033935547,0.02969174087047577,0.7877318859100342
1787237375.1941261,-4.041608425896745,-1.4079302417870345,0.0,0.1633763313293457,11.072731018066406,0.04821651801466942,0.8297107815742493
1787237375.4937015,-3.5562633824324554,-1.5852069462602545,0.0,-1.0953843593597412,13.226747512817383,0.034663792699575424,0.5246397256851196
1787237375.4989285,-4.0541695094861385,-1.4659027609086843,0.0,0.28446316719055176,11.206209182739258,0.053897734731435776,0.47820132970809937
1787237375.7933743,-3.5600721804569107,-1.6102451489083078,0.0,-1.0932087898254395,13.238155364990234,0.03243594989180565,0.21611130237579346
1787237375.7937737,-4.056201328550506,-1.4837545626501853,0.0,0.3012716770172119,11.25532341003418,0.0542299710214138,0.1702062040567398
1787237376.143978,-3.5796271927802725,-1.6814228175478703,0.0,-1.0477006435394287,13.853669166564941,0.03600957617163658,0.08426830917596817
1787237376.1444216,-4.073497455767956,-1.5463814781866372,0.0,0.34490227699279785,11.561119079589844,0.06853660941123962,0.10048239678144455
1787237376.5440693,-3.6202033201312784,-1.8316761667894506,0.0,-1.1081397533416748,14.708977699279785,0.012659095227718353,0.19044102728366852
1787237376.5444782,-4.114047388435486,-1.6965390652934178,0.0,0.6093382835388184,12.040525436401367,0.0636507123708725,0.2050943672657013
1787237382.7458603,-3.6533876459670926,-1.9463055428405673,0.0,-1.1243820190429688,15.14936637878418,0.010926725342869759,0.1456272304058075
1787237382.7460282,-4.1472730520053815,-1.811319596526166,0.0,0.6700754165649414,12.70475959777832,0.05482783913612366,0.19171345233917236
1787237383.0444562,-3.677338849576596,-2.0419886608226854,0.0,-1.2304484844207764,15.535778045654297,0.03271745890378952,0.3351283371448517
1787237383.0446615,-4.16855150701775,-1.89757908645312,0.0,0.6945431232452393,13.236581802368164,0.060355909168720245,0.2823905050754547
1787237383.3442147,-3.6888752726203773,-2.0803751481332373,0.0,-1.2295842170715332,15.633225440979004,0.028949381783604622,0.3011362552642822
1787237383.344375,-4.177154090194625,-1.9263368531923533,0.0,0.714421272277832,13.344758987426758,0.06683859974145889,0.23387683928012848
1787237383.644764,-3.692819600280437,-2.0906970726275853,0.0,-1.2828707695007324,15.838652610778809,0.037817854434251785,0.7121497392654419
1787237383.644919,-4.186811035574493,-1.9560996660548058,0.0,0.7630884647369385,13.417023658752441,0.08518733084201813,0.7574983835220337
1787237383.9968522,-3.7059554618449093,-2.130715376712717,0.0,-1.3127326965332031,15.978229522705078,0.03601362928748131,0.10220390558242798
1787237384.0032358,-4.201685168475188,-2.002668283952833,0.0,0.7767677307128906,13.572615623474121,0.07966187596321106,0.026163296774029732
1787237384.2439334,-3.719768731140998,-2.1870644317200774,0.0,-1.2451410293579102,16.08222198486328,0.037736013531684875,0.0948328748345375
1787237384.246807,-4.211442310484683,-2.044232042622333,0.0,0.9016096591949463,13.666147232055664,0.0758361890912056,0.17187727987766266
1787237384.543806,-3.7293035941155255,-2.2270036995087996,0.0,-1.303166151046753,16.11880111694336,0.02904399298131466,0.4793785810470581
1787237384.5494447,-4.217108729941132,-2.07147187169802,0.0,0.9415745735168457,13.942813873291016,0.07586522400379181,0.4823308289051056
1787237384.8937602,-3.756631042567439,-2.3096068370954894,0.0,-1.3662874698638916,16.47492027282715,0.03536568582057953,0.14361537992954254
1787237384.8942096,-4.244638512769522,-2.1547110365489193,0.0,1.0506212711334229,14.16751766204834,0.06966802477836609,0.25957944989204407
1787237385.1941423,-3.7857847954290724,-2.395788011789706,0.0,-1.3508498668670654,16.533369064331055,0.03280916064977646,0.49610379338264465
1787237385.1948366,-4.279148338668613,-2.2589069897226364,0.0,1.2909471988677979,14.466404914855957,0.06366048008203506,0.5644828677177429
1787237385.511821,-3.8034898521814,-2.457188807547741,0.0,-1.3244450092315674,16.702831268310547,0.04316744953393936,0.6341961026191711
1787237385.512889,-4.299685768060538,-2.3309603913140604,0.0,1.5537738800048828,14.470386505126953,0.06599532812833786,0.687798261642456
1787237385.794563,-3.8194234725588623,-2.5198657682947143,0.0,-1.4033913612365723,16.772573471069336,0.03505638241767883,0.56402188539505
1787237385.7947388,-4.317415970302202,-2.40092262140785,0.0,1.560598611831665,14.658242225646973,0.058300718665122986,0.5948807001113892
1787237386.1439817,-3.8434946899495075,-2.6090916362912506,0.0,-1.5935301780700684,16.772371292114258,0.032414644956588745,0.4254286289215088
1787237386.1451373,-4.342697489817148,-2.495335033826564,0.0,1.5084445476531982,14.774984359741211,0.06692898273468018,0.41425278782844543
1787237386.494099,-3.8643084305055235,-2.693580298367707,0.0,-1.6309916973114014,16.71610450744629,0.03501666337251663,0.3897521495819092
1787237386.4945807,-4.363527413724557,-2.5798947373067063,0.0,1.5287995338439941,14.873170852661133,0.0725226104259491,0.39247050881385803
1787237386.7939475,-3.8896691612865975,-2.80449338785541,0.0,-1.9170045852661133,16.48702621459961,0.03665664792060852,0.28995609283447266
1787237386.7945688,-4.38869976409514,-2.6899837486954565,0.0,1.367717981338501,15.22337818145752,0.08871234208345413,0.2699509263038635
1787237387.144126,-3.9088298501098437,-2.8888672737750856,0.0,-1.9216537475585938,16.295164108276367,0.030728280544281006,0.10235704481601715
1787237387.144623,-4.407010423429374,-2.7707143374297525,0.0,1.2588202953338623,15.26353931427002,0.08740050345659256,0.041684217751026154
1787237387.348313,-3.9277946256159333,-2.9677484563202645,0.0,-2.175241708755493,16.174888610839844,0.02536526694893837,0.43760186433792114
1787237387.3484716,-4.424037185454203,-2.8417035365290992,0.0,1.1456310749053955,15.381961822509766,0.07333673536777496,0.4982467293739319
1787237387.594564,-3.937920173197528,-2.9980453834328404,0.0,-2.245575189590454,16.150617599487305,0.024704014882445335,0.33362457156181335
1787237387.5952957,-4.430383056114686,-2.8579585926604016,0.0,1.1052191257476807,15.501791000366211,0.07228735089302063,0.3068332374095917
1787237387.9443417,-3.9568138211939834,-3.0552877290864253,0.0,-2.467513084411621,16.075117111206055,0.02356250397861004,0.013511063531041145
1787237387.9444919,-4.447361214946587,-2.908634210606547,0.0,1.0564625263214111,15.502643585205078,0.07196587324142456,0.00028732579085044563
1787237400.1446695,-3.9087886686277415,-2.947142834790693,0.0,-1.9141733646392822,15.281659126281738,0.018494289368391037,0.23777469992637634
1787237400.1450984,-4.268100597988538,-3.31188786548888,0.0,-2.274036407470703,15.373492240905762,0.03403988853096962,0.21711844205856323
1787237420.0449996,-4.479682110303311,-2.7589146637370208,0.0,1.4664232730865479,14.059477806091309,0.06267450749874115,0.5311992168426514
1787237420.0453966,-3.9758533962099833,-2.850022439777619,0.0,-3.172457218170166,16.110111236572266,0.014062426052987576,0.4942167103290558
1787237420.3950188,-4.462541649353024,-2.6580652148905948,0.0,1.6056746244430542,13.911401748657227,0.072524793446064,0.11395516246557236
1787237420.399663,-3.959487154691499,-2.75335516924486,0.0,-2.9340386390686035,16.22905731201172,0.025528434664011,0.0007579514058306813
1787237420.64556,-4.439832679712948,-2.5384027707168553,0.0,1.780495047569275,13.515890121459961,0.08436547964811325,0.2061757743358612
1787237420.6488805,-3.9414097370385845,-2.655529070990653,0.0,-2.9407143592834473,16.363298416137695,0.02542688511312008,0.3124186098575592
1787237420.8951354,-4.422307677690255,-2.451963025823225,0.0,1.8176734447479248,13.075417518615723,0.068288654088974,0.10393386334180832
1787237420.8955235,-3.9293635112174194,-2.590346726960321,0.0,-2.697110176086426,16.30823516845703,0.03034580498933792,0.21106645464897156
1787237421.245027,-4.404936618886135,-2.375351232419269,0.0,1.9091516733169556,12.831253051757812,0.07831376791000366,0.4183077812194824
1787237421.2469082,-3.917956511870446,-2.533447327788471,0.0,-2.3796260356903076,16.352807998657227,0.02798011340200901,0.38643163442611694
1787237421.4954689,-4.35926999703658,-2.237602859032749,0.0,1.3727247714996338,13.114458084106445,0.08531718701124191,0.351111501455307
1787237421.4958706,-3.8737331192743722,-2.4000772888145674,0.0,-1.9826292991638184,16.259658813476562,0.019326388835906982,0.2929789125919342
1787237421.6956434,-4.33411204151078,-2.1516117457103157,0.0,0.5551278591156006,13.699186325073242,0.08993010967969894,0.42587578296661377
1787237421.6958115,-3.845811062036855,-2.305579773056275,0.0,-1.5145838260650635,16.047447204589844,0.013899000361561775,0.372302383184433
1787237421.9451122,-4.323826625670521,-2.110930498049173,0.0,0.28777122497558594,13.668399810791016,0.06508711725473404,0.37057316303253174
1787237421.9457326,-3.831198342847615,-2.2504345301161877,0.0,-1.3879835605621338,16.031902313232422,0.025208406150341034,0.332894891500473
1787237422.245774,-4.307309371148945,-2.0473102553865736,0.0,-0.3406405448913574,14.024001121520996,0.06760012358427048,0.0994376465678215
1787237422.245957,-3.8115413321586766,-2.1752088539549064,0.0,-1.1318027973175049,15.973514556884766,0.03540065512061119,0.11443623900413513
1787237422.4456887,-4.274912155533239,-1.9243650656506637,0.0,-0.9774565696716309,13.839876174926758,0.05617501214146614,0.4788733124732971
1787237422.4458606,-3.7777023179325453,-2.046538620043961,0.0,-0.8969008922576904,15.727460861206055,0.06962785869836807,0.3998609781265259
1787237422.6451702,-4.267990256773347,-1.8866138325661292,0.0,-1.4511048793792725,13.843059539794922,0.01906633749604225,0.4429173171520233
1787237422.6460967,-3.7678420484857753,-1.996139033989054,0.0,-0.6826817989349365,15.62844467163086,0.07768238335847855,0.392746239900589
1787237422.8451378,-4.268678503992669,-1.8646331479888247,0.0,-1.478135585784912,13.736164093017578,0.023368975147604942,0.430520623922348
1787237422.8455138,-3.76509067088184,-1.9570630908793194,0.0,-0.7273554801940918,15.538871765136719,0.06699342280626297,0.37950748205184937
1787237423.0950794,-4.266305041789291,-1.8323264427393695,0.0,-1.464247703552246,13.651061058044434,0.03463993966579437,0.1472521722316742
1787237423.0957031,-3.7601330212143584,-1.909358160798168,0.0,-0.670403242111206,15.473318099975586,0.06601113080978394,0.07286615669727325
1787237423.445137,-4.266009437199191,-1.7919550203373122,0.0,-1.6906261444091797,13.309991836547852,0.03925427794456482,0.17352864146232605
1787237423.445646,-3.7582024630098463,-1.8573467397264076,0.0,-0.5837082862854004,15.22723388671875,0.05739415064454079,0.23374103009700775
1787237423.745208,-4.266233090227005,-1.740330724084904,0.0,-2.001553773880005,12.782632827758789,0.017821047455072403,0.6977019309997559
1787237423.745605,-3.7573521065966395,-1.7967589484003275,0.0,-0.3669559955596924,14.981376647949219,0.04569394886493683,0.6284009218215942
1787237424.0454307,-4.265630771270185,-1.6909378499329566,0.0,-2.0186007022857666,12.401771545410156,0.012384542264044285,0.526611328125
1787237424.0458667,-3.7580006124474434,-1.757688294527717,0.0,-0.4418790340423584,14.73839282989502,0.03548680245876312,0.5231215953826904
1787237424.2452545,-4.25649879656932,-1.617863776400726,0.0,-2.13661789894104,11.631500244140625,0.013113994151353836,0.3906445801258087
1787237424.2457495,-3.748863362864003,-1.6845740937947695,0.0,-0.5843043327331543,14.461636543273926,0.046609990298748016,0.3762677311897278
1787237424.3953428,-4.246556982553545,-1.5363561220631896,0.0,-2.189755439758301,10.943687438964844,0.020347321406006813,0.5489892959594727
1787237424.395812,-3.738755467985122,-1.6017902248079816,0.0,-0.6928145885467529,13.878440856933594,0.05594542995095253,0.5422946810722351
1787237424.4953578,-4.23963657391568,-1.4854721575482055,0.0,-2.2464990615844727,10.558938980102539,0.01801789179444313,0.6820805668830872
1787237424.495799,-3.7311423541275555,-1.5452854373618543,0.0,-0.7637143135070801,13.694107055664062,0.057825054973363876,0.6768553853034973
1787237424.5452425,-4.2376824475837385,-1.454728366565575,0.0,-2.2226274013519287,10.261940956115723,0.010819630697369576,0.8356865048408508
1787237424.5457444,-3.728744407515003,-1.5106396478153772,0.0,-0.8018910884857178,13.516366958618164,0.05687999725341797,0.8312299847602844
1787237426.821757,-4.236881081273838,-1.4407192329359328,0.0,-2.2431015968322754,10.238099098205566,0.009580210782587528,0.7899317145347595
1787237426.8478525,-3.7277707208510136,-1.4950390351276033,0.0,-0.80832839012146,13.506889343261719,0.05705426633358002,0.7844141721725464
1787237426.8705502,-4.236420744321047,-1.4259745894321743,0.0,-2.2818148136138916,9.927964210510254,0.007079126313328743,0.6736945509910583
1787237426.8712463,-3.727108576794092,-1.4783684441194778,0.0,-0.8462667465209961,13.480925559997559,0.05358908697962761,0.671220600605011
1787237426.8718169,-4.233258427629732,-1.3956860626210015,0.0,-2.258211374282837,9.825456619262695,0.006390399765223265,0.5826156139373779
1787237426.8720465,-3.7232783640382787,-1.4411210132565857,0.0,-0.8563697338104248,13.332009315490723,0.046442415565252304,0.5838634967803955
1787237426.872152,-4.235970453738914,-1.3814909385760914,0.0,-2.28196382522583,9.587514877319336,0.005929586943238974,0.32771778106689453
1787237426.872489,-3.72551167092429,-1.4211876770745149,0.0,-0.89302659034729,13.334596633911133,0.04106571152806282,0.33547231554985046
1787237426.8728173,-4.2368276241704885,-1.3642444847672774,0.0,-2.2909939289093018,9.424972534179688,0.019600216299295425,0.39685162901878357
1787237426.873124,-3.725511535104836,-1.390699296477173,0.0,-0.834435224533081,13.245248794555664,0.03644842281937599,0.4024979770183563
1787237429.8455899,-4.240461671575609,-1.3421968289230166,0.0,-2.2868216037750244,9.101570129394531,0.035786356776952744,0.7513097524642944
1787237429.846536,-3.7287059511297542,-1.3580108287631727,0.0,-0.8072555065155029,13.233041763305664,0.029168644919991493,0.6841426491737366
1787237430.1454127,-4.235860640577734,-1.2215321119839546,0.0,-2.2908449172973633,8.173370361328125,0.03631008043885231,0.3088670074939728
1787237430.151674,-3.7245401810281966,-1.2479023157383848,0.0,-0.758439302444458,12.959300994873047,0.0473846010863781,0.14694805443286896
1787237430.4956899,-4.23406672877479,-1.1199339192570184,0.0,-2.309560775756836,7.645940780639648,0.03153013810515404,0.42978382110595703
1787237430.4958377,-3.724619249762853,-1.1709953149330257,0.0,-0.6928145885467529,12.872159957885742,0.06202042102813721,0.2849099040031433
1787237430.795955,-4.224754387362306,-0.9985858886686018,0.0,-2.160012722015381,7.03277587890625,0.022464845329523087,0.3689122200012207
1787237430.796104,-3.718422577501565,-1.0745602154056428,0.0,-0.5452632904052734,12.610923767089844,0.04839165881276131,0.3488992154598236
1787237431.096398,-4.205861708496091,-0.8733483566554243,0.0,-1.9041895866394043,6.858670711517334,0.013046996667981148,0.009461118839681149
1787237431.096707,-3.6997082200492715,-0.950501750184912,0.0,-0.16111135482788086,12.086236953735352,0.05904334411025047,0.009967477060854435
1787237431.3454623,-4.187265838260236,-0.7515822688685487,0.0,-1.8904507160186768,6.890618801116943,0.023557739332318306,0.44790416955947876
1787237431.3458545,-3.680608517904495,-0.8253546195830228,0.0,0.0661611557006836,11.70693588256836,0.06322992593050003,0.40009960532188416
1787237431.595385,-4.177016177001164,-0.6644581299033997,0.0,-1.8641352653503418,6.870150566101074,0.022279134020209312,0.45985379815101624
1787237431.6024776,-3.669128780737557,-0.7292222613078577,0.0,0.10204315185546875,11.459898948669434,0.07178621739149094,0.45167556405067444
1787237431.9457986,-4.172248225940268,-0.573039699320566,0.0,-1.8770992755889893,6.759405136108398,0.01989847421646118,0.05994589999318123
1787237431.946214,-3.6643779881498153,-0.6379382475837503,0.0,0.037223100662231445,11.105478286743164,0.0809832438826561,0.1698301136493683
1787237432.2457666,-4.172377678405544,-0.5279709898609866,0.0,-1.8961727619171143,6.495022773742676,0.010791892185807228,0.9893746972084045
1787237432.2459009,-3.668081575663976,-0.6164551170232406,0.0,-0.02619624137878418,10.954439163208008,0.06771249324083328,0.9632584452629089
1787237432.5459328,-4.173583041938118,-0.4901675561461985,0.0,-1.8543004989624023,6.20882511138916,0.010807096026837826,0.29821881651878357
1787237432.5460567,-3.67005411448974,-0.5829178619283704,0.0,-0.023484230041503906,10.74928092956543,0.06302687525749207,0.33483049273490906
1787237432.845608,-4.169053796141149,-0.43641043025904697,0.0,-1.8432438373565674,6.075072288513184,0.0069241891615092754,0.05288514122366905
1787237432.8460455,-3.664222557869139,-0.5217885355598155,0.0,-0.06768107414245605,10.48933219909668,0.05388525500893593,0.006778092123568058
1787237433.1953244,-4.156731300102881,-0.34320157437823584,0.0,-1.8184483051300049,5.612170696258545,0.007623216137290001,0.2899874746799469
1787237433.1963732,-3.650791187729701,-0.42174202696041974,0.0,-0.09840726852416992,10.142731666564941,0.0479438342154026,0.2954034209251404
1787237433.5453281,-4.137394186774284,-0.22242865342402907,0.0,-1.7216503620147705,4.993641376495361,0.009006382897496223,0.7339569330215454
1787237433.5457015,-3.631748299810043,-0.302841569029338,0.0,-0.10156631469726562,9.40709114074707,0.049494948238134384,0.6967789530754089
1787237445.6463466,-3.6733714676325224,0.0024355717640953123,0.0,-0.3148317337036133,7.19609260559082,0.05327066406607628,0.07546325027942657
1787237445.646835,-3.7164348081476453,-0.5077502264542386,0.0,-0.23499131202697754,9.842610359191895,0.08771238476037979,0.08471311628818512
1787237445.795895,-3.6600633048608704,0.01227886793434374,0.0,-0.407487154006958,7.139313220977783,0.0530337356030941,0.19996166229248047
1787237445.7964933,-3.684743940078088,-0.49912592891965,0.0,-0.260084867477417,9.723615646362305,0.05667845904827118,0.20749850571155548
1787237446.09609,-3.618056854818565,0.021294097334494555,0.0,-0.32386183738708496,7.073354721069336,0.05563027039170265,0.07394074648618698
1787237446.0965257,-3.6273299152517535,-0.4906219215105914,0.0,-0.06720423698425293,9.433984756469727,0.05678766220808029,0.10198911279439926
1787237446.4460192,-3.480681418488789,0.019238732076736903,0.0,-0.7845759391784668,6.020772457122803,0.062057580798864365,0.007469545118510723
1787237446.446471,-3.48638295888344,-0.49272952127216774,0.0,-0.9278357028961182,7.566583156585693,0.04218587279319763,0.04303695261478424
1787237446.7464817,-3.321186964278472,0.015218079925791966,0.0,-4.011839866638184,3.0880093574523926,0.061560019850730896,0.07213746011257172
1787237446.7466378,-3.3250160743922814,-0.496767601432326,0.0,-3.2642483711242676,5.0362467765808105,0.055484991520643234,0.0920538380742073
1787237447.0459602,-3.1825424663889175,0.01337862103253179,0.0,-6.8098602294921875,1.4279484748840332,0.02482130192220211,0.0981472060084343
1787237447.0463886,-3.1855852416376553,-0.4986123374020735,0.0,-5.755648136138916,2.6296019554138184,0.022192033007740974,0.11933189630508423
1787237447.3462703,-3.0481775442881207,0.0127042547290247,0.0,-10.346233367919922,0.3747284412384033,0.06904375553131104,0.16601324081420898
1787237447.346407,-3.0493286856823194,-0.4992944512004831,0.0,-7.520094394683838,1.8949151039123535,0.09387504309415817,0.16012296080589294
1787237447.695917,-2.9139272573403234,0.011992858672832007,0.0,-12.729719161987305,0.5696654319763184,0.09759438782930374,0.014506072737276554
1787237447.6964107,-2.914738389020071,-0.5000064988125053,0.0,-9.174198150634766,0.9082973003387451,0.047372087836265564,0.004312141798436642
1787237447.9958687,-2.7502909600767604,0.013106918391260353,0.0,-13.30167007446289,1.9502043724060059,0.05709591880440712,0.1345997303724289
1787237448.0070205,-2.7506128931216813,-0.49889298039692753,0.0,-8.680522918701172,1.880323886871338,0.07440229505300522,0.14796282351016998
1787237448.2961342,-2.610584711459873,0.01458822772988963,0.0,-13.167560577392578,2.520853281021118,0.02071354351937771,0.06455010175704956
1787237448.2988336,-2.6105530911414845,-0.49741177129369973,0.0,-8.127808570861816,2.4498403072357178,0.039351463317871094,0.07320114970207214
1787237448.6113636,-2.4689747047664063,0.013886188278332517,0.0,-12.935027122497559,2.4150609970092773,0.01682347059249878,0.04537658393383026
1787237448.6117425,-2.4691457172892664,-0.49811378316182,0.0,-8.309975624084473,2.557671070098877,0.049885343760252,0.028521034866571426
1787237448.896092,-2.323646854595571,0.012453152120213334,0.0,-12.660429000854492,2.3467063903808594,0.01563836634159088,0.060242414474487305
1787237448.8966382,-2.323994643787136,-0.49954672975738845,0.0,-8.213043212890625,2.448701858520508,0.0599009208381176,0.037172552198171616
1787237449.2959988,-2.135245592604961,0.011731832390907942,0.0,-12.332275390625,2.305281162261963,0.015436410903930664,0.07814893126487732
1787237449.3031983,-2.1360460143416837,-0.5002675419495725,0.0,-8.195534706115723,2.359628677368164,0.06458362191915512,0.07852325588464737
1787237449.6458921,-1.9918027361250121,0.009628805061213497,0.0,-12.117057800292969,2.282118797302246,0.010787100531160831,0.0010253144428133965
1787237449.6462734,-1.9945044858655525,-0.5023640665184008,0.0,-8.269786834716797,2.1623551845550537,0.049804024398326874,0.019969671964645386
1787237449.9967878,-1.8291177965160363,0.009343022217687041,0.0,-11.50236988067627,2.051055431365967,0.019245965406298637,0.06871043145656586
1787237449.9969952,-1.8319640280146867,-0.5026490665554268,0.0,-7.900789260864258,1.842886209487915,0.05611270293593407,0.07320616394281387
1787237450.2967584,-1.6606776333846214,0.005385130699522178,0.0,-10.769441604614258,1.7585694789886475,0.013655181042850018,0.08311861753463745
1787237450.2969418,-1.6650765446880746,-0.5065959720565701,0.0,-7.571444034576416,1.6208529472351074,0.06699763983488083,0.08383750915527344
1787237450.5965319,-1.522618265536021,0.0031059108219547715,0.0,-10.2616548538208,1.5731096267700195,0.0054257698357105255,0.028974371030926704
1787237450.5967135,-1.527626940485131,-0.5088695897395996,0.0,-7.357552528381348,1.3622462749481201,0.07321156561374664,0.0015907747438177466
1787237450.9463537,-1.3766822881191756,-0.0028030049475016305,0.0,-8.439287185668945,1.9553184509277344,0.0024617165327072144,0.030142636969685555
1787237450.9512246,-1.3826801047241648,-0.5147678730741856,0.0,-6.163909912109375,1.929163932800293,0.09151177853345871,0.021942447870969772
1787237451.2462606,-1.205313882979576,-0.008290148581277912,0.0,-6.0153303146362305,4.3623504638671875,0.013350660912692547,0.05864870920777321
1787237451.246759,-1.2121178227271936,-0.5202449379952561,0.0,-3.370732069015503,4.421794414520264,0.08451487123966217,0.06977049261331558
1787237451.596782,-1.0633930331708914,-0.01309632377070602,0.0,-3.6381185054779053,7.016486167907715,0.0254388228058815,0.09656066447496414
1787237451.596981,-1.070651592813411,-0.5250448693413678,0.0,-1.288190484046936,6.149590015411377,0.0719175934791565,0.09062284976243973
1787237451.8963404,-0.9009790888958823,-0.01576939775069669,0.0,-1.4755576848983765,9.715217590332031,0.011854823678731918,0.06972436606884003
1787237451.8971865,-0.9087549113031638,-0.5277103480427108,0.0,0.7957518100738525,8.063578605651855,0.0596088245511055,0.05146758258342743
1787237452.2965205,-0.7098963006295236,-0.019376549881106875,0.0,-0.6977617740631104,10.730981826782227,0.01193725224584341,0.16837027668952942
1787237452.2966802,-0.7168575496709502,-0.5313292244632242,0.0,1.1548101902008057,8.14567756652832,0.05625353008508682,0.17013169825077057
1787237452.6631625,-0.5811896967833143,-0.022526691751997174,0.0,-0.7701218128204346,10.623109817504883,0.018969548866152763,0.030777929350733757
1787237452.6641264,-0.5890540122871086,-0.5344662902806291,0.0,1.164942979812622,7.891422271728516,0.06306274980306625,0.05095551535487175
1787237452.9965458,-0.4147178508482363,-0.02633959836747707,0.0,-0.8994638919830322,10.598039627075195,0.02846384048461914,0.10236963629722595
1787237452.997135,-0.42361235826012256,-0.538262334469225,0.0,1.0541677474975586,7.9848408699035645,0.04775574430823326,0.11394043266773224
1787237462.0976434,-0.5429703008522969,-0.5912683372325842,0.0,1.25885009765625,8.168488502502441,0.06119082495570183,0.038681235164403915
1787237462.0978377,-0.522954917368672,-0.0796597129659447,0.0,-0.5208849906921387,9.624773025512695,0.028335122391581535,0.057483479380607605
1787237462.3964605,-0.695656074816318,-0.583875588709208,0.0,1.2220144271850586,8.343010902404785,0.059470146894454956,0.12271580100059509
1787237462.39899,-0.6767971899455066,-0.07222302840932088,0.0,-0.45934319496154785,9.72195816040039,0.017796432599425316,0.11411977559328079
1787237462.7473762,-0.8341968567240782,-0.5774397683827415,0.0,1.1160671710968018,8.617835998535156,0.05056007206439972,0.038713518530130386
1787237462.748621,-0.8154018617942927,-0.06578485717247146,0.0,-0.6095468997955322,9.349650382995605,0.011743157170712948,0.02990870177745819
1787237463.0469553,-0.9956556818362727,-0.5720051107581816,0.0,-0.7748603820800781,7.2747650146484375,0.04663606360554695,0.17078249156475067
1787237463.0471113,-0.9776269779192786,-0.06032262538754357,0.0,0.6668716669082642,8.506107330322266,0.023822369053959846,0.1754540503025055
1787237463.3471186,-1.1210729738540197,-0.5656621806381186,0.0,-3.6433486938476562,5.519705772399902,0.04234972223639488,0.0929260179400444
1787237463.347268,-1.103530528569111,-0.05396279367989082,0.0,-1.6266554594039917,6.516432762145996,0.07232702523469925,0.10066201537847519
1787237463.696738,-1.2574361512968737,-0.5591934995156954,0.0,-7.1875152587890625,3.295159339904785,0.04023801535367966,0.038383904844522476
1787237463.6988833,-1.2405075601583746,-0.04747343658864389,0.0,-5.2191314697265625,3.8872361183166504,0.09302373975515366,0.02528478018939495
1787237464.046687,-1.4230254030493272,-0.5530636295614981,0.0,-10.819673538208008,0.8903264999389648,0.024720454588532448,0.09662389010190964
1787237464.0509634,-1.40705062071209,-0.04131290281137617,0.0,-8.081168174743652,1.5386223793029785,0.11905699223279953,0.10266794264316559
1787237464.3466852,-1.5854617592315803,-0.5451186729701467,0.0,-12.046605110168457,-0.19887089729309082,0.021163560450077057,0.08355173468589783
1787237464.3469894,-1.5700209594275054,-0.03335155630338538,0.0,-11.570900917053223,0.837409496307373,0.09051580727100372,0.09356511384248734
1787237464.6472938,-1.7249471806210388,-0.5360754421343542,0.0,-11.969327926635742,-0.35356879234313965,0.03051815927028656,0.0740007758140564
1787237464.647455,-1.7096006447115788,-0.02430549007036309,0.0,-11.591792106628418,0.5883872509002686,0.07297289371490479,0.08097148686647415
1787237464.9468143,-1.8634472364952004,-0.529131977494069,0.0,-11.906594276428223,-0.5514144897460938,0.02806909568607807,0.061119742691516876
1787237464.9472444,-1.8488737528834343,-0.0173394281389444,0.0,-11.72684097290039,0.4957616329193115,0.06615933030843735,0.04958533123135567
1787237465.2965696,-2.004398019795919,-0.5228947414397705,0.0,-11.88470458984375,-0.708615779876709,0.0143116544932127,0.08001142740249634
1787237465.297199,-1.9903328320965443,-0.011087970778242973,0.0,-11.733576774597168,0.34139156341552734,0.0687020868062973,0.07468516379594803
1787237465.5967848,-2.165971420073075,-0.516043832119248,0.0,-11.999204635620117,-0.777965784072876,0.016414649784564972,0.07692116498947144
1787237465.5971315,-2.1509014671505327,-0.004265660917200431,0.0,-11.888280868530273,0.05730390548706055,0.06728257238864899,0.08982885628938675
1787237465.9473498,-2.3076732648929656,-0.5114758865603775,0.0,-11.999532699584961,-0.7981777191162109,0.028109213337302208,0.01760341413319111
1787237465.9479654,-2.292345553096533,0.0002946296391058145,0.0,-11.89430046081543,-0.10197162628173828,0.06839864701032639,0.014145443215966225
1787237466.2966561,-2.472166867125814,-0.5071538460957827,0.0,-11.826425552368164,-0.8453607559204102,0.017762381583452225,0.09735426306724548
1787237466.2971492,-2.4570577809715366,0.0046231712814953085,0.0,-11.741429328918457,-0.3032267093658447,0.0875314325094223,0.11994192749261856
1787237466.6104681,-2.6372392725922906,-0.49722919234248997,0.0,-11.337235450744629,-1.191037893295288,0.014284085482358932,0.07459896802902222
1787237466.6119957,-2.621564537042786,0.014530812606561527,0.0,-11.4224853515625,-0.4857480525970459,0.07716511934995651,0.0688546672463417
1787237466.9481819,-2.7772918265121214,-0.4907908253239311,0.0,-10.52592658996582,-0.9782850742340088,0.01834000088274479,0.004494689870625734
1787237466.9489756,-2.7613892185804363,0.02096214932396595,0.0,-10.65710163116455,-0.7358551025390625,0.07351626455783844,0.013804059475660324
1787237467.2475526,-2.939017884881983,-0.48616335613641826,0.0,-8.454412460327148,1.1973083019256592,0.008938029408454895,0.12443134188652039
1787237467.2477741,-2.9239323571988485,0.02561435620998842,0.0,-7.847309112548828,0.475996732711792,0.05954859405755997,0.11287436634302139
1787237467.561366,-3.0791991474753644,-0.4807921429936679,0.0,-5.754023551940918,3.8961708545684814,0.01826656050980091,0.08639746159315109
1787237467.5619748,-3.064216674771753,0.03098859669051135,0.0,-5.235224723815918,2.284228801727295,0.05460613593459129,0.10913442075252533
1787237467.8967743,-3.2198140630020475,-0.47717010420543904,0.0,-3.8605034351348877,6.08144998550415,0.017176223918795586,0.10856185108423233
1787237467.8971772,-3.20375835260535,0.03457808989362901,0.0,-2.4382174015045166,4.325699806213379,0.04324283078312874,0.0862685889005661
1787237468.196813,-3.3839612572216806,-0.4711287306128865,0.0,-1.377701759338379,9.117865562438965,0.0010913066798821092,0.08839830011129379
1787237468.1976964,-3.366062451845945,0.04055831511538033,0.0,-0.3528892993927002,5.871307849884033,0.03683231770992279,0.0748104378581047
1787237468.5539224,-3.5223583305555937,-0.4639676555036416,0.0,-1.2414157390594482,9.270774841308594,0.017052801325917244,0.04785241186618805
1787237468.5588078,-3.5042960505944376,0.047713645740213445,0.0,0.10576844215393066,6.375718116760254,0.04104657471179962,0.06240575760602951
1787237468.8471475,-3.684299979097484,-0.4567933051965594,0.0,-1.2237727642059326,9.16740894317627,0.007621403783559799,0.08894329518079758
1787237468.8475838,-3.665865180870413,0.05487471042912645,0.0,0.0807046890258789,6.172120571136475,0.06235506758093834,0.0975218191742897
1787237471.6832497,-3.820361230059198,-0.4522589764833211,0.0,-1.262366771697998,9.268641471862793,0.02336789481341839,0.3247910439968109
1787237471.7070098,-3.801696428451684,0.059400700627307124,0.0,-0.005513429641723633,5.342996120452881,0.059047069400548935,0.31303662061691284
1787237475.197979,-3.5717976685288817,-0.5090281364001632,0.0,-1.1700987815856934,7.731533050537109,0.014674263074994087,0.08550898730754852
1787237475.19817,-4.014012730737862,-0.2509780661511752,0.0,-0.6573796272277832,0.43528079986572266,0.02076210081577301,0.10750637948513031
1787237475.5969374,-3.608983048464568,-0.5501396201143567,0.0,-1.2113749980926514,8.32883071899414,0.027844246476888657,0.28685206174850464
1787237475.5976665,-4.0418297783404515,-0.2766662056189906,0.0,-0.7374584674835205,0.8250594139099121,0.022313909605145454,0.3604287803173065
1787237476.2472951,-3.693993654934259,-0.6822754654842202,0.0,-1.0591447353363037,9.737211227416992,0.044224098324775696,0.20493058860301971
1787237476.2474744,-4.12550297587949,-0.4066966093697024,0.0,-0.9310245513916016,5.032479763031006,0.03231830149888992,0.23797167837619781
1787237476.9472299,-3.7632626622911918,-0.7956882780402609,0.0,-0.9433776140213013,9.380186080932617,0.03630775958299637,0.34778863191604614
1787237476.9478552,-4.19186039968174,-0.5156026134593995,0.0,-0.935286283493042,8.203685760498047,0.031207535415887833,0.360198050737381
1787237485.8973832,-3.693267848891334,-0.822517765268807,0.0,-0.9388923645019531,9.29740047454834,0.08172884583473206,0.17854778468608856
1787237485.8977952,-4.205026807569048,-0.8068089074776718,0.0,-0.17005205154418945,10.628408432006836,0.016427725553512573,0.16283796727657318
1787237486.197679,-3.69408058380708,-0.9398168367366648,0.0,-0.5190372467041016,9.432220458984375,0.07814463973045349,0.2097003012895584
1787237486.198133,-4.205696941831386,-0.9200001215208444,0.0,0.04392862319946289,11.349910736083984,0.07343264669179916,0.29256337881088257
1787237486.5604115,-3.692687816208004,-0.9958375434395657,0.0,-0.37135183811187744,9.266572952270508,0.060393352061510086,0.631061851978302
1787237486.5613267,-4.203493882075562,-0.9608923996723919,0.0,0.0960230827331543,11.740118026733398,0.0829872190952301,0.6111480593681335
1787237486.8474004,-3.693297725320977,-1.03402016764938,0.0,-0.35853683948516846,9.0850830078125,0.057178910821676254,0.7289886474609375
1787237486.8478165,-4.2038754203375905,-0.9958833435613467,0.0,0.15082955360412598,11.74170970916748,0.07378341257572174,0.7386729717254639
1787237487.1473956,-3.6944219378049743,-1.085953340741829,0.0,-0.3947317600250244,8.922892570495605,0.0480557456612587,0.05562393367290497
1787237487.1478238,-4.205076188338716,-1.048855680278911,0.0,0.13214349746704102,12.31810474395752,0.06500916182994843,0.013386251404881477
1787237487.3972085,-3.6947996731637662,-1.1556615698157933,0.0,-0.4718601703643799,8.834451675415039,0.036724552512168884,0.032557666301727295
1787237487.3975728,-4.204546073383082,-1.1076760775973222,0.0,0.14799833297729492,12.69823932647705,0.07195831835269928,0.11894219368696213
1787237487.6974456,-3.695380226130505,-1.1998880549748125,0.0,-0.48063695430755615,8.780813217163086,0.019896771758794785,0.6241766810417175
1787237487.6979876,-4.203675710775734,-1.138408787825045,0.0,0.15422701835632324,12.910628318786621,0.05919840559363365,0.6033706665039062
1787237488.0973563,-3.6971792161221173,-1.2377572060347963,0.0,-0.45999884605407715,8.878528594970703,0.024204203858971596,0.5321138501167297
1787237488.0978084,-4.205070992982116,-1.173027437010081,0.0,0.07772445678710938,13.332575798034668,0.040917541831731796,0.5376743674278259
1787237488.4504435,-3.7056902354139587,-1.3339421775994589,0.0,-0.43952465057373047,9.226685523986816,0.01734199933707714,0.21900968253612518
1787237488.4551833,-4.213725825217532,-1.270350987227398,0.0,0.11980533599853516,13.877129554748535,0.05789511650800705,0.18713605403900146
1787237488.698262,-3.715824781966941,-1.430901383104365,0.0,-0.4037916660308838,9.79955768585205,0.02109362743794918,0.05488542839884758
1787237488.6984456,-4.22296541507885,-1.3605282472721991,0.0,0.14352798461914062,14.238727569580078,0.06557634472846985,0.1259434074163437
1787237489.0981972,-3.721959969449311,-1.4928701280143182,0.0,-0.5202889442443848,10.195505142211914,0.02026521973311901,0.39806532859802246
1787237489.0984728,-4.227454023204535,-1.4115082105214833,0.0,0.138014554977417,14.205789566040039,0.047464773058891296,0.39702555537223816
1787237489.39747,-3.736041705295201,-1.6075781597469427,0.0,-0.6004273891448975,11.025142669677734,0.033911772072315216,0.6198225021362305
1787237489.397921,-4.241735910326022,-1.5274696645779173,0.0,0.3496408462524414,13.864612579345703,0.07255575060844421,0.6755967736244202
1787237489.6486151,-3.754412422935294,-1.7034235922178076,0.0,-0.6155669689178467,12.077468872070312,0.04750661179423332,0.3099331557750702
1787237489.6488016,-4.261356754109139,-1.6316500240279588,0.0,0.5699992179870605,13.665938377380371,0.062362190335989,0.21544420719146729
1787237489.9484074,-3.7530877548831274,-1.70771732809697,0.0,-0.6206333637237549,12.157094955444336,0.04995181784033775,0.7480563521385193
1787237489.9485474,-4.262434634378712,-1.655662008021974,0.0,0.6446242332458496,13.606619834899902,0.05926039069890976,0.7949712872505188
1787237490.2980301,-3.750860054118072,-1.7323217906513166,0.0,-0.6690621376037598,12.582558631896973,0.048630233854055405,0.48048052191734314
1787237490.2981713,-4.260893261566193,-1.6874873474164307,0.0,0.7366538047790527,13.491511344909668,0.0614476278424263,0.4582274556159973
1787237490.6504574,-3.754975437667385,-1.797958403421594,0.0,-0.7573366165161133,13.32079792022705,0.04196474328637123,0.08597022294998169
1787237490.6552527,-4.264785547377954,-1.750654576547887,0.0,0.7713139057159424,13.556283950805664,0.06623735278844833,0.016797663643956184
1787237490.8975809,-3.760859298811485,-1.8732258609242696,0.0,-0.7436871528625488,13.996243476867676,0.027319733053445816,0.03701825812458992
1787237490.8980038,-4.269392490721924,-1.8137448326431465,0.0,0.843346118927002,13.543158531188965,0.06007884070277214,0.10348092019557953
1787237491.198416,-3.7682841139843966,-1.9316568195670587,0.0,-0.6961524486541748,14.031291007995605,0.019147301092743874,0.47672051191329956
1787237491.198611,-4.275228244944925,-1.8598818372635095,0.0,0.8993148803710938,13.476639747619629,0.05999959260225296,0.5000821948051453
1787237491.5479434,-3.7793550150435458,-2.0356613738495404,0.0,-0.6904900074005127,14.054595947265625,0.0149253960698843,0.18257924914360046
1787237491.5481603,-4.2867199749640115,-1.9669242118125176,0.0,1.032710075378418,13.651782035827637,0.036155328154563904,0.20425312221050262
1787237495.6976602,-3.8214462126529556,-2.313047520332093,0.0,-0.6791353225708008,14.132410049438477,0.01709180325269699,0.2539193630218506
1787237495.6980655,-4.328717905939526,-2.243625411532552,0.0,1.4304816722869873,13.81949234008789,0.08244239538908005,0.26126396656036377
1787237495.9976282,-3.837245667463377,-2.4330273278833507,0.0,-0.5800426006317139,14.416342735290527,0.018924327567219734,0.7278006076812744
1787237495.9980443,-4.344491891169093,-2.36341936471612,0.0,1.6040503978729248,13.85352611541748,0.0674431249499321,0.7417627573013306
1787237496.3984065,-3.8395984282998277,-2.4923864054722427,0.0,-0.48914551734924316,14.615827560424805,0.0194405410438776,0.27410686016082764
1787237496.3985908,-4.347163810878689,-2.4251451799660546,0.0,1.5933215618133545,13.909662246704102,0.060166869312524796,0.19890287518501282
1787237496.702908,-3.835002328634506,-2.519923217912067,0.0,-0.4483461380004883,14.7258939743042,0.023357875645160675,0.5000641942024231
1787237496.7033415,-4.340777363582445,-2.4403266474871335,0.0,1.6285479068756104,14.128321647644043,0.061355557292699814,0.47609376907348633
1787237496.9990747,-3.8351740845007223,-2.5663055125476375,0.0,-0.5307495594024658,14.843201637268066,0.02856593206524849,0.6613885760307312
1787237496.9998722,-4.340239237883114,-2.4823222354097356,0.0,1.6701221466064453,14.232892036437988,0.06553550064563751,0.7192004323005676
1787237497.3487577,-3.838183766793019,-2.630199714609725,0.0,-0.6831884384155273,15.223771095275879,0.02234826795756817,0.2268839329481125
1787237497.3489375,-4.34459580755405,-2.5547620252744356,0.0,1.6707181930541992,14.528632164001465,0.05641140416264534,0.17877331376075745
1787237497.6491475,-3.841096817478547,-2.709414948222846,0.0,-0.7981359958648682,15.484041213989258,0.016839435324072838,0.8018314838409424
1787237497.649331,-4.346690629271281,-2.628675258621678,0.0,1.6812384128570557,14.793843269348145,0.05911094322800636,0.8370495438575745
1787237497.9480436,-3.839882481980563,-2.752219804804732,0.0,-0.7291436195373535,15.558088302612305,0.021428775042295456,0.8699882626533508
1787237497.9485066,-4.346288334394042,-2.676740584873826,0.0,1.6115307807922363,14.913439750671387,0.06760643422603607,0.891556441783905
1787237498.2478905,-3.8369009404133956,-2.789700172886318,0.0,-0.6252527236938477,15.67980670928955,0.016621092334389687,0.532008171081543
1787237498.248563,-4.343792268622525,-2.7175532298714935,0.0,1.5264451503753662,15.201240539550781,0.07084587216377258,0.5808608531951904
1787237498.5982044,-3.847952670902458,-2.8948901220257968,0.0,-0.9322762489318848,15.787810325622559,0.020976854488253593,0.3114307224750519
1787237498.6031277,-4.355845435386152,-2.830168102703854,0.0,1.2931525707244873,15.584552764892578,0.056686729192733765,0.32317423820495605
1787237498.8985004,-3.8619063379217753,-3.021219063264982,0.0,-1.219630241394043,15.805721282958984,0.0039693512953817844,0.6888315677642822
1787237498.8989139,-4.37016311245454,-2.9594205912648537,0.0,0.979691743850708,15.599590301513672,0.05026976764202118,0.7248595952987671
1787237499.1979902,-3.8629605185086713,-3.0949818730597114,0.0,-1.3907253742218018,15.668195724487305,0.00293971155770123,0.6814466714859009
1787237499.1984894,-4.3718624879503265,-3.0387432253305473,0.0,0.8127093315124512,15.61894416809082,0.05744827538728714,0.7039337158203125
1787237499.49786,-3.865781626263844,-3.1617605279907894,0.0,-1.5399158000946045,15.56583023071289,0.007829861715435982,0.24334298074245453
1787237499.4987283,-4.375036738589897,-3.1088149845543573,0.0,0.5570352077484131,15.631097793579102,0.055039796978235245,0.23912961781024933
1787237499.8478785,-3.8728767542769234,-3.2710912188696453,0.0,-1.6765594482421875,15.366464614868164,0.007502641063183546,0.12709686160087585
1787237499.857742,-4.382055549641805,-3.2174166965078443,0.0,0.3331005573272705,15.758859634399414,0.0782657116651535,0.1425466388463974
1787237500.2511523,-3.8905238494800845,-3.4303064342387977,0.0,-2.000659704208374,15.483570098876953,0.009981639683246613,0.2587661147117615
1787237500.2513537,-4.399670455357191,-3.376327422356189,0.0,0.09015202522277832,16.08000946044922,0.10828444361686707,0.26683032512664795
1787237506.9486368,-3.902254889823519,-3.5597892212814304,0.0,-2.4711191654205322,15.647708892822266,0.025295846164226532,0.032402608543634415
1787237506.9487867,-4.411761746459922,-3.5093237574423646,0.0,0.1410841941833496,16.592937469482422,0.10567175596952438,0.07494581490755081
1787237507.2481318,-3.908486258464923,-3.6446113006303933,0.0,-2.6548802852630615,15.91823673248291,0.03191074728965759,0.6950470805168152
1787237507.24857,-4.417167889178253,-3.5864133747667757,0.0,0.1188814640045166,16.95989418029785,0.0552791990339756,0.7247504591941833
1787237507.548187,-3.9105918766459364,-3.7126735455761963,0.0,-2.723515033721924,16.094661712646484,0.016052057966589928,0.5299901962280273
1787237507.548582,-4.419792758536854,-3.6592089602742224,0.0,0.005841255187988281,17.18685531616211,0.05467769503593445,0.5929696559906006
1787237507.8984656,-3.9123114113779995,-3.7920974456026424,0.0,-2.8317272663116455,16.15566635131836,0.022361798211932182,0.4135490953922272
1787237507.8995523,-4.422452500082405,-3.748507657630183,0.0,-0.10192394256591797,17.73131561279297,0.05107821896672249,0.4427267014980316
1787237508.1997244,-3.919605691123696,-3.905906526149655,0.0,-2.9487311840057373,16.181415557861328,0.022217784076929092,0.2722059488296509
1787237508.2006845,-4.430249578278975,-3.868666487066069,0.0,-0.2585947513580322,18.078100204467773,0.07621216028928757,0.27417895197868347
1787237508.520566,-3.9250967662966536,-4.017378976654315,0.0,-3.140270709991455,16.284305572509766,0.02056647650897503,0.10420133173465729
1787237508.521392,-4.4357035830523435,-3.979634060670546,0.0,-0.35622715950012207,18.378145217895508,0.08159244805574417,0.10090479999780655
1787237508.8984327,-3.9359235217351314,-4.153611838777357,0.0,-3.2566487789154053,16.286956787109375,0.022950660437345505,0.011790034361183643
1787237508.8993,-4.446468901886498,-4.115044821701927,0.0,-0.46253204345703125,18.668359756469727,0.07291410863399506,0.009621807374060154
1787237543.9999464,-4.487488201815441,-3.800655321455757,0.0,0.3223419189453125,17.303699493408203,0.06892711669206619,0.46265363693237305
1787237544.0003593,-3.977381587909508,-3.844646712084197,0.0,-3.331780433654785,15.879178047180176,0.010549049824476242,0.39362531900405884
1787237544.3503954,-4.4741238114375355,-3.656971409840588,0.0,0.45859813690185547,16.746538162231445,0.05400320887565613,0.28237977623939514
1787237544.3515058,-3.965170242120986,-3.712741153249938,0.0,-3.180086612701416,15.692353248596191,0.004503003787249327,0.21162530779838562
1787237544.51085,-4.460584517898786,-3.502852724740674,0.0,0.5293786525726318,16.23859977722168,0.05395272746682167,0.2042587846517563
1787237544.5111513,-3.953394814850322,-3.5728713302795705,0.0,-2.9954910278320312,15.5925931930542,0.017182348296046257,0.31234318017959595
1787237544.6500154,-4.46270191758586,-3.456445676407152,0.0,0.3800392150878906,16.196823120117188,0.08570098876953125,0.48032599687576294
1787237544.6508102,-3.9586143633821544,-3.5461102608144115,0.0,-2.955824136734009,15.52000617980957,0.011220612563192844,0.5032035708427429
1787237544.9501033,-4.460284544657093,-3.423445436087115,0.0,0.3031492233276367,16.192317962646484,0.08147112280130386,0.5858428478240967
1787237544.9504116,-3.9593185980320276,-3.5291673369499525,0.0,-2.868831157684326,15.449058532714844,0.011910335160791874,0.5473484396934509
1787237545.20089,-4.443632827995603,-3.33208047964978,0.0,0.06124377250671387,16.17465591430664,0.0912415012717247,0.04496975988149643
1787237545.2010953,-3.943865043770665,-3.4433286789650754,0.0,-2.5854110717773438,15.60361385345459,0.010068990290164948,0.024768352508544922
1787237545.3997743,-4.421341867874955,-3.233447768067575,0.0,-0.37994980812072754,16.652381896972656,0.12111801654100418,0.4088888466358185
1787237545.4108963,-3.919916961350062,-3.336971017226892,0.0,-1.634836196899414,16.40886116027832,0.013667372986674309,0.3402678966522217
1787237545.6000204,-4.407906644574456,-3.163537827233124,0.0,-0.5961954593658447,16.760021209716797,0.11395005881786346,0.49310702085494995
1787237545.606989,-3.9045888497304886,-3.2574271098664824,0.0,-1.276075839996338,16.714244842529297,0.020687881857156754,0.45547229051589966
1787237545.8002286,-4.391379417772272,-3.094473672581141,0.0,-0.7485449314117432,16.90294647216797,0.07602845877408981,0.36969777941703796
1787237545.8007715,-3.8860819875776103,-3.1770479242499947,0.0,-0.7946193218231201,17.00088882446289,0.026884017512202263,0.3407532572746277
1787237545.950784,-4.3822552399639765,-3.023932170201635,0.0,-0.9800195693969727,17.09895133972168,0.02329435758292675,0.5829200744628906
1787237545.9514148,-3.8753040669384475,-3.0956573970610903,0.0,-0.3324449062347412,17.43118667602539,0.05772753059864044,0.5477915406227112
1787237546.0997741,-4.374874088696762,-2.974286138780692,0.0,-1.069784164428711,16.94085693359375,0.013305742293596268,0.5290086269378662
1787237546.1002297,-3.8665196662804973,-3.035276147879112,0.0,-0.009119510650634766,17.71338653564453,0.06376046687364578,0.4875735640525818
1787237546.350784,-4.3702858365758885,-2.9299944746445705,0.0,-1.1124908924102783,16.73775291442871,0.013485569506883621,0.26231276988983154
1787237546.3509693,-3.860678275912115,-2.979432659424339,0.0,0.23165345191955566,17.74016571044922,0.06682616472244263,0.23171073198318481
1787237546.6503377,-4.361700941385608,-2.8432792861704717,0.0,-1.1865198612213135,16.384410858154297,0.03466413542628288,0.3408949673175812
1787237546.6509833,-3.851349861408528,-2.8843374786078937,0.0,0.538855791091919,17.776901245117188,0.09718143194913864,0.3422820568084717
1787237546.9503644,-4.35534518804581,-2.7352130875768044,0.0,-1.0463595390319824,15.330719947814941,0.03231437876820564,0.5513449311256409
1787237546.9508495,-3.8450481084105945,-2.7769370676814207,0.0,0.47656893730163574,17.625831604003906,0.07845351099967957,0.5254923105239868
1787237547.2509046,-4.348337036972372,-2.636500504197141,0.0,-0.9767115116119385,14.026105880737305,0.011642320081591606,0.08677785098552704
1787237547.2518086,-3.838295267512073,-2.6812374397851744,0.0,0.4303455352783203,17.421907424926758,0.06379911303520203,0.08290452510118484
1787237547.6004887,-4.336246232592453,-2.496185348916817,0.0,-1.0461807250976562,13.19880485534668,0.022181842476129532,0.13517354428768158
1787237547.6006596,-3.826231307914398,-2.541227291655087,0.0,0.6316900253295898,16.674942016601562,0.04324224218726158,0.11657068878412247
1787237553.0001364,-4.317652520102879,-2.3076657748354648,0.0,-1.1728107929229736,12.656593322753906,0.03025463968515396,0.23132582008838654
1787237553.0006297,-3.8076577563228864,-2.352935421586792,0.0,0.5459785461425781,16.443431854248047,0.029414452612400055,0.21850703656673431
1787237553.3001084,-4.305354809814688,-2.1623078535770084,0.0,-1.1837184429168701,12.352514266967773,0.02786942571401596,0.4717544615268707
1787237553.3006313,-3.795511172590084,-2.2092489398616966,0.0,0.6394088268280029,15.769672393798828,0.03388890624046326,0.42646700143814087
1787237553.650886,-4.294340041234781,-2.0311502086967526,0.0,-1.3424158096313477,12.550663948059082,0.02729705162346363,0.5591968297958374
1787237553.6512284,-3.785132637317938,-2.084552641190686,0.0,0.6282031536102295,15.309392929077148,0.045567937195301056,0.4598843455314636
1787237553.95037,-4.286481203489468,-1.9164760966437473,0.0,-1.48773193359375,12.466394424438477,0.016644582152366638,0.5525246858596802
1787237553.9508429,-3.7792882265860426,-1.9864709834558638,0.0,0.5116164684295654,15.37112045288086,0.0446406751871109,0.5368782877922058
1787237554.2502847,-4.273061703271082,-1.824714893092341,0.0,-1.562952995300293,12.045955657958984,0.001077965134754777,0.6048699617385864
1787237554.2509458,-3.7663241535428704,-1.8979341234587446,0.0,0.4490017890930176,15.257835388183594,0.04260709881782532,0.5802704691886902
1787237556.7907782,-4.2525717193728205,-1.6358903505369613,0.0,-1.485198736190796,11.361193656921387,0.010909796692430973,0.30841997265815735
1787237556.8170722,-3.7462972898956544,-1.7122461103561808,0.0,0.2981126308441162,14.63782787322998,0.06323003023862839,0.3093625605106354
1787237556.8180938,-4.235802096739071,-1.5193410692066687,0.0,-1.7009973526000977,11.451042175292969,0.0044750189408659935,0.1310667097568512
1787237556.8194423,-3.7295711361384623,-1.5959844937738503,0.0,0.19049644470214844,14.167332649230957,0.06328745931386948,0.1362568438053131
1787237556.8201141,-4.2207037454731235,-1.4015055055449093,0.0,-1.7349421977996826,10.895299911499023,0.00860762968659401,0.05757435783743858
1787237556.8205285,-3.713958684396653,-1.4746727323244184,0.0,0.12314319610595703,13.753355026245117,0.04951958358287811,0.056474048644304276
1787237556.8208516,-4.19912711763998,-1.2635110452919691,0.0,-1.7852783203125,10.33428955078125,0.022536134347319603,0.13353629410266876
1787237556.8212016,-3.692248321777326,-1.3357459835478163,0.0,0.06848573684692383,13.020110130310059,0.04140051081776619,0.10813234001398087
1787237556.8216,-4.1762606310065005,-1.1194898479104047,0.0,-2.01493501663208,9.707820892333984,0.006562697235494852,0.14986123144626617
1787237556.8219197,-3.6692848061191157,-1.1910406199520485,0.0,-0.08219480514526367,12.508869171142578,0.03149806708097458,0.1331678181886673
1787237561.8506231,-4.151681033528018,-0.9495305824470454,0.0,-1.9453465938568115,8.499347686767578,0.013267192989587784,0.023591745644807816
1787237561.855479,-3.645067076329457,-1.0236001333543823,0.0,-0.10663270950317383,11.913037300109863,0.018189122900366783,0.029534287750720978
1787237562.2009146,-4.130883172973625,-0.7964995226897243,0.0,-1.7592906951904297,7.851886749267578,0.01932176575064659,0.06274931132793427
1787237562.2026083,-3.6241634512241374,-0.8698420314423029,0.0,-0.06949901580810547,11.404109001159668,0.02231597527861595,0.06307215988636017
1787237562.5007334,-4.106143815965832,-0.6348112695231984,0.0,-1.7781853675842285,7.072925567626953,0.004483919125050306,0.7584904432296753
1787237562.5012586,-3.5996232430008233,-0.7095167523420622,0.0,-0.031560659408569336,10.782790184020996,0.04344756901264191,0.6857208013534546
1787237562.6516292,-4.077959683326253,-0.482628315422197,0.0,-1.7403662204742432,6.678915023803711,0.02174149453639984,0.03285021334886551
1787237562.6526542,-3.574709686253807,-0.5768803204225318,0.0,0.08559226989746094,10.146415710449219,0.061753030866384506,0.014457287266850471
1787237562.700826,-4.044826632184221,-0.39707304059519255,0.0,-1.7840862274169922,6.622684001922607,0.02712862752377987,0.6173804998397827
1787237562.7016308,-3.5489749499539234,-0.5246469769199121,0.0,0.12797117233276367,9.730588912963867,0.07076020538806915,0.5978191494941711
1787237562.801627,-4.0356948671115935,-0.370757900784037,0.0,-1.8020272254943848,6.491672992706299,0.02806040085852146,0.43624597787857056
1787237562.8018215,-3.542827249099584,-0.5094139901388415,0.0,0.12350082397460938,9.619247436523438,0.060171011835336685,0.40411636233329773
1787237562.9009237,-4.019721099394064,-0.327352914807165,0.0,-1.829981803894043,6.502056121826172,0.02703525684773922,0.6378642916679382
1787237562.901894,-3.5318900832595843,-0.48280354908442025,0.0,0.22029876708984375,9.369277954101562,0.06888245791196823,0.6143894195556641
1787237563.0519507,-4.007414264206782,-0.29838123682730866,0.0,-1.8296241760253906,6.500339508056641,0.021107332780957222,0.3558715283870697
1787237563.052391,-3.5229558059270727,-0.46404355059011937,0.0,0.22029876708984375,9.369277954101562,0.06888245791196823,0.3349563181400299
1787237571.8010116,-3.5850090834245485,-0.2698846315477671,0.0,-0.19988417625427246,7.639360427856445,0.10658692568540573,0.1362539380788803
1787237571.801493,-3.6142843589971063,-0.7810469915080352,0.0,-0.2664327621459961,9.742868423461914,0.06743218004703522,0.19693489372730255
1787237572.0515265,-3.4262363255833552,-0.28085441674845135,0.0,-0.3275871276855469,6.6620588302612305,0.08841457217931747,0.260020911693573
1787237572.0518193,-3.4580268764850457,-0.7918665113933502,0.0,-0.06064772605895996,8.621322631835938,0.07985452562570572,0.2721191346645355
1787237572.4009898,-3.31012995557869,-0.2886880785140003,0.0,-2.00045108795166,5.020880699157715,0.10054384917020798,0.02207871340215206
1787237572.402809,-3.34362002969071,-0.7995916065268449,0.0,-1.2073814868927002,6.853139400482178,0.06888143718242645,0.04119615629315376
1787237572.701063,-3.1488935027012133,-0.30049780474639093,0.0,-5.358219146728516,2.3846447467803955,0.0879640132188797,0.09626911580562592
1787237572.701528,-3.1839967936209383,-0.8112930268918268,0.0,-4.407614707946777,3.6955952644348145,0.04517931863665581,0.09411770850419998
1787237573.000831,-3.007560961716989,-0.3086545722708033,0.0,-8.856162071228027,0.8525252342224121,0.1679752916097641,0.10844851285219193
1787237573.0012336,-3.0439492420087757,-0.8193598620979269,0.0,-6.48505973815918,2.054154872894287,0.04294222965836525,0.10569733381271362
1787237573.3521225,-2.869476152346505,-0.31817084679885405,0.0,-10.8077974319458,0.7476270198822021,0.15403538942337036,0.08456668257713318
1787237573.3522985,-2.90715886924807,-0.8287822576064432,0.0,-8.341029167175293,1.3484954833984375,0.027855949476361275,0.11211439222097397
1787237573.6511326,-2.7045142963795783,-0.3335844442979935,0.0,-11.80693531036377,1.3573944568634033,0.11692436784505844,0.06522663682699203
1787237573.6520135,-2.743630670087197,-0.8440880283284741,0.0,-8.693471908569336,1.6383945941925049,0.02719990722835064,0.056187789887189865
1787237573.9515038,-2.5635751650952807,-0.34533283872729564,0.0,-11.850505828857422,2.0596861839294434,0.00636519119143486,0.13842682540416718
1787237573.9519036,-2.604314861203716,-0.8557094419929552,0.0,-7.957667350769043,2.430391311645508,0.004233442712575197,0.14025752246379852
1787237574.250978,-2.4255082796877674,-0.3550412121103951,0.0,-11.449366569519043,2.03707218170166,0.011231031268835068,0.07215752452611923
1787237574.2517002,-2.46744472582674,-0.8653208751239557,0.0,-7.976561546325684,2.5703728199005127,0.008163304068148136,0.07033693790435791
1787237574.629843,-2.2819292305382706,-0.3652864135944013,0.0,-11.527956008911133,2.0241081714630127,0.01319002453237772,0.019706478342413902
1787237574.6312025,-2.324699325917647,-0.8754968789332055,0.0,-8.145615577697754,2.48376727104187,0.01612430438399315,0.05201207846403122
1787237574.951853,-2.115022372714362,-0.37830345596659376,0.0,-11.632636070251465,1.9483327865600586,0.014213238842785358,0.049618035554885864
1787237574.9520366,-2.16021692234101,-0.8883048801646488,0.0,-8.579090118408203,2.4074673652648926,0.01530091930180788,0.05756447836756706
1787237575.2517133,-1.9501410028418389,-0.39199069976198414,0.0,-11.505126953125,1.6386866569519043,0.01082061417400837,0.12443879246711731
1787237575.251885,-1.9959673347619267,-0.9019357431762229,0.0,-8.655235290527344,2.228790521621704,0.02347705140709877,0.1279369294643402
1787237575.6015148,-1.811180121214056,-0.40455699217043406,0.0,-11.092633247375488,1.3595163822174072,0.005586272571235895,0.041440051048994064
1787237575.6016815,-1.857867072899329,-0.9144239635878196,0.0,-8.559197425842285,2.1160483360290527,0.02601664513349533,0.08826977014541626
1787237575.901543,-1.662039984384329,-0.4218082467344719,0.0,-10.861367225646973,1.3112783432006836,0.0033643250353634357,0.18450391292572021
1787237575.9016936,-1.7095455121784264,-0.9315996009461771,0.0,-8.34168529510498,1.9076406955718994,0.02732919715344906,0.19690820574760437
1787237576.2015603,-1.5235490455501512,-0.434256027722809,0.0,-10.440691947937012,1.1129677295684814,0.0053673796355724335,0.06387723237276077
1787237576.2017014,-1.572036025900557,-0.9439549709594018,0.0,-7.844343662261963,2.09159255027771,0.017265109345316887,0.06418459862470627
1787237576.5017486,-1.3823270507682202,-0.44732815420377997,0.0,-9.659424781799316,0.987541675567627,0.007271474227309227,0.08311246335506439
1787237576.5018973,-1.431792486399029,-0.9569330704652446,0.0,-6.827444076538086,2.2393763065338135,0.0040089450776577,0.07763203978538513
1787237576.8015268,-1.2419713505856913,-0.4607808945350378,0.0,-7.534801959991455,2.8612077236175537,0.016434278339147568,0.04638296365737915
1787237576.801688,-1.292753404150569,-0.9702562943687627,0.0,-5.191251754760742,3.2184839248657227,0.018558192998170853,0.05624166131019592
1787237577.1509552,-1.0882710777657685,-0.4758925420331627,0.0,-5.106657981872559,5.379361152648926,0.030090197920799255,0.021623428910970688
1787237577.1518455,-1.1402730612242087,-0.9852448697164551,0.0,-3.473043441772461,4.687112808227539,0.039092302322387695,0.03420815244317055
1787237577.4522095,-0.9214731631736417,-0.4902277164632846,0.0,-2.732083320617676,7.813912391662598,0.0205895584076643,0.03765514865517616
1787237577.452369,-0.9742240279162349,-0.9995030312674764,0.0,-0.5095452070236206,7.597464561462402,0.05098796263337135,0.030494974926114082
1787237577.7516623,-0.7784353174778167,-0.5081012269654248,0.0,-0.9202063083648682,9.542369842529297,0.013887309469282627,0.12736913561820984
1787237577.7519748,-0.8320652829655333,-1.0172847172729822,0.0,1.0053068399429321,9.149694442749023,0.05198797211050987,0.12937608361244202
1787237578.0519824,-0.6389995553077068,-0.5214901323057988,0.0,-0.6579756736755371,9.54737663269043,0.03395761922001839,0.10275665670633316
1787237578.0521367,-0.6935513240933691,-1.0305756894790068,0.0,1.466125249862671,9.7783203125,0.048795923590660095,0.10570327937602997
1787237578.4016497,-0.4979470833251611,-0.5362115471810883,0.0,-0.6216764450073242,9.2085599899292,0.04508209973573685,0.6248369216918945
1787237578.4030216,-0.5528503799395441,-1.0452593131332364,0.0,1.3743340969085693,9.083736419677734,0.06406758725643158,0.734921932220459
1787237578.6018567,-0.33343492331004043,-0.5581110084309018,0.0,-0.612795352935791,8.247316360473633,0.04780898243188858,0.6950838565826416
1787237578.6020026,-0.3823168069191073,-1.0677722306705673,0.0,1.181572675704956,8.717500686645508,0.05218224972486496,0.8489745855331421
1787237578.8024504,-0.26607574895740066,-0.5528163915631803,0.0,-0.4588961601257324,8.831000328063965,0.03043810836970806,0.7487578392028809
1787237578.8027787,-0.28001763176771205,-1.0646265359562974,0.0,1.3518929481506348,8.437585830688477,0.05877094715833664,0.9311555624008179
1787237578.9521847,-0.19858131661458575,-0.5412507410746447,0.0,-0.7255673408508301,9.461462020874023,0.040183596312999725,0.8140049576759338
1787237578.9523723,-0.16511390998850847,-1.0521557544516176,0.0,1.1394023895263672,8.781248092651367,0.03707696497440338,0.978064775466919
1787237579.1011343,-0.17392760842747348,-0.5351644938031892,0.0,-0.7343292236328125,9.587038040161133,0.03365156054496765,0.76136314868927
1787237579.1017332,-0.11462092911245939,-1.0437180482973312,0.0,1.0256469249725342,8.877431869506836,0.02772582322359085,0.890170156955719
1787237580.855086,-0.3698851707195754,-0.513018682796423,0.0,-0.5976259708404541,8.719325065612793,0.05516595393419266,0.37196114659309387
1787237580.8553905,0.027101384322566674,-0.8363539192241473,0.0,-0.24184584617614746,7.378900051116943,0.007383665069937706,0.48180118203163147
1787237581.151875,-0.3496568786379338,-0.4531410099115494,0.0,-0.6443560123443604,9.036898612976074,0.05659604072570801,0.2910621762275696
1787237581.1520782,0.06723586939722162,-0.7503689302617351,0.0,-0.6217062473297119,7.965147495269775,0.007086534518748522,0.34120550751686096
1787237582.1013694,-0.3645792781833897,-0.39738983733449873,0.0,-0.5222856998443604,8.865917205810547,0.0768980011343956,0.664069414138794
1787237582.102042,0.1294266317787014,-0.5319341085708703,0.0,-0.8948743343353271,9.069061279296875,0.03775789588689804,0.7960251569747925
1787237582.3025928,-0.3769586403671654,-0.39218226519416716,0.0,-0.5778372287750244,8.83331298828125,0.07188830524682999,0.25414225459098816
1787237582.302857,0.1235107473931086,-0.5002303651999355,0.0,-0.9271800518035889,9.123266220092773,0.03731880709528923,0.38424187898635864
1787237582.656263,-0.3849561778948208,-0.3280205121893953,0.0,-0.6172358989715576,8.818859100341797,0.08975204825401306,0.04558473080396652
1787237582.657656,0.12177700768635741,-0.4012699397008187,0.0,-0.8268952369689941,9.386152267456055,0.03758120909333229,0.047961536794900894
1787237582.9516058,-0.36319950423775643,-0.18173740708668096,0.0,-0.5415976047515869,8.584851264953613,0.09895991533994675,0.5349801182746887
1787237582.9518569,0.14507814177449402,-0.24336398061016606,0.0,-0.6660968065261841,9.422910690307617,0.048277560621500015,0.7130372524261475
1787237587.7013814,-0.3086527474514629,-0.6074423712977844,0.0,-0.4464089870452881,8.069849014282227,0.03861922398209572,0.20577795803546906
1787237587.7017746,-0.323167262100246,-0.09564814617941697,0.0,-0.42666494846343994,7.843547821044922,0.043315812945365906,0.1572915017604828
1787237588.40124,-0.461617363503422,-0.6114162368000668,0.0,-0.4246830940246582,8.067977905273438,0.03931709751486778,0.11991289258003235
1787237588.401641,-0.4786920748244794,-0.09970102866833419,0.0,-0.37607550621032715,8.083391189575195,0.07022014260292053,0.13571064174175262
1787237588.752529,-0.6235240962997773,-0.6140528785271493,0.0,-0.45353174209594727,8.406949043273926,0.0314425453543663,0.09727347642183304
1787237588.7527728,-0.6435572232305272,-0.10244494873581339,0.0,-0.37445127964019775,8.832436561584473,0.04026505723595619,0.07116029411554337
1787237589.1012762,-0.7832334855324268,-0.6218499358678486,0.0,-1.0407865047454834,8.07996940612793,0.008025833405554295,0.15779073536396027
1787237589.104218,-0.803145860482199,-0.11023729204064636,0.0,-1.0543763637542725,8.753460884094238,0.031732168048620224,0.15992021560668945
1787237589.4013085,-0.9417443061644177,-0.6235805389399023,0.0,-4.063904285430908,6.073766708374023,0.04828319698572159,0.13627098500728607
1787237589.40215,-0.9635762253984472,-0.11204621232773959,0.0,-3.7104785442352295,6.454277038574219,0.08837927132844925,0.12996014952659607
1787237589.751692,-1.0800458299267457,-0.6258996773418081,0.0,-6.793677806854248,4.0091094970703125,0.05354680120944977,0.027725880965590477
1787237589.7522612,-1.1029379419914767,-0.11441169976538845,0.0,-5.994171142578125,4.485112190246582,0.08357173949480057,0.034253545105457306
1787237590.1011987,-1.2423338533762982,-0.6286541681568847,0.0,-9.709924697875977,1.3998866081237793,0.0407724529504776,0.04584703966975212
1787237590.101874,-1.2642121663871857,-0.11712182370562946,0.0,-8.752166748046875,1.629549264907837,0.04406082257628441,0.028227435424923897
1787237590.4014516,-1.4081938650379624,-0.6322738595073671,0.0,-11.260196685791016,-0.2505064010620117,0.021858634427189827,0.230215385556221
1787237590.4018078,-1.4307561674985712,-0.12077122754182579,0.0,-9.885207176208496,0.3483295440673828,0.06078462302684784,0.21527519822120667
1787237590.752739,-1.547300300336363,-0.6349555358378343,0.0,-11.135175704956055,-0.4461526870727539,0.039251524955034256,0.07241970300674438
1787237590.7529376,-1.5704054699962728,-0.12347713831259494,0.0,-10.020240783691406,0.18960833549499512,0.062492940574884415,0.056233733892440796
1787237591.1016495,-1.710092863654393,-0.6388741478397151,0.0,-10.99976921081543,-0.5922794342041016,0.044079989194869995,0.08408091962337494
1787237591.1069374,-1.7333705712290517,-0.12740357358341564,0.0,-10.13520336151123,-0.13648271560668945,0.06279053539037704,0.0931982696056366
1787237591.4016078,-1.872095497037733,-0.6407746275967288,0.0,-10.797039031982422,-0.8247613906860352,0.022930912673473358,0.19749809801578522
1787237591.4021497,-1.8951016449309601,-0.1292917665357593,0.0,-10.193705558776855,-0.5071818828582764,0.04861890897154808,0.17160692811012268
1787237591.7518682,-2.0115418798863773,-0.6479293883235945,0.0,-10.805755615234375,-0.9338736534118652,0.027414139360189438,0.177143856883049
1787237591.752495,-2.0346808219898698,-0.1364525175285103,0.0,-10.203570365905762,-0.7533669471740723,0.0479983314871788,0.142856165766716
1787237592.0522199,-2.1764423501401575,-0.6541343173782148,0.0,-10.832145690917969,-0.9820461273193359,0.02235790714621544,0.051020439714193344
1787237592.0523834,-2.200189910587305,-0.14268534301927738,0.0,-10.331809997558594,-0.8998572826385498,0.07920363545417786,0.04967602714896202
1787237592.3526976,-2.3196636135942357,-0.6603874028194021,0.0,-10.869010925292969,-1.029294729232788,0.006608677562326193,0.08010004460811615
1787237592.352881,-2.3429908225592144,-0.14891908383776248,0.0,-10.452628135681152,-0.9541332721710205,0.08240508288145065,0.07848867774009705
1787237592.6541367,-2.4595616736768835,-0.6651192451811834,0.0,-10.852128028869629,-1.0294675827026367,0.01527272630482912,0.11036031693220139
1787237592.6544242,-2.48267201823835,-0.15364108144958255,0.0,-10.44604206085205,-1.0496139526367188,0.06958455592393875,0.09524180740118027
1787237592.9516985,-2.5997032670379085,-0.6686702789368566,0.0,-10.586797714233398,-1.0770142078399658,0.015292192809283733,0.1937873363494873
1787237592.9562402,-2.6225097270118254,-0.15717847510862487,0.0,-10.268508911132812,-1.1584103107452393,0.05710422992706299,0.18637710809707642
1787237593.3013496,-2.738817053412583,-0.6742472244905393,0.0,-9.980112075805664,-0.5163788795471191,0.015105776488780975,0.09848713874816895
1787237593.3017497,-2.7621294021350034,-0.16277822797457814,0.0,-9.100421905517578,-1.0242760181427002,0.05530466139316559,0.07941927015781403
1787237593.6215708,-2.902908651802404,-0.6804493442540063,0.0,-8.131086349487305,1.9747138023376465,0.014401238411664963,0.10448431968688965
1787237593.622352,-2.924712983417897,-0.16891384096728262,0.0,-6.198659420013428,0.03234744071960449,0.050223834812641144,0.10796108096837997
1787237593.9014328,-3.0427329706570636,-0.6857827190456325,0.0,-5.698397636413574,4.932862281799316,0.010637279599905014,0.22175832092761993
1787237593.9029093,-3.064187397268127,-0.1742324208551314,0.0,-3.6460161209106445,0.9933710098266602,0.030515870079398155,0.19576828181743622
1787237594.251789,-3.1819895550522665,-0.6916585036508112,0.0,-3.3708512783050537,8.09483528137207,0.010831122286617756,0.10198036581277847
1787237594.2522514,-3.202850743728549,-0.1800836696264892,0.0,-1.5044212341308594,1.6334295272827148,0.027594204992055893,0.07996046543121338
1787237594.6168787,-3.344634611302462,-0.6981944183767309,0.0,-1.3940930366516113,10.895419120788574,0.010563568212091923,0.10508255660533905
1787237594.6170917,-3.3656027581128596,-0.1866239571308359,0.0,-0.04112720489501953,1.9071578979492188,0.031685635447502136,0.10340316593647003
1787237594.9017112,-3.5058724518764026,-0.7026484561117041,0.0,-1.1051297187805176,11.440288543701172,0.022732853889465332,0.21730874478816986
1787237594.9023113,-3.524721977172962,-0.19099555091512999,0.0,-0.004351139068603516,0.9449481964111328,0.014485950581729412,0.19009271264076233
1787237595.20188,-3.644382839794528,-0.7090708587013228,0.0,-1.0944902896881104,11.43193244934082,0.016849743202328682,0.07208505272865295
1787237595.2021227,-3.6625313520701277,-0.19739260872172631,0.0,0.05778670310974121,-0.2970099449157715,0.017769061028957367,0.07913707196712494
1787237609.9529855,-3.3735406389640814,-0.6573279284256933,0.0,-0.7443726062774658,8.47170352935791,0.02391888201236725,0.33923575282096863
1787237609.9531946,-3.8815492035941923,-0.721134654265957,0.0,-0.8169710636138916,8.758068084716797,0.011128743179142475,0.337380588054657
1787237610.0535192,-3.3711653121616556,-0.6889483791883226,0.0,-0.8184611797332764,9.162425994873047,0.01988912932574749,0.3167705535888672
1787237610.053678,-3.8804279796454266,-0.7418212030897751,0.0,-0.7705092430114746,9.341621398925781,0.010714821517467499,0.31683579087257385
1787237610.1029007,-3.3673404761491352,-0.725252698394245,0.0,-0.8971095085144043,10.057687759399414,0.017020227387547493,0.6444777250289917
1787237610.1030874,-3.877641303285904,-0.7669308200353327,0.0,-0.6962120532989502,9.827316284179688,0.011260739527642727,0.6453658938407898
1787237610.2031624,-3.3658196901871733,-0.744093054481368,0.0,-0.8943378925323486,10.449457168579102,0.014994408003985882,0.5785961747169495
1787237610.2033594,-3.8765964097640566,-0.7794645506085918,0.0,-0.6785690784454346,9.873544692993164,0.011282086372375488,0.5807209610939026
1787237610.3025057,-3.362181493010523,-0.7806508298977923,0.0,-0.8920729160308838,11.103653907775879,0.014492596499621868,0.5283398032188416
1787237610.3029308,-3.873614345083723,-0.804743107089311,0.0,-0.6614923477172852,10.133016586303711,0.012784869410097599,0.5240951776504517
1787237610.3526392,-3.360661499263551,-0.8102929127328636,0.0,-0.8348226547241211,11.072694778442383,0.01268615573644638,0.6664741039276123
1787237610.3532867,-3.8725869638019423,-0.8190289734671053,0.0,-0.6846189498901367,10.266839981079102,0.010585772804915905,0.6644347906112671
1787237610.402365,-3.3606257867961054,-0.8223916939763276,0.0,-0.8498132228851318,11.329364776611328,0.012385784648358822,0.8647486567497253
1787237610.402772,-3.8726171559262266,-0.8253645606507243,0.0,-0.6799399852752686,10.562920570373535,0.010663346387445927,0.8664981722831726
1787237610.50216,-3.36120418035659,-0.8342483506189956,0.0,-0.8456707000732422,11.36159896850586,0.01305412221699953,0.7280105948448181
1787237610.5026445,-3.873204124840072,-0.8340099205207273,0.0,-0.6315112113952637,10.580748558044434,0.011911495588719845,0.7314481139183044
1787237610.5521238,-3.3638827119531376,-0.8618627147635806,0.0,-0.8278787136077881,11.360401153564453,0.014458149671554565,0.6573240160942078
1787237610.553369,-3.8758263877506085,-0.8542684530500119,0.0,-0.5891919136047363,10.571760177612305,0.01577894017100334,0.6571104526519775
1787237610.6026134,-3.3676344233141933,-0.8760324448284355,0.0,-0.7602870464324951,11.397046089172363,0.015102986246347427,0.733791708946228
1787237610.6031022,-3.87946909969613,-0.8630222929078067,0.0,-0.5891919136047363,10.571760177612305,0.01577894017100334,0.7342458963394165
1787237610.7022457,-3.370700008842098,-0.8927705317783705,0.0,-0.7590353488922119,11.387384414672852,0.015219736844301224,0.5627365112304688
1787237610.7026823,-3.882331401339991,-0.8733458513262489,0.0,-0.6171762943267822,10.58322811126709,0.01819351129233837,0.5611907839775085
1787237610.802119,-3.378830558935775,-0.9270986952685073,0.0,-0.7538795471191406,11.383735656738281,0.016526998952031136,0.5501747727394104
1787237610.8068917,-3.889640800567809,-0.8922146438434909,0.0,-0.5838871002197266,10.724300384521484,0.018245995044708252,0.5481311678886414
1787237610.9023154,-3.388125648155898,-0.9619600404772606,0.0,-0.6901025772094727,11.32025146484375,0.018663356080651283,0.6620797514915466
1787237610.9032447,-3.897599688029896,-0.9111643448479305,0.0,-0.4833340644836426,10.609281539916992,0.016656922176480293,0.6623058915138245
1787237611.0021696,-3.3966626682177687,-0.9938473690440831,0.0,-0.5334913730621338,11.099982261657715,0.028380291536450386,0.4840090274810791
1787237611.0026112,-3.9048042760648767,-0.9311089727101304,0.0,-0.45502185821533203,10.62125015258789,0.014784444123506546,0.4876834750175476
1787237611.10209,-3.4057419703797773,-1.029575175717693,0.0,-0.4467815160751343,10.954785346984863,0.03212180361151695,0.5250204205513
1787237611.1025326,-3.9125383406950425,-0.9567641941608388,0.0,-0.3931373357772827,10.560125350952148,0.014659651555120945,0.5388209819793701
1787237611.2029035,-3.4143251479848975,-1.0653573408300625,0.0,-0.4402250051498413,10.932153701782227,0.03325797989964485,0.748509407043457
1787237611.2109375,-3.9203294554631056,-0.987231539627779,0.0,-0.19752979278564453,10.583150863647461,0.011807895265519619,0.7637030482292175
1787237611.5026865,-3.419995018729905,-1.1002492795602183,0.0,-0.3881007432937622,10.871582984924316,0.04143623635172844,0.4185680150985718
1787237611.5028722,-3.925725536740087,-1.0203703514680562,0.0,-0.17964839935302734,10.57986068725586,0.01372466329485178,0.4543912708759308
1787237611.8022127,-3.437813572893327,-1.206883708883639,0.0,-0.43454766273498535,11.001968383789062,0.04116727411746979,0.44345906376838684
1787237611.8025672,-3.9439460062911227,-1.1295923130958443,0.0,0.11934340000152588,10.839128494262695,0.012690105475485325,0.45466187596321106
1787237612.1030743,-3.454139264676014,-1.326944796577706,0.0,-0.4609525203704834,11.293190956115723,0.019529376178979874,0.3218485713005066
1787237612.1035879,-3.96113769604964,-1.2555543869649097,0.0,0.3116428852081299,10.821527481079102,0.032354023307561874,0.36149415373802185
1787237612.452238,-3.4738441698455427,-1.4563902864753886,0.0,-0.5962848663330078,11.977285385131836,0.03363495320081711,0.39562559127807617
1787237612.4526167,-3.9815327443594066,-1.3900856010596447,0.0,0.33167004585266113,11.116064071655273,0.0404195562005043,0.521339476108551
1787237612.7530272,-3.4927315600850926,-1.575439765357562,0.0,-0.7475316524505615,12.804710388183594,0.04059658572077751,0.5458472967147827
1787237612.7542195,-4.0027799120786085,-1.5307779401743202,0.0,0.4470646381378174,11.913662910461426,0.04324035346508026,0.6489145159721375
1787237613.1081932,-3.497136135837111,-1.6688260867643447,0.0,-0.9107589721679688,13.227235794067383,0.03000354766845703,0.018457191064953804
1787237613.1086676,-4.008417481190199,-1.641708087318663,0.0,0.47338008880615234,12.329602241516113,0.059305574744939804,0.034411024302244186
1787237613.4525979,-3.506060268850221,-1.834022278612823,0.0,-0.8789002895355225,14.183670043945312,0.03870241343975067,0.0899578183889389
1787237613.4530234,-4.017319809577307,-1.806496254280768,0.0,0.42068958282470703,13.112842559814453,0.04616622254252434,0.0877922847867012
1787237617.9028645,-3.516291660558882,-1.9988749267080859,0.0,-0.9249448776245117,14.321554183959961,0.036617763340473175,0.7058539986610413
1787237617.904448,-4.027477771970049,-1.9700173540393704,0.0,0.47519803047180176,14.188623428344727,0.0397055558860302,0.7302693724632263
1787237618.002977,-3.5126915639129486,-2.022365638848101,0.0,-0.937432050704956,14.126175880432129,0.0378296934068203,0.9101819396018982
1787237618.003121,-4.024344190870794,-2.0035085625334683,0.0,0.5491077899932861,14.36922550201416,0.04022473469376564,0.9269611835479736
1787237618.102808,-3.510190777410042,-2.051981806000919,0.0,-0.9592175483703613,14.181888580322266,0.04073910042643547,0.7731062173843384
1787237618.1029577,-4.021987454660294,-2.037554014915613,0.0,0.5863308906555176,14.523911476135254,0.03706777095794678,0.7895256876945496
1787237618.2028332,-3.5073623041858704,-2.0675625944204237,0.0,-0.9488165378570557,14.13755989074707,0.04283047094941139,0.8505228757858276
1787237618.2030416,-4.019323187014971,-2.06123373568849,0.0,0.5820989608764648,14.594423294067383,0.03885406628251076,0.8625714182853699
1787237618.2523386,-3.5021986937157368,-2.0856794385436315,0.0,-0.9600520133972168,14.065122604370117,0.06258995085954666,0.9322306513786316
1787237618.2628531,-4.014194252669634,-2.087811951494614,0.0,0.6199181079864502,14.797449111938477,0.037722084671258926,0.9399167895317078
1787237618.3028033,-3.501054445497197,-2.0957943687059077,0.0,-0.9388625621795654,14.113855361938477,0.06401926279067993,0.8240308165550232
1787237618.3031523,-4.013031382499317,-2.100653996050386,0.0,0.6199181079864502,14.797449111938477,0.037722084671258926,0.8378416299819946
1787237618.3534358,-3.5002619964729855,-2.10583054460334,0.0,-1.0147690773010254,14.042502403259277,0.05257206782698631,0.8093224763870239
1787237618.3536475,-4.012181546676318,-2.1149065635332938,0.0,0.630408525466919,14.88095474243164,0.03827837482094765,0.821398913860321
1787237618.4537024,-3.497308844943853,-2.113439782035169,0.0,-0.935971736907959,13.586443901062012,0.03137959912419319,0.8397701978683472
1787237618.4538667,-4.00910039530223,-2.1280483063195983,0.0,0.612407922744751,14.942604064941406,0.03812720254063606,0.8505048751831055
1787237618.5028057,-3.4912075853197346,-2.1281114001119406,0.0,-0.8858442306518555,13.259309768676758,0.026495758444070816,0.8822152614593506
1787237618.503055,-4.002629093492984,-2.152443292307148,0.0,0.6421804428100586,14.986247062683105,0.03672078996896744,0.8916754126548767
1787237618.5762515,-3.487780538593353,-2.136859882570239,0.0,-0.8605718612670898,13.291692733764648,0.027723565697669983,0.9036255478858948
1787237618.576712,-3.9989763659829825,-2.165544827392089,0.0,0.5570352077484131,15.085476875305176,0.035323791205883026,0.91347336769104
1787237618.6534276,-3.4844106695045682,-2.1475119883583558,0.0,-0.850290060043335,13.325661659240723,0.026589587330818176,0.9225289821624756
1787237618.6536202,-3.9953848117574675,-2.1799068328388227,0.0,0.5571842193603516,15.25251293182373,0.038068290799856186,0.9350564479827881
1787237618.7529862,-3.479992324086002,-2.1725766888117137,0.0,-0.8797049522399902,13.31496810913086,0.02851981297135353,0.8045432567596436
1787237618.753691,-3.990625173169936,-2.2099677764720687,0.0,0.5449354648590088,15.310752868652344,0.04012303799390793,0.7777535319328308
1787237618.8029704,-3.4775992654090384,-2.201797337937386,0.0,-0.8637011051177979,13.379770278930664,0.02962930127978325,0.9164158701896667
1787237618.8031847,-3.9883517214169304,-2.2375174818607584,0.0,0.5930066108703613,15.435081481933594,0.041480835527181625,0.9065850973129272
1787237619.1527567,-3.4769964639690967,-2.2170895787749396,0.0,-0.8947551250457764,13.445096969604492,0.02674330398440361,0.13877588510513306
1787237619.1531954,-3.9877763451542814,-2.252415390534167,0.0,0.622868537902832,15.482288360595703,0.038161635398864746,0.21616822481155396
1787237619.3524702,-3.468824571767827,-2.334116321337832,0.0,-0.8829832077026367,13.731914520263672,0.018368154764175415,0.27387309074401855
1787237619.3530233,-3.9801219213137258,-2.360930876104581,0.0,0.7665455341339111,16.097551345825195,0.036401327699422836,0.29952654242515564
1787237619.553249,-3.4621676140354527,-2.4264278615516215,0.0,-0.9023845195770264,14.019632339477539,0.018989767879247665,0.44552335143089294
1787237619.5534656,-3.973885149900914,-2.4434326693359,0.0,0.7684230804443359,16.351150512695312,0.03406837210059166,0.48490041494369507
1787237619.802506,-3.4581735661406214,-2.5106345082387387,0.0,-0.8518099784851074,14.349376678466797,0.021889857947826385,0.2684275805950165
1787237619.802939,-3.9701583374725664,-2.514583422542213,0.0,0.7802248001098633,16.53737449645996,0.041164129972457886,0.2911109924316406
1787237620.003096,-3.4561854411242847,-2.6208735248399786,0.0,-0.8027255535125732,15.351033210754395,0.03801215440034866,0.2839518189430237
1787237620.0032618,-3.968177259905526,-2.6179791335263327,0.0,0.7408559322357178,16.74175262451172,0.0439746230840683,0.33948343992233276
1787237620.202955,-3.455906736899633,-2.698843263825093,0.0,-0.7292628288269043,15.589469909667969,0.009757713414728642,0.28719469904899597
1787237620.203322,-3.967754553494958,-2.6863607702201135,0.0,0.7701218128204346,16.920148849487305,0.04552195221185684,0.2731979489326477
1787237620.6027253,-3.4553318476071153,-2.762694005124965,0.0,-0.796288251876831,15.870994567871094,0.0029710298404097557,0.42583271861076355
1787237620.6034586,-3.9670000179237066,-2.74426350093023,0.0,0.741809606552124,16.931224822998047,0.038216397166252136,0.43290287256240845
1787237620.9036286,-3.4551878946307273,-2.8829947343430535,0.0,-0.7789731025695801,16.399038314819336,0.012516843155026436,0.09310673922300339
1787237620.9038286,-3.966957549448799,-2.8676382892013144,0.0,0.6468892097473145,17.126768112182617,0.03354483097791672,0.08053348958492279
1787237621.2028983,-3.460510430137656,-3.0094071798429014,0.0,-0.7846355438232422,16.973703384399414,0.04241606220602989,0.08468028903007507
1787237621.2069461,-3.9721826216348357,-2.9910886523782483,0.0,0.5914270877838135,17.271333694458008,0.038959767669439316,0.08453276753425598
1787237621.5552764,-3.466644083519906,-3.150825122836152,0.0,-1.0468065738677979,17.75035285949707,0.034924108535051346,0.15528008341789246
1787237621.5555248,-3.9782668571344253,-3.1311747406773547,0.0,0.5881190299987793,17.566835403442383,0.04014735668897629,0.17573170363903046
1787237627.2038639,-3.4742128662933656,-3.420199355019185,0.0,-1.4143586158752441,18.495161056518555,0.018732717260718346,0.24133452773094177
1787237627.2043126,-3.985856770675026,-3.4011070762371576,0.0,0.3504455089569092,18.301433563232422,0.025909241288900375,0.24939660727977753
1787237627.4527154,-3.480014127287969,-3.548740906494374,0.0,-1.729339361190796,18.553977966308594,0.012821727432310581,0.0684540644288063
1787237627.456783,-3.991643268694353,-3.5292570243409833,0.0,0.08317828178405762,18.507259368896484,0.04609733074903488,0.09498876333236694
1787237627.6527529,-3.4849308908368086,-3.66271187677691,0.0,-1.953423023223877,18.387514114379883,0.012071875855326653,0.3647840619087219
1787237627.658827,-3.996357682848347,-3.638491298485152,0.0,0.044226646423339844,18.503082275390625,0.05753522738814354,0.408799409866333
1787237627.8036149,-3.488546760130171,-3.746957615312385,0.0,-2.077072858810425,18.270523071289062,0.014750542119145393,0.5698971748352051
1787237627.8041885,-3.999508665792909,-3.7143703331074525,0.0,0.03719329833984375,18.407791137695312,0.06675562262535095,0.6236873865127563
1787237627.9527366,-3.488152970237349,-3.800105713312929,0.0,-2.20412015914917,18.20541000366211,0.01308552548289299,0.2652224004268646
1787237627.9531562,-3.9980493814726743,-3.7537413971922726,0.0,-0.06508827209472656,18.40589714050293,0.05966773256659508,0.2987607717514038
1787237628.2033973,-3.491738961651357,-3.8477746344773847,0.0,-2.3494958877563477,18.0081787109375,0.013336669653654099,0.2434762567281723
1787237628.2050972,-4.000198420971323,-3.787666579875297,0.0,-0.16421079635620117,18.53179359436035,0.05630003660917282,0.28493228554725647
1787237628.5027285,-3.5024403703226956,-3.9350752308917802,0.0,-2.575606107711792,17.736005783081055,0.015688447281718254,0.162133127450943
1787237628.503122,-4.009736625754932,-3.865832836187154,0.0,-0.2492368221282959,18.527019500732422,0.05717909708619118,0.21422462165355682
1787237628.8029983,-3.516267055535106,-4.035520539924737,0.0,-2.811729907989502,17.587268829345703,0.014357133768498898,0.04573032259941101
1787237628.803521,-4.022368348428066,-3.9580254992313226,0.0,-0.48485398292541504,18.640655517578125,0.06504610180854797,0.10494255274534225
1787237629.1041334,-3.5331173155669453,-4.133019913548128,0.0,-2.871692180633545,17.213762283325195,0.00924919918179512,0.10633057355880737
1787237629.1045554,-4.038114303184107,-4.048627719018115,0.0,-0.5140304565429688,18.65278434753418,0.05639352276921272,0.11362210661172867
1787237629.4032154,-3.5577042790351547,-4.270066679869195,0.0,-2.779364585876465,16.41697883605957,0.013889224268496037,0.16416329145431519
1787237629.4039633,-4.062665168897322,-4.185458762334199,0.0,-0.6384551525115967,18.371761322021484,0.034071918576955795,0.1753944307565689
1787237629.7043533,-3.5842499948373128,-4.409997978359012,0.0,-2.431809902191162,15.306365966796875,0.011198682710528374,0.030039209872484207
1787237629.7045543,-4.0891325109172705,-4.324923628777185,0.0,-0.592648983001709,17.980182647705078,0.04952402785420418,0.02445434406399727
1787237630.052887,-3.6088955640869687,-4.550127716978997,0.0,-2.186000347137451,14.248525619506836,0.014259635470807552,0.17911477386951447
1787237630.055184,-4.113645726982371,-4.464271598635197,0.0,-0.35768747329711914,16.75548553466797,0.05186685919761658,0.20788508653640747
1787237639.9035952,-3.723095417337469,-4.786084850417567,0.0,-2.081155776977539,11.647928237915039,0.02851184457540512,0.2317059189081192
1787237639.9110773,-4.180061631505411,-4.555160882174731,0.0,0.24127960205078125,16.05007553100586,0.0640820637345314,0.20883502066135406
1787237640.853234,-3.947272716534104,-4.828703331336458,0.0,-0.8496642112731934,8.854568481445312,0.028660714626312256,0.4483209252357483
1787237640.853735,-4.169539625740884,-4.367464324885718,0.0,-0.48232078552246094,16.655141830444336,0.041683379560709,0.4318115711212158
1787237642.3034225,-4.191008816412539,-4.639930340864063,0.0,0.3751218318939209,12.26295280456543,0.04984840378165245,0.10042375326156616
1787237642.3047884,-3.9272668120016374,-4.201086228326001,0.0,-1.8008947372436523,15.137100219726562,0.04944324493408203,0.127780944108963
1787237659.1541708,-4.176216658840361,-4.2689647558788275,0.0,-0.038683414459228516,17.486942291259766,0.04191529005765915,0.2252090573310852
1787237659.1588817,-3.6647179425573855,-4.291615655217885,0.0,-2.8350353240966797,13.73605728149414,0.016392923891544342,0.2037663608789444
1787237659.4538345,-4.173753871372066,-4.176433229150438,0.0,-0.025212764739990234,17.609804153442383,0.050318047404289246,0.19125264883041382
1787237659.4596398,-3.662017523325294,-4.192862169705228,0.0,-2.9916763305664062,14.143657684326172,0.0017474410124123096,0.19016113877296448
1787237659.8555994,-4.168800085748136,-4.040135844968725,0.0,0.16826391220092773,17.25124740600586,0.055224254727363586,0.011449312791228294
1787237659.8570733,-3.657043874584454,-4.05593395673542,0.0,-2.98309326171875,14.805841445922852,0.02536596544086933,0.013136297464370728
1787237660.1562812,-4.163766702130696,-3.8515610195793513,0.0,0.394672155380249,16.973299026489258,0.05877167358994484,0.5730672478675842
1787237660.1565104,-3.652134709104099,-3.870969876104995,0.0,-2.6986300945281982,15.503847122192383,0.02432754449546337,0.5198538899421692
1787237660.4544985,-4.162499696228052,-3.720682282380922,0.0,0.022649765014648438,17.307870864868164,0.09347489476203918,0.08035895973443985
1787237660.4546583,-3.6512947039729093,-3.7492034305594255,0.0,-2.4497509002685547,16.81760597229004,0.018491486087441444,0.08650900423526764
1787237660.7539573,-4.1534058867233,-3.596772903842986,0.0,-0.26085972785949707,17.691856384277344,0.08102516829967499,0.20810528099536896
1787237660.7544038,-3.6420479155911942,-3.6224054097613783,0.0,-1.8432140350341797,19.10947608947754,0.02224031835794449,0.1537150740623474
1787237661.0541458,-4.15369610686626,-3.5108899982869883,0.0,-0.8864700794219971,18.37315559387207,0.1113169714808464,0.39746490120887756
1787237661.0546207,-3.641946795492806,-3.526910057862269,0.0,-1.541733741760254,20.222068786621094,0.04324866831302643,0.35637298226356506
1787237661.3542573,-4.149651396796405,-3.3835393308162405,0.0,-1.7444193363189697,18.6734561920166,0.028836548328399658,0.7223731279373169
1787237661.358759,-3.6378041797041307,-3.3960463830226453,0.0,-1.018911600112915,21.0869197845459,0.05139664188027382,0.7046815156936646
1787237661.6542912,-4.152984504270247,-3.3141563856134812,0.0,-1.7164945602416992,18.175804138183594,0.0058679962530732155,0.23104244470596313
1787237661.6552901,-3.641215777157521,-3.329543716422296,0.0,-0.7667839527130127,21.37204360961914,0.05198366194963455,0.2739615738391876
1787237662.0046325,-4.161082585329967,-3.289078483412933,0.0,-1.8275082111358643,18.115318298339844,0.01184810046106577,0.7661770582199097
1787237662.0048032,-3.6490880472326936,-3.291443427082396,0.0,-0.7003843784332275,21.634876251220703,0.0603557825088501,0.743357241153717
1787237662.3546085,-4.165937455877225,-3.2264317950648054,0.0,-1.8616020679473877,17.799102783203125,0.027235254645347595,0.8283012509346008
1787237662.3549578,-3.6539744338785707,-3.232585176737151,0.0,-0.4933476448059082,21.553564071655273,0.0680190920829773,0.7931833863258362
1787237662.6541853,-4.173933531627902,-3.171024256183904,0.0,-1.7397403717041016,16.936147689819336,0.02715972810983658,0.43831169605255127
1787237662.6545768,-3.662077691379112,-3.1831732809680315,0.0,-0.34627318382263184,21.283960342407227,0.05331448093056679,0.43181273341178894
1787237663.0039747,-4.173635537951907,-3.0732332887917417,0.0,-1.5945136547088623,15.677881240844727,0.023788873106241226,0.040625251829624176
1787237663.006954,-3.661776743875514,-3.0852572202062687,0.0,-0.052094459533691406,20.593660354614258,0.0477040559053421,0.0383526086807251
1787237663.4549136,-4.168662388295256,-2.9050922570417073,0.0,-1.3939738273620605,13.130199432373047,0.021125545725226402,0.09769893437623978
1787237663.4550776,-3.6568035451632905,-2.9171140999788867,0.0,0.3515779972076416,19.130521774291992,0.030742144212126732,0.09362109750509262
1787237668.6547728,-4.165896755429081,-2.757057945585326,0.0,-1.1447370052337646,10.969209671020508,0.020305635407567024,0.19540837407112122
1787237668.65493,-3.6540241806688547,-2.768480169901804,0.0,0.5917549133300781,18.172853469848633,0.026313351467251778,0.18494020402431488
1787237668.9543872,-4.162176945925646,-2.591262309920731,0.0,-1.0531842708587646,9.815454483032227,0.015174644999206066,0.5786348581314087
1787237668.957432,-3.6503533575052463,-2.6047015932522855,0.0,0.7128417491912842,16.981184005737305,0.036721017211675644,0.5293620824813843
1787237669.2548146,-4.1584256801068555,-2.4576563899676818,0.0,-1.046895980834961,9.580183029174805,0.025691865012049675,0.1870468109846115
1787237669.2549732,-3.6468660983842103,-2.4788883081041253,0.0,0.7154643535614014,16.658645629882812,0.036965057253837585,0.29022425413131714
1787237669.6046383,-4.1591034232923745,-2.351925418760178,0.0,-1.0197162628173828,9.003412246704102,0.03357451781630516,0.706657886505127
1787237669.6052728,-3.6491264463301865,-2.3973950016536714,0.0,0.7017552852630615,16.406160354614258,0.023724878206849098,0.6434023976325989
1787237669.954974,-4.155636008871403,-2.270174932344599,0.0,-1.1017024517059326,9.60850715637207,0.03904476761817932,0.42057231068611145
1787237669.955148,-3.646722048357544,-2.326304967032802,0.0,0.6725788116455078,16.28049659729004,0.0249051321297884,0.41061505675315857
1787237670.2551455,-4.1409638899442935,-2.1472335455317273,0.0,-1.1428296566009521,10.712135314941406,0.01462508924305439,0.30289265513420105
1787237670.2553399,-3.632066780637921,-2.2035161550982565,0.0,0.6420016288757324,15.89968204498291,0.02514682151377201,0.2915870249271393
1787237670.6548607,-4.1261440966305765,-2.0209935187059136,0.0,-1.2551546096801758,10.545706748962402,0.00937940925359726,0.21877916157245636
1787237670.6550145,-3.6174103779224476,-2.0787343487085943,0.0,0.5907416343688965,15.847235679626465,0.04884517565369606,0.2179451733827591
1787237670.954869,-4.110440993695188,-1.8720392426442027,0.0,-1.3149380683898926,10.317337036132812,0.02265126258134842,0.3204760253429413
1787237670.9550219,-3.6020438884524633,-1.9326724297682378,0.0,0.660926103591919,15.195679664611816,0.06933543086051941,0.3440656065940857
1787237671.2543836,-4.101316999089216,-1.7997740864316814,0.0,-1.3161897659301758,10.593997955322266,0.007591494359076023,0.295473575592041
1787237671.2548215,-3.592250606411375,-1.854504405688646,0.0,0.6676912307739258,14.573204040527344,0.06807424873113632,0.25974419713020325
1787237671.4551353,-4.090402947162255,-1.6781061147084313,0.0,-1.2849867343902588,10.984420776367188,0.023807959631085396,0.3951471447944641
1787237671.4553268,-3.5808174864416955,-1.7277715777810236,0.0,0.688016414642334,13.930344581604004,0.050324615091085434,0.3808232843875885
1787237671.8046331,-4.08032098558291,-1.5860626932355268,0.0,-1.3840794563293457,10.671377182006836,0.0335954912006855,0.2541925013065338
1787237671.8051283,-3.5706937036377457,-1.6352971679172366,0.0,0.5486607551574707,13.57918930053711,0.05556434765458107,0.23314383625984192
1787237672.1549268,-4.060954222711877,-1.42074379970971,0.0,-1.5797615051269531,10.226524353027344,0.025013957172632217,0.15990953147411346
1787237672.155511,-3.5514163677420396,-1.4708953136722738,0.0,0.26848912239074707,12.787521362304688,0.05098484456539154,0.14424286782741547
1787237676.707006,-4.042887845477847,-1.2579024786593858,0.0,-1.705259084701538,9.490097045898438,0.025398243218660355,0.12355585396289825
1787237676.7071881,-3.533391154712567,-1.3084704734706205,0.0,0.21967291831970215,12.110614776611328,0.046428754925727844,0.11787401139736176
1787237677.0049126,-4.0293239429722085,-1.1198184327163596,0.0,-1.8784701824188232,9.08041000366211,0.01377017330378294,0.38695192337036133
1787237677.0069628,-3.519817035114078,-1.1702833794105456,0.0,0.18209218978881836,11.965084075927734,0.05301683768630028,0.37515223026275635
1787237677.4049227,-4.018088231753851,-1.0043300348705588,0.0,-1.8979012966156006,8.65776538848877,0.010678575374186039,0.17557619512081146
1787237677.4055526,-3.5087055119796924,-1.0560334660476145,0.0,0.12379884719848633,12.041187286376953,0.047889940440654755,0.18564191460609436
1787237677.7050092,-4.005232036329929,-0.8640026304859013,0.0,-1.9674599170684814,8.323240280151367,0.005927559919655323,0.6651883125305176
1787237677.7054324,-3.4961042798109925,-0.9181591401776671,0.0,0.1684725284576416,12.029541015625,0.05107586458325386,0.6423949599266052
1787237678.0550969,-3.9987116146669837,-0.7723338544792275,0.0,-2.0546019077301025,8.354759216308594,0.007470365613698959,0.8628928661346436
1787237678.055864,-3.489896003097851,-0.8293485317433322,0.0,0.14495849609375,11.699544906616211,0.038960762321949005,0.7793834805488586
1787237678.4550111,-3.991131066727493,-0.6780773959075661,0.0,-1.9919872283935547,7.799661159515381,0.03260939568281174,0.9272570610046387
1787237678.455754,-3.4839608753455167,-0.7482371918990698,0.0,0.20453333854675293,11.494600296020508,0.0445074588060379,0.8864439725875854
1787237678.8049843,-3.985444030361039,-0.6062726699716136,0.0,-1.9653737545013428,7.463693618774414,0.03311079367995262,0.9336094856262207
1787237678.8109777,-3.4794323163106244,-0.6843504852827628,0.0,0.15047192573547363,11.314165115356445,0.05187026783823967,0.8873514533042908
1787237679.1547925,-3.9845022580225686,-0.558099103943046,0.0,-1.9392669200897217,7.023024559020996,0.03079576976597309,0.7367908954620361
1787237679.1571212,-3.4796994080386767,-0.6436448966399423,0.0,0.12511014938354492,11.004961013793945,0.07010338455438614,0.713537871837616
1787237679.4547448,-3.9738927897564205,-0.48216009463762194,0.0,-1.9321441650390625,6.671285629272461,0.02703554555773735,0.43583405017852783
1787237679.455185,-3.4698336023956573,-0.5719840092550936,0.0,0.10380148887634277,10.498213768005371,0.08457879722118378,0.41530516743659973
1787237679.754648,-3.95233290879087,-0.3684391194984623,0.0,-1.8197894096374512,5.871236324310303,0.028811538591980934,0.21116133034229279
1787237679.75515,-3.448679662984769,-0.46051196016811546,0.0,0.20322203636169434,9.681987762451172,0.08187928795814514,0.19950951635837555
1787237680.3052173,-3.927781484631332,-0.23421003427461687,0.0,-1.7261207103729248,4.790341854095459,0.021326038986444473,0.1605432629585266
1787237680.3056245,-3.4241791466450833,-0.32656091502182194,0.0,0.20694732666015625,8.692312240600586,0.07274376600980759,0.1467464119195938
1787237689.2552462,-3.4784243636124907,-0.0891800771955269,0.0,-0.47656893730163574,6.946969032287598,0.06663304567337036,0.20411084592342377
1787237689.2630687,-3.4956464411625063,-0.6008903468255796,0.0,-0.2624094486236572,10.22946834564209,0.11301188170909882,0.1434524953365326
1787237689.5553062,-3.3236729763240875,-0.09727710836432468,0.0,-0.7318258285522461,5.818605422973633,0.0638142004609108,0.0980059951543808
1787237689.5556796,-3.3449632727656775,-0.6088342637999898,0.0,-0.8306801319122314,8.736717224121094,0.10313910245895386,0.10095877945423126
1787237689.905594,-3.1906600610594906,-0.10488612465605746,0.0,-2.8372108936309814,3.694307804107666,0.059896741062402725,0.09708341211080551
1787237689.9068,-3.2136074222388964,-0.61637162651794,0.0,-2.8795599937438965,6.170237064361572,0.08801673352718353,0.08964357525110245
1787237690.205416,-3.025740412739865,-0.11332744825769214,0.0,-6.5468549728393555,0.8902072906494141,0.049965377897024155,0.07423895597457886
1787237690.2061841,-3.05040925055872,-0.6247328143232693,0.0,-5.718111991882324,3.0831456184387207,0.08845902979373932,0.08142541348934174
1787237690.5552642,-2.88630750730683,-0.1192929538774749,0.0,-9.238317489624023,0.1810014247894287,0.06040357053279877,0.1362667977809906
1787237690.5561697,-2.911894594441242,-0.6306531996650957,0.0,-7.7790021896362305,1.3405442237854004,0.014532237313687801,0.11232243478298187
1787237690.9054508,-2.7249683950304537,-0.12941045869718143,0.0,-11.190518379211426,0.4318654537200928,0.10864667594432831,0.022647015750408173
1787237690.9059336,-2.7513998055630453,-0.6407277579715729,0.0,-8.922189712524414,0.6969988346099854,0.07704928517341614,0.016720764338970184
1787237691.2125995,-2.571583610444892,-0.13882900557866923,0.0,-11.177987098693848,1.5364229679107666,0.07160378247499466,0.16500002145767212
1787237691.2130873,-2.6003399986727866,-0.6500208190265047,0.0,-7.83856201171875,1.7504453659057617,0.11406341940164566,0.15801122784614563
1787237691.5053837,-2.432703721905826,-0.14699817494157452,0.0,-11.042579650878906,2.305126190185547,0.0065945815294981,0.06843213737010956
1787237691.50696,-2.462675729760411,-0.6581201552409593,0.0,-7.061883926391602,2.4022340774536133,0.037651438266038895,0.045941174030303955
1787237691.8551824,-2.2930116656773554,-0.1546916157006632,0.0,-10.297879219055176,2.1054744720458984,0.008076163940131664,0.036257028579711914
1787237691.8633497,-2.3243953457906996,-0.6657288595709543,0.0,-6.9477410316467285,2.534055709838867,0.05505384877324104,0.03855753317475319
1787237692.2055264,-2.124932973933248,-0.16558177816875347,0.0,-10.136276245117188,1.962977647781372,0.0075818621553480625,0.003501348663121462
1787237692.2060277,-2.157648437420736,-0.6765354927543301,0.0,-7.158324241638184,2.5420546531677246,0.06280998140573502,0.0011673315893858671
1787237692.506499,-1.959663590146498,-0.17491008241275502,0.0,-10.186627388000488,1.9228339195251465,0.017063841223716736,0.10293295979499817
1787237692.5067446,-1.9934728290311658,-0.6857925888328118,0.0,-7.521420478820801,2.549225091934204,0.06793080270290375,0.08962616324424744
1787237692.8058167,-1.8220837148170588,-0.1857639108567547,0.0,-10.128900527954102,1.7562389373779297,0.019670886918902397,0.1481844186782837
1787237692.8061924,-1.8569984408314062,-0.6965720567465232,0.0,-7.787525653839111,2.4021148681640625,0.07840518653392792,0.13343694806098938
1787237693.155693,-1.6836493687612322,-0.1963260255386972,0.0,-10.100677490234375,1.7270863056182861,0.010091545060276985,0.0040587023831903934
1787237693.1562235,-1.719071961576737,-0.7070992040810193,0.0,-7.9346747398376465,2.35632061958313,0.06484673172235489,0.006921946536749601
1787237693.4555278,-1.5199248116308477,-0.2103530486616062,0.0,-9.536445617675781,1.4400303363800049,0.010550417937338352,0.11892014741897583
1787237693.4560156,-1.5571610367286748,-0.7209972139474381,0.0,-8.104935646057129,2.1598994731903076,0.07401451468467712,0.11404945701360703
1787237693.7562664,-1.3787448103928215,-0.2213691489946777,0.0,-9.088590621948242,1.2236833572387695,0.01264179591089487,0.05810471996665001
1787237693.7564404,-1.4172065418964515,-0.7319224715866892,0.0,-8.211106300354004,1.9475758075714111,0.0849379152059555,0.05129510909318924
1787237694.0553231,-1.236847966081665,-0.23388032909179002,0.0,-7.745906829833984,2.2258639335632324,0.018487598747015,0.04391276463866234
1787237694.0556812,-1.2757038539024812,-0.7444038055173665,0.0,-7.6355485916137695,1.7199933528900146,0.08532344549894333,0.014471148140728474
1787237694.405613,-1.0900635642688499,-0.24778511784237922,0.0,-5.6380181312561035,3.923153877258301,0.02112281695008278,0.04987525939941406
1787237694.4060519,-1.1304112250101983,-0.7581928629567153,0.0,-4.954189300537109,3.6510229110717773,0.08174403756856918,0.03847675770521164
1787237694.7053099,-0.9206254087899453,-0.2601660907961093,0.0,-2.402752637863159,7.290190696716309,0.017844684422016144,0.07972440123558044
1787237694.7057462,-0.9612895357878111,-0.7705487205705771,0.0,-2.300649881362915,6.213039398193359,0.06997033953666687,0.0858539491891861
1787237695.0565221,-0.7817016183974316,-0.27447690604260583,0.0,-1.0038167238235474,8.873063087463379,0.015663841739296913,0.03223355486989021
1787237695.056706,-0.8229673639251672,-0.7848112457122387,0.0,-0.5154460668563843,8.032685279846191,0.05484514310956001,0.02126866951584816
1787237695.406067,-0.612501549650389,-0.2897003386631121,0.0,-0.4430115222930908,9.721726417541504,0.02853986993432045,0.04269097000360489
1787237695.4062355,-0.654817544536351,-0.7999486670060978,0.0,1.0154247283935547,9.766471862792969,0.03938208147883415,0.0381220318377018
1787237695.756349,-0.4522298242891919,-0.3027343656148678,0.0,-0.4817843437194824,9.174966812133789,0.046501681208610535,0.4093286991119385
1787237695.7565594,-0.4950420996227902,-0.8129412933224012,0.0,0.9649395942687988,9.479069709777832,0.0585005059838295,0.3761225640773773
1787237697.006825,-0.493931786386772,-0.25069454095095517,0.0,-0.48226118087768555,10.131919860839844,0.036858249455690384,0.5362691283226013
1787237697.007382,-0.2587445942760342,-0.705481287313541,0.0,0.2753138542175293,8.071172714233398,0.0389932356774807,0.6862393021583557
1787237697.3557146,-0.4718116352246391,-0.22152183435531017,0.0,-0.6629526615142822,10.376745223999023,0.037690017372369766,0.4384216368198395
1787237697.3561022,-0.20871213137075964,-0.6607514452330862,0.0,0.0018477439880371094,7.531416416168213,0.03616505116224289,0.5551797747612
1787237698.5556262,-0.5902363469599429,-0.23788963163717503,0.0,-0.5469024181365967,9.774231910705566,0.011278660967946053,0.5574211478233337
1787237698.5560377,-0.11615005372043774,-0.43124471060441083,0.0,-0.21722912788391113,8.219796180725098,0.008521557785570621,0.6561448574066162
1787237698.8555725,-0.5939143388511252,-0.20826800467601286,0.0,-0.5087852478027344,10.110437393188477,0.011927551589906216,0.26732224225997925
1787237698.8560126,-0.11139914327935402,-0.3795078541338284,0.0,-0.2900063991546631,8.22790241241455,0.013093429617583752,0.32478097081184387
1787237699.0557625,-0.5685740989934034,-0.11508865173483279,0.0,-0.5875229835510254,10.388124465942383,0.023295439779758453,0.6435262560844421
1787237699.0632308,-0.0799045327514471,-0.2678828107491691,0.0,-0.4914700984954834,8.983570098876953,0.031743139028549194,0.8049076199531555
1787237703.0056353,-0.6940910525949909,-0.4639029647508566,0.0,-0.04023313522338867,7.778537273406982,0.00866678450256586,0.05772227421402931
1787237703.006193,-0.4183439751582737,-0.032501122746086075,0.0,-0.9972751140594482,10.57729721069336,0.04089907929301262,0.04799452796578407
1787237703.556561,-0.5700161621988655,-0.5491077005949174,0.0,0.05710124969482422,7.509207725524902,0.031745824962854385,0.8289698958396912
1787237703.556718,-0.29490559955881973,-0.11729966648267731,0.0,-0.919342041015625,10.494529724121094,0.039684828370809555,1.107117772102356
1787237705.905824,-0.4662381196736945,-0.7071763537683238,0.0,0.6244778633117676,9.119033813476562,0.04564834013581276,0.01945720985531807
1787237705.9066646,-0.4221803566473831,-0.19707546814164956,0.0,-0.6642043590545654,10.248064994812012,0.042182013392448425,0.011001000180840492
1787237706.2058063,-0.629042503720913,-0.6921283831673523,0.0,0.7092952728271484,9.440385818481445,0.03867668658494949,0.19132642447948456
1787237706.206822,-0.5855388899776873,-0.18197993850513428,0.0,-0.722348690032959,10.939955711364746,0.031464673578739166,0.20927739143371582
1787237706.5068665,-0.7620030696094336,-0.6784865231829674,0.0,-0.15339255332946777,8.636039733886719,0.033416640013456345,0.09441462904214859
1787237706.5080175,-0.7205094605932184,-0.16817065980930213,0.0,-1.0568797588348389,10.643970489501953,0.022499961778521538,0.10285472869873047
1787237706.8557818,-0.8985107888248972,-0.6636637523108788,0.0,-1.6088783740997314,7.352685928344727,0.04567215219140053,0.10097680240869522
1787237706.856122,-0.8577632283138464,-0.1532877768649354,0.0,-2.502903461456299,8.895665168762207,0.02312399446964264,0.09029089659452438
1787237707.205971,-1.0575328181396022,-0.6486062875309411,0.0,-5.22245454788208,4.084122180938721,0.03412345424294472,0.04832839593291283
1787237707.2075942,-1.018750787613764,-0.1380771952077975,0.0,-5.7256669998168945,5.801385879516602,0.05193594470620155,0.027420805767178535
1787237707.5062146,-1.2205036872253825,-0.6329757004486118,0.0,-8.701935768127441,1.2521922588348389,0.03467245027422905,0.11737712472677231
1787237707.506375,-1.1818744683250932,-0.12243502288495928,0.0,-8.530035972595215,2.9013097286224365,0.0690949335694313,0.1324123591184616
1787237707.8560798,-1.360157565653865,-0.6207702638945343,0.0,-10.338112831115723,0.07971525192260742,0.04018167033791542,0.06813894957304001
1787237707.8568878,-1.322785200209285,-0.11013604422151163,0.0,-10.476962089538574,0.8821010589599609,0.04472815990447998,0.05988379940390587
1787237708.156002,-1.5216425350708829,-0.6049390547550653,0.0,-10.993062973022461,-0.16822218894958496,0.03984472155570984,0.07039592415094376
1787237708.1565263,-1.4854097985902024,-0.09422270607693489,0.0,-11.037052154541016,0.7685542106628418,0.07166251540184021,0.07893415540456772
1787237708.4559855,-1.6598765508800977,-0.5926195253863209,0.0,-10.867177963256836,-0.517052412033081,0.03797762095928192,0.0895359218120575
1787237708.456499,-1.624116702148596,-0.08186984773718126,0.0,-11.04460620880127,0.5205035209655762,0.06186344102025032,0.0889480710029602
1787237708.8059769,-1.8006349787325395,-0.5789534559259142,0.0,-10.982409477233887,-0.6070196628570557,0.023931575939059258,0.0010587513679638505
1787237708.806461,-1.7657695510265223,-0.06814194279129776,0.0,-11.005952835083008,0.22012591361999512,0.06666017323732376,8.414234798692632e-06
1787237709.1059601,-1.961979139231661,-0.5670654689146826,0.0,-10.93152141571045,-0.7806360721588135,0.0046551963314414024,0.0650213360786438
1787237709.1067786,-1.9263052685802389,-0.05630977883111077,0.0,-11.09936809539795,-0.05657672882080078,0.06132137402892113,0.05279048532247543
1787237709.4065413,-2.102817907820484,-0.5562677013151556,0.0,-11.025369644165039,-0.7932841777801514,0.016801223158836365,0.09114490449428558
1787237709.4067292,-2.0672586586997928,-0.04550401838343737,0.0,-11.214926719665527,-0.12268424034118652,0.0678621456027031,0.09658181667327881
1787237709.7069993,-2.242718382359927,-0.5466077742249034,0.0,-10.783672332763672,-1.2386083602905273,0.013027843087911606,0.07163833826780319
1787237709.7071743,-2.2076350787096075,-0.03581117889073371,0.0,-11.178955078125,-0.4200875759124756,0.07493435591459274,0.07503526657819748
1787237710.0070913,-2.3837938051424086,-0.5340476563048875,0.0,-10.56474494934082,-1.520770788192749,0.0061193848960101604,0.0645398199558258
1787237710.0073578,-2.348441203028985,-0.023269628660970543,0.0,-11.129081726074219,-0.6268978118896484,0.07421524077653885,0.07911796122789383
1787237710.3066585,-2.5247478055550996,-0.5238692468920916,0.0,-10.2826509475708,-1.6041040420532227,0.013803176581859589,0.08079538494348526
1787237710.306874,-2.4895480312686864,-0.01308066451168488,0.0,-10.852590560913086,-0.904548168182373,0.06470690667629242,0.08133348077535629
1787237710.6060007,-2.6643459458794307,-0.5140083624888998,0.0,-9.760231018066406,-1.5716135501861572,0.00948090385645628,0.06997906416654587
1787237710.607276,-2.6291801651626603,-0.003217438659413596,0.0,-10.473221778869629,-1.056993007659912,0.06260186433792114,0.05791925638914108
1787237710.9560125,-2.8053030790245073,-0.5034681314691101,0.0,-8.170038223266602,-0.04302859306335449,0.007589271292090416,0.06421972066164017
1787237710.9563727,-2.769722676545859,0.007294078330575077,0.0,-8.735150337219238,-0.24349093437194824,0.06862367689609528,0.062459707260131836
1787237711.255944,-2.9685895211136186,-0.4914599611839111,0.0,-5.183115482330322,3.0065417289733887,0.014417746104300022,0.08419973403215408
1787237711.256344,-2.9334610234128276,0.019333528055415078,0.0,-5.751416206359863,1.7167448997497559,0.06939322501420975,0.10067929327487946
1787237711.5566382,-3.109725587885093,-0.48175689522627696,0.0,-3.3143460750579834,5.300909042358398,0.012278747744858265,0.09176041930913925
1787237711.55683,-3.0741998713564587,0.029009121130652543,0.0,-3.146618604660034,3.4728407859802246,0.06742925196886063,0.06555444747209549
1787237711.8558762,-3.2479310036035005,-0.47147234439117724,0.0,-1.840144395828247,7.257449626922607,0.004911212250590324,0.07578230649232864
1787237711.856261,-3.2123356647993053,0.03928882470394354,0.0,-0.9375512599945068,5.131244659423828,0.05363113433122635,0.07191449403762817
1787237712.2060935,-3.3887570797771525,-0.46122174082425926,0.0,-1.4422237873077393,8.218181610107422,0.006670151371508837,0.02261892892420292
1787237712.2064216,-3.3527621537045715,0.04951142365307279,0.0,0.14889240264892578,6.167101860046387,0.03437138348817825,0.021151596680283546
1787237712.5065389,-3.548835267047706,-0.4498335716187954,0.0,-1.607954502105713,7.58054256439209,0.002074548974633217,0.14445805549621582
1787237712.5070117,-3.51135980439782,0.06079309209861855,0.0,-0.09965896606445312,6.156504154205322,0.03311450406908989,0.15603849291801453
1787237713.1561482,-3.6877228835581715,-0.4399935206551129,0.0,-1.7345845699310303,7.528722286224365,0.006023531313985586,0.45217856764793396
1787237713.1595998,-3.649379184574191,0.07056868001021846,0.0,-0.24566054344177246,5.5391669273376465,0.03611531853675842,0.4301268756389618
1787237718.7569196,-3.3990567975708275,-0.5056663312653344,0.0,-1.1770129203796387,6.279194355010986,0.006601080298423767,0.04834003001451492
1787237718.7570832,-3.8582151872559254,-0.27913250778242016,0.0,-0.950932502746582,1.006925106048584,0.017468398436903954,0.0012615323066711426
1787237718.8567638,-3.4352538780530786,-0.536250393197969,0.0,-1.2548267841339111,7.159566879272461,0.01613939180970192,0.27148401737213135
1787237718.856929,-3.878898667904463,-0.2806661596511379,0.0,-0.9515583515167236,1.267397403717041,0.005798107013106346,0.23559309542179108
1787237718.956328,-3.4602102746412617,-0.5620792005453221,0.0,-1.3044774532318115,7.666575908660889,0.031128671020269394,0.29509663581848145
1787237718.9565735,-3.895872821361823,-0.2931142485813994,0.0,-1.0293424129486084,1.6440868377685547,0.00040431745583191514,0.26820239424705505
1787237719.1061962,-3.4874866163293747,-0.5960178898085347,0.0,-1.356273889541626,8.49919319152832,0.039028529077768326,0.3919110894203186
1787237719.1066353,-3.9161462426937623,-0.31602695294602945,0.0,-1.043379306793213,2.113938331604004,0.014410286210477352,0.38947367668151855
1787237719.5570917,-3.526558623068045,-0.6504434156844101,0.0,-1.4171600341796875,8.980899810791016,0.02810315601527691,0.7722518444061279
1787237719.5572865,-3.9514594942929806,-0.36478059060510293,0.0,-1.1252164840698242,3.6960363388061523,0.008538478054106236,0.7574343085289001
1787237731.3068469,-3.428583485694595,-0.6827219450190302,0.0,-1.112431287765503,8.916986465454102,0.02370298095047474,0.5825270414352417
1787237731.3116791,-3.936868681552324,-0.6211576723288573,0.0,-1.212000846862793,8.920896530151367,0.013529091142117977,0.6439878344535828
1787237731.6074598,-3.436353195025056,-0.7966522798188236,0.0,-0.8881986141204834,9.395652770996094,0.02341645583510399,0.21322213113307953
1787237731.6076748,-3.9456166957786607,-0.7437874824562749,0.0,-0.8949339389801025,9.536260604858398,0.007221071049571037,0.222360759973526
1787237731.956987,-3.4477776451037334,-0.9265198860378333,0.0,-0.8578300476074219,9.287935256958008,0.020409587770700455,0.1811547428369522
1787237731.9575174,-3.9571638356801113,-0.8748506606702499,0.0,-0.7128715515136719,10.119390487670898,0.020093146711587906,0.1774854212999344
1787237732.3069103,-3.4598705134733225,-1.0590626172609834,0.0,-1.0140538215637207,9.556997299194336,0.02474922128021717,0.06381966918706894
1787237732.3074422,-3.9693449241377565,-1.0082706407476787,0.0,-0.7767081260681152,11.319219589233398,0.0380987823009491,0.02115192823112011
1787237732.609092,-3.467637548746544,-1.1701796287813857,0.0,-1.139909029006958,10.06416130065918,0.03398557007312775,0.14161403477191925
1787237732.610243,-3.9765164898105416,-1.113732987237499,0.0,-0.7187426090240479,11.809974670410156,0.05606391280889511,0.0956323891878128
1787237733.0070431,-3.4743044659848636,-1.2626692762978189,0.0,-1.1760294437408447,10.297745704650879,0.03920700401067734,0.12379037588834763
1787237733.0108979,-3.9818404023808776,-1.1952061510617213,0.0,-0.5736649036407471,12.34900951385498,0.07135075330734253,0.11462379992008209
1787237733.306781,-3.492204273909097,-1.41487404899485,0.0,-1.1803805828094482,11.25990104675293,0.03676043450832367,0.5279960036277771
1787237733.3074367,-3.999826901839675,-1.3480663577246508,0.0,-0.18861889839172363,12.983358383178711,0.05007074773311615,0.5464354157447815
1787237733.6076922,-3.5026855994986237,-1.507460638163021,0.0,-1.1301636695861816,11.636531829833984,0.05454845353960991,0.7159358263015747
1787237733.6078994,-4.010612722501643,-1.4430088133798875,0.0,0.048667192459106445,12.594377517700195,0.04401949420571327,0.7514926791191101
1787237734.0078144,-3.507734223374059,-1.5849980479305348,0.0,-0.9619593620300293,12.105298042297363,0.06478941440582275,0.8913030028343201
1787237734.0080245,-4.016340503072839,-1.5261452463747376,0.0,0.3059506416320801,12.146759033203125,0.03654097765684128,0.9219245910644531
1787237734.3068182,-3.5049158566847343,-1.6285528920405516,0.0,-0.8613169193267822,12.31691837310791,0.06916411221027374,0.8568386435508728
1787237734.3072183,-4.014106346363101,-1.5749894229491566,0.0,0.4278719425201416,12.065780639648438,0.031143980100750923,0.8716903328895569
1787237734.6088912,-3.5025648682295545,-1.6647560927301008,0.0,-0.8076727390289307,12.15829849243164,0.05869153141975403,0.568303644657135
1787237734.6091292,-4.011986465211556,-1.6134371242261663,0.0,0.4837214946746826,12.166940689086914,0.03275343030691147,0.6237938404083252
1787237735.0070014,-3.4935957966684947,-1.6598069753646136,0.0,-0.8445084095001221,11.644530296325684,0.054127831012010574,0.37761390209198
1787237735.0108342,-4.003816687474356,-1.617161429462683,0.0,0.5204081535339355,12.183368682861328,0.041119884699583054,0.3494455814361572
1787237735.3068943,-3.495780179650226,-1.743691942889087,0.0,-0.7228553295135498,11.97618293762207,0.0380360372364521,0.09892639517784119
1787237735.3073466,-4.00576201902805,-1.6982769287989052,0.0,0.5783438682556152,12.375330924987793,0.036892250180244446,0.10668439418077469
1787237735.6077323,-3.5113427776188653,-1.8936405397643297,0.0,-0.8788406848907471,13.111198425292969,0.0244218111038208,0.15538738667964935
1787237735.6079228,-4.021286352958321,-1.8477978743748453,0.0,0.6834566593170166,12.93832015991211,0.040656015276908875,0.15106171369552612
1787237739.5567956,-3.5256784205912246,-2.139627265815378,0.0,-0.9357631206512451,13.604747772216797,0.02648318186402321,0.11837273836135864
1787237739.5572603,-4.03555829190356,-2.0930814085290845,0.0,0.8177459239959717,13.751596450805664,0.04399488866329193,0.1161852478981018
1787237739.8579133,-3.539992192606835,-2.2917217693167165,0.0,-0.8519589900970459,14.032506942749023,0.025159893557429314,0.09717144072055817
1787237739.8580453,-4.049734549254987,-2.243693341913898,0.0,1.0868608951568604,13.868874549865723,0.05087951943278313,0.08136177808046341
1787237740.157241,-3.5515985347834182,-2.4172385839438832,0.0,-0.825345516204834,14.607715606689453,0.00453823572024703,0.08155516535043716
1787237740.1578221,-4.060966751754357,-2.3653924699154723,0.0,1.3638734817504883,14.226329803466797,0.05072822794318199,0.05571020767092705
1787237740.407039,-3.5607815324841487,-2.535208268620089,0.0,-0.6732344627380371,15.419072151184082,0.010221486911177635,0.5508997440338135
1787237740.4075005,-4.069689371356757,-2.4790227586196347,0.0,1.3599097728729248,14.523964881896973,0.04044055566191673,0.5996297597885132
1787237740.6575313,-3.563511853094622,-2.6163041453916285,0.0,-0.556260347366333,15.684109687805176,0.01796638034284115,0.005061105825006962
1787237740.6584053,-4.0707857496673405,-2.5468981380440545,0.0,1.4188885688781738,14.600175857543945,0.02479448728263378,0.05720491707324982
1787237740.8575206,-3.5694315324117696,-2.6865780794106273,0.0,-0.5319118499755859,15.87209701538086,0.011676832102239132,0.2590099275112152
1787237740.8577087,-4.074837690070136,-2.604671939219511,0.0,1.4212429523468018,14.605522155761719,0.02769085392355919,0.32117220759391785
1787237741.307132,-3.568932258636897,-2.7306019868165845,0.0,-0.5399584770202637,15.794486045837402,0.031021248549222946,0.3754900097846985
1787237741.3114223,-4.071968887818419,-2.6352177653662214,0.0,1.3473331928253174,14.843916893005371,0.04123649746179581,0.39873436093330383
1787237741.6071565,-3.5879923327301504,-2.8746659103053216,0.0,-0.7281005382537842,16.197072982788086,0.04001660272479057,0.37866175174713135
1787237741.60997,-4.092039369015919,-2.784773834950854,0.0,1.353532075881958,15.216171264648438,0.025042690336704254,0.47156912088394165
1787237741.9073122,-3.60101510786888,-2.9680459932097873,0.0,-0.8144378662109375,16.409414291381836,0.024796294048428535,0.4376746714115143
1787237741.9077733,-4.107459404539143,-2.8928251558695743,0.0,1.2952983379364014,15.510397911071777,0.02125217765569687,0.518840491771698
1787237742.2084332,-3.6085548677313577,-3.055751946668972,0.0,-0.9461045265197754,16.73367691040039,0.049036163836717606,0.574373185634613
1787237742.2086444,-4.116666867633077,-2.9927742080951316,0.0,1.1428296566009521,15.800464630126953,0.06191252917051315,0.6228607296943665
1787237742.607512,-3.614545487805463,-3.1489526387566706,0.0,-1.2835264205932617,16.923368453979492,0.046522803604602814,0.0727033019065857
1787237742.6083157,-4.123522940803641,-3.0934012900827894,0.0,1.0723769664764404,15.943842887878418,0.0697774812579155,0.07532662898302078
1787237742.9071653,-3.6323454904751333,-3.3305475823147708,0.0,-1.9292831420898438,16.88935089111328,0.01915396936237812,0.18719850480556488
1787237742.9119139,-4.141584997343682,-3.277452152716009,0.0,0.607222318649292,16.574018478393555,0.0774550512433052,0.19450733065605164
1787237746.25727,-3.6554014178775973,-3.5598824075405524,0.0,-2.6304125785827637,16.50503921508789,0.02966972254216671,0.11162097752094269
1787237746.2582915,-4.164551867417103,-3.5059396625814836,0.0,0.12201070785522461,16.855161666870117,0.05041661858558655,0.12482191622257233
1787237746.9578197,-3.672430088868814,-3.70803096434487,0.0,-2.872943878173828,16.480737686157227,0.0197805967181921,0.5367780923843384
1787237746.9579754,-4.181491960834723,-3.6532586126465483,0.0,0.016510486602783203,17.275232315063477,0.055085863918066025,0.5419327616691589
1787237747.0073042,-3.681023804971928,-3.811790690678863,0.0,-2.9423534870147705,16.465885162353516,0.00943741388618946,0.622003972530365
1787237747.0077002,-4.190930817017844,-3.7655431062402567,0.0,-0.11721253395080566,17.704790115356445,0.05144953727722168,0.6384701728820801
1787237747.1078238,-3.6781393626948775,-3.827437932883266,0.0,-2.9481351375579834,16.521608352661133,0.008178302086889744,0.14091305434703827
1787237747.1079586,-4.188664825238654,-3.7886081492827386,0.0,-0.13500452041625977,17.98592758178711,0.048163190484046936,0.17824172973632812
1787237747.1580343,-3.6728739184398456,-3.8657709007349856,0.0,-2.8994381427764893,16.517818450927734,0.012045294977724552,0.40493232011795044
1787237747.158192,-4.184356005053051,-3.8427475414275003,0.0,-0.0909566879272461,18.221776962280273,0.05329752713441849,0.4230763018131256
1787237747.2081034,-3.674127442297961,-3.882723136715857,0.0,-2.9150545597076416,16.53997230529785,0.009885058738291264,0.5454428791999817
1787237747.2083707,-4.1859832993389245,-3.8705748194307033,0.0,-0.06777048110961914,18.31537437438965,0.05041723698377609,0.5619865655899048
1787237747.2573037,-3.671711154301766,-3.8981094461685326,0.0,-2.896428108215332,16.547590255737305,0.011637808755040169,0.49498942494392395
1787237747.2576842,-4.183711034606429,-3.8977593490221154,0.0,-0.10350346565246582,18.40835189819336,0.053036149591207504,0.5132161974906921
1787237747.3576486,-3.668437346113547,-3.9138236830473114,0.0,-2.8526484966278076,16.5654354095459,0.012019233778119087,0.4103986322879791
1787237747.3578036,-4.180323066663366,-3.9246407573834206,0.0,-0.13211369514465332,18.521326065063477,0.0526571124792099,0.4329584836959839
1787237747.4579787,-3.662928866600263,-3.9411092887315595,0.0,-2.820134162902832,16.590898513793945,0.010679156519472599,0.5925862789154053
1787237747.4581385,-4.174159433632568,-3.969168286073387,0.0,-0.26097893714904785,18.698013305664062,0.054143209010362625,0.6081411242485046
1787237749.4573693,-3.6089855572941865,-3.8384174266593445,0.0,-2.6232898235321045,16.395366668701172,0.024408474564552307,0.22298136353492737
1787237749.4579778,-4.053085087432892,-4.09321069056281,0.0,-1.7297565937042236,17.387807846069336,0.051873579621315,0.24587665498256683
1787237750.2074714,-3.6155213384339198,-3.7020377466335983,0.0,-2.871394157409668,15.3057279586792,0.037830788642168045,0.3036918044090271
1787237750.207885,-3.914772977634763,-4.117480229338013,0.0,-2.505958080291748,16.461158752441406,0.0386095754802227,0.3238016963005066
1787237752.8581626,-4.064260811238897,-3.50495869696521,0.0,-0.6257891654968262,16.903793334960938,0.05376813933253288,0.4174574613571167
1787237752.858781,-3.6123184963926898,-3.745566560617775,0.0,-2.6355385780334473,16.15104103088379,0.010583114810287952,0.43479490280151367
1787237759.0576556,-4.202695746246343,-3.590408832822848,0.0,0.18039345741271973,16.87188720703125,0.05720246583223343,0.7953678369522095
1787237759.0581348,-3.6907317260483876,-3.5964785958122665,0.0,-2.819955348968506,16.378646850585938,0.022047623991966248,0.7710584402084351
1787237759.4577975,-4.209079010290671,-3.5231929413660485,0.0,0.22074580192565918,16.508256912231445,0.05248474329710007,0.9557788968086243
1787237759.4581585,-3.6971741151856095,-3.5330609891707394,0.0,-2.7660727500915527,16.413074493408203,0.022300200536847115,0.9459141492843628
1787237759.7579386,-4.215946666550157,-3.512939252340694,0.0,0.2817809581756592,16.330718994140625,0.058687515556812286,0.7310103178024292
1787237759.7587974,-3.704082257759172,-3.5247217398987165,0.0,-2.9290318489074707,16.257286071777344,0.029958995059132576,0.7394878268241882
1787237760.0576928,-4.220440859478687,-3.4887611700297243,0.0,0.341564416885376,16.268295288085938,0.05874306336045265,0.27650392055511475
1787237760.058353,-3.708528517049219,-3.4982350112978886,0.0,-2.9623806476593018,16.152423858642578,0.023597167804837227,0.2707650661468506
1787237760.4576538,-4.221403319918587,-3.3691212875026078,0.0,0.5870163440704346,15.830326080322266,0.06197485327720642,0.47661805152893066
1787237760.4583366,-3.7094950672919014,-3.378813598511495,0.0,-3.068774938583374,16.40230941772461,0.02759663760662079,0.44327738881111145
1787237760.7578108,-4.221869151806135,-3.235972535046507,0.0,0.9349286556243896,15.163373947143555,0.06834352761507034,0.7384015917778015
1787237760.7582254,-3.7101604651955435,-3.2532415838698654,0.0,-3.1110942363739014,16.502498626708984,0.029167823493480682,0.7176244258880615
1787237761.057873,-4.225139455983206,-3.1622113812490507,0.0,1.1292695999145508,14.704471588134766,0.06568323075771332,0.38050398230552673
1787237761.0586822,-3.713542874609583,-3.1825322554138533,0.0,-2.9838383197784424,16.59412384033203,0.02247694879770279,0.27761974930763245
1787237761.4578166,-4.228385811736979,-3.0862471082440477,0.0,1.0437965393066406,14.247215270996094,0.07164183259010315,0.05703515186905861
1787237761.45822,-3.7176523300463917,-3.1222375330847,0.0,-2.8980672359466553,16.618896484375,0.019452573731541634,0.06590858846902847
1787237761.7577686,-4.211559450263969,-2.9178318162077233,0.0,0.6833374500274658,13.07552433013916,0.05944639816880226,0.1009526401758194
1787237761.7581658,-3.7010510162090173,-2.956884841170732,0.0,-1.4809966087341309,16.629392623901367,0.026604080572724342,0.09468693286180496
1787237762.0579457,-4.1978105078835135,-2.772006493657786,0.0,-0.022411346435546875,12.711215019226074,0.027317289263010025,0.28584372997283936
1787237762.0584779,-3.687277957463089,-2.8107429746700907,0.0,-0.16772747039794922,16.44887351989746,0.046186503022909164,0.2697882056236267
1787237762.4086082,-4.186737553817935,-2.6346375667015107,0.0,-0.6360113620758057,12.825417518615723,0.009150408208370209,0.1362617164850235
1787237762.4087927,-3.67626533153133,-2.67416110745603,0.0,0.2396702766418457,16.347885131835938,0.05652036517858505,0.12039220333099365
1787237766.6954467,-4.166737202480546,-2.358138002936278,0.0,-1.2653172016143799,12.311244010925293,0.036282751709222794,0.2549033463001251
1787237766.7216308,-3.656446950986924,-2.399945409344439,0.0,0.3657341003417969,15.856695175170898,0.02385173738002777,0.21796266734600067
1787237766.7437317,-4.15748765460392,-2.2321221997771477,0.0,-1.4160871505737305,12.193405151367188,0.04376121237874031,0.47430670261383057
1787237766.7442915,-3.646948283492263,-2.270768681439955,0.0,0.3636777400970459,15.585822105407715,0.04059655964374542,0.46331602334976196
1787237766.9082105,-4.151995706828846,-2.1658451283455262,0.0,-1.5804469585418701,12.23503303527832,0.031481802463531494,0.2917558550834656
1787237766.9144533,-3.641341615302191,-2.202944977497334,0.0,0.44724345207214355,15.39950942993164,0.04507055878639221,0.24967911839485168
1787237767.2082765,-4.143216171675529,-2.042991443202142,0.0,-1.6994774341583252,11.924290657043457,0.01755675859749317,0.1289646029472351
1787237767.2091212,-3.6321953380360807,-2.0746412076000555,0.0,0.45439600944519043,15.123414993286133,0.054726116359233856,0.08419393748044968
1787237767.5589342,-4.1379117648544055,-1.943797394969949,0.0,-1.626133918762207,11.207818984985352,0.022316519170999527,0.45236626267433167
1787237767.559143,-3.6264995991076034,-1.9683248637787212,0.0,0.42638182640075684,14.716911315917969,0.0607016496360302,0.45462533831596375
1787237767.8583837,-4.136411862672474,-1.8459822211083696,0.0,-1.6070008277893066,10.386884689331055,0.03478136658668518,0.7483769059181213
1787237767.8631089,-3.624932513045402,-1.8690663044791287,0.0,0.33468008041381836,14.405977249145508,0.06604178249835968,0.667596697807312
1787237768.1582642,-4.137770736612684,-1.7631565293352616,0.0,-1.6793608665466309,9.795355796813965,0.029169626533985138,0.2774907350540161
1787237768.1599665,-3.6270004240192715,-1.7986204232729988,0.0,0.3377199172973633,14.103198051452637,0.06978998333215714,0.2442859411239624
1787237768.3587804,-4.1279121058457395,-1.632408020723274,0.0,-1.7459392547607422,8.941888809204102,0.015299821272492409,0.2817240357398987
1787237768.3593657,-3.616886542714554,-1.6639813294896073,0.0,0.3896057605743408,13.356626510620117,0.06595925986766815,0.23547659814357758
1787237768.5087667,-4.125842313865224,-1.5776096267810276,0.0,-1.72463059425354,8.635473251342773,0.01710163615643978,0.8235312104225159
1787237768.5089357,-3.614125177154566,-1.594626441895669,0.0,0.35879015922546387,13.068985939025879,0.06617860496044159,0.7791268229484558
1787237768.7092037,-4.125864389964469,-1.5512218162874334,0.0,-1.7361044883728027,8.470046997070312,0.025815537199378014,0.38117459416389465
1787237768.7093925,-3.613864498573437,-1.5515553062748395,0.0,0.3326237201690674,12.9075288772583,0.07091113924980164,0.3294472396373749
1787237769.0583065,-4.129047111325136,-1.502871543719435,0.0,-1.6995370388031006,8.05501937866211,0.0354003868997097,0.34634020924568176
1787237769.0610428,-3.6172544023460738,-1.4883036668709182,0.0,0.2741813659667969,12.584268569946289,0.07834792137145996,0.3430393636226654
1787237769.408354,-4.13228712735873,-1.3801796646847664,0.0,-1.7258524894714355,7.09608793258667,0.041327305138111115,0.2801183760166168
1787237769.408774,-3.6205498461349683,-1.3637798169503337,0.0,0.13318657875061035,12.079286575317383,0.05825726315379143,0.23285524547100067
1787237769.6220753,-4.137211298292995,-1.2574318379175673,0.0,-1.8006861209869385,6.43763542175293,0.03284633532166481,0.40476617217063904
1787237769.622417,-3.6256753844183884,-1.2356371409370834,0.0,0.04974007606506348,11.602724075317383,0.05190090835094452,0.38908103108406067
1787237769.958521,-4.139986977935389,-1.1601688228903126,0.0,-1.714766025543213,5.72739839553833,0.009917526505887508,0.18062806129455566
1787237769.9587457,-3.6284449228888045,-1.1385187439362514,0.0,-0.09363889694213867,11.330450057983398,0.02989143505692482,0.15619130432605743
1787237770.3081837,-4.144763214598573,-0.9950302043403653,0.0,-1.6247928142547607,4.905378818511963,0.03176514059305191,0.1194906011223793
1787237770.3086314,-3.633247742342865,-0.972760906124659,0.0,-0.2453923225402832,10.362232208251953,0.06116171181201935,0.10950728505849838
1787237770.6220994,-4.150591647283461,-0.8303339122665241,0.0,-1.462399959564209,3.7406563758850098,0.03602898493409157,0.14551082253456116
1787237770.6225917,-3.6390131389505767,-0.8095630236986124,0.0,-0.06821751594543457,9.849607467651367,0.06039506569504738,0.13416625559329987
1787237775.9581654,-4.149438460104273,-0.6545137148054608,0.0,-1.4147758483886719,3.3674001693725586,0.030908918008208275,0.14011818170547485
1787237775.9585476,-3.638171512921619,-0.6271256020824182,0.0,0.055402517318725586,8.872234344482422,0.054464612156152725,0.14654608070850372
1787237779.4585824,-3.6989010375389917,-0.300866673759834,0.0,-0.16158819198608398,7.372903823852539,0.05275411158800125,0.4250035285949707
1787237779.459595,-3.6409861295501385,-0.8095806046017588,0.0,-0.04506111145019531,8.994865417480469,0.09266401082277298,0.39987313747406006
1787237779.8590295,-3.6429874037636196,-0.33899793784122695,0.0,-0.16054511070251465,7.26243257522583,0.05510628595948219,0.13330145180225372
1787237779.8643587,-3.6880930874465703,-0.8490072292266817,0.0,-0.2776980400085449,9.297954559326172,0.07768601924180984,0.09992210566997528
1787237779.958476,-3.622390404639955,-0.3548469043244691,0.0,-0.012874603271484375,7.405972480773926,0.05716247856616974,0.05548391863703728
1787237779.9590497,-3.690482567907184,-0.8622988304234731,0.0,-0.254213809967041,9.330511093139648,0.04508106783032417,0.015522041358053684
1787237780.1594353,-3.5907327957192314,-0.3687383951714078,0.0,0.014424324035644531,7.421159744262695,0.059220653027296066,0.17279769480228424
1787237780.1596365,-3.6776310544405235,-0.8733101865264212,0.0,-0.2975165843963623,9.544574737548828,0.0345071479678154,0.15461643040180206
1787237780.3587153,-3.50786945161155,-0.39010288019344586,0.0,0.370025634765625,7.145798206329346,0.06265570223331451,0.5986225605010986
1787237780.3708816,-3.6047811474092586,-0.8928474706343699,0.0,-0.0883936882019043,9.377586364746094,0.03322043642401695,0.5717500448226929
1787237781.3585944,-3.4613888476824526,-0.3709479278476213,0.0,0.40033459663391113,6.793856620788574,0.044985197484493256,0.1358443945646286
1787237781.3634872,-3.476491725952915,-0.8827251284612747,0.0,0.4081428050994873,8.92234992980957,0.03536771982908249,0.1892959475517273
1787237781.6589527,-3.336513094454335,-0.3692076541069454,0.0,-0.3534555435180664,5.747556686401367,0.0290729608386755,0.09308313578367233
1787237781.6630697,-3.344912928378468,-0.881138745944555,0.0,-0.12692809104919434,7.47915506362915,0.03581671416759491,0.10410308837890625
1787237781.9586837,-3.1973724753709867,-0.3700335524647351,0.0,-2.852529287338257,3.742337226867676,0.024718226864933968,0.099172443151474
1787237781.9630826,-3.2052404405929593,-0.8819730949141007,0.0,-2.1837949752807617,5.189907550811768,0.029539017006754875,0.11503691226243973
1787237782.2598917,-3.060272119814368,-0.37228472502523907,0.0,-5.92803955078125,2.602565288543701,0.08760964125394821,0.10115927457809448
1787237782.260066,-3.0670146680579875,-0.8842403266580199,0.0,-4.498377323150635,3.2455861568450928,0.06422736495733261,0.12021922320127487
1787237782.5588605,-2.9218832679860705,-0.37582117200748316,0.0,-9.226590156555176,1.819378137588501,0.1067645475268364,0.17223885655403137
1787237782.5594761,-2.9283349098903693,-0.887780522265625,0.0,-6.594911098480225,2.124863862991333,0.060072269290685654,0.16973060369491577
1787237782.9091547,-2.783831936008728,-0.3779956531894773,0.0,-11.255398750305176,1.6029596328735352,0.10595928132534027,0.0018830596236512065
1787237782.9092982,-2.790664951010909,-0.8899500553641047,0.0,-7.941335678100586,1.4355242252349854,0.07820960879325867,0.025456802919507027
1787237783.2092018,-2.623374005674459,-0.3805276736201045,0.0,-11.837273597717285,2.443188428878784,0.01025441475212574,0.11013339459896088
1787237783.2097557,-2.6293000737668484,-0.8924933772731563,0.0,-7.7780632972717285,2.264130115509033,0.04491967335343361,0.12708738446235657
1787237783.509798,-2.484103623076025,-0.381972666163646,0.0,-11.889323234558105,2.317798137664795,0.01331822108477354,0.09066559374332428
1787237783.509951,-2.489859412495781,-0.8939403124931338,0.0,-7.883742332458496,2.4909615516662598,0.029275158420205116,0.09856430441141129
1787237783.8596427,-2.3442085937047934,-0.3818954950328124,0.0,-11.623993873596191,2.1036505699157715,0.008679409511387348,0.014840180985629559
1787237783.8598442,-2.3500679298470453,-0.8938619667670189,0.0,-7.8314690589904785,2.525097131729126,0.022939715534448624,0.03883885592222214
1787237784.1608205,-2.1826452233759612,-0.38349290688901383,0.0,-11.520162582397461,2.0891427993774414,0.00340070016682148,0.12958744168281555
1787237784.161061,-2.188220243855878,-0.8954625535934337,0.0,-7.847532749176025,2.5347769260406494,0.023308515548706055,0.13929229974746704
1787237784.5086603,-2.0515085301140337,-0.38300377450116513,0.0,-11.559904098510742,2.1178603172302246,0.012140949256718159,0.03090718761086464
1787237784.510825,-2.0571928712860705,-0.8949722191004781,0.0,-8.07076644897461,2.5898218154907227,0.040507107973098755,0.035119056701660156
1787237784.8096766,-1.8886560520034077,-0.3841131785156725,0.0,-11.501386642456055,2.0988106727600098,0.025213606655597687,0.09860359877347946
1787237784.8099084,-1.89489030609359,-0.8960752221047837,0.0,-8.260190963745117,2.4154841899871826,0.057709500193595886,0.10382728278636932
1787237785.1591449,-1.747872951246689,-0.384312485383268,0.0,-11.380627632141113,2.0462334156036377,0.014007486402988434,0.047616373747587204
1787237785.159669,-1.7548874700223789,-0.8962644328611007,0.0,-8.460760116577148,2.3118555545806885,0.06055104732513428,0.020014341920614243
1787237785.458728,-1.5832441627802536,-0.38803658536991403,0.0,-11.031672477722168,1.9344508647918701,0.003553604707121849,0.0895218476653099
1787237785.4591784,-1.591401258426538,-0.899971602526015,0.0,-8.643388748168945,2.2409796714782715,0.043222054839134216,0.09600292891263962
1787237785.8087597,-1.4451844511736593,-0.38899518726080445,0.0,-10.5806884765625,1.7959237098693848,0.013702611438930035,0.07505987584590912
1787237785.8092012,-1.4534556859302927,-0.9009283730141806,0.0,-8.565589904785156,2.214878797531128,0.03645516186952591,0.07539606094360352
1787237786.1592343,-1.2772823362348147,-0.3941947105120336,0.0,-9.44843864440918,1.6632795333862305,0.018229078501462936,0.04467757046222687
1787237786.15969,-1.2867548612839328,-0.9061070772987658,0.0,-8.362308502197266,2.1136701107025146,0.04985470697283745,0.0674777403473854
1787237786.4593194,-1.1080854192822085,-0.39850155366107026,0.0,-6.808027744293213,4.088622093200684,0.018241235986351967,0.08313054591417313
1787237786.459574,-1.1175685428732005,-0.9104137242205892,0.0,-5.699664115905762,3.880012035369873,0.0518970713019371,0.09269402176141739
1787237786.75932,-0.9609957978573656,-0.40293031347783964,0.0,-4.438817501068115,6.404787063598633,0.02250744216144085,0.09838126599788666
1787237786.7599208,-0.9709250146832431,-0.9148340257648524,0.0,-3.339022397994995,5.91588020324707,0.06260057538747787,0.10485588014125824
1787237787.0586944,-0.8193576016456657,-0.40494555118456976,0.0,-2.1683871746063232,8.803617477416992,0.02785901539027691,0.04849288612604141
1787237787.0595763,-0.8300956705968378,-0.9168329351619441,0.0,-1.110464334487915,7.836472988128662,0.056064724922180176,0.05060456693172455
1787237787.4089737,-0.6756752772275197,-0.4093537477926414,0.0,-0.7534027099609375,10.286969184875488,0.038010869175195694,0.08681082725524902
1787237787.409394,-0.686590083344819,-0.9212373937586185,0.0,0.6389021873474121,9.342920303344727,0.0502481646835804,0.11886275559663773
1787237787.7092636,-0.5104668300516987,-0.41335307255421455,0.0,-0.4780292510986328,10.231393814086914,0.04517584294080734,0.0998460054397583
1787237787.715171,-0.5217904583947731,-0.9252278379423395,0.0,1.0755956172943115,9.355277061462402,0.053625140339136124,0.1074710264801979
1787237788.459022,-0.36811416251090334,-0.41836486564861036,0.0,-0.36406517028808594,9.643030166625977,0.048502471297979355,0.6764988899230957
1787237788.4595149,-0.3799478996904583,-0.9302280921694899,0.0,1.0807514190673828,8.984786033630371,0.05861826241016388,0.8014308214187622
1787237789.3088112,-0.33219844253567676,-0.3897019305223181,0.0,-0.3548860549926758,9.65315055847168,0.046154264360666275,0.09317241609096527
1787237789.3093665,-0.24098924648485384,-0.8935122942066736,0.0,1.016080379486084,8.346260070800781,0.048420343548059464,0.14651541411876678
1787237790.4100995,-0.33351082466914245,-0.35312524396231354,0.0,-0.34800171852111816,9.129487991333008,0.042966511100530624,0.513901948928833
1787237790.4102437,0.0075739557941506,-0.7349696789568636,0.0,0.10564923286437988,7.125675678253174,0.014218185096979141,0.6867283582687378
1787237790.6095333,-0.35694259676726636,-0.3377992453272943,0.0,-0.3839731216430664,9.144997596740723,0.0381927527487278,0.45584407448768616
1787237790.6096995,0.018170114794113262,-0.6862737115727702,0.0,-0.02753734588623047,6.771039962768555,0.017669158056378365,0.654696524143219
1787237790.9094894,-0.35347348679392254,-0.3039312917570194,0.0,-0.40975213050842285,9.397787094116211,0.033583130687475204,0.14454364776611328
1787237790.9096467,0.049396570046697036,-0.619905526942795,0.0,-0.30413269996643066,6.720268726348877,0.040816064924001694,0.18507766723632812
1787237791.2599099,-0.2823469545000441,-0.18786224844278537,0.0,-0.522121787071228,9.007769584655762,0.04766959697008133,0.24665199220180511
1787237791.2601173,0.13164116754328736,-0.4891226587310205,0.0,-0.592261552810669,7.537055015563965,0.036897316575050354,0.33126240968704224
1787237797.1092863,-0.31005995866814146,-0.6536372982535941,0.0,-0.22420287132263184,6.58266544342041,0.036404818296432495,0.02041906863451004
1787237797.1188028,-0.35009547053851137,-0.14320497385663988,0.0,-0.6643831729888916,9.499740600585938,0.045777592808008194,0.04713296890258789
1787237797.409572,-0.4521292275873032,-0.6631209603646327,0.0,-0.011771917343139648,6.890678405761719,0.03319280222058296,0.08975525200366974
1787237797.4115758,-0.493276049654882,-0.15277701846491842,0.0,-0.573188066482544,9.769451141357422,0.039310723543167114,0.08110569417476654
1787237797.709267,-0.5920913831804666,-0.675158328607284,0.0,0.051409006118774414,7.451152801513672,0.02434917911887169,0.12746334075927734
1787237797.7098765,-0.6329032453868619,-0.1647874909771876,0.0,-0.5424767732620239,10.474979400634766,0.02111111581325531,0.10574254393577576
1787237798.0093625,-0.7248360136304526,-0.686810339166745,0.0,-0.6048977375030518,7.246923446655273,0.02476693131029606,0.05154121667146683
1787237798.010379,-0.7663608667260704,-0.17649701720132033,0.0,-1.4592558145523071,9.259021759033203,0.01132951956242323,0.06508731842041016
1787237798.359668,-0.8660836351031205,-0.6935440780121512,0.0,-2.4860799312591553,6.289595603942871,0.04058568924665451,0.0727219507098198
1787237798.3598464,-0.9075969023536936,-0.18322981342396394,0.0,-3.1457691192626953,7.375597953796387,0.04578450694680214,0.09968900680541992
1787237798.6595123,-1.0237002200483822,-0.7062544805009245,0.0,-7.281705856323242,3.3586323261260986,0.04839687421917915,0.08032473176717758
1787237798.6606665,-1.0664165032383293,-0.19603950703342993,0.0,-5.843564987182617,4.83551025390625,0.07523074001073837,0.0749870240688324
1787237798.9595263,-1.162641463529464,-0.7146988822492649,0.0,-9.179457664489746,2.017843723297119,0.03999607264995575,0.1076260581612587
1787237798.9601343,-1.2065907434760565,-0.2045886384860407,0.0,-8.42878246307373,1.9844353199005127,0.08986900746822357,0.09066208451986313
1787237799.2593231,-1.3046703304959069,-0.7221008297393026,0.0,-10.80314826965332,0.40685534477233887,0.03610345348715782,0.08041698485612869
1787237799.259763,-1.3496307684131992,-0.2120787135303236,0.0,-9.668588638305664,0.3011643886566162,0.05428961291909218,0.09806936234235764
1787237799.615211,-1.443425994974997,-0.7301207603418594,0.0,-11.218399047851562,0.18729567527770996,0.051561929285526276,0.015126633457839489
1787237799.6157978,-1.4889706538260734,-0.22015048272742882,0.0,-9.80520248413086,-0.009083747863769531,0.07349246740341187,0.026835298165678978
1787237799.9105976,-1.606011671748975,-0.7412220382340842,0.0,-11.055037498474121,-0.20352602005004883,0.04879330098628998,0.06647291034460068
1787237799.9108183,-1.6518053340854266,-0.23127406001491824,0.0,-9.87870979309082,-0.38663744926452637,0.08134223520755768,0.06296480447053909
1787237800.2096748,-1.7448198055364785,-0.7509933651673744,0.0,-11.00045394897461,-0.4189610481262207,0.016184717416763306,0.12285370379686356
1787237800.2109902,-1.791214570346221,-0.24109972351428544,0.0,-9.92576789855957,-0.688624382019043,0.07107336819171906,0.1033797636628151
1787237800.5600886,-1.8847180755183888,-0.7596476824344551,0.0,-10.961309432983398,-0.5367040634155273,0.014634814113378525,0.017186708748340607
1787237800.5602887,-1.9303630568036718,-0.24968637440857555,0.0,-10.231629371643066,-0.8425772190093994,0.06709934026002884,0.05123103782534599
1787237800.8597283,-2.0477655711035676,-0.7726084003246608,0.0,-10.927379608154297,-0.6800293922424316,0.02949817292392254,0.08350512385368347
1787237800.867051,-2.093779655238579,-0.2626802641513212,0.0,-10.439499855041504,-0.9378135204315186,0.079158715903759,0.08228745311498642
1787237801.209355,-2.1879025579751215,-0.7839197837123988,0.0,-10.893404006958008,-0.6923258304595947,0.01796603947877884,0.016169589012861252
1787237801.2098842,-2.2345496798457862,-0.2740491667700384,0.0,-10.474592208862305,-1.1080801486968994,0.07969409972429276,0.014317521825432777
1787237801.509509,-2.350690621953768,-0.7947215660111162,0.0,-10.774001121520996,-0.8115828037261963,0.015901533886790276,0.11572863161563873
1787237801.5108888,-2.3977155625730844,-0.2848856561736963,0.0,-10.371073722839355,-1.329582929611206,0.07453528046607971,0.10200656950473785
1787237801.8598833,-2.4895254506554707,-0.8064967774135734,0.0,-10.192483901977539,-0.9276628494262695,0.0181234423071146,0.06151711568236351
1787237801.8600833,-2.5367993289744355,-0.2966838897492032,0.0,-9.863615036010742,-1.7692744731903076,0.05877534672617912,0.07846908271312714
1787237802.1592727,-2.650458451743561,-0.822759843734909,0.0,-9.038582801818848,-0.36908388137817383,0.020961450412869453,0.10139179974794388
1787237802.1621592,-2.696562411141816,-0.31283982556754564,0.0,-8.202195167541504,-2.024632692337036,0.04671311751008034,0.08465433120727539
1787237802.4593856,-2.7911932043935743,-0.8308858644710082,0.0,-7.621020317077637,1.0917127132415771,0.007686210330575705,0.11066465079784393
1787237802.4598584,-2.8363616535899223,-0.3208821280168554,0.0,-6.017401695251465,-1.3106048107147217,0.03945401310920715,0.09117226302623749
1787237802.7608187,-2.927544337157939,-0.8451970181452816,0.0,-5.400568008422852,3.4099161624908447,0.013175226747989655,0.15494295954704285
1787237802.7616453,-2.9715896268117916,-0.33509505533852246,0.0,-3.9692819118499756,-0.4489302635192871,0.03297955542802811,0.15223003923892975
1787237803.1098177,-3.0665361899226014,-0.8554200041659074,0.0,-3.061741590499878,5.5077972412109375,0.02094891294836998,0.00272751203738153
1787237803.1103048,-3.110943912542581,-0.34534946573841985,0.0,-1.7823278903961182,0.5380988121032715,0.018620464950799942,0.028476092964410782
1787237803.409564,-3.2278291433056507,-0.8690647580963793,0.0,-1.224234700202942,7.217222213745117,0.013274161145091057,0.14447543025016785
1787237803.4151826,-3.271708510659227,-0.3589484957397964,0.0,-0.20456314086914062,0.261688232421875,0.003584162797778845,0.12449753284454346
1787237803.759287,-3.3624562800948006,-0.8808364567954465,0.0,-0.7880330085754395,7.339358329772949,0.006096962373703718,0.023116888478398323
1787237803.7650673,-3.405291444558517,-0.3706314502682993,0.0,0.14320015907287598,-0.020825862884521484,0.006864672992378473,0.018741009756922722
1787237805.009691,-3.578538787028176,-0.8987560574961257,0.0,-0.8712857961654663,8.086956024169922,0.007939508184790611,0.17511442303657532
1787237805.0099092,-3.621402880148377,-0.38855348055145483,0.0,0.2357959747314453,-0.746619701385498,0.016098638996481895,0.16273652017116547
1787237828.3106623,-3.303648271816155,-0.7845398754375593,0.0,-0.35750865936279297,4.159707069396973,0.020855451002717018,0.04707194119691849
1787237828.3108563,-3.813659378198047,-0.8296250322756874,0.0,-0.41282176971435547,3.8568973541259766,0.018424805253744125,0.06042565405368805
1787237835.7608457,-3.2916647035337103,-1.0255893238683642,0.0,-0.44402480125427246,7.597011566162109,0.025807539001107216,0.12411847710609436
1787237835.7613347,-3.8012907465945656,-1.074836620587424,0.0,-0.6181001663208008,8.37070369720459,0.014750980772078037,0.10553043335676193
1787237836.0109677,-3.280397887462069,-1.13666886111894,0.0,-0.2499222755432129,7.634586334228516,0.028093071654438972,0.2420780509710312
1787237836.018937,-3.7905102677618414,-1.180593335673569,0.0,-0.6200224161148071,8.2305908203125,0.031774476170539856,0.27898022532463074
1787237836.2111228,-3.269336412130971,-1.2478488886303394,0.0,-0.2587735652923584,7.8593549728393555,0.039786309003829956,0.3467605710029602
1787237836.2188401,-3.780037490400529,-1.284296229470383,0.0,-0.5173981189727783,8.431893348693848,0.02086571604013443,0.3914909362792969
1787237836.3612366,-3.261739031038849,-1.3296079416416282,0.0,-0.2788454294204712,8.165806770324707,0.04261210560798645,0.7877894043922424
1787237836.3619435,-3.7731078482470473,-1.3550231494332003,0.0,-0.356331467628479,8.978581428527832,0.017751216888427734,0.8423753380775452
1787237836.5612776,-3.257262340623934,-1.38962707654008,0.0,-0.23455917835235596,8.350955963134766,0.031166115775704384,0.05787471681833267
1787237836.5619557,-3.7691057842126727,-1.4022876158343491,0.0,-0.31897425651550293,9.337449073791504,0.01866849698126316,0.0006677468190900981
1787237836.9118166,-3.2539656544029043,-1.4518917596865444,0.0,-0.26066601276397705,8.835101127624512,0.016849640756845474,0.4324202239513397
1787237836.9120686,-3.7659638242673674,-1.4505227982404574,0.0,-0.24762749671936035,9.73070240020752,0.018454641103744507,0.46171265840530396
1787237837.2611663,-3.253177809105271,-1.5694820009744188,0.0,-0.45661628246307373,9.504329681396484,0.04524226486682892,0.19399556517601013
1787237837.266876,-3.765167981257052,-1.572654321889775,0.0,-0.034332275390625,10.808640480041504,0.05808031186461449,0.1976357102394104
1787237837.610599,-3.2515047461602276,-1.727102685891311,0.0,-0.8105337619781494,10.665565490722656,0.0416458435356617,0.24346402287483215
1787237837.6118608,-3.763493027101072,-1.730566813377285,0.0,0.3178417682647705,12.280243873596191,0.07415667176246643,0.2832027077674866
1787237837.9123409,-3.250706954586047,-1.8693069587771631,0.0,-0.9602010250091553,11.910713195800781,0.0550772026181221,0.07473450899124146
1787237837.9125304,-3.762705729914162,-1.8681871094522025,0.0,0.4944801330566406,13.092273712158203,0.06839409470558167,0.009515387937426567
1787237838.2119803,-3.251310948476288,-1.9221608193018465,0.0,-0.957101583480835,12.373029708862305,0.052798204123973846,0.7507665753364563
1787237838.2121775,-3.7630729166353705,-1.9065503117526894,0.0,0.4833340644836426,13.336867332458496,0.0619313083589077,0.7449724674224854
1787237838.5108488,-3.2531579686174767,-1.9577110060856175,0.0,-0.914543867111206,12.60676383972168,0.051233921200037,0.6701956987380981
1787237838.5191655,-3.764870630834613,-1.9405601656790772,0.0,0.4716217517852783,13.456022262573242,0.059142421931028366,0.7235982418060303
1787237838.8118408,-3.256186083152912,-2.0394356283274857,0.0,-0.9795129299163818,13.274002075195312,0.051401250064373016,0.43300682306289673
1787237838.812406,-3.768100326500083,-2.030065064934931,0.0,0.4698634147644043,13.82104778289795,0.048412591218948364,0.4219488203525543
1787237839.161056,-3.2586394138476003,-2.1199167404019743,0.0,-1.0949969291687012,13.854181289672852,0.03756308928132057,0.09789499640464783
1787237839.1616457,-3.7705329091323776,-2.1094740642539023,0.0,0.46747922897338867,14.020198822021484,0.06528295576572418,0.06869972497224808
1787237839.4607658,-3.2626663413198354,-2.245114689032624,0.0,-1.12953782081604,14.674168586730957,0.012159938924014568,0.1419205218553543
1787237839.4629555,-3.774488267619748,-2.2316122537468335,0.0,0.46366453170776367,14.469379425048828,0.0563146211206913,0.14740891754627228
1787237839.8111808,-3.266601065262185,-2.3859132088509685,0.0,-1.0810494422912598,15.474695205688477,0.009744938462972641,0.12618963420391083
1787237839.8149145,-3.778414085663439,-2.3720773081666837,0.0,0.5230605602264404,14.928102493286133,0.05694805085659027,0.1429928094148636
1787237840.1615107,-3.271983216749922,-2.549736807322935,0.0,-1.0859966278076172,15.9008207321167,0.02022351324558258,0.034709151834249496
1787237840.1616719,-3.7837588284332884,-2.534580182167037,0.0,0.610053539276123,15.693700790405273,0.038001660257577896,0.02927749790251255
1787237843.4607277,-3.2778261925372076,-2.788381189407435,0.0,-1.2256205081939697,16.735898971557617,0.02401331625878811,0.05753924325108528
1787237843.4629183,-3.789589266488977,-2.772806975480697,0.0,0.550687313079834,16.13788604736328,0.04548404738306999,0.04230674356222153
1787237843.761641,-3.2830295651246595,-2.9499316403602966,0.0,-1.4348924160003662,16.929561614990234,0.028691491112113,0.01335867214947939
1787237843.7672765,-3.794779964499542,-2.933946374030067,0.0,0.5677342414855957,16.5797119140625,0.052870895713567734,0.0036306779365986586
1787237843.9608717,-3.287459878986363,-3.0872035150851564,0.0,-1.5330910682678223,17.2144832611084,0.03150460869073868,0.4599401652812958
1787237843.961258,-3.7990719749598068,-3.06727706899812,0.0,0.4876554012298584,17.06031036376953,0.07865093648433685,0.4988739490509033
1787237844.060889,-3.287382544324806,-3.1742030205175635,0.0,-1.5873312950134277,17.444896697998047,0.030700091272592545,0.6201016306877136
1787237844.0613396,-3.7984949064938163,-3.144067439587134,0.0,0.37345290184020996,17.161155700683594,0.06702644377946854,0.6428816318511963
1787237844.1609962,-3.285550221585363,-3.2146366388135363,0.0,-1.6203522682189941,17.49633026123047,0.031015031039714813,0.6533375978469849
1787237844.1616082,-3.7957214813643416,-3.1714014020785544,0.0,0.3801882266998291,17.17652702331543,0.05521637946367264,0.6872016191482544
1787237844.3110287,-3.282578848810139,-3.2509078302544263,0.0,-1.6727447509765625,17.597585678100586,0.02797907218337059,0.3830941915512085
1787237844.311843,-3.791400927346397,-3.193950895698199,0.0,0.37482380867004395,17.244762420654297,0.05892679840326309,0.42345839738845825
1787237844.711606,-3.285367927131138,-3.29805183789419,0.0,-1.6675889492034912,17.690444946289062,0.019113687798380852,0.3969564139842987
1787237844.7224443,-3.792663934580678,-3.2288076263978023,0.0,0.36281347274780273,17.415231704711914,0.05700121819972992,0.4149530231952667
1787237845.0116787,-3.2961556625083563,-3.4207205543041197,0.0,-1.7328858375549316,18.007320404052734,0.016813209280371666,0.32015231251716614
1787237845.011856,-3.80414174965352,-3.356735124189552,0.0,0.45287609100341797,17.579132080078125,0.05744577944278717,0.346567302942276
1787237845.311114,-3.3122778107426347,-3.5503995911042674,0.0,-1.9163191318511963,18.27043342590332,0.011426903307437897,0.415663480758667
1787237845.3116775,-3.8206549683557975,-3.489599380437183,0.0,0.4152059555053711,17.730236053466797,0.06127854809165001,0.47829580307006836
1787237845.611152,-3.3251571838080514,-3.6566309688801018,0.0,-1.928955316543579,18.1830997467041,0.005665966309607029,0.2916264533996582
1787237845.6182995,-3.834598795056423,-3.605511063474643,0.0,0.315248966217041,17.825138092041016,0.057514093816280365,0.3771352469921112
1787237845.9607737,-3.333646168567285,-3.737765259299939,0.0,-2.098202705383301,18.08721351623535,0.008986293338239193,0.4510706663131714
1787237845.966917,-3.8442151997035814,-3.6995126195930736,0.0,0.17908215522766113,17.98488998413086,0.0642530620098114,0.4332379400730133
1787237846.2607834,-3.33702073498964,-3.8130499001380205,0.0,-2.192884683609009,17.950599670410156,0.011288441717624664,0.06617052853107452
1787237846.2613328,-3.847474136896348,-3.7732840293205845,0.0,0.07712841033935547,18.177295684814453,0.07704462110996246,0.03477496653795242
1787237846.5641005,-3.3459224051594156,-3.92237930315237,0.0,-2.3862719535827637,17.76654815673828,0.01540128979831934,0.1369767040014267
1787237846.5648215,-3.855882239226523,-3.8767178572899343,0.0,0.0017881393432617188,18.505794525146484,0.10783380270004272,0.1383107751607895
1787237846.9112263,-3.3591677794991845,-4.062572151299077,0.0,-2.8180181980133057,17.453670501708984,0.019510522484779358,0.19783273339271545
1787237846.9149566,-3.8690411076705447,-4.015954673681121,0.0,-0.13974308967590332,19.026697158813477,0.09699758887290955,0.21848958730697632
1787237847.3112633,-3.373511343573108,-4.226032699244822,0.0,-3.066509962081909,17.207944869995117,0.020817898213863373,0.09166821837425232
1787237847.3120067,-3.883337656809188,-4.178903829832263,0.0,-0.3789663314819336,19.696950912475586,0.08396802842617035,0.09319624304771423
1787237855.1612618,-3.383392425852397,-3.908905651241333,0.0,-2.8707683086395264,16.11435317993164,0.014741523191332817,0.013334074057638645
1787237855.161667,-3.4972511563679407,-4.408085167533207,0.0,-3.219485282897949,15.45606803894043,0.025888599455356598,0.040263768285512924
1787237868.962324,-3.901482355853761,-3.899580993463761,0.0,0.353395938873291,18.126911163330078,0.12546025216579437,0.28698211908340454
1787237868.9641137,-3.389487775618601,-3.901936796898379,0.0,-2.439945936203003,17.561328887939453,0.01761266589164734,0.27571621537208557
1787237869.2120974,-3.902390490608324,-3.768226050455859,0.0,0.489652156829834,17.570024490356445,0.11658699065446854,0.025663280859589577
1787237869.2124796,-3.390401729323986,-3.7716184417258796,0.0,-2.3648440837860107,17.753536224365234,0.013623561710119247,0.06042291224002838
1787237869.6119833,-3.9027502203247115,-3.6827664869952246,0.0,0.7066130638122559,17.009002685546875,0.0683203786611557,0.4575080871582031
1787237869.6124573,-3.390761870505843,-3.6793125544897807,0.0,-2.238333225250244,17.837804794311523,0.010317904874682426,0.389301061630249
1787237869.9127266,-3.9069913109453105,-3.573622980138142,0.0,0.8078515529632568,16.72530174255371,0.02623675763607025,0.5045110583305359
1787237869.9130826,-3.39509936693956,-3.584141424035131,0.0,-2.15989351272583,17.882854461669922,0.026168806478381157,0.506293535232544
1787237870.2619283,-3.9069883386779525,-3.50024724966523,0.0,0.783383846282959,16.683202743530273,0.020772501826286316,0.5754184126853943
1787237870.2672942,-3.3950550431531603,-3.508511687524257,0.0,-2.0324289798736572,17.880111694335938,0.010074676014482975,0.5097686648368835
1787237870.5119789,-3.9099516448600924,-3.4295008113547247,0.0,0.7151365280151367,16.4057674407959,0.03705872967839241,0.26548585295677185
1787237870.5123587,-3.398353871143979,-3.4497916449678643,0.0,-1.784294843673706,17.941444396972656,0.014115848578512669,0.22656899690628052
1787237870.861927,-3.910399502761328,-3.3515959958045123,0.0,0.569075345993042,15.961170196533203,0.06744846701622009,0.03366046026349068
1787237870.8628485,-3.3985432756111593,-3.3637287089221424,0.0,-1.584470272064209,18.221437454223633,0.018548866733908653,0.06011644005775452
1787237871.1625159,-3.9072685996628893,-3.2057016214982705,0.0,0.051856040954589844,15.093362808227539,0.04184223711490631,0.25900498032569885
1787237871.1627278,-3.395403484773432,-3.2174533940965957,0.0,-0.7987916469573975,18.202775955200195,0.026727091521024704,0.24597953259944916
1787237871.4626114,-3.9048301480768868,-3.0697818389394445,0.0,-0.530540943145752,13.946783065795898,0.08235091716051102,0.12868168950080872
1787237871.462801,-3.3929456034259817,-3.080654416717295,0.0,-0.09873509407043457,18.030363082885742,0.03906729817390442,0.1294964700937271
1787237871.8124726,-3.900063084643733,-2.938151601833401,0.0,-0.8343160152435303,13.091826438903809,0.02087518945336342,0.11278478801250458
1787237871.8126373,-3.388172668202605,-2.9487441254103692,0.0,0.3973245620727539,17.714399337768555,0.054633185267448425,0.17635822296142578
1787237872.1621392,-3.901307470250411,-2.88238704926191,0.0,-1.0659396648406982,11.9293212890625,0.031251922249794006,0.5006864070892334
1787237872.1652222,-3.389307892115421,-2.8830443084137056,0.0,0.6068646907806396,17.577098846435547,0.05585634335875511,0.5034204721450806
1787237872.4621818,-3.9020644590701914,-2.7941110031654537,0.0,-1.1408627033233643,10.955047607421875,0.03361200913786888,0.30921706557273865
1787237872.462597,-3.390069722304251,-2.796432537997217,0.0,0.6598532199859619,17.16293716430664,0.04100838676095009,0.28509798645973206
1787237872.8123896,-3.901546197913674,-2.6417521878649493,0.0,-1.1135339736938477,10.486054420471191,0.026463313028216362,0.3201562464237213
1787237872.8128006,-3.3895543202106917,-2.644636137617329,0.0,0.5869865417480469,16.654205322265625,0.01375965029001236,0.2947201430797577
1787237878.5621316,-3.8632406641410326,-2.4234335173587263,0.0,-1.5588700771331787,12.48173713684082,0.022238440811634064,0.6895174980163574
1787237878.5624907,-3.359924029813435,-2.5173290210271104,0.0,0.5929172039031982,16.279632568359375,0.045226600021123886,0.6956979036331177
1787237878.6623433,-3.86152143551983,-2.4082704096700174,0.0,-1.5652775764465332,12.446880340576172,0.013238132931292057,0.3831218183040619
1787237878.6632395,-3.357042732603564,-2.495707463050843,0.0,0.5685985088348389,16.21895980834961,0.04437887296080589,0.3986719846725464
1787237878.7628682,-3.8612898217444203,-2.3846092706405755,0.0,-1.5136003494262695,12.14190673828125,0.009397067129611969,0.5385352373123169
1787237878.7630594,-3.3545619148130097,-2.4578952061051074,0.0,0.5193054676055908,16.218774795532227,0.04239654913544655,0.5474880933761597
1787237878.8632538,-3.863483714050224,-2.3509853593708345,0.0,-1.4192759990692139,11.480069160461426,0.015497780404984951,0.4444088339805603
1787237878.8640366,-3.354697063285859,-2.4082579008194194,0.0,0.47278404235839844,16.078346252441406,0.03337722644209862,0.45785078406333923
1787237878.9132886,-3.864481806663774,-2.325006498266867,0.0,-1.4046132564544678,11.426294326782227,0.020693397149443626,0.5044265985488892
1787237878.9135056,-3.3541358446432255,-2.366128257097449,0.0,0.36281347274780273,15.998464584350586,0.0334838330745697,0.5188227295875549
1787237878.962825,-3.8652308637583537,-2.3160831717122057,0.0,-1.412123441696167,11.398971557617188,0.028488870710134506,0.7552427053451538
1787237878.9629908,-3.3542557865078932,-2.3484632648078976,0.0,0.35890936851501465,16.003602981567383,0.033307358622550964,0.7618224620819092
1787237879.0129056,-3.8682955936412013,-2.308815821825301,0.0,-1.3821721076965332,11.365854263305664,0.02849714830517769,0.6557890772819519
1787237879.0130913,-3.356868712589763,-2.333034519932302,0.0,0.3460049629211426,16.001087188720703,0.02024109475314617,0.6636019349098206
1787237879.0626807,-3.869950993286455,-2.2985475055214573,0.0,-1.422286033630371,11.368453979492188,0.0334383100271225,0.7398448586463928
1787237879.0630283,-3.358244523652891,-2.3158821221931496,0.0,0.30156970024108887,16.003311157226562,0.022291289642453194,0.7455113530158997
1787237879.11238,-3.872433172635263,-2.291281317762354,0.0,-1.4295578002929688,11.282051086425781,0.030673066154122353,0.7260449528694153
1787237879.1129675,-3.36056635275154,-2.3029585906513566,0.0,0.35893917083740234,15.98086929321289,0.020171066746115685,0.7320351600646973
1787237879.163432,-3.8751519510091565,-2.2825816211013454,0.0,-1.4295578002929688,11.282051086425781,0.030673066154122353,0.7551450133323669
1787237879.1637986,-3.363183293452476,-2.288246749485658,0.0,0.326693058013916,15.985184669494629,0.030174674466252327,0.7607901096343994
1787237879.2128968,-3.8782791071282423,-2.2735447372543205,0.0,-1.4707446098327637,10.91163158416748,0.03602714464068413,0.6713083386421204
1787237879.2130725,-3.3662797413631793,-2.2727388488172315,0.0,0.2776980400085449,15.939229965209961,0.03985900431871414,0.6781154870986938
1787237879.2628944,-3.8826196463773073,-2.2640753784497343,0.0,-1.4763474464416504,10.834753036499023,0.0348474346101284,0.7571598887443542
1787237879.2630696,-3.3706697104902776,-2.2569155498717586,0.0,0.25966763496398926,15.945273399353027,0.042943015694618225,0.7620341181755066
1787237879.3124256,-3.885479190903115,-2.2555161938160126,0.0,-1.4717578887939453,10.78549575805664,0.03642533719539642,0.6742991805076599
1787237879.3129208,-3.373650842727938,-2.2422594218005742,0.0,0.23993849754333496,15.921354293823242,0.04667111858725548,0.6827237010002136
1787237879.3621495,-3.887702093308825,-2.249077606161315,0.0,-1.4640092849731445,10.712981224060059,0.03431813046336174,0.7379055619239807
1787237879.362579,-3.376065315210029,-2.2297953008872198,0.0,0.24121999740600586,15.95252799987793,0.05352162569761276,0.7442567348480225
1787237879.4123585,-3.891230078884416,-2.2405783932684873,0.0,-1.448899507522583,10.621177673339844,0.03473905101418495,0.5768954157829285
1787237879.4130247,-3.3799016346958077,-2.2143634707307935,0.0,0.247955322265625,15.971792221069336,0.04789147898554802,0.5877660512924194
1787237879.463817,-3.8967990477491203,-2.232478693172983,0.0,-1.4112889766693115,10.125314712524414,0.0465739406645298,0.7470245957374573
1787237879.463995,-3.3859255767317227,-2.1985331984699097,0.0,0.2625882625579834,15.925765037536621,0.04436306282877922,0.7507157921791077
1787237879.5121777,-3.903693079337164,-2.2186440673766072,0.0,-1.4174878597259521,8.67348861694336,0.04253233224153519,0.6372688412666321
1787237879.5125303,-3.393296256013496,-2.178158480544886,0.0,0.22095441818237305,16.047513961791992,0.041165225207805634,0.6425992846488953
1787237879.5621479,-3.906492372133989,-2.2057923805851902,0.0,-1.318603754043579,8.291840553283691,0.04211833328008652,0.8160326480865479
1787237879.5625212,-3.396513580894268,-2.1603431508263387,0.0,0.3046691417694092,15.996885299682617,0.05415820702910423,0.8156366944313049
1787237879.6621888,-3.909036350082548,-2.1913979666445016,0.0,-1.3293921947479248,8.084476470947266,0.03794677183032036,0.7309187650680542
1787237879.6625621,-3.399310093582025,-2.1431989683772823,0.0,0.2620518207550049,16.052066802978516,0.06559029966592789,0.7245377898216248
1787237879.7624211,-3.913823468863216,-2.162295235911417,0.0,-1.3505220413208008,7.860541343688965,0.03853820264339447,0.8976719975471497
1787237879.762915,-3.4042781014735692,-2.1122201066379995,0.0,0.24509429931640625,15.973734855651855,0.06646512448787689,0.8897969126701355
1787237879.962196,-3.9186431644311215,-2.1297934088034016,0.0,-1.3662874698638916,7.648754119873047,0.027963677421212196,0.688890278339386
1787237879.9635668,-3.40907340703827,-2.079967086938439,0.0,0.13113021850585938,16.017066955566406,0.06903187930583954,0.6709467768669128
1787237880.46229,-3.9258374638394846,-2.060760927550807,0.0,-1.368701457977295,7.333588600158691,0.011944877915084362,0.5891298651695251
1787237880.4710205,-3.416184335393033,-2.0117947283441655,0.0,0.08025765419006348,15.691685676574707,0.06464894860982895,0.46222347021102905
1787237880.7623868,-3.9477437731819185,-1.8536432180156601,0.0,-1.4979839324951172,6.170523166656494,0.04415515065193176,0.8060195446014404
1787237880.771019,-3.4363887279958742,-1.8279524071530484,0.0,0.09188055992126465,14.670169830322266,0.050407931208610535,0.7225666046142578
1787237881.1622865,-3.956908211872037,-1.7480126279706736,0.0,-1.4510750770568848,4.123187065124512,0.013394298031926155,0.24433434009552002
1787237881.1626515,-3.445018737724658,-1.737374664955136,0.0,0.0819861888885498,14.112674713134766,0.039777498692274094,0.19605058431625366
1787237881.4622214,-3.963830979545021,-1.6031094332625144,0.0,-1.4188587665557861,4.064726829528809,0.04733666405081749,0.45546606183052063
1787237881.4626455,-3.4520013455709853,-1.589902397788755,0.0,0.0036656856536865234,13.448071479797363,0.050541456788778305,0.4383641481399536
1787237881.7624867,-3.967379369664132,-1.4895694871563476,0.0,-1.4820098876953125,4.680085182189941,0.039060283452272415,0.19917136430740356
1787237881.7669232,-3.4555239850365234,-1.4774012815481763,0.0,0.05856156349182129,13.103734970092773,0.07309798151254654,0.19214588403701782
1787237882.1631875,-3.970753681124131,-1.3008380865424123,0.0,-1.5351176261901855,5.587875843048096,0.04663556441664696,0.2160014659166336
1787237882.1633449,-3.4588778272562224,-1.2895637694012418,0.0,0.24071335792541504,12.38553524017334,0.0825972855091095,0.21238631010055542
1787237886.5129647,-3.974664596461703,-1.082363692115691,0.0,-1.5908777713775635,5.738461017608643,0.0199202261865139,0.31432175636291504
1787237886.5132368,-3.4627576659792547,-1.0726018006986409,0.0,0.21448731422424316,11.182761192321777,0.02586590312421322,0.3004350960254669
1787237886.862427,-3.978146483525306,-0.9669834455575921,0.0,-1.6374588012695312,5.41001558303833,0.02889355644583702,0.0940261036157608
1787237886.8628464,-3.466222907506182,-0.9581374116558052,0.0,0.19118189811706543,10.271477699279785,0.04373392462730408,0.07433140277862549
1787237887.1624527,-3.9803940639237423,-0.807134573141195,0.0,-1.6278624534606934,4.649543762207031,0.052398890256881714,0.1743701547384262
1787237887.1670926,-3.4684757012521352,-0.7979918186535584,0.0,0.1589357852935791,9.285688400268555,0.07013139128684998,0.17192786931991577
1787237887.513188,-3.9836565286641674,-0.6795692502981874,0.0,-1.5968084335327148,4.1184306144714355,0.04746172949671745,0.8254362940788269
1787237887.5133724,-3.4717313590008834,-0.6708159272024699,0.0,0.19112229347229004,8.442270278930664,0.08454347401857376,0.7695730924606323
1787237887.8132997,-3.9864051222866785,-0.5680868976195526,0.0,-1.4808177947998047,3.8553833961486816,0.02411649189889431,0.7909296154975891
1787237887.813475,-3.4744061343646275,-0.569104918638798,0.0,0.2046823501586914,8.03232192993164,0.07820119708776474,0.7654853463172913
1787237888.2190754,-3.9877407660218585,-0.49578592682522216,0.0,-1.474231481552124,3.725564479827881,0.013319723308086395,0.4084697961807251
1787237888.2193456,-3.4757671070214617,-0.5009794313978353,0.0,0.2091526985168457,7.805204391479492,0.07850613445043564,0.2768724858760834
1787237888.512729,-3.9879365027397333,-0.41551538515700925,0.0,-1.4235973358154297,3.5935044288635254,0.020769814029335976,0.9456185102462769
1787237888.5132377,-3.476702424159629,-0.44351032931397716,0.0,0.30353665351867676,7.5312018394470215,0.07231965661048889,0.8980396389961243
1787237888.8125126,-3.982911569123278,-0.3397077085143461,0.0,-1.3257861137390137,3.218722343444824,0.03609120100736618,0.23842783272266388
1787237888.8130877,-3.4722193747382883,-0.3762793176427967,0.0,0.31387805938720703,7.239782810211182,0.08968076854944229,0.2344721406698227
1787237899.713072,-3.527574252185401,-0.03427637712960957,0.0,0.1652240753173828,6.006443500518799,0.06365148723125458,0.2152789980173111
1787237899.7229943,-3.512812564928687,-0.5460635326829069,0.0,0.018537044525146484,7.675790786743164,0.057776227593421936,0.28980475664138794
1787237900.012975,-3.4201421931152995,-0.029506232500614515,0.0,0.49954652786254883,5.796420574188232,0.06503576785326004,0.08281713724136353
1787237900.0133684,-3.4026716139330024,-0.5412080781715434,0.0,0.35253167152404785,7.394623756408691,0.06025462597608566,0.09331322461366653
1787237900.3630645,-3.278816543122313,-0.025458195000817363,0.0,0.29924511909484863,4.948186874389648,0.05758878216147423,0.17883215844631195
1787237900.363647,-3.2609061538222686,-0.5371448353922984,0.0,-0.0394284725189209,6.148135662078857,0.042978305369615555,0.159475177526474
1787237900.7128737,-3.1193239549784653,-0.019461736934720475,0.0,-2.735614776611328,2.188551425933838,0.0350106805562973,0.01647188328206539
1787237900.7134871,-3.1014174970586974,-0.5311485149198152,0.0,-2.710491418838501,3.768354654312134,0.062472160905599594,0.012300039641559124
1787237901.0135117,-2.9572043917930504,-0.014591941148494991,0.0,-6.2454938888549805,0.825655460357666,0.07243538647890091,0.16188158094882965
1787237901.0136883,-2.939014008007679,-0.526268704288801,0.0,-4.920467853546143,2.083998918533325,0.042734645307064056,0.15064656734466553
1787237901.3132143,-2.8194594969144076,-0.008962287330205376,0.0,-9.146377563476562,0.4955172538757324,0.06835278868675232,0.14848268032073975
1787237901.313724,-2.801239033292168,-0.5206379802308851,0.0,-6.769150733947754,1.297849416732788,0.032659534364938736,0.13878922164440155
1787237901.6851501,-2.6834533146518615,-0.005786491178676023,0.0,-10.907501220703125,0.9138584136962891,0.05367566645145416,0.02425507828593254
1787237901.685607,-2.6653307068968073,-0.5174656592988531,0.0,-7.858246803283691,1.3232886791229248,0.03894459828734398,0.0011871234746649861
1787237902.0132892,-2.52295932146777,0.00023633192842947848,0.0,-11.72003173828125,2.2979259490966797,0.02888443134725094,0.006977287586778402
1787237902.0148535,-2.503160718787549,-0.5113807273374933,0.0,-6.877288341522217,2.300393581390381,0.06013050302863121,0.018853044137358665
1787237902.3128936,-2.359693188176987,0.0054772885425326545,0.0,-11.622100830078125,2.5439798831939697,0.019449952989816666,0.23795560002326965
1787237902.3136263,-2.339874361132912,-0.5061389876788138,0.0,-6.741166114807129,2.461498975753784,0.09361612051725388,0.2211337834596634
1787237902.6301303,-2.2175681584457156,0.011839383644925983,0.0,-11.314720153808594,2.345907688140869,0.02232794649899006,0.08327186852693558
1787237902.6311905,-2.1978216997965068,-0.4997796908341391,0.0,-6.863385200500488,2.4615049362182617,0.07415536046028137,0.07241614162921906
1787237902.9638534,-2.0722960615650514,0.017592398281797456,0.0,-10.965093612670898,2.114593982696533,0.018344905227422714,0.1290249228477478
1787237902.9641328,-2.0530685070744212,-0.49404644030291145,0.0,-7.017314434051514,2.2131025791168213,0.0636991411447525,0.1047065481543541
1787237903.3134284,-1.9066530476633838,0.024402055938072847,0.0,-10.7287015914917,1.9867897033691406,0.015264492481946945,0.17020630836486816
1787237903.3198016,-1.8881882688331149,-0.4872648786421766,0.0,-6.996750831604004,1.9577264785766602,0.07096881419420242,0.14873065054416656
1787237903.6636407,-1.7436275081996817,0.030216034910856393,0.0,-10.391176223754883,1.8574535846710205,0.010041837580502033,0.039457693696022034
1787237903.6638315,-1.726659869076016,-0.4815027347493634,0.0,-7.125392436981201,1.8219351768493652,0.07113917917013168,0.04184550419449806
1787237904.0135906,-1.5830169238836072,0.03323933347455113,0.0,-10.000273704528809,1.6912281513214111,0.02632753923535347,0.06086335331201553
1787237904.0137818,-1.5661397100980574,-0.4784824265228491,0.0,-7.293343544006348,1.7437458038330078,0.0745190903544426,0.062333229929208755
1787237904.3132532,-1.4173103025716003,0.03356595526464862,0.0,-9.585216522216797,1.599031686782837,0.0356857031583786,0.06721769273281097
1787237904.3135192,-1.4009033580827492,-0.47817109847734857,0.0,-7.227391242980957,1.7128050327301025,0.07975243777036667,0.05199597775936127
1787237904.613193,-1.2766231714855638,0.0381163902921515,0.0,-9.204462051391602,1.515185832977295,0.02182578109204769,0.05030788853764534
1787237904.6147997,-1.261231860699227,-0.47365221713925243,0.0,-6.977826118469238,1.6722023487091064,0.08100736886262894,0.048302117735147476
1787237904.9634683,-1.132332230480606,0.03986069051302696,0.0,-7.347836971282959,2.8102755546569824,0.01227929349988699,0.044655583798885345
1787237904.9638731,-1.1177629899870873,-0.4719319796488678,0.0,-5.43375301361084,2.6475369930267334,0.07685130834579468,0.04231378063559532
1787237905.2632775,-0.9624402769569406,0.04339632238206198,0.0,-4.829734802246094,5.174100399017334,0.03812504559755325,0.07902786880731583
1787237905.263738,-0.9479442302687681,-0.468398426155293,0.0,-3.002986431121826,4.613560676574707,0.07602156698703766,0.08846278488636017
1787237905.5633552,-0.8225301334693113,0.04716113943951,0.0,-2.5908799171447754,7.723820209503174,0.023489339277148247,0.16219931840896606
1787237905.5640488,-0.8085338931730696,-0.4646475213484546,0.0,-1.1748671531677246,5.89909553527832,0.048539191484451294,0.1370079219341278
1787237905.9131706,-0.6783248920817879,0.04665152693446814,0.0,-0.9509623050689697,9.841150283813477,0.016342850401997566,0.015653304755687714
1787237905.9136546,-0.665114940153849,-0.4651780317763019,0.0,0.6739944219589233,7.802289962768555,0.04733334481716156,0.03550982475280762
1787237906.2131355,-0.5124233460484356,0.05194723857250902,0.0,-0.819861888885498,11.080068588256836,0.017114654183387756,0.08718395978212357
1787237906.213764,-0.49828185321376395,-0.45985742942145025,0.0,1.0983645915985107,8.128822326660156,0.0546606108546257,0.07763153314590454
1787237906.5633526,-0.37261975219246374,0.0533931042258034,0.0,-0.9147524833679199,10.886836051940918,0.03104505129158497,0.05434884876012802
1787237906.5639236,-0.35954714639025104,-0.45843998084934096,0.0,1.1404752731323242,7.776463031768799,0.04393419995903969,0.0423615537583828
1787237907.0130935,-0.2078710895912195,0.06044538831528046,0.0,-0.7016658782958984,10.609376907348633,0.02740613929927349,0.3726585805416107
1787237907.0135405,-0.19569243193988842,-0.4514097477318356,0.0,1.240462064743042,7.8727126121521,0.07168255746364594,0.34859102964401245
1787237913.5133426,-0.5831385354361618,-0.4248513493927101,0.0,1.0364353656768799,7.723879814147949,0.05095309764146805,0.11535988003015518
1787237913.5146337,-0.44432433242690156,0.06797175988982335,0.0,-0.873178243637085,10.836315155029297,0.022446559742093086,0.14873941242694855
1787237913.863488,-0.7211789575638612,-0.3857227660930207,0.0,-0.18212199211120605,6.097179412841797,0.05438137426972389,0.019427798688411713
1787237913.8639426,-0.5863928625725192,0.10821721871989667,0.0,-0.8261501789093018,11.260091781616211,0.011911195702850819,0.003244099672883749
1787237914.2133858,-0.8755377134293315,-0.341368079695616,0.0,-2.0038933753967285,4.458433151245117,0.04141678661108017,0.10963138937950134
1787237914.2137966,-0.7414806940454796,0.15277027699602702,0.0,-1.4459192752838135,10.464107513427734,0.00156799191609025,0.12319566309452057
1787237914.513987,-1.032180756891773,-0.2974275584463698,0.0,-4.556521892547607,1.972818374633789,0.0495305210351944,0.08319121599197388
1787237914.514148,-0.8986052366783637,0.1968411745316702,0.0,-4.522845268249512,7.024681568145752,0.031518980860710144,0.0933384895324707
1787237916.7366378,-1.3202153678598494,-0.21933101613001219,0.0,-9.299844741821289,-0.30892491340637207,0.011197435669600964,0.09382843971252441
1787237916.7616174,-1.1892754183512673,0.2756424474240352,0.0,-10.012880325317383,1.7489731311798096,0.05028408020734787,0.10251642763614655
1787237916.7866943,-1.4543211733135202,-0.18356847775147359,0.0,-10.417953491210938,-0.5473136901855469,0.01123672816902399,0.1794423609972
1787237916.7890584,-1.3242865236178187,0.3116435878108633,0.0,-11.852815628051758,0.4010021686553955,0.05669880285859108,0.18371781706809998
1787237916.78922,-1.6018835364523376,-0.14483147092385826,0.0,-11.187732696533203,-0.7461905479431152,0.006401398219168186,0.10877714306116104
1787237916.7893062,-1.4723953965603749,0.3505237769814399,0.0,-12.229606628417969,0.06785988807678223,0.06077492609620094,0.10948701947927475
1787237916.789477,-1.735823397242348,-0.10917728129368526,0.0,-11.342287063598633,-0.8480846881866455,0.0062940409407019615,0.04049750044941902
1787237916.789884,-1.6059427602212353,0.38607519989847405,0.0,-11.970848083496094,-0.0006496906280517578,0.056808605790138245,0.059926100075244904
1787237916.7902992,-1.8941841952008716,-0.06826166154092031,0.0,-11.310249328613281,-1.1233031749725342,0.008810847997665405,0.00354682351462543
1787237916.7907617,-1.763723645042865,0.42683837365648325,0.0,-11.697575569152832,-0.23772120475769043,0.03839048370718956,0.017899164929986
1787237918.163662,-2.00723166207021,-0.07054391771517066,0.0,-11.364727973937988,-0.9960412979125977,0.010980013757944107,0.33736491203308105
1787237918.1645272,-1.9837999715380346,0.4409196253441605,0.0,-11.187612533569336,-0.8290708065032959,0.037979818880558014,0.3855595290660858
1787237918.4635704,-2.1038264134557347,-0.06641271904066104,0.0,-11.161819458007812,-1.063227653503418,0.0033265813253819942,0.14315946400165558
1787237918.4640791,-2.0841018035183363,0.44520719824444377,0.0,-11.003419876098633,-1.163172721862793,0.043039776384830475,0.17198702692985535
1787237918.7637029,-2.2466082569569914,-0.05974830714839249,0.0,-10.984600067138672,-1.0875225067138672,0.010795717127621174,0.0936431735754013
1787237918.7641628,-2.228642341189022,0.4519363866529935,0.0,-10.706975936889648,-1.4919102191925049,0.048264309763908386,0.11985321342945099
1787237919.0639226,-2.385425800053551,-0.05283487216010577,0.0,-10.911136627197266,-0.9935200214385986,0.01568618044257164,0.10532093793153763
1787237919.065724,-2.3703555489679564,0.45894329026206826,0.0,-10.224446296691895,-1.8663644790649414,0.03799009323120117,0.11626768857240677
1787237919.413604,-2.524735183636882,-0.04682741485156672,0.0,-10.092631340026855,-1.291114091873169,0.13479124009609222,0.014041192829608917
1787237919.4139802,-2.5112766920401035,0.46499566884429344,0.0,-9.595453262329102,-2.0395874977111816,0.04087859019637108,0.001973247155547142
1787237919.7149835,-2.6874790642303714,-0.04314340232299274,0.0,-8.281930923461914,-0.9568870067596436,2.6826441287994385,0.09342052042484283
1787237919.7151983,-2.675285452043233,0.46871137768968796,0.0,-7.707789421081543,-1.1981785297393799,0.04330329969525337,0.11561902612447739
1787237920.0646334,-2.829664055742784,-0.039770988332209045,0.0,-6.017029285430908,-0.16175508499145508,2.782888174057007,0.12296828627586365
1787237920.0647962,-2.8193892377105705,0.4721259037411898,0.0,-5.3640007972717285,0.5179643630981445,0.044445496052503586,0.14170707762241364
1787237920.414628,-2.9910914513765237,-0.03679837061970401,0.0,-3.7054717540740967,1.9085884094238281,2.62225604057312,0.06004944443702698
1787237920.4148307,-2.9813448090010706,0.4751088504295844,0.0,-2.605557441711426,3.119659423828125,0.05145801976323128,0.08868294209241867
1787237920.715343,-3.151478343375508,-0.03459107028074232,0.0,-2.26438045501709,3.705132007598877,0.7223033308982849,0.2144700437784195
1787237920.7157128,-3.1420937958568413,0.47732291689666423,0.0,-0.706404447555542,5.437374114990234,0.04001523554325104,0.22492249310016632
1787237921.0135353,-3.2887947497424013,-0.03194538346158371,0.0,-1.8520057201385498,4.930424690246582,0.044286567717790604,0.15552252531051636
1787237921.0139344,-3.2790147766848334,0.4799612018906593,0.0,-0.1907050609588623,6.12105131149292,0.05391256883740425,0.16955004632472992
1787237921.3637593,-3.424762786145931,-0.029556749487750222,0.0,-2.0360052585601807,5.577480792999268,0.024315116927027702,0.08510744571685791
1787237921.364218,-3.415699858024502,0.48236303264013936,0.0,-0.46008825302124023,5.784106254577637,0.05318290367722511,0.1030270978808403
