time,x,y,z,a,b,slope,slip
1787759758.3528914,0.6047363065645707,0.2521580392220531,0.0,0.7504763603210449,0.7236475944519043,0.11789609491825104,0.013609055429697037
1787759758.3534815,0.6066087398976955,-0.2598385369319413,0.0,0.7526266574859619,0.7310900688171387,0.12160801142454147,0.021190432831645012
1787759758.7028053,0.7673226054374812,0.2485117187773876,0.0,0.632659375667572,0.6283597946166992,0.05848080292344093,0.1034519150853157
1787759758.703287,0.7675115680417673,-0.2634882463526251,0.0,0.6580414772033691,0.6416561603546143,0.08465789258480072,0.10498250275850296
1787759759.0031521,0.9296074185382694,0.24634469850274074,0.0,0.4835541546344757,0.5602099895477295,0.038447219878435135,0.07876157760620117
1787759759.0065637,0.9291348784503013,-0.2656550834365343,0.0,0.4807876646518707,0.5516577363014221,0.08218742907047272,0.05811139568686485
1787759759.3527493,1.069091766603017,0.2451995166692688,0.0,0.38523122668266296,0.537079393863678,0.021823158487677574,0.04927794262766838
1787759759.3532405,1.0681691854594069,-0.26679965212305795,0.0,0.4045557677745819,0.5325212478637695,0.078886017203331,0.053436022251844406
1787759759.7033374,1.2341613479972928,0.243190957611915,0.0,0.3807823359966278,0.5341570377349854,0.01642915979027748,0.022053467109799385
1787759759.703861,1.2333497180136888,-0.268808399083745,0.0,0.39130765199661255,0.5307880640029907,0.07650668174028397,0.02396261692047119
1787759760.003049,1.399300345488495,0.24151697295767188,0.0,0.37845903635025024,0.5356395840644836,0.021787669509649277,0.16042016446590424
1787759760.0104096,1.3966404302493758,-0.27047611767043483,0.0,0.3887603282928467,0.5318048000335693,0.0756540447473526,0.14325447380542755
1787759760.3531752,1.53947910702257,0.2406986828771239,0.0,0.3770607113838196,0.5356337428092957,0.01582048460841179,0.012624605558812618
1787759760.3551774,1.5356060065629653,-0.27128666758988873,0.0,0.3871352970600128,0.5323190689086914,0.07283491641283035,0.013181552290916443
1787759762.5175672,1.8452702738398545,0.23631524986346322,0.0,0.3769066333770752,0.533828616142273,0.017193293198943138,0.11790429055690765
1787759762.5363057,1.8404384346554914,-0.27566195014655337,0.0,0.3867742717266083,0.5308176279067993,0.07342671602964401,0.10607367008924484
1787759762.5367248,2.009098333236135,0.2340185531216089,0.0,0.37718838453292847,0.533414900302887,0.01077386923134327,0.023919856175780296
1787759762.5369973,2.0032039158683728,-0.2779475159141179,0.0,0.38719066977500916,0.5303683876991272,0.07219889014959335,0.015334991738200188
1787759762.5373666,2.172752844804547,0.2290893996273136,0.0,0.37765341997146606,0.5328594446182251,0.014699808321893215,0.10585015267133713
1787759762.5377812,2.1660473029169256,-0.28286668804817583,0.0,0.38796472549438477,0.5302795171737671,0.06397581100463867,0.11193697899580002
1787759762.5382051,2.335107936513586,0.22609539968512724,0.0,0.37822604179382324,0.5330464839935303,0.013508135452866554,0.0818992406129837
1787759762.538618,2.3284037726863844,-0.28586070603818386,0.0,0.38900113105773926,0.5302520394325256,0.05890055373311043,0.06028028950095177
1787759762.5389173,2.473809347948072,0.22352017701507326,0.0,0.3805331587791443,0.5327515006065369,0.014937118627130985,0.06782128661870956
1787759762.5392153,2.466130412632934,-0.2884222357155248,0.0,0.39274540543556213,0.5300232768058777,0.07245802879333496,0.05842921882867813
1787759762.702855,2.636575404494862,0.22133761408631153,0.0,0.3921756446361542,0.5468664765357971,0.013763543218374252,0.024240974336862564
1787759762.7031944,2.626960296634544,-0.2905720944569377,0.0,0.40836694836616516,0.5508443117141724,0.08002826571464539,0.03582078590989113
1787759763.0047157,2.8011210181146007,0.21793916881673353,0.0,0.4160497188568115,0.5778360962867737,0.010039382614195347,0.08196994662284851
1787759763.0051014,2.7912967017753445,-0.29396656743601274,0.0,0.4325896203517914,0.5782929062843323,0.06274528056383133,0.08150449395179749
1787759763.303239,2.9413833631743684,0.21405105185926154,0.0,0.43930143117904663,0.6056579351425171,0.009363770484924316,0.19190728664398193
1787759763.3041918,2.9313478071837404,-0.2978505867549931,0.0,0.45927077531814575,0.6113888621330261,0.06032555550336838,0.16256843507289886
1787759763.6530294,3.0788460156729798,0.20961763761481908,0.0,0.45967385172843933,0.6353257894515991,0.02023847959935665,0.012297316454350948
1787759763.6537867,3.0680531851233903,-0.3022685946758412,0.0,0.4776741862297058,0.6357775926589966,0.06586486101150513,0.016746988520026207
1787759764.0187054,3.2395429829283535,0.2070912632729654,0.0,0.4663924276828766,0.6490885019302368,0.009023360908031464,0.1418229043483734
1787759764.0194902,3.2285595040923574,-0.304790913787986,0.0,0.4819391071796417,0.6441574096679688,0.042619738727808,0.12859953939914703
1787759764.3030949,3.4003604587175063,0.20157440828978446,0.0,0.4679986238479614,0.6525708436965942,0.029437387362122536,0.14665542542934418
1787759764.3037648,3.386921408992007,-0.3102491862645068,0.0,0.4830872416496277,0.6472672820091248,0.03985488414764404,0.11666597425937653
1787759764.653533,3.537951483841731,0.1990708375661958,0.0,0.4691354036331177,0.6549768447875977,0.030163807794451714,0.04789452254772186
1787759764.655587,3.5233362458387423,-0.3127205211124321,0.0,0.48479941487312317,0.6501516103744507,0.05255630239844322,0.029764356091618538
1787759815.2048447,3.666325794095162,0.18298577726297927,0.0,0.47020551562309265,0.6568141579627991,0.02329929731786251,0.5178735256195068
1787759815.2052495,3.7943204871791774,-0.31275746126108644,0.0,0.4878855347633362,0.6545180082321167,0.04506583884358406,0.5161635875701904
1787759820.3550522,3.2769049677482758,-0.062347783351439263,0.0,0.4748191833496094,0.6467425227165222,0.06522377580404282,0.1537162810564041
1787759820.3567345,3.78889659131788,-0.06527650227972327,0.0,0.4785228371620178,0.6575787663459778,0.04335005208849907,0.19604909420013428
1787759822.6767533,3.2910056656420705,0.2519645168513987,0.0,0.4664267301559448,0.6473133563995361,0.05675630643963814,0.5326429605484009
1787759822.6965268,3.8017327608483598,0.21588357697802268,0.0,0.47096559405326843,0.6591218709945679,0.04175026714801788,0.5500187873840332
1787759822.697238,3.3005104030095977,0.33723286282936327,0.0,0.4653773307800293,0.6472049355506897,0.03725932165980339,0.613782525062561
1787759822.6974113,3.8114062672328637,0.30362607899689065,0.0,0.4706410765647888,0.658353865146637,0.035424016416072845,0.6318567395210266
1787759822.697596,3.3128650176247896,0.4198906493182,0.0,0.4651743471622467,0.645863950252533,0.024570129811763763,0.2649215757846832
1787759822.697856,3.8240068903115527,0.3902598210093456,0.0,0.47160884737968445,0.6563156843185425,0.02494780160486698,0.21515409648418427
1787759822.6985564,3.3191175784144114,0.4884860372783884,0.0,0.4640955328941345,0.6419498920440674,0.017429707571864128,0.5396628379821777
1787759822.6986508,3.8297733263410616,0.4514089943883009,0.0,0.47299131751060486,0.6549108028411865,0.050963543355464935,0.541384220123291
1787759822.6987758,3.32722662456325,0.5560955801509644,0.0,0.46306636929512024,0.6383969783782959,0.03611031547188759,0.514848530292511
1787759822.6990764,3.8378636306634175,0.5187613063391268,0.0,0.47429054975509644,0.6534245014190674,0.08189088106155396,0.5518506765365601
1787759822.9552183,3.3349635601782324,0.6605957267984215,0.0,0.4618164002895355,0.6326879858970642,0.04034097492694855,0.4894343614578247
1787759822.9555545,3.845939046646777,0.6282220920282295,0.0,0.47653478384017944,0.6491954326629639,0.10448029637336731,0.5222553610801697
1787759823.3049679,3.344504850716573,0.7653660337063016,0.0,0.4605790674686432,0.6253235340118408,0.04248968884348869,0.5526130199432373
1787759823.3054106,3.8557469452108584,0.7375178593119932,0.0,0.4802958071231842,0.6451131701469421,0.16798226535320282,0.5858595967292786
1787759823.65545,3.3554833870362923,0.8773852475734851,0.0,0.4602338373661041,0.618309736251831,0.03984158858656883,0.26198872923851013
1787759823.6559916,3.8670333384781745,0.8559225548298466,0.0,0.481521338224411,0.6431289315223694,0.13886940479278564,0.26614680886268616
1787759823.9554176,3.3642054282956146,1.0091705998627856,0.0,0.4600733518600464,0.6134535074234009,0.03167688101530075,0.14029520750045776
1787759823.9558249,3.8757926992631426,0.9886166663220469,0.0,0.4819294214248657,0.6418424844741821,0.0912146046757698,0.143893301486969
1787759824.3055832,3.3716090793714857,1.136328565107182,0.0,0.4598013758659363,0.6122639179229736,0.01677696779370308,0.5808364152908325
1787759824.3061347,3.8831622805629733,1.1149434686439605,0.0,0.48104020953178406,0.6414435505867004,0.0947689563035965,0.613493800163269
1787759824.6050978,3.3790148376983433,1.2452225228573215,0.0,0.45991548895835876,0.612525999546051,0.012700258754193783,0.4155288636684418
1787759824.610976,3.890795158430267,1.2302257461526511,0.0,0.48032066226005554,0.6420044302940369,0.0919354110956192,0.4140671193599701
1787759824.9551861,3.384104511838803,1.3301472759088728,0.0,0.46053704619407654,0.6135870814323425,0.012265010736882687,0.3904127776622772
1787759824.9557595,3.8958720143488517,1.3147192697309178,0.0,0.4795951843261719,0.6414042711257935,0.09011664241552353,0.3913688361644745
1787759825.2557826,3.389621410782484,1.4320120336169728,0.0,0.460913747549057,0.6161567568778992,0.008207068778574467,0.3509781062602997
1787759825.256294,3.9013889007338887,1.4165836108576995,0.0,0.47974693775177,0.6404460668563843,0.06212863326072693,0.3073234260082245
1787759827.5607712,3.4026606714468115,1.6112878768573409,0.0,0.46148619055747986,0.62114417552948,0.0224789846688509,0.8561940789222717
1787759827.5852797,3.9144118863138213,1.5953287389689956,0.0,0.4784788489341736,0.6396793723106384,0.061820048838853836,0.8879782557487488
1787759827.5854423,3.4067795572723703,1.6435922101713958,0.0,0.46130552887916565,0.6219536662101746,0.023619987070560455,0.7061301469802856
1787759827.5855188,3.918673878983618,1.6331901238526827,0.0,0.4778401553630829,0.6396743655204773,0.06141800805926323,0.6958318948745728
1787759827.5856063,3.409142540915009,1.6886320609876466,0.0,0.4608953297138214,0.6222358345985413,0.019199999049305916,0.8359805345535278
1787759827.5856702,3.9210277380993954,1.6777902482470721,0.0,0.4772648215293884,0.6394184231758118,0.06523102521896362,0.8529775738716125
1787759827.585724,3.4125186462237407,1.727264627857351,0.0,0.46094125509262085,0.6230072379112244,0.017501898109912872,0.3597795069217682
1787759827.5857763,3.924449477295971,1.718848916497281,0.0,0.47680726647377014,0.6390679478645325,0.0694953054189682,0.342475950717926
1787759827.5858245,3.415775553511343,1.800112161393903,0.0,0.46098554134368896,0.6246854066848755,0.021153412759304047,0.4610860049724579
1787759827.585873,3.9276179269670757,1.787408432209054,0.0,0.47613590955734253,0.6386736035346985,0.06437436491250992,0.43167054653167725
1787759827.9052837,3.420851034467772,1.8592280347924006,0.0,0.4605538249015808,0.6253937482833862,0.022127579897642136,0.5152398943901062
1787759827.905739,3.932583254325356,1.8426710072926042,0.0,0.4758117198944092,0.6390212178230286,0.06693419069051743,0.4746459424495697
1787759828.2055604,3.423701292410649,1.9032130546949608,0.0,0.46028974652290344,0.6264722347259521,0.021927403286099434,0.7410138249397278
1787759828.205705,3.9351688149226574,1.8798683890210264,0.0,0.476076602935791,0.6390990018844604,0.06683722883462906,0.7363675832748413
1787759828.5567057,3.4241272074103852,1.9359070344488827,0.0,0.45980459451675415,0.6272366046905518,0.017018169164657593,0.6761369109153748
1787759828.5569036,3.9355378177398093,1.9113471557340773,0.0,0.47632887959480286,0.6393944025039673,0.06764192879199982,0.6759743094444275
1787759828.8553884,3.4274064266540916,1.9981569162048316,0.0,0.4595765471458435,0.6274245381355286,0.010178064927458763,0.6102282404899597
1787759828.855912,3.9388808570480394,1.9749640928927195,0.0,0.4769055247306824,0.6394689083099365,0.06608270108699799,0.6526159644126892
1787759829.20636,3.4312688980337334,2.0800138957419176,0.0,0.45882001519203186,0.6268615126609802,0.005012737587094307,0.7123249769210815
1787759829.2066,3.942937733927726,2.061601878609429,0.0,0.4771876931190491,0.6392766833305359,0.0605497770011425,0.7617270350456238
1787759829.5555367,3.438772228707971,2.1602210012635985,0.0,0.45841193199157715,0.6268001198768616,0.016301937401294708,0.5701346397399902
1787759829.5564132,3.9506877392427366,2.150919922082642,0.0,0.4784455895423889,0.6378301382064819,0.09497053176164627,0.5810035467147827
1787759829.8557315,3.4432306908418,2.2517835006473867,0.0,0.4578588902950287,0.6262534260749817,0.023822953924536705,0.6650072336196899
1787759829.8569531,3.95520368156791,2.2465245305045953,0.0,0.4793367385864258,0.6371927261352539,0.07795621454715729,0.6736677289009094
1787759830.1556187,3.445522210688706,2.3066270538525964,0.0,0.45705822110176086,0.6257224082946777,0.02278457023203373,0.7042402029037476
1787759830.1563816,3.957500374016333,2.3018983885366926,0.0,0.47944968938827515,0.6368955373764038,0.06918838620185852,0.6972397565841675
1787759832.568626,3.45188621382409,2.466887172327494,0.0,0.4571987986564636,0.6260136365890503,0.025308683514595032,0.09997357428073883
1787759832.5925508,3.9636288088145415,2.4506539818696997,0.0,0.4782629609107971,0.6348002552986145,0.04944527894258499,0.11232088506221771
1787759832.5955184,3.456441107556887,2.602139744989486,0.0,0.45774784684181213,0.6247076988220215,0.01676439307630062,0.07385745644569397
1787759832.5956972,3.968155134030888,2.5850296570363267,0.0,0.4772738516330719,0.6338852643966675,0.04246555268764496,0.07461901009082794
1787759832.5957778,3.4634272831592954,2.738745782979377,0.0,0.4583374261856079,0.6248883605003357,0.010973879136145115,0.28513672947883606
1787759832.5958424,3.9751144604987134,2.7208507404698263,0.0,0.47870495915412903,0.6338415145874023,0.06039449945092201,0.29527580738067627
1787759832.5959013,3.4724657138846178,2.8884327474014855,0.0,0.4580387473106384,0.6237777471542358,0.015680398792028427,0.2239980250597
1787759832.5959527,3.9842724262694693,2.8743654392790967,0.0,0.47743627429008484,0.6321045756340027,0.051322657614946365,0.22541452944278717
1787759832.5988572,3.476825385525804,3.015890065683795,0.0,0.4576927423477173,0.6241272687911987,0.014647399075329304,0.32258889079093933
1787759832.5990603,3.9886224431844903,3.001475775138955,0.0,0.47877785563468933,0.6318843364715576,0.06145145744085312,0.298764705657959
1787759832.7559083,3.4786565561623943,3.089450706247981,0.0,0.4581449627876282,0.6239849925041199,0.013038413599133492,0.49446728825569153
1787759832.7567272,3.9902930545280686,3.070160979963974,0.0,0.47904273867607117,0.632132887840271,0.07512509077787399,0.5076375007629395
1787759833.1058774,3.4815422984004187,3.177844500239966,0.0,0.45902833342552185,0.6254008412361145,0.013092732056975365,0.43633827567100525
1787759833.1060443,3.9932468236480383,3.160452581395036,0.0,0.4792488217353821,0.6319370269775391,0.07888074219226837,0.44966810941696167
1787759833.4052727,3.483305689222704,3.2896901825448275,0.0,0.45908021926879883,0.6270672082901001,0.008962245658040047,0.5206750631332397
1787759833.40565,3.9950963279054217,3.2750497537008325,0.0,0.47937890887260437,0.6311736702919006,0.0766746923327446,0.5809687972068787
1787759833.705348,3.4900816716686176,3.36922573822082,0.0,0.4593733847141266,0.6281811594963074,0.006962826009839773,0.6101006865501404
1787759833.705681,4.002051866918845,3.3637013219218903,0.0,0.4790639281272888,0.6331706047058105,0.07984386384487152,0.6222648024559021
1787759834.0552864,3.4958992379035996,3.4375387139218843,0.0,0.459758996963501,0.6290687322616577,0.0025918453466147184,0.12946178019046783
1787759834.0557768,4.007884866142777,3.4337025079139574,0.0,0.47955769300460815,0.6342662572860718,0.06065179780125618,0.08965809643268585
1787759834.4055924,3.4984085494240786,3.5583929874314553,0.0,0.4609163701534271,0.6312820315361023,0.010578840970993042,0.18559810519218445
1787759834.4059238,4.0103640737803925,3.5516445742067173,0.0,0.4806898236274719,0.6343740224838257,0.06603776663541794,0.15977369248867035
1787759834.7556667,3.499006317907944,3.650421717247652,0.0,0.461018830537796,0.6314400434494019,0.01659596711397171,0.6115543842315674
1787759834.7564769,4.0107954341270196,3.6357281635693317,0.0,0.48086726665496826,0.6333412528038025,0.06932293623685837,0.6494153141975403
1787759835.1054893,3.5041249146396902,3.7299315106273765,0.0,0.46128466725349426,0.6316487193107605,0.015179228968918324,0.5098661184310913
1787759835.1059358,4.016052598447721,3.7213264800670176,0.0,0.4809107482433319,0.6313749551773071,0.06920057535171509,0.5634843111038208
1787759838.9060879,3.464924810787905,3.6536311888495523,0.0,0.4611959755420685,0.6329305768013,0.009804866276681423,0.5188656449317932
1787759838.9063294,3.9504451564672873,3.8161550145840377,0.0,0.4773165285587311,0.6334069967269897,0.055719755589962006,0.506723165512085
1787759840.3057833,3.476543207550549,3.400969273963147,0.0,0.4597645103931427,0.6305350661277771,0.01572553440928459,0.01715191639959812
1787759840.3063118,3.7329159960890306,3.8441588420906054,0.0,0.47115111351013184,0.6331062316894531,0.03959178179502487,0.008123212493956089
1787759842.5508497,3.806707127819437,3.2380273658622625,0.0,0.4680527448654175,0.6245766878128052,0.06045445799827576,0.29203248023986816
1787759842.578903,3.6432948065907125,3.723249390579443,0.0,0.4650519788265228,0.6338773965835571,0.03821554034948349,0.26706838607788086
1787759842.580196,3.950104200042524,3.2508841746595607,0.0,0.4752107858657837,0.6299800872802734,0.057773493230342865,0.39072519540786743
1787759842.580723,3.694053158356217,3.694259708548562,0.0,0.46704524755477905,0.6335660219192505,0.040216997265815735,0.3737429082393646
1787759842.6055264,4.019864871751162,3.2598545900164355,0.0,0.47882863879203796,0.6317432522773743,0.06246695667505264,0.4606308937072754
1787759842.605916,3.7051517894809685,3.663710598821547,0.0,0.46773630380630493,0.6336974501609802,0.03349067643284798,0.4466297924518585
1787759842.6556592,4.033168636894513,3.2635299248125698,0.0,0.48072341084480286,0.6321821808815002,0.06054256483912468,0.0694582462310791
1787759842.6560197,3.7083008828569284,3.659263348200809,0.0,0.4676181375980377,0.6337241530418396,0.031074639409780502,0.10170997679233551
1787759842.8057706,4.073089148937366,3.2742391814424767,0.0,0.4823116362094879,0.6319542527198792,0.06190239638090134,0.42851534485816956
1787759842.806312,3.717429492522688,3.642546402114286,0.0,0.4667249023914337,0.632544219493866,0.030962416902184486,0.413214772939682
1787759843.156334,4.1675740821612495,3.3171562647545207,0.0,0.48859211802482605,0.629268229007721,0.04476518929004669,0.20988279581069946
1787759843.1569538,3.7444346989368276,3.605421875545083,0.0,0.46744295954704285,0.6323808431625366,0.03878183662891388,0.23769639432430267
1787759843.605809,4.273834108851938,3.4131015288432303,0.0,0.49477770924568176,0.6248663067817688,0.04025489464402199,0.47094640135765076
1787759843.6062486,3.7915495995423925,3.5849900161832804,0.0,0.4692915678024292,0.6302053332328796,0.034869059920310974,0.45608893036842346
1787759847.5582314,4.392201054397381,3.6389776703320336,0.0,0.49823957681655884,0.6230685710906982,0.04219277203083038,0.15855330228805542
1787759847.5823812,3.8802762992753976,3.6302001368916232,0.0,0.47568464279174805,0.63587886095047,0.03391401842236519,0.04448464885354042
1787759847.582699,4.393668087998699,3.5202458991824104,0.0,0.4966418147087097,0.6231984496116638,0.04883982613682747,0.621375322341919
1787759847.5844479,3.8818121956830636,3.532392730117474,0.0,0.4749814569950104,0.6342439651489258,0.028735807165503502,0.6695646047592163
1787759847.5846033,4.393838080063666,3.4759544855487294,0.0,0.496825248003006,0.6237024664878845,0.03830725699663162,0.4050317704677582
1787759847.5846753,3.8829472870238044,3.509638273742779,0.0,0.47443535923957825,0.6339378952980042,0.027137096971273422,0.4508380591869354
1787759847.5847337,4.390625561615356,3.4450159024971794,0.0,0.4964771270751953,0.6233484745025635,0.04272529110312462,0.12584392726421356
1787759847.5847895,3.8810382925690243,3.494662807998951,0.0,0.4743642508983612,0.6336591839790344,0.028745373710989952,0.14909201860427856
1787759847.5848582,4.37337405446153,3.366641172191671,0.0,0.4958766996860504,0.623153567314148,0.04317778721451759,0.21046866476535797
1787759847.5849159,3.8632321574193997,3.410221498971736,0.0,0.4732280671596527,0.6331456899642944,0.032229699194431305,0.26416313648223877
1787759847.805775,4.356830159499613,3.3140500588390305,0.0,0.49460265040397644,0.622789740562439,0.027486590668559074,0.4003722369670868
1787759847.8061762,3.846085091599364,3.3498756867549586,0.0,0.47044047713279724,0.6301774978637695,0.02451370842754841,0.43431776762008667
1787759848.156897,4.341882656911421,3.2502738026134876,0.0,0.49425408244132996,0.6219839453697205,0.06757981330156326,0.22357593476772308
1787759848.1575055,3.830801288549818,3.280930529666956,0.0,0.4699501693248749,0.6290816068649292,0.02590339258313179,0.23905928432941437
1787759848.4056082,4.329501195540571,3.1677564324072205,0.0,0.48969998955726624,0.6218423843383789,0.07210434973239899,0.10405528545379639
1787759848.4060879,3.818186232579975,3.1942330003986448,0.0,0.469746857881546,0.6276022791862488,0.02434823289513588,0.04311834275722504
1787759848.7060099,4.329725497283196,3.110782574710339,0.0,0.4873088598251343,0.6223611831665039,0.06782671064138412,0.023805398494005203
1787759848.7064183,3.8180158572418352,3.12802334872837,0.0,0.46887537837028503,0.6252147555351257,0.019791938364505768,0.011187436059117317
1787759849.0065897,4.322782273905981,3.00285147911253,0.0,0.48090508580207825,0.6236540079116821,0.07836781442165375,0.13006801903247833
1787759849.0069618,3.8109302614987395,3.0151607193269863,0.0,0.46920815110206604,0.6238269805908203,0.024487806484103203,0.15632733702659607
1787759849.3568912,4.316514739424946,2.90935760346459,0.0,0.47517603635787964,0.6272218227386475,0.06631448864936829,0.5653143525123596
1787759849.3570895,3.8045671872337987,2.916685891497488,0.0,0.47037985920906067,0.6218348145484924,0.0450039803981781,0.5410173535346985
1787759849.65601,4.3156355911841935,2.798766685696118,0.0,0.4695532023906708,0.6312657594680786,0.057198263704776764,0.5610809922218323
1787759849.6568432,3.803783302038486,2.8110644129779807,0.0,0.47156664729118347,0.6198472380638123,0.03882380202412605,0.46244049072265625
1787759849.9567182,4.312654056007083,2.7095200045467935,0.0,0.46476009488105774,0.6343998312950134,0.033937934786081314,0.45620614290237427
1787759849.9568636,3.801293731765802,2.7351055237295743,0.0,0.47237473726272583,0.6178933382034302,0.05545318126678467,0.4494165778160095
1787759850.3062172,4.305171908192956,2.599759878965165,0.0,0.4613664746284485,0.6357191205024719,0.003035057568922639,0.3641887307167053
1787759850.3066325,3.7939804035431446,2.6285217560572796,0.0,0.4730195701122284,0.6144115924835205,0.06431463360786438,0.36649614572525024
1787759852.5447507,4.281691419329179,2.277613965963801,0.0,0.4618997871875763,0.6360906362533569,0.005256550386548042,0.3967747390270233
1787759852.565247,3.770157838674366,2.2994633564007563,0.0,0.47259438037872314,0.6028006076812744,0.0440916083753109,0.4133795201778412
1787759852.565663,4.276889259153542,2.1769893793586528,0.0,0.46187686920166016,0.6358529925346375,0.0026274872943758965,0.272413432598114
1787759852.5661743,3.765296949641097,2.1974175179846354,0.0,0.4719003736972809,0.5986672639846802,0.04113377630710602,0.2797306478023529
1787759852.5668824,4.267967640532122,2.0908627756016336,0.0,0.460842490196228,0.6356041431427002,0.016724076122045517,0.26916900277137756
1787759852.5674653,3.756277273307985,2.10866637327254,0.0,0.47122758626937866,0.5966787934303284,0.03868338465690613,0.2559835910797119
1787759852.5680244,4.260917661529389,1.9917498405780583,0.0,0.46082165837287903,0.6360976696014404,0.023719986900687218,0.18958556652069092
1787759852.5686646,3.749182310216621,2.0082097985609293,0.0,0.47095799446105957,0.5948253870010376,0.062231987714767456,0.21955430507659912
1787759852.5692735,4.254883978454273,1.8865927262899225,0.0,0.4600774049758911,0.6360217928886414,0.021598150953650475,0.3065316081047058
1787759852.569777,3.74307223297333,1.9004757082372985,0.0,0.4702918231487274,0.5928994417190552,0.05140309035778046,0.32644888758659363
1787759852.855895,4.250112770036302,1.7890461695009776,0.0,0.46046915650367737,0.6315422058105469,0.02557484060525894,0.2520352602005005
1787759852.85655,3.7382526053400307,1.801011611285817,0.0,0.4698709547519684,0.5917607545852661,0.04491276293992996,0.2741207480430603
1787759853.1562312,4.243269814235815,1.6912319150608097,0.0,0.45796310901641846,0.6270199418067932,0.01795659214258194,0.21505425870418549
1787759853.156767,3.7313387935151185,1.6996360821144332,0.0,0.46972405910491943,0.5926192402839661,0.043426211923360825,0.21151438355445862
1787759853.456579,4.236116078056935,1.5954316012216492,0.0,0.45758166909217834,0.6257975697517395,0.010424993000924587,0.20702575147151947
1787759853.4567587,3.7241418608938233,1.600569787693382,0.0,0.46911200881004333,0.5951413512229919,0.05324576422572136,0.23081010580062866
1787759853.756201,4.232272663046431,1.4886736085093313,0.0,0.4571453034877777,0.6281387209892273,0.0064142802730202675,0.8273959755897522
1787759853.7614288,3.7202842212973373,1.4921138868897001,0.0,0.46865221858024597,0.598845899105072,0.053242795169353485,0.7601911425590515
1787759854.1063302,4.232126988105175,1.3894220245394866,0.0,0.4571429193019867,0.630872905254364,0.012409479357302189,0.47699442505836487
1787759854.1064708,3.720327730027381,1.4037579734449577,0.0,0.46877339482307434,0.6028987169265747,0.0650070309638977,0.3901563882827759
1787759854.4564176,4.235112089120836,1.3588551746841806,0.0,0.4574299156665802,0.6334534883499146,0.013779038563370705,0.15362565219402313
1787759854.456613,3.7239682965700607,1.3884528660943167,0.0,0.4687039256095886,0.6032155156135559,0.06202978640794754,0.20164065062999725
1787759854.756421,4.229475991727369,1.2991424753827272,0.0,0.45804715156555176,0.6343949437141418,0.017840376123785973,0.25989627838134766
1787759854.7566628,3.7179116961672025,1.320260512886973,0.0,0.46904364228248596,0.606948971748352,0.05791100859642029,0.30125701427459717
1787759855.0576282,4.223616446472496,1.2289589263600433,0.0,0.4588526487350464,0.636980414390564,0.01683112233877182,0.5234885811805725
1787759855.0578055,3.7118690541793407,1.2450401726163127,0.0,0.46912911534309387,0.6103466153144836,0.04580085352063179,0.5189999938011169
1787759857.6001592,4.1972583969997155,0.9555795434589966,0.0,0.4597932696342468,0.6376898288726807,0.010237395763397217,0.6078073382377625
1787759857.6229718,3.687153530280879,0.9995911890741942,0.0,0.4697442352771759,0.619705080986023,0.038495928049087524,0.6097269058227539
1787759857.6256895,4.189144566088122,0.8971036534562644,0.0,0.45963621139526367,0.6361770629882812,0.021445631980895996,0.21640317142009735
1787759857.6258855,3.679040240696305,0.941121572722853,0.0,0.469838947057724,0.6213359236717224,0.04087412729859352,0.1314878612756729
1787759857.6259549,4.181083130769451,0.862430441900912,0.0,0.4599515199661255,0.6356958746910095,0.021241772919893265,0.15283800661563873
1787759857.6260145,3.669811083283298,0.8897231782847356,0.0,0.469999760389328,0.6223971843719482,0.03729747235774994,0.08972005546092987
1787759857.6260707,4.173482474812327,0.8098746339455177,0.0,0.45996201038360596,0.6350071430206299,0.016981007531285286,0.8473691344261169
1787759857.6261294,3.6617329071222082,0.8258865035732733,0.0,0.47044113278388977,0.6236960291862488,0.039673976600170135,0.7892741560935974
1787759857.62618,4.167638484352416,0.7196656232704606,0.0,0.45943722128868103,0.6350193023681641,0.01934123784303665,0.7384942173957825
1787759857.6262336,3.6562246881914433,0.744159073338235,0.0,0.470162034034729,0.6261041164398193,0.034053999930620193,0.6481515765190125
1787759857.8060815,4.1636075774439325,0.6285734080527421,0.0,0.4604538083076477,0.6353476643562317,0.014543185941874981,0.882025420665741
1787759857.8065217,3.653311727682569,0.6703124271634964,0.0,0.47016265988349915,0.6273667216300964,0.04439742490649223,0.814316987991333
1787759858.1573617,4.1526250543413825,0.5464012897883171,0.0,0.46023106575012207,0.6342622637748718,0.016030486673116684,0.1874212622642517
1787759858.1575685,3.643306813316243,0.5987360713304043,0.0,0.4698856472969055,0.6278093457221985,0.047015175223350525,0.2192794382572174
1787759858.4561055,4.138813251243987,0.47704249048800346,0.0,0.4597371816635132,0.6331271529197693,0.009594402275979519,0.22011564671993256
1787759858.4566216,3.628678609145349,0.5207076588822136,0.0,0.4699024558067322,0.6289555430412292,0.05456532537937164,0.3042934536933899
1787759858.8061528,4.128660505844412,0.4557866454071646,0.0,0.4599251449108124,0.6331108212471008,0.01725928671658039,0.7253431081771851
1787759858.807161,3.6176315572018307,0.48730511061818305,0.0,0.4695858657360077,0.6285721063613892,0.05464981496334076,0.7037025094032288
1787759859.1062074,4.120319759452932,0.3717778640494648,0.0,0.4609129726886749,0.6338351964950562,0.01806705817580223,0.847822368144989
1787759859.1109972,3.6095730247188054,0.4075797209625859,0.0,0.4686644673347473,0.6278872489929199,0.05018067732453346,0.7664991617202759
1787759859.4068005,4.1139587659273085,0.2902017309789225,0.0,0.4615652561187744,0.6343558430671692,0.027804795652627945,0.8705276846885681
1787759859.4069655,3.6043500842310667,0.3396283588207866,0.0,0.468031108379364,0.6273623108863831,0.04557325690984726,0.783934473991394
1787759859.7565167,4.105267610732517,0.205957107455718,0.0,0.46298280358314514,0.6342695355415344,0.013769956305623055,0.7321746945381165
1787759859.758586,3.597126300540428,0.2686979145613633,0.0,0.4679517447948456,0.6278432607650757,0.04519025608897209,0.6738861203193665
1787759860.106474,4.087332740362776,0.07211112224065343,0.0,0.46137163043022156,0.6356722712516785,0.01736539788544178,0.595653772354126
1787759860.1067226,3.580634325626577,0.1456006895534524,0.0,0.4676435589790344,0.6290658712387085,0.05756668746471405,0.5808405876159668
1787759862.5693946,4.0716793341738855,-0.02735273313293026,0.0,0.461427241563797,0.6358011960983276,0.02549871616065502,0.6456649899482727
1787759862.5916188,3.5654360700465473,0.04920938234004877,0.0,0.4670652449131012,0.6299750208854675,0.06182345375418663,0.6132689714431763
1787759862.5919783,4.055366488607942,-0.12594488041440416,0.0,0.45905548334121704,0.6333171129226685,0.0261323731392622,0.22163905203342438
1787759862.5937574,3.549734990031118,-0.04544154106158357,0.0,0.4662662446498871,0.6305714845657349,0.06482046842575073,0.060621775686740875
1787759862.593896,4.043616661001889,-0.22033196337703448,0.0,0.4572107493877411,0.6335564255714417,0.020406760275363922,0.24913978576660156
1787759862.5939748,3.5436050466723295,-0.1101848547651959,0.0,0.4662051200866699,0.6316843032836914,0.06635493785142899,0.3815326392650604
1787759862.5940418,4.033352047490067,-0.2731104781532833,0.0,0.45602354407310486,0.6329396963119507,0.018053069710731506,0.7732716798782349
1787759862.5940938,3.53922972017996,-0.13899438794169156,0.0,0.46609604358673096,0.6322237253189087,0.07928687334060669,0.7416020035743713
1787759863.4068797,3.8742327003937107,-0.3407599864608979,0.0,0.4568733274936676,0.6309834122657776,0.041942283511161804,0.9212088584899902
1787759863.4080994,3.5948272463859827,0.08828149436669724,0.0,0.46606987714767456,0.628009021282196,0.0448811911046505,0.914085865020752
1787759863.4563224,3.8697137914791377,-0.3398272253249207,0.0,0.45704513788223267,0.6312685608863831,0.04106013849377632,1.0
1787759863.4568236,3.5970311184248076,0.0935180871176456,0.0,0.46606987714767456,0.628009021282196,0.0448811911046505,1.0
1787759863.9068725,3.8189062032399987,-0.32296051514435353,0.0,0.4577544629573822,0.6302729249000549,0.051228757947683334,0.8232977986335754
1787759863.9070358,3.6323551003900296,0.1538441471917654,0.0,0.4655032157897949,0.6265292763710022,0.03288755938410759,0.807045578956604
1787759869.0068421,3.747381472292307,-0.22790485338021052,0.0,0.4603178799152374,0.6304041743278503,0.061452049762010574,0.15467055141925812
1787759869.0072398,3.7879094225749994,0.28248860782975027,0.0,0.4631337523460388,0.6298292279243469,0.03309684991836548,0.20322182774543762
1787759869.1569922,3.634599171976431,-0.21743576669730708,0.0,0.462637722492218,0.6296621561050415,0.07351137697696686,0.47549524903297424
1787759869.1586516,3.6671160896376653,0.29353062169415317,0.0,0.46546217799186707,0.6257178783416748,0.039925236254930496,0.38101187348365784
1787759869.3064692,3.5947791845723542,-0.20791863782307812,0.0,0.4631865918636322,0.6302154064178467,0.07614569365978241,0.5938411951065063
1787759869.3107622,3.60434382310032,0.30399201618778465,0.0,0.46770578622817993,0.6235242486000061,0.04421663284301758,0.5345535278320312
1787759869.6067042,3.5739286786555375,-0.1996194592233195,0.0,0.4641572833061218,0.6314141154289246,0.05971890315413475,0.2537648379802704
1787759869.607167,3.556013967598191,0.3120670298769221,0.0,0.46891096234321594,0.6217933297157288,0.04999932274222374,0.32207298278808594
1787759869.9567912,3.5029424484113445,-0.20436358762605256,0.0,0.4657512903213501,0.6302967071533203,0.061018332839012146,0.13248227536678314
1787759869.9586582,3.474490536337578,0.30684526274661716,0.0,0.47028663754463196,0.6192443370819092,0.059210531413555145,0.027674753218889236
1787759870.1068256,3.3860387617083587,-0.2198499824901709,0.0,0.467874675989151,0.6285313963890076,0.05560743436217308,0.3513002097606659
1787759870.107208,3.375166690162575,0.29203457291300144,0.0,0.4693659245967865,0.615034818649292,0.07209035754203796,0.4376795291900635
1787759872.55855,3.1508688212382263,-0.23410690886794291,0.0,0.45810356736183167,0.6242692470550537,0.05617782101035118,0.14792513847351074
1787759872.5822551,3.176711685185125,0.2772404744078711,0.0,0.4630831480026245,0.6102725267410278,0.025852860882878304,0.1509956419467926
1787759872.5824606,3.0149167469469877,-0.22988872045249137,0.0,0.43432167172431946,0.6013047695159912,0.06743847578763962,0.07628243416547775
1787759872.5825822,3.0412419466414105,0.28143405809453254,0.0,0.4437803328037262,0.5965849757194519,0.03683244809508324,0.07394538819789886
1787759872.582643,2.874060490521798,-0.22419330535467835,0.0,0.4073312282562256,0.5810407400131226,0.05171642079949379,0.07635720074176788
1787759872.5828898,2.9012797500353504,0.2870826591806535,0.0,0.41997483372688293,0.579512357711792,0.07080357521772385,0.07654787600040436
1787759872.5831785,2.733985971633171,-0.21650965458091856,0.0,0.3841480612754822,0.5630836486816406,0.015835504978895187,0.18524158000946045
1787759872.5835094,2.7622428540295934,0.2947100130740288,0.0,0.3970600962638855,0.5619916319847107,0.05114196985960007,0.16667497158050537
1787759872.5839512,2.5964860080529486,-0.2085326692471555,0.0,0.37292346358299255,0.540935754776001,0.011839781887829304,0.23623870313167572
1787759872.5842075,2.625225104650449,0.3026601166240456,0.0,0.3808933198451996,0.5419666171073914,0.10148357599973679,0.24062009155750275
1787759872.6070995,2.458302102174561,-0.20055177307887695,0.0,0.37217023968696594,0.5382019877433777,0.01948598399758339,0.24525196850299835
1787759872.6072602,2.4872176950434604,0.3106310596620516,0.0,0.3782261312007904,0.5368951559066772,0.08192767202854156,0.2421032041311264
1787759872.957151,2.3429738077305737,-0.1947667497812382,0.0,0.37272346019744873,0.5387347340583801,0.023701664060354233,0.02286418154835701
1787759872.9573183,2.3721704389255533,0.3164001082278316,0.0,0.377706915140152,0.5377486348152161,0.07788623869419098,0.013213918544352055
1787759873.2567089,2.1791688156462974,-0.1851597792082489,0.0,0.373369425535202,0.5390552878379822,0.02077358029782772,0.06233325973153114
1787759873.2571187,2.2090516295843243,0.32596742358098374,0.0,0.37756019830703735,0.5378502011299133,0.07388585060834885,0.06707075238227844
1787759873.5592663,2.0376773246808875,-0.17839819021233003,0.0,0.3730500042438507,0.5391026139259338,0.011242086999118328,0.060447391122579575
1787759873.559622,2.0686381683300046,0.3326648451957642,0.0,0.3778877258300781,0.5372602939605713,0.07342449575662613,0.05178632587194443
1787759873.8571262,1.8968295951541378,-0.1706067818737073,0.0,0.3732438385486603,0.5387100577354431,0.012404036708176136,0.07591664046049118
1787759873.8572843,1.9279685276056804,0.34044543354637896,0.0,0.37892794609069824,0.5361990928649902,0.06822386384010315,0.06965280324220657
1787759874.1657593,1.7570708738457277,-0.1633507691738189,0.0,0.37395530939102173,0.5380424857139587,0.01365781668573618,0.09994514286518097
1787759874.1661222,1.7890617359680492,0.3476488245057365,0.0,0.38012465834617615,0.5354521870613098,0.06625744700431824,0.10908876359462738
1787759874.5072253,1.6176336357526648,-0.15290757499431823,0.0,0.37476444244384766,0.5371846556663513,0.011469143442809582,0.0735606998205185
1787759874.5107841,1.6496661475568324,0.35808940952468643,0.0,0.3828928470611572,0.5345719456672668,0.07397997379302979,0.06767656654119492
1787759874.8068404,1.457181373124458,-0.14214126541894953,0.0,0.3775065541267395,0.5349963903427124,0.009727675467729568,0.08537056297063828
1787759874.8072736,1.4904247596923692,0.36877837332035,0.0,0.3850698173046112,0.5323883295059204,0.07330279052257538,0.07647612690925598
1787759875.1070018,1.3181284138234997,-0.13292944715174437,0.0,0.37966567277908325,0.5334534049034119,0.008565912954509258,0.06834553182125092
1787759875.1075275,1.351660334097056,0.3779713360956175,0.0,0.3871670961380005,0.5311470627784729,0.07751335203647614,0.06320363283157349
1787759875.4073963,1.1781730960360453,-0.1230114337811904,0.0,0.38271328806877136,0.5379348397254944,0.010414130985736847,0.08759396523237228
1787759875.407533,1.213079382851365,0.38779728887413645,0.0,0.392017126083374,0.5343925952911377,0.08069619536399841,0.0868116170167923
1787759875.7076342,1.0365421322204067,-0.11629054685984427,0.0,0.3942309021949768,0.5548123121261597,0.01715015433728695,0.14337028563022614
1787759875.7079134,1.0725757337776114,0.3944398904148658,0.0,0.4046062231063843,0.5499976277351379,0.06603435426950455,0.13054350018501282
1787759876.0570092,0.8966086144692423,-0.1063832723940511,0.0,0.41389164328575134,0.5777338743209839,0.020734338089823723,0.011161784641444683
1787759876.0588331,0.932745298111883,0.40433988166821744,0.0,0.4311794340610504,0.5823915004730225,0.07444211095571518,0.007736517116427422
1787759876.406958,0.7321801689926394,-0.092342031164031,0.0,0.44006556272506714,0.6128165125846863,0.015631500631570816,0.11946088075637817
1787759876.407393,0.7685662248576118,0.41836341715093567,0.0,0.4548834562301636,0.610706627368927,0.054607558995485306,0.11510530859231949
1787759876.8069823,0.5693351746138252,-0.07836226145119343,0.0,0.45632755756378174,0.6343070268630981,0.0075254887342453,0.0869176909327507
1787759876.8074002,0.6068111361783909,0.4322643656500684,0.0,0.47210627794265747,0.6263613104820251,0.054196570068597794,0.09827056527137756
1787759877.8070288,0.4072154619330334,-0.0622365868130485,0.0,0.45678120851516724,0.6343146562576294,0.02808872051537037,0.06433182209730148
1787759877.8074467,0.44519734699212155,0.4483526574992051,0.0,0.47434937953948975,0.6272248029708862,0.05339011549949646,0.06832944601774216
1787759879.106803,0.18340316648930177,-0.03608805766612361,0.0,0.46110770106315613,0.6397016048431396,0.02672337368130684,0.17823541164398193
1787759879.107197,0.2231611676314233,0.4743659572511684,0.0,0.478910893201828,0.6317975521087646,0.06000407040119171,0.17571577429771423
1787759887.5618498,0.18131197531692872,-0.07841423999377078,0.0,0.46057212352752686,0.637481153011322,0.02723071724176407,0.9420983791351318
1787759887.5834923,0.022127970235272645,0.40821133735103277,0.0,0.48481088876724243,0.6398048996925354,0.05100898817181587,0.9859331250190735
1787759887.5837271,0.2220941231732944,-0.08915072020758663,0.0,0.45927268266677856,0.6354349255561829,0.026396693661808968,0.9624931812286377
1787759887.5891724,0.003489231154216052,0.3738351339881189,0.0,0.48419514298439026,0.6397904753684998,0.04485807195305824,0.9900832772254944
1787759887.5894368,0.23103005806114627,-0.09169540638282361,0.0,0.45893150568008423,0.634712815284729,0.02303590066730976,0.9322476387023926
1787759887.5895147,0.000920697592373565,0.3656815521805178,0.0,0.4835195541381836,0.6399378776550293,0.03992451727390289,0.9863930344581604
1787759887.589577,0.2687279373145769,-0.1417424278597608,0.0,0.45588812232017517,0.6270044445991516,0.027568956837058067,0.9739242196083069
1787759887.589636,-0.09248783526063645,0.22111727731965417,0.0,0.4796942174434662,0.6433360576629639,0.015951694920659065,0.9971132874488831
1787759888.8575783,0.47952080291862037,0.13611588009828185,0.0,0.4637768268585205,0.633493959903717,0.01695626601576805,0.9616124629974365
1787759888.8586617,0.05990282276015463,-0.15725206417601933,0.0,0.46028733253479004,0.6341876983642578,0.02043142169713974,1.0135079622268677
1787759890.0075767,0.2971191347779182,0.41474515322344147,0.0,0.474591463804245,0.6293419599533081,0.05267484113574028,0.9432046413421631
1787759890.0107043,0.18887822924857636,-0.08568257019942022,0.0,0.4578389823436737,0.6299968361854553,0.028056874871253967,0.9999940395355225
1787759893.9074414,0.20388325446069233,0.47425359626710617,0.0,0.4800422191619873,0.6327096819877625,0.05978216975927353,0.17455324530601501
1787759893.9078662,0.1732564749574677,-0.036829567589091367,0.0,0.46125930547714233,0.6397900581359863,0.026444172486662865,0.1661614626646042
1787759894.2076283,0.3610873263139636,0.46289231621572213,0.0,0.4758569300174713,0.6319217681884766,0.052315130829811096,0.34436526894569397
1787759894.2080808,0.32929281386441794,-0.048119531962082546,0.0,0.4587196409702301,0.6363250613212585,0.031144844368100166,0.3138352632522583
1787759894.5575747,0.4744952908727323,0.45110134889176345,0.0,0.4745239317417145,0.6290726065635681,0.04213884100317955,0.01605897955596447
1787759894.5580723,0.43710797519351535,-0.05953177638146298,0.0,0.45673757791519165,0.6354681253433228,0.02814386785030365,0.0054495311342179775
1787759894.8572936,0.6285589461952961,0.43735712325562776,0.0,0.4718962013721466,0.6267606616020203,0.046742748469114304,0.13213986158370972
1787759894.8576586,0.5911155945114155,-0.07327189610645007,0.0,0.4548438787460327,0.6322734951972961,0.017753884196281433,0.14078661799430847
1787759895.1806533,0.7667541551870751,0.42303138777214333,0.0,0.45372775197029114,0.6100846529006958,0.05086052045226097,0.13343803584575653
1787759895.181119,0.7298556868808812,-0.08763729448344285,0.0,0.4448067843914032,0.6161678433418274,0.058363571763038635,0.13487371802330017
1787759897.5705361,1.2288970818950096,0.3819949736004401,0.0,0.3877929449081421,0.5317658185958862,0.009480315260589123,0.23868687450885773
1787759897.5936174,1.1912321191517707,-0.12861774713960417,0.0,0.39695724844932556,0.5345862507820129,0.07898329198360443,0.24567627906799316
1787759897.5940588,1.3696836876481244,0.3720566075743229,0.0,0.3836727440357208,0.5311599969863892,0.030983762815594673,0.011638890951871872
1787759897.5942225,1.3317855640280825,-0.138538860703726,0.0,0.3934260308742523,0.5284435749053955,0.06606962531805038,0.0057755145244300365
1787759897.5945284,1.5339180299854436,0.3572974710390755,0.0,0.38139626383781433,0.5323878526687622,0.027564503252506256,0.08203499019145966
1787759897.594986,1.494923538346159,-0.15321543734012866,0.0,0.3918426036834717,0.5293578505516052,0.0628582164645195,0.0778181403875351
1787759897.5952947,1.6961004527271346,0.34486605915965385,0.0,0.37933218479156494,0.5327399969100952,0.018472807481884956,0.07431215792894363
1787759897.5957408,1.6569496107466775,-0.1656348826340134,0.0,0.39018797874450684,0.5303088426589966,0.05924375727772713,0.07205750793218613
1787759897.595958,1.859555947206508,0.3303452370649631,0.0,0.3777964115142822,0.5334416627883911,0.0160435289144516,0.014445575885474682
1787759897.5962436,1.8198363005188554,-0.1801117637362877,0.0,0.3884156048297882,0.5317183136940002,0.06651522219181061,0.029393497854471207
1787759897.8575778,2.0207238740313085,0.3165788046713604,0.0,0.37639760971069336,0.5342634320259094,0.027550850063562393,0.15792401134967804
1787759897.8585205,1.980007317347607,-0.19379964512038278,0.0,0.3881804347038269,0.5317251086235046,0.06864521652460098,0.16130344569683075
1787759898.1592202,2.1577589385240863,0.3056053071395751,0.0,0.37649059295654297,0.5341477394104004,0.029090771451592445,0.15132936835289001
1787759898.1626222,2.1166314619774917,-0.2047401941366772,0.0,0.38805919885635376,0.5322213768959045,0.06664849817752838,0.15463168919086456
1787759898.5077236,2.296314109570268,0.29506184795466617,0.0,0.3774094879627228,0.53348308801651,0.016419000923633575,0.07452767342329025
1787759898.5082018,2.2548469493443406,-0.21525616527120192,0.0,0.3888433277606964,0.5320389866828918,0.06694582849740982,0.07444214075803757
1787759898.8580256,2.4583803551530297,0.2827859006686182,0.0,0.3790338337421417,0.5335783958435059,0.014206974767148495,0.07653229683637619
1787759898.8584008,2.416519287172992,-0.22749995156282543,0.0,0.3913027346134186,0.5312412977218628,0.06624724715948105,0.1029386892914772
1787759899.1676207,2.621194913070446,0.2696991366405251,0.0,0.38416019082069397,0.5335235595703125,0.004180667921900749,0.13603277504444122
1787759899.1678307,2.5771409126644604,-0.2404020739522645,0.0,0.39543405175209045,0.5305159687995911,0.06414970010519028,0.134830504655838
1787759899.4578056,2.7573038501069362,0.2566002196225964,0.0,0.3938794732093811,0.552863359451294,0.012962098233401775,0.2223556637763977
1787759899.4582827,2.7125787670669927,-0.2534425893131538,0.0,0.4096021354198456,0.548841118812561,0.05406594276428223,0.22582392394542694
1787759899.7575495,2.8997833303812928,0.24338535959065097,0.0,0.42404597997665405,0.5893297791481018,0.013112598098814487,0.1103268712759018
1787759899.7580123,2.8542191428892676,-0.26658317357408423,0.0,0.4357862174510956,0.5801752805709839,0.05711834505200386,0.11004100739955902
1787759900.107877,3.0381134740386937,0.23141501983016144,0.0,0.44442954659461975,0.6146366596221924,0.01289433054625988,0.23589208722114563
1787759900.1107066,2.9923917369013955,-0.27853941220582723,0.0,0.4566294550895691,0.6074504256248474,0.05758369714021683,0.2540163993835449
1787759900.4084218,3.1972676187694207,0.216553214888823,0.0,0.4613669514656067,0.640706479549408,0.006565392483025789,0.12782907485961914
1787759900.4085956,3.152062474311765,-0.2934472703213015,0.0,0.478429913520813,0.6373941898345947,0.055619049817323685,0.13502956926822662
1787759900.7078025,3.3334357853112766,0.20555690676957739,0.0,0.46817702054977417,0.6522528529167175,0.003715988015756011,0.1348082572221756
1787759900.7085853,3.288588586085209,-0.3044751792030381,0.0,0.4848850667476654,0.6478160619735718,0.05167704448103905,0.13582810759544373
1787759900.958831,3.47084230746033,0.19327868668709958,0.0,0.4697116017341614,0.6541880369186401,0.007492822594940662,0.2520722448825836
1787759900.959011,3.425863072336274,-0.3167417721257356,0.0,0.48394575715065,0.649579644203186,0.059099748730659485,0.24998454749584198
1787759925.0587234,3.7191948482630375,0.17386470705814538,0.0,0.4711850583553314,0.6600328683853149,0.026803256943821907,0.1907038688659668
1787759925.059499,3.675115150121762,-0.3362342835424772,0.0,0.48626238107681274,0.6529695987701416,0.04315834864974022,0.19193710386753082
1787759948.0599809,3.5498708395722387,0.11033031299188789,0.0,0.4728880524635315,0.6541487574577332,0.06585504114627838,0.5895108580589294
1787759948.0601392,4.055352983231906,0.028894433668164292,0.0,0.4788073003292084,0.6612892746925354,0.025836452841758728,0.6282439827919006
1787759948.3598597,3.5698440173034514,0.21519329042650318,0.0,0.4714002013206482,0.6559790372848511,0.07040344923734665,0.7649325728416443
1787759948.3604023,4.076291563079566,0.13999433180771828,0.0,0.4767322838306427,0.6608759164810181,0.03214628994464874,0.851975679397583
1787759948.6601434,3.5822378208152053,0.28470743830145573,0.0,0.4709668755531311,0.6558844447135925,0.07321035116910934,0.7673648595809937
1787759948.6606343,4.090442123642084,0.2224789352803582,0.0,0.47541138529777527,0.6602063775062561,0.02315550297498703,0.8361791968345642
1787759948.9596627,3.594559407040353,0.3809715810228684,0.0,0.47155386209487915,0.6559886932373047,0.08297279477119446,0.42906248569488525
1787759948.9603624,4.103919475948888,0.3290454777462681,0.0,0.4745934009552002,0.6578384041786194,0.019822999835014343,0.44979870319366455
1787759949.3105059,3.607921078519115,0.4977534902079933,0.0,0.47131240367889404,0.6511568427085876,0.09627281129360199,0.1417405903339386
1787759949.3107731,4.117737683431638,0.4505197167459045,0.0,0.47642552852630615,0.6521835327148438,0.024939000606536865,0.11005588620901108
1787759949.5609255,3.6186158385987097,0.6081318969746203,0.0,0.4694276452064514,0.6452605128288269,0.08341055363416672,0.41280487179756165
1787759949.5632544,4.1281404743526195,0.5578462572765317,0.0,0.477859228849411,0.6486155390739441,0.021127520129084587,0.40257707238197327
1787759949.8596852,3.628081581897114,0.6762193966251504,0.0,0.4679279923439026,0.6407636404037476,0.063548244535923,0.7227604389190674
1787759949.8629446,4.137312711621011,0.6230436829945487,0.0,0.4787029027938843,0.6462777256965637,0.015539654530584812,0.8081843256950378
1787759950.1599896,3.6381118064864357,0.7441237962839629,0.0,0.46726566553115845,0.6380401253700256,0.06380194425582886,0.8192089796066284
1787759950.1614287,4.148529012766147,0.7038960007488482,0.0,0.48109692335128784,0.6428679823875427,0.05573928356170654,0.8830103278160095
1787759950.5104017,3.6455173339620526,0.817513664585917,0.0,0.4662822186946869,0.6331936120986938,0.05357673764228821,0.6901951432228088
1787759950.5109346,4.156600664070931,0.7868896595437961,0.0,0.4825229048728943,0.6418084502220154,0.06938297301530838,0.7312157154083252
1787759950.8598135,3.654449920144704,0.9149674208308021,0.0,0.46484819054603577,0.6250830888748169,0.03373273089528084,0.2772708535194397
1787759950.8602588,4.165932318850782,0.8919509959590539,0.0,0.4833456575870514,0.6417304873466492,0.06931466609239578,0.2818965017795563
1787759951.1642053,3.660397138843873,1.0417905217301793,0.0,0.4633687138557434,0.6212596297264099,0.04076231271028519,0.4610166847705841
1787759951.1677122,4.171870003838065,1.0185632021553204,0.0,0.48391249775886536,0.6424983739852905,0.0536651574075222,0.49287569522857666
1787759951.5100424,3.665985700975527,1.150885626226235,0.0,0.4624331295490265,0.6203688383102417,0.029984042048454285,0.31743741035461426
1787759951.5107305,4.17762864151951,1.1317675355394803,0.0,0.4825417995452881,0.6435920596122742,0.0463373139500618,0.32239988446235657
1787759951.8102298,3.673626676933507,1.2847353665647079,0.0,0.4635086953639984,0.6214420795440674,0.011914188042283058,0.08557482063770294
1787759951.81042,4.185396832688477,1.2693956247632925,0.0,0.48148593306541443,0.643775463104248,0.03978075087070465,0.0778438150882721
1787759952.109818,3.6799162512783474,1.4096330756482476,0.0,0.4628780782222748,0.6226542592048645,0.006530809681862593,0.28143197298049927
1787759952.1108623,4.191577174613668,1.3910024682602002,0.0,0.4807567000389099,0.6439595222473145,0.04040399193763733,0.29101571440696716
1787759952.4098544,3.684186059240946,1.5254202642137635,0.0,0.4619670510292053,0.6240159869194031,0.009764417074620724,0.652134120464325
1787759952.410398,4.195880625070466,1.5077377502369937,0.0,0.48043039441108704,0.6435661315917969,0.05370314419269562,0.7113970518112183
1787759952.7597096,3.6915932016220308,1.6230774265206187,0.0,0.46143531799316406,0.6256700158119202,0.018016623333096504,0.5117344856262207
1787759952.7626932,4.203515332163068,1.6141481341452595,0.0,0.4802917540073395,0.6442162990570068,0.01577218994498253,0.5233438611030579
1787759953.009964,3.6956160808655674,1.7317410169674092,0.0,0.46122393012046814,0.6275621056556702,0.019874604418873787,0.21854332089424133
1787759953.0106456,4.207588378786894,1.7264150277487955,0.0,0.4795667231082916,0.6425111293792725,0.031493548303842545,0.25958529114723206
1787759953.3599715,3.697035716601695,1.826811875245925,0.0,0.46048176288604736,0.6285678744316101,0.02242659404873848,0.25728487968444824
1787759953.360374,4.208831297327083,1.812345239494541,0.0,0.47875216603279114,0.6419402956962585,0.05393277108669281,0.2279077172279358
1787759953.6599004,3.699445693517189,1.910501717787337,0.0,0.46057552099227905,0.630196213722229,0.02316056564450264,0.14431463181972504
1787759953.6603649,4.210996719459945,1.8890646504292812,0.0,0.4786946177482605,0.6414639949798584,0.06262426823377609,0.12064576148986816
1787759953.9602857,3.7046652680491374,2.0119216341722304,0.0,0.4609866440296173,0.6321815848350525,0.027744770050048828,0.45912066102027893
1787759953.9604373,4.216006401890973,1.985955409160761,0.0,0.47944068908691406,0.6421606540679932,0.06970221549272537,0.4818744659423828
1787759954.3097718,3.710818511542741,2.1163985635002933,0.0,0.4613625705242157,0.6325990557670593,0.025000305846333504,0.5806847810745239
1787759954.3121636,4.222331151456567,2.094064302635236,0.0,0.4785503149032593,0.6412491202354431,0.05722520500421524,0.6452063322067261
1787759954.610173,3.71836685717581,2.220000559528089,0.0,0.46174851059913635,0.6334495544433594,0.020687760785222054,0.40846961736679077
1787759954.6119404,4.230228212642904,2.208086165737806,0.0,0.4783848226070404,0.6404062509536743,0.06383632123470306,0.4272942841053009
1787759954.9097145,3.7247167646550947,2.3241141958926814,0.0,0.46188119053840637,0.6348139643669128,0.02232252061367035,0.20189765095710754
1787759954.9101417,4.236629906547074,2.3146836519909435,0.0,0.47980690002441406,0.6395952105522156,0.07368681579828262,0.2014787793159485
1787759955.2099805,3.7269742561345947,2.4433589377786693,0.0,0.4618467688560486,0.6357767581939697,0.01159652229398489,0.40580999851226807
1787759955.2103848,4.238862084568101,2.432642077154933,0.0,0.4812168478965759,0.6392290592193604,0.07269462198019028,0.38825374841690063
1787759957.5772843,3.734816196188312,2.6183439298547113,0.0,0.4604407250881195,0.6366285085678101,0.009466659277677536,0.8155241012573242
1787759957.5990534,4.246781044761953,2.6123444444627046,0.0,0.4819628596305847,0.6368494629859924,0.0751132145524025,0.8268773555755615
1787759957.599352,3.738384824292933,2.661183763496267,0.0,0.46003487706184387,0.6367469429969788,0.011282451450824738,0.3521289527416229
1787759957.5997036,4.25036898763959,2.6571567941366054,0.0,0.4817160964012146,0.63593989610672,0.04001424089074135,0.315666526556015
1787759957.6000133,3.743543252862581,2.7321688035367404,0.0,0.45962196588516235,0.6371186971664429,0.012744289822876453,0.647663950920105
1787759957.6002915,4.255477514065385,2.7239644018681566,0.0,0.481669545173645,0.6350367665290833,0.027465831488370895,0.664518415927887
1787759957.600574,3.7465463969196815,2.806152332430139,0.0,0.4576035141944885,0.6356215476989746,0.012509333901107311,0.11038906127214432
1787759957.600855,4.2585156510433375,2.8005413759994418,0.0,0.48134806752204895,0.6347653269767761,0.03531201183795929,0.09499886631965637
1787759957.6011689,3.748041771629922,2.9140058219814176,0.0,0.45682159066200256,0.6345523595809937,0.016820985823869705,0.04965466633439064
1787759957.6015265,4.259952676079351,2.9044545966271604,0.0,0.4800717532634735,0.6348975896835327,0.049467988312244415,0.0061090183444321156
1787759957.8607292,3.752812249120213,3.044356017214443,0.0,0.4568791389465332,0.6337844729423523,0.012042499147355556,0.3226693868637085
1787759957.8609376,4.2646601385661835,3.0318765112264003,0.0,0.4794466495513916,0.6356448531150818,0.05069446936249733,0.34749335050582886
1787759958.1605194,3.7586569154771046,3.1774967592772585,0.0,0.4570194184780121,0.6323370933532715,0.014254452660679817,0.6698431372642517
1787759958.1606953,4.270554706491356,3.1672668250286984,0.0,0.47981950640678406,0.6365388631820679,0.057794854044914246,0.7032689452171326
1787759958.4600086,3.763689646027763,3.2478848629127106,0.0,0.4576456844806671,0.632297158241272,0.0056915078312158585,0.7239989638328552
1787759958.4603739,4.275667307757398,3.2431021973530307,0.0,0.47992032766342163,0.6366662979125977,0.052827153354883194,0.7331413626670837
1787759958.8129084,3.7661461912678904,3.296911924103902,0.0,0.4575962424278259,0.6328611373901367,0.0002620907034724951,0.3727991282939911
1787759958.8131144,4.278133766058805,3.2933449562434833,0.0,0.48021450638771057,0.637172281742096,0.047665491700172424,0.3877282440662384
1787759959.1100938,3.769647606064614,3.4191497552806407,0.0,0.4582512676715851,0.634076714515686,0.009684305638074875,0.10305159538984299
1787759959.1106732,4.281647014025884,3.4183711364338043,0.0,0.48189061880111694,0.6376179456710815,0.04407305270433426,0.0947522297501564
1787759959.4102142,3.7720496723212658,3.5544401684940174,0.0,0.4601006507873535,0.6361174583435059,0.016636183485388756,0.09190027415752411
1787759959.4135127,4.284048844699877,3.5535195797599792,0.0,0.48422518372535706,0.637917160987854,0.04542187973856926,0.0962885245680809
1787759959.710642,3.774022583153716,3.6903915301752166,0.0,0.46200692653656006,0.6385045647621155,0.016274159774184227,0.155096173286438
1787759959.7108476,4.286020272629122,3.688853358583395,0.0,0.4853345453739166,0.6362284421920776,0.04392673075199127,0.16319577395915985
1787759960.0785823,3.776513605007245,3.8229310520277853,0.0,0.4628976285457611,0.6392450332641602,0.027847150340676308,0.22911877930164337
1787759960.0796065,4.288512579403037,3.8219062507508674,0.0,0.4863044023513794,0.6340547800064087,0.025444911792874336,0.22201891243457794
1787759960.3610196,3.7825068158241653,3.9456427303284545,0.0,0.4643612504005432,0.6395197510719299,0.04176304489374161,0.6753740310668945
1787759960.3611925,4.29450193244935,3.9434065389316006,0.0,0.48541826009750366,0.6336510181427002,0.0416371114552021,0.706692636013031
1787759960.7102838,3.7843792256356448,4.004216981706409,0.0,0.4648408889770508,0.6387906074523926,0.03856303170323372,0.21379387378692627
1787759960.7107413,4.296370657331121,4.007179053686737,0.0,0.4850707948207855,0.6323574781417847,0.06447400152683258,0.18163737654685974
1787759968.3106182,3.7710218493242853,3.8695389834182374,0.0,0.46557366847991943,0.6378562450408936,0.03621918708086014,0.5946155190467834
1787759968.3107982,4.215189215950909,4.124213973207127,0.0,0.4822303354740143,0.6322706937789917,0.06417371332645416,0.7575973868370056
1787759968.560409,3.783240945824982,3.793768703696963,0.0,0.46515798568725586,0.6361033320426941,0.022328544408082962,0.7432764172554016
1787759968.564508,4.186975829257033,4.108637158611247,0.0,0.48003509640693665,0.633620023727417,0.06317216157913208,0.8490464091300964
1787759968.8105235,3.8068842420860003,3.720245997675382,0.0,0.46485352516174316,0.6352047920227051,0.015854015946388245,0.7927164435386658
1787759968.811279,4.15995630555051,4.091034506128533,0.0,0.47778794169425964,0.6341092586517334,0.0659327581524849,0.8737399578094482
1787759969.81127,3.97795642949883,3.505351605271741,0.0,0.4659137427806854,0.634047269821167,0.054968882352113724,0.8129839897155762
1787759969.8119302,4.088003441624883,4.005385259261279,0.0,0.4743770360946655,0.6330637335777283,0.11104562878608704,0.8742319941520691
1787759970.0788705,4.0216111234133765,3.4677179304857515,0.0,0.46762481331825256,0.6343581080436707,0.058349236845970154,0.5865163803100586
1787759970.0797782,4.034128892255265,3.9795648856034123,0.0,0.4724777042865753,0.6347901225090027,0.09481924027204514,0.7197682857513428
1787759970.110627,4.030856525403852,3.46174223382604,0.0,0.46897897124290466,0.6347846388816833,0.05335669964551926,0.7974211573600769
1787759970.110943,4.02532530286901,3.9737123555883067,0.0,0.4728345572948456,0.6348286867141724,0.09889591485261917,0.8767713904380798
1787759970.5607064,4.164309150656681,3.4337770615379513,0.0,0.4742860496044159,0.6336156725883484,0.04601956158876419,0.47978925704956055
1787759970.561414,4.022942077795953,3.9258739531261724,0.0,0.47149214148521423,0.6358075141906738,0.07397950440645218,0.6438781023025513
1787759970.6104417,4.1807144962082585,3.4325174315584754,0.0,0.4747406542301178,0.633337676525116,0.04663952812552452,0.7933416962623596
1787759970.611017,4.025959594336225,3.9205696012561186,0.0,0.4714972972869873,0.6354894042015076,0.0767878070473671,0.8772444725036621
1787759971.064999,4.3137351484037145,3.4270518111672024,0.0,0.4861156642436981,0.6319007277488708,0.04882609471678734,0.5630347728729248
1787759971.065186,4.019499502740511,3.8460618168009084,0.0,0.46981000900268555,0.6375344395637512,0.04280152544379234,0.7047213912010193
1787759971.3104804,4.383589974964908,3.448886042680402,0.0,0.4899131953716278,0.6307065486907959,0.04874857887625694,0.7866730690002441
1787759971.311085,4.025336811131103,3.814671048664886,0.0,0.4689903259277344,0.6359003782272339,0.03632248938083649,0.8489816784858704
1787759979.6613019,4.5889492935403995,3.617368554982245,0.0,0.5000050663948059,0.622282862663269,0.05220410227775574,0.1443631798028946
1787759979.6615207,4.084014379974552,3.7021313596919176,0.0,0.47150686383247375,0.6355931758880615,0.038966674357652664,0.151028111577034
1787759980.0110137,4.571434040599359,3.5059520697109097,0.0,0.49923673272132874,0.6220975518226624,0.04679587855935097,0.1409030258655548
1787759980.0115345,4.065974842106974,3.5875302448525233,0.0,0.47008413076400757,0.6352973580360413,0.0545441098511219,0.15492820739746094
1787759980.3109126,4.542134998347921,3.361465718579443,0.0,0.49578797817230225,0.6202101707458496,0.04637736454606056,0.19532552361488342
1787759980.3113923,4.0367971670467,3.443792362236154,0.0,0.4688918888568878,0.6333089470863342,0.04698602482676506,0.1923762410879135
1787759980.6608493,4.516666957423261,3.2387172764841012,0.0,0.4938127100467682,0.619812548160553,0.04510622099041939,0.1231698989868164
1787759980.6613314,4.011382264334566,3.3213694327189116,0.0,0.4660336673259735,0.6301885843276978,0.025685975328087807,0.160080686211586
1787759980.9607456,4.504307474419661,3.1565547329982815,0.0,0.4903241693973541,0.6206914782524109,0.0414564348757267,0.3854839503765106
1787759980.9611323,3.997939839548161,3.2322899187090437,0.0,0.46454066038131714,0.626355767250061,0.023858077824115753,0.31411945819854736
1787759981.1609194,4.498063759469221,3.1308219186568866,0.0,0.48896270990371704,0.6210644841194153,0.0479629747569561,0.32931992411613464
1787759981.164822,3.9933924395602367,3.2171402762717296,0.0,0.46454066038131714,0.626355767250061,0.023858077824115753,0.39818957448005676
1787759981.5118015,4.48731851195975,3.0965068992476033,0.0,0.4874170124530792,0.6210289597511292,0.052882131189107895,0.2998321056365967
1787759981.514646,3.985651463376999,3.1988503033646802,0.0,0.46457812190055847,0.6255176067352295,0.022350095212459564,0.35349634289741516
1787759981.6610425,4.476517224029239,3.0702493108250257,0.0,0.48596081137657166,0.6216180920600891,0.07095633447170258,0.5377026796340942
1787759981.6625772,3.972991189688748,3.1630153215258137,0.0,0.4642532765865326,0.6233422160148621,0.021265627816319466,0.5017218589782715
1787759981.8109999,4.4736596009601275,3.0578970020034415,0.0,0.48506250977516174,0.6217744946479797,0.07688841223716736,0.4694332182407379
1787759981.814947,3.967980915162485,3.1381034028076735,0.0,0.4645094573497772,0.6226083636283875,0.01277490146458149,0.3997841775417328
1787759982.1115751,4.472343057184969,3.0457862405804144,0.0,0.4847320318222046,0.6221288442611694,0.08158544450998306,0.005774152465164661
1787759982.1118007,3.964786683336904,3.113095432866483,0.0,0.4645138084888458,0.622599720954895,0.01938512548804283,0.03601423278450966
1787759982.4611423,4.462116778184304,2.9803673525898833,0.0,0.48192569613456726,0.6234815716743469,0.09651238471269608,0.40374425053596497
1787759982.461586,3.9534876236632264,3.039022132200538,0.0,0.4656376838684082,0.6199995875358582,0.017224198207259178,0.40049290657043457
1787759982.8109794,4.446101524746621,2.856734199107937,0.0,0.4723231792449951,0.6249375939369202,0.12486683577299118,0.5090481638908386
1787759982.8151782,3.9377570385351133,2.9178069699502527,0.0,0.4677278995513916,0.6164343357086182,0.059648297727108,0.49002137780189514
1787759983.0607278,4.433173025648689,2.745792482430823,0.0,0.46623972058296204,0.6274049878120422,0.05850766599178314,0.17936091125011444
1787759983.0611975,3.925276164651369,2.810482347085718,0.0,0.46913963556289673,0.6165744662284851,0.0629820004105568,0.16177573800086975
1787759983.3115935,4.414052294303015,2.6178233872128867,0.0,0.46101638674736023,0.6290430426597595,0.02342977374792099,0.3688037693500519
1787759983.3117874,3.9057107243081477,2.678920426545036,0.0,0.47115740180015564,0.6164771318435669,0.08784481883049011,0.32535484433174133
1787759983.5110147,4.402210565234842,2.542749881374318,0.0,0.4583165645599365,0.6277490854263306,0.0022242895793169737,0.43037745356559753
1787759983.511615,3.892661544695127,2.5927878236483304,0.0,0.4719820022583008,0.6170768141746521,0.08242755383253098,0.3848631978034973
1787759983.660882,4.394678699969878,2.5073088044852447,0.0,0.4576675295829773,0.623896598815918,0.012438544072210789,0.5901378393173218
1787759983.661459,3.883990473412361,2.5439357789103605,0.0,0.47220003604888916,0.6167336702346802,0.09147528558969498,0.5430510640144348
1787759983.9608083,4.392622313838935,2.4912738104433534,0.0,0.4583047926425934,0.6243839263916016,0.015388214029371738,0.3897012174129486
1787759983.9627213,3.881022292001012,2.5115078820908825,0.0,0.4718877971172333,0.6160370707511902,0.08970805257558823,0.39030829071998596
1787759984.2611494,4.38983646894504,2.4077621118583017,0.0,0.45864012837409973,0.6250406503677368,0.011409231461584568,0.2854529023170471
1787759984.2614536,3.8781910320078907,2.4268132761637484,0.0,0.471767395734787,0.6145931482315063,0.0847424641251564,0.276490181684494
1787759984.560915,4.385439412265003,2.282460571379833,0.0,0.45975059270858765,0.6259504556655884,0.01361903641372919,0.5441036820411682
1787759984.5617166,3.87387433525634,2.3035596705340784,0.0,0.47090643644332886,0.6096342206001282,0.06270410120487213,0.5093294978141785
1787759984.8616796,4.379974232177482,2.1708103347582863,0.0,0.45969274640083313,0.6263928413391113,0.008869798853993416,0.06586606055498123
1787759984.861881,3.8686585602854615,2.197273208328843,0.0,0.4705730080604553,0.6038469672203064,0.05931968241930008,0.08160614222288132
1787759985.1660466,4.37119575051988,2.040951712708668,0.0,0.46072933077812195,0.6284265518188477,0.0013251624768599868,0.2004515379667282
1787759985.1668994,3.859778338238555,2.0653695425768843,0.0,0.4705219566822052,0.5986101031303406,0.05279887095093727,0.1843969076871872
1787759987.574241,4.359687151312288,1.7666774408225308,0.0,0.4580623209476471,0.628702700138092,0.01062674168497324,0.22226421535015106
1787759987.5960374,3.847687168742833,1.7668110405138437,0.0,0.47039589285850525,0.5911861658096313,0.049370620399713516,0.2030390352010727
1787759987.5963686,4.3560952831345086,1.6377291754164085,0.0,0.4580647647380829,0.6290956139564514,0.007365511730313301,0.3796533942222595
1787759987.597385,3.844096151616165,1.6386722154272373,0.0,0.47091254591941833,0.5936341285705566,0.04243553429841995,0.36620381474494934
1787759987.597557,4.356751074494049,1.5072442659784213,0.0,0.45920076966285706,0.628990650177002,0.010340075939893723,0.0016754127573221922
1787759987.5976453,3.8447587401341554,1.5100459720134414,0.0,0.47075918316841125,0.5966188311576843,0.06357431411743164,0.04241601750254631
1787759987.5979257,4.35612323278377,1.384998798495471,0.0,0.4589405655860901,0.6323520541191101,0.0128087867051363,0.1447238028049469
1787759987.598347,3.844123251561924,1.3851374665483647,0.0,0.47066015005111694,0.6022756099700928,0.06687031686306,0.09493496268987656
1787759987.5987628,4.35299868039436,1.3027278179122286,0.0,0.4588770568370819,0.6362720131874084,0.015238841064274311,0.40174803137779236
1787759987.5992057,3.841096120783265,1.29273935138281,0.0,0.470542311668396,0.6052629947662354,0.05874226242303848,0.39843761920928955
1787759987.7125585,4.354136929733816,1.2198508342124867,0.0,0.4601583778858185,0.6383951306343079,0.014447729103267193,0.18425358831882477
1787759987.7128026,3.84225403938013,1.208900648681797,0.0,0.47004130482673645,0.6089661717414856,0.04460985213518143,0.2212933599948883
1787759988.0116317,4.352333513514566,1.1408127936800372,0.0,0.4602580964565277,0.6395513415336609,0.008612362667918205,0.5076594948768616
1787759988.0119312,3.8406151775322583,1.1238320805178068,0.0,0.47016441822052,0.6126608848571777,0.0447615385055542,0.5030221939086914
1787759988.3620381,4.354402913207502,1.0475025067138568,0.0,0.4591893255710602,0.6408968567848206,0.0043943170458078384,0.7701194286346436
1787759988.3622048,3.8426335081825824,1.0321377392102549,0.0,0.4701094925403595,0.6146615147590637,0.04793672636151314,0.7135525345802307
1787759988.6611073,4.360822862102167,0.9268516976857956,0.0,0.4600815773010254,0.6425367593765259,0.004111297428607941,0.15447181463241577
1787759988.661539,3.8488598244832164,0.920699615763631,0.0,0.47019824385643005,0.6198878884315491,0.055103372782468796,0.1608692705631256
1787759989.0117247,4.359099527198546,0.7990338812863468,0.0,0.4594971835613251,0.6415459513664246,0.010809595696628094,0.08182103931903839
1787759989.0119264,3.84714688290578,0.7920704050248323,0.0,0.4696621596813202,0.6221106648445129,0.03994685783982277,0.09035470336675644
1787759989.311278,4.358900858669862,0.6531563694876966,0.0,0.4599169194698334,0.6382606625556946,0.018073616549372673,0.5104120373725891
1787759989.314681,3.8469588103297285,0.6454531791545474,0.0,0.46920230984687805,0.6247720122337341,0.03997907042503357,0.5032921433448792
1787759989.6611767,4.357448408396781,0.5655172581409235,0.0,0.45851439237594604,0.636954128742218,0.010404150933027267,0.45922231674194336
1787759989.6626604,3.8454877021050713,0.5591741348334555,0.0,0.46965453028678894,0.6255544424057007,0.034917041659355164,0.4615386128425598
1787759990.0112276,4.356109676143641,0.4752081205326949,0.0,0.4579836428165436,0.6358346343040466,0.01276396680623293,0.17047713696956635
1787759990.015182,3.8441609907209444,0.46795943141165375,0.0,0.4688398241996765,0.6252714991569519,0.01720082014799118,0.1619417518377304
1787759990.311424,4.3565578981745015,0.33089535760095157,0.0,0.4574703574180603,0.6350168585777283,0.007722038310021162,0.6626944541931152
1787759990.3175626,3.8445871453299647,0.3254228598350176,0.0,0.4681291878223419,0.6248408555984497,0.008161372505128384,0.6176367998123169
1787759990.611706,4.358647538493141,0.2103125004001068,0.0,0.45698031783103943,0.6356112360954285,0.006397858262062073,0.5264874696731567
1787759990.6118548,3.846651600685974,0.2123520270510174,0.0,0.467417448759079,0.6233901381492615,0.012488109059631824,0.5046247243881226
1787759990.9611695,4.360893612296745,0.11451034999043458,0.0,0.45691290497779846,0.6366133689880371,0.005508419591933489,0.6986121535301208
1787759990.9615889,3.8489146851332263,0.11915557770206323,0.0,0.46684226393699646,0.6241103410720825,0.02566465549170971,0.6721508502960205
1787759991.2629333,4.361230088982181,0.019492976665890987,0.0,0.45499661564826965,0.6380636692047119,0.010077642276883125,0.9920802116394043
1787759991.2633367,3.849316435885933,0.028895730180389715,0.0,0.46622970700263977,0.6232936382293701,0.0545857734978199,0.9330499172210693
1787759991.5621817,4.356844883845848,-0.05326685854198114,0.0,0.45515239238739014,0.6386762857437134,0.007626356557011604,0.6058312058448792
1787759991.5624228,3.8451761223074525,-0.03485277518805832,0.0,0.46547430753707886,0.6239975690841675,0.07139905542135239,0.6109009385108948
1787759991.8618348,4.354063498877413,-0.10777259977196904,0.0,0.4552529454231262,0.6387825608253479,0.016324536874890327,0.7654597759246826
1787759991.8619983,3.8423749396720184,-0.08991711382767645,0.0,0.46463921666145325,0.6235706210136414,0.0655779018998146,0.6970277428627014
1787759992.1610396,4.34595408054664,-0.23426842515400906,0.0,0.4566182792186737,0.6346293687820435,0.011719333939254284,0.3673263490200043
1787759992.1616147,3.8347191469566924,-0.2062890992635962,0.0,0.4644433259963989,0.6232035160064697,0.07117129117250443,0.33446985483169556
1787759997.5675704,4.302516196149465,-0.4041073450622966,0.0,0.45674028992652893,0.6277759075164795,0.022628536447882652,0.7966517806053162
1787759997.591064,3.8065363646657784,-0.2770325373252245,0.0,0.46475347876548767,0.6257876753807068,0.0749325230717659,0.7874680757522583
1787759997.5946026,4.23908304317119,-0.3680166887199745,0.0,0.45685601234436035,0.6270683407783508,0.03166697546839714,0.629311740398407
1787759997.5948107,3.791970263810429,-0.11854893021740667,0.0,0.4661632478237152,0.6259912252426147,0.06083296984434128,0.6132335662841797
1787759997.6613994,4.2327871311233665,-0.3048022119749853,0.0,0.4566754996776581,0.6290103793144226,0.02743784338235855,0.8622955679893494
1787759997.6618056,3.8270607994651034,0.007495952923767868,0.0,0.46492090821266174,0.6242988705635071,0.053317636251449585,0.8562115430831909
1787759997.7115574,4.231543137383799,-0.2991709108903503,0.0,0.4567417800426483,0.6294853687286377,0.02564203552901745,0.7392801642417908
1787759997.7146273,3.830414130393313,0.019010672094628006,0.0,0.465128630399704,0.6244170069694519,0.054257363080978394,0.7277498245239258
1787759998.2615166,4.188319033484773,-0.2627775045371581,0.0,0.4575513005256653,0.6272653937339783,0.030667709186673164,0.7734339833259583
1787759998.2621665,3.8557681655758946,0.12652176370393622,0.0,0.4648420512676239,0.6228612065315247,0.052447136491537094,0.7624030709266663
1787759998.7128322,4.134698342074443,-0.2372371669962605,0.0,0.4612636864185333,0.6274906992912292,0.030760155990719795,0.7567696571350098
1787759998.7139535,3.865629729818474,0.19836136594278345,0.0,0.46447357535362244,0.6209216713905334,0.04715326800942421,0.7438244819641113
1787759998.7629857,4.129549228325957,-0.2348434486721892,0.0,0.4619917571544647,0.6285189390182495,0.0373958982527256,0.809764564037323
1787759998.7638214,3.868351658751353,0.20551984413083269,0.0,0.4642985165119171,0.6210922002792358,0.05021326616406441,0.8000013828277588
1787759998.911503,4.113708912933076,-0.22714330165199448,0.0,0.4623773694038391,0.6275107264518738,0.03993544355034828,0.7137506604194641
1787759998.912122,3.8787921500583136,0.22778319188343704,0.0,0.4643193781375885,0.621216893196106,0.041019242256879807,0.6993253231048584
1787760004.811511,4.049769343912289,-0.12396290622697206,0.0,0.4618770182132721,0.6256600022315979,0.038834135979413986,0.30186763405799866
1787760004.8119416,4.063375121360763,0.38785628335077593,0.0,0.46409231424331665,0.6244561672210693,0.05156507343053818,0.31395384669303894
1787760005.1614876,3.9467024883547364,-0.12230129674357085,0.0,0.4634910821914673,0.6249179244041443,0.04276440292596817,0.29740622639656067
1787760005.1618912,3.959083605609119,0.38954898208367883,0.0,0.46491286158561707,0.6229087114334106,0.04733486846089363,0.2824779748916626
1787760007.5647595,3.665335902932434,-0.10687218636271892,0.0,0.4671775996685028,0.623528778553009,0.05246735364198685,0.3801986575126648
1787760007.5878925,3.6275816510533594,0.403733940182049,0.0,0.46972259879112244,0.6177955269813538,0.06452855467796326,0.45695075392723083
1787760007.5895474,3.6077123874113513,-0.11209838004860309,0.0,0.46728506684303284,0.6244605183601379,0.05723528936505318,0.028447087854146957
1787760007.589783,3.559775509977806,0.3976525942338608,0.0,0.46956321597099304,0.6172016859054565,0.024001719430088997,0.0900966078042984
1787760007.5898752,3.484940600179111,-0.12799027472892044,0.0,0.4667932689189911,0.6312060952186584,0.046590954065322876,0.3139525055885315
1787760007.5901759,3.458308529070214,0.38331661236380277,0.0,0.46968573331832886,0.6190157532691956,0.03875892236828804,0.26713547110557556
1787760007.5906312,3.3690697760213184,-0.13499898750802994,0.0,0.46486952900886536,0.6376860737800598,0.08317817002534866,0.24122250080108643
1787760007.590904,3.3482257501531483,0.37657654609928304,0.0,0.46679213643074036,0.6187852025032043,0.0226437970995903,0.24284270405769348
1787760007.5917153,3.232017182464074,-0.1417613388200335,0.0,0.4459793269634247,0.625066876411438,0.09080155938863754,0.18209892511367798
1787760007.5921853,3.212210544634339,0.3698554094377633,0.0,0.4471510350704193,0.6025697588920593,0.008648540824651718,0.18287354707717896
1787760007.7117999,3.0914735729235376,-0.14677764546272404,0.0,0.4250144362449646,0.6115687489509583,0.06585560739040375,0.053161486983299255
1787760007.712234,3.0731060033281734,0.3648927879093436,0.0,0.4257260262966156,0.5861138105392456,0.05515546351671219,0.0700693130493164
1787760008.0622792,2.9249722170830283,-0.1520171124372524,0.0,0.3891284763813019,0.5735248327255249,0.01747925393283367,0.008111441507935524
1787760008.0624504,2.907470394671021,0.35968366556905323,0.0,0.3987230956554413,0.5614256858825684,0.06705155968666077,0.011349904350936413
1787760008.3624032,2.7644891343914018,-0.1577043550898486,0.0,0.37496256828308105,0.5459737181663513,0.012561662122607231,0.46620598435401917
1787760008.3626533,2.747163986399872,0.3540024352179131,0.0,0.3802873492240906,0.5371178984642029,0.06886371970176697,0.46810731291770935
1787760008.6622663,2.672029945116022,-0.16193284337030084,0.0,0.3727714419364929,0.5392709374427795,0.005525749642401934,0.1435791403055191
1787760008.6624317,2.6552765416189015,0.34979298504884654,0.0,0.3768041431903839,0.5367884635925293,0.057658176869153976,0.13662251830101013
1787760009.012507,2.5333606644912448,-0.1664873942335188,0.0,0.37222820520401,0.5407267808914185,0.015032172203063965,0.06911326199769974
1787760009.0126557,2.517550347369157,0.3452684400004439,0.0,0.3759183883666992,0.5385035872459412,0.06281742453575134,0.07831837981939316
1787760009.361883,2.3697685702652693,-0.17147252881773523,0.0,0.3721570074558258,0.5403844714164734,0.017121614888310432,0.09275656193494797
1787760009.3629892,2.354811421054758,0.34030895158918073,0.0,0.37583813071250916,0.5386887788772583,0.07521115243434906,0.09036001563072205
1787760009.6619813,2.2066429305324435,-0.17671186267145028,0.0,0.37257033586502075,0.5398494005203247,0.01414330955594778,0.19967608153820038
1787760009.6667013,2.192538990802566,0.3350938415602395,0.0,0.37632089853286743,0.5379423499107361,0.0632108747959137,0.2002665102481842
1787760010.0118022,2.0647329192558943,-0.18150446493113714,0.0,0.3728668987751007,0.5389612317085266,0.007799111772328615,0.2721511721611023
1787760010.015625,2.0513829816189113,0.330321461693422,0.0,0.37690725922584534,0.537238359451294,0.059917207807302475,0.29470986127853394
1787760010.2619672,1.9012467320302209,-0.18782518937036533,0.0,0.3736158609390259,0.5378479957580566,0.008310573175549507,0.315604567527771
1787760010.2666593,1.8875289147056633,0.32399100956031524,0.0,0.37806105613708496,0.5359432697296143,0.06576095521450043,0.32758790254592896
1787760010.6120946,1.7863476432372385,-0.19002079845700398,0.0,0.3745996952056885,0.5366429686546326,0.01574821211397648,0.011902248486876488
1787760010.612988,1.7729359046596531,0.3218035124821372,0.0,0.3792038559913635,0.5351189374923706,0.06372585892677307,0.0026317983865737915
1787760010.912239,1.6244187774688863,-0.194507464686768,0.0,0.37611162662506104,0.534837543964386,0.016949491575360298,0.12589363753795624
1787760010.9126704,1.6113604741261007,0.3173259854840937,0.0,0.38174858689308167,0.532814621925354,0.056717485189437866,0.13101601600646973
1787760011.2617495,1.484406467485818,-0.19759283334990882,0.0,0.3772941827774048,0.5338236093521118,0.011829121969640255,0.08590352535247803
1787760011.2621222,1.4718309756979888,0.3142527068341336,0.0,0.38422691822052,0.531446635723114,0.07739676535129547,0.10744841396808624
1787760011.4625833,1.3225827301561184,-0.2010248905495244,0.0,0.3822147250175476,0.5384387969970703,0.011904253624379635,0.4001956880092621
1787760011.4627771,1.3109077055457385,0.31084198061948076,0.0,0.3906085789203644,0.5358223915100098,0.07118157297372818,0.40512457489967346
1787760011.8120334,1.230117669582667,-0.2034041131796868,0.0,0.39091628789901733,0.5509165525436401,0.016656208783388138,0.19943422079086304
1787760011.813031,1.2196179838696448,0.30848821592862063,0.0,0.4007790982723236,0.5496038198471069,0.074723020195961,0.22145916521549225
1787760012.1130028,1.0629738084936355,-0.2049277870465789,0.0,0.41634297370910645,0.5776597261428833,0.015255375765264034,0.14266562461853027
1787760012.1131742,1.0531842925944526,0.30697861590073694,0.0,0.42882832884788513,0.582184374332428,0.07405358552932739,0.14700254797935486
1787760012.413896,0.9214281991281505,-0.2081011073226,0.0,0.43666237592697144,0.6002523303031921,0.015100497752428055,0.08630959689617157
1787760012.4145944,0.9120653852550602,0.3038132778204411,0.0,0.4554753303527832,0.6114134788513184,0.04489414021372795,0.08728715777397156
1787760012.7620788,0.7803106844987293,-0.20841785199139423,0.0,0.45237308740615845,0.6212567687034607,0.003938673995435238,0.11509533226490021
1787760012.7629516,0.7711246183124829,0.30349973530955204,0.0,0.47207120060920715,0.6295862793922424,0.023707177489995956,0.12628516554832458
1787760013.2036798,0.6176027652074215,-0.21045831752343064,0.0,0.4571993052959442,0.6285750269889832,0.01509841438382864,0.145144522190094
1787760013.2045193,0.6083120007815567,0.3014573803179063,0.0,0.4776809513568878,0.6357141137123108,0.031185531988739967,0.1384950876235962
1787760014.3120313,0.4692288917719859,-0.207587308229645,0.0,0.4585462510585785,0.6309665441513062,0.025188306346535683,0.10037289559841156
1787760014.3124986,0.46103131863758906,0.3043470623636041,0.0,0.4790371060371399,0.6358532309532166,0.043991681188344955,0.09300494939088821
1787760023.7622385,0.3046892872898725,-0.22233646799206047,0.0,0.46055805683135986,0.6338236331939697,0.028280723839998245,0.9417313933372498
1787760023.7626748,0.21829372603631741,0.2823216410240171,0.0,0.48219072818756104,0.640040934085846,0.04917636513710022,0.9813369512557983
1787760024.0120978,0.3470991310414744,-0.23731277304876872,0.0,0.458481103181839,0.6332662105560303,0.027216896414756775,0.8936224579811096
1787760024.012692,0.19350910081163356,0.2511072333125561,0.0,0.48192229866981506,0.640970766544342,0.037643518298864365,0.9700401425361633
1787760024.262198,0.4119220686209956,-0.24297179422806525,0.0,0.4581303894519806,0.6307207345962524,0.024397550150752068,0.9302422404289246
1787760024.2626698,0.17322917133219423,0.2099848270767543,0.0,0.48149871826171875,0.6422209739685059,0.028591202571988106,0.9811975955963135
1787760024.812701,0.4771345197944634,-0.24418333691183355,0.0,0.4571349620819092,0.6290916800498962,0.02855539508163929,0.8396761417388916
1787760024.8135164,0.09438329237138746,0.09588356519145666,0.0,0.4768877327442169,0.6450843811035156,0.013366586528718472,0.9245245456695557
1787760024.8626182,0.4768651965992228,-0.2471373386054834,0.0,0.4571349620819092,0.6290916800498962,0.02855539508163929,0.8996887803077698
1787760024.8634505,0.08512748005896656,0.08253759438127847,0.0,0.4765958786010742,0.6460217833518982,0.013937258161604404,0.9541757106781006
1787760027.588299,0.6098099830857835,-0.2091322824538707,0.0,0.4585995674133301,0.6317588090896606,0.014056502841413021,0.9534213542938232
1787760027.6109095,0.09874756876026486,-0.2401033764573439,0.0,0.4642254710197449,0.6402363181114197,0.035402316600084305,0.9903806447982788
1787760027.6115253,0.613726710509884,-0.20218847477996166,0.0,0.45848724246025085,0.6312494874000549,0.013646028935909271,0.8825750946998596
1787760027.6117034,0.10375751598249383,-0.24774525948964948,0.0,0.46401163935661316,0.6396508812904358,0.031712062656879425,0.9805561900138855
1787760027.612122,0.6246733981991177,-0.0907112130680183,0.0,0.4613937735557556,0.6373041272163391,0.009274368174374104,0.968936026096344
1787760027.612496,0.1398758816618237,-0.25537865963616124,0.0,0.4641694128513336,0.6391668915748596,0.03390590474009514,1.0049278736114502
1787760027.612877,0.6082908762930304,-0.013284311556458678,0.0,0.4640003442764282,0.6419007778167725,0.012631482444703579,0.9229646921157837
1787760027.6132855,0.15070014671146753,-0.2429682774770536,0.0,0.462156742811203,0.6375895738601685,0.03248545899987221,1.0018013715744019
1787760027.6136487,0.5903330869168476,0.05215549304716663,0.0,0.4665195047855377,0.6448033452033997,0.018182920292019844,0.9703749418258667
1787760027.6140392,0.17332422338304318,-0.24490949602802684,0.0,0.4620109796524048,0.6371070146560669,0.02903054840862751,1.005799412727356
1787760027.812419,0.5336291315228211,0.1940181156459632,0.0,0.4743049442768097,0.6460497379302979,0.03458863124251366,0.9382528066635132
1787760027.8128695,0.25073013154847934,-0.2327278929042251,0.0,0.45935821533203125,0.6308021545410156,0.03363100811839104,1.0100847482681274
1787760027.8625953,0.526330284472085,0.20656361561531927,0.0,0.47455525398254395,0.6452136635780334,0.03613649308681488,0.9352619647979736
1787760027.8630998,0.2593455190579352,-0.2303152406328991,0.0,0.4596846401691437,0.6307604908943176,0.03180181235074997,1.0051264762878418
1787760028.6129575,0.3604644919141297,0.34458397570345767,0.0,0.48286163806915283,0.6366236209869385,0.04440298303961754,0.9579971432685852
1787760028.6134906,0.2895367497343125,-0.1624793885709428,0.0,0.4610303044319153,0.6380139589309692,0.03053572028875351,1.0092519521713257
1787760032.963471,0.19099867111088267,0.4100155993172442,0.0,0.4915563762187958,0.6363223791122437,0.04956422746181488,0.2173805832862854
1787760032.9637094,0.17369893418954344,-0.1016920507159095,0.0,0.4646616578102112,0.6444621086120605,0.02773440256714821,0.2090613842010498
1787760033.3627717,0.32592988724559646,0.40050835643574345,0.0,0.4843575358390808,0.6362555027008057,0.05392611771821976,0.15473292768001556
1787760033.3669736,0.3069123235544574,-0.11113833051849989,0.0,0.4614894688129425,0.64141446352005,0.03770286589860916,0.2101699560880661
1787760033.6626308,0.4497535416769027,0.3846996683039199,0.0,0.48131075501441956,0.6370236277580261,0.0519588403403759,0.59294593334198
1787760033.6630952,0.44196393039922693,-0.12724107236451207,0.0,0.46038898825645447,0.6416870355606079,0.02836945280432701,0.575522780418396
1787760033.9625297,0.5286153086622805,0.3759116914798294,0.0,0.47953924536705017,0.6373695731163025,0.05092675983905792,0.33949464559555054
1787760033.9628794,0.5166277224748204,-0.1359479550810205,0.0,0.4601171612739563,0.6421135067939758,0.021435773000121117,0.3245180547237396
1787760034.2626212,0.6415695091506707,0.36814901874452444,0.0,0.47777310013771057,0.6380085349082947,0.04013437777757645,0.11343119293451309
1787760034.2630394,0.6260076589177185,-0.14361443131548834,0.0,0.4612289369106293,0.642034649848938,0.0017662266036495566,0.11178570985794067
1787760034.6127746,0.7765745250863367,0.3610574454383695,0.0,0.4687735438346863,0.6305927634239197,0.03672192990779877,0.09406930208206177
1787760034.6136456,0.7604033174107963,-0.15068711197510662,0.0,0.4561297297477722,0.6280062794685364,0.05395946651697159,0.11673281341791153
1787760034.9130793,0.9405301645886261,0.3532163881390566,0.0,0.44439852237701416,0.6000218987464905,0.034500472247600555,0.106058768928051
1787760034.9132478,0.924642350480456,-0.15853704600952262,0.0,0.43935880064964294,0.5965139269828796,0.08424706012010574,0.10989230871200562
1787760035.2129765,1.0806812331556805,0.345411402557589,0.0,0.4146890640258789,0.5654692649841309,0.03245801478624344,0.11580812186002731
1787760035.2133272,1.064452038362912,-0.16633131916532745,0.0,0.42023375630378723,0.566124677658081,0.11183289438486099,0.11990328878164291
1787760037.5956373,1.4820347507930973,0.3312349098272021,0.0,0.3887843191623688,0.5268142819404602,0.033193640410900116,0.11635619401931763
1787760037.6179235,1.4641602157381428,-0.180452984300233,0.0,0.39412787556648254,0.5272665023803711,0.06375132501125336,0.13511264324188232
1787760037.622585,1.6451580069421257,0.32500275063632883,0.0,0.38741347193717957,0.5280124545097351,0.0361916720867157,0.13604481518268585
1787760037.6228068,1.6265238646406204,-0.1866580439734275,0.0,0.39357152581214905,0.5278871059417725,0.07057468593120575,0.13365332782268524
1787760037.622952,1.8094528534251777,0.31575447578914095,0.0,0.3861708641052246,0.529346227645874,0.011931507848203182,0.09381545335054398
1787760037.623016,1.789931949951028,-0.1958732544284001,0.0,0.3938460350036621,0.5279147624969482,0.0834415853023529,0.09097965061664581
1787760037.623077,1.9505124201348272,0.3092118618310935,0.0,0.3855670690536499,0.5291783809661865,0.0054069338366389275,0.13553476333618164
1787760037.6231816,1.9304269306095603,-0.20239401490463205,0.0,0.3928918242454529,0.5286291241645813,0.0777994692325592,0.14599375426769257
1787760037.6232674,2.112305852538105,0.30249627833637427,0.0,0.38398441672325134,0.5295314788818359,0.017141375690698624,0.13134805858135223
1787760037.6233213,2.0926721466482796,-0.2091271355072768,0.0,0.3929712474346161,0.5277780294418335,0.06608731299638748,0.1381222903728485
1787760037.7125194,2.252954723507929,0.29763679241247887,0.0,0.3828991651535034,0.5297901034355164,0.01002651546150446,0.12005279958248138
1787760037.7128837,2.2330846162637457,-0.21397749475912142,0.0,0.39256083965301514,0.5273059606552124,0.06038760393857956,0.12150968611240387
1787760038.0128295,2.3926952242695365,0.29098215251054416,0.0,0.38164186477661133,0.530938982963562,0.005252611357718706,0.16147881746292114
1787760038.0133047,2.3732124648635033,-0.22064703165111665,0.0,0.39188432693481445,0.5275587439537048,0.06258010864257812,0.1661435067653656
1787760038.3630319,2.533161273030789,0.2841325309723779,0.0,0.38125744462013245,0.531105637550354,0.003287825034931302,0.01737196557223797
1787760038.3635375,2.5133310593492304,-0.22748330403015973,0.0,0.3914976418018341,0.5278493165969849,0.07123257964849472,0.03872739151120186
1787760038.6628363,2.6939737797702428,0.2750509574041554,0.0,0.38232919573783875,0.5315000414848328,0.0068282014690339565,0.15321654081344604
1787760038.666752,2.6728754073076635,-0.23651414957581676,0.0,0.39321619272232056,0.5284410715103149,0.06912211328744888,0.1550966203212738
1787760039.0128207,2.832234570371281,0.26799773449589365,0.0,0.38689160346984863,0.5381531119346619,0.011566518805921078,0.10607681423425674
1787760039.018235,2.810296882498631,-0.24353206703164415,0.0,0.39986303448677063,0.5372508764266968,0.05810503661632538,0.11476489901542664
1787760039.362927,2.994036740785135,0.2597166455624638,0.0,0.40414440631866455,0.5630493760108948,0.011947079561650753,0.11825691908597946
1787760039.3633645,2.9729827937331317,-0.25185029171313006,0.0,0.42379921674728394,0.5658885836601257,0.06956139206886292,0.16119228303432465
1787760039.6137094,3.159478307156195,0.2528562523954447,0.0,0.43165159225463867,0.5986115336418152,0.01914510875940323,0.29542040824890137
1787760039.6138802,3.1369174945517355,-0.2586464452852483,0.0,0.4509059190750122,0.5998350977897644,0.053008388727903366,0.31978800892829895
1787760039.9128807,3.273978625768673,0.24937394763768084,0.0,0.4520221948623657,0.6255540251731873,0.012746868655085564,0.11778301745653152
1787760039.9131594,3.2526994148816026,-0.26218366904300516,0.0,0.4655040502548218,0.6188673377037048,0.04684880003333092,0.1223510280251503
1787760040.2629993,3.4119015923371427,0.24137238025115168,0.0,0.466228723526001,0.647453784942627,0.007404876407235861,0.18574973940849304
1787760040.2687669,3.3904281318868033,-0.2701771193051353,0.0,0.480800986289978,0.6408674120903015,0.05912280082702637,0.1798611432313919
1787760040.612971,3.5693923857345182,0.23501747550938593,0.0,0.46683886647224426,0.6508326530456543,0.01455388031899929,0.06344172358512878
1787760040.6137938,3.5462290693773624,-0.27645829202543903,0.0,0.48184701800346375,0.6448192000389099,0.05742106959223747,0.10073105990886688
1787760040.8628762,3.7282458339394897,0.22593811018430543,0.0,0.46852371096611023,0.6540736556053162,0.023793360218405724,0.27844110131263733
1787760040.8632762,3.7049752703043812,-0.2855327891522105,0.0,0.4825705587863922,0.647293746471405,0.04348296672105789,0.28382059931755066
1787760048.4130425,3.899679356089901,0.26762334026347995,0.0,0.46818801760673523,0.6570147275924683,0.01712685450911522,0.5665494203567505
1787760048.413466,4.022568121993985,-0.22941021113377846,0.0,0.4819874167442322,0.6540002226829529,0.026308046653866768,0.5989868640899658
1787760048.4635818,3.894055667134241,0.2716898120528876,0.0,0.4679093658924103,0.656450629234314,0.016735080629587173,0.8232836723327637
1787760048.4639564,4.031326675480141,-0.2215653655861311,0.0,0.4814120829105377,0.6542652249336243,0.023881569504737854,0.8370765447616577
1787760048.9132524,3.842501593495096,0.30757184906656065,0.0,0.4683990776538849,0.6566507816314697,0.02708899974822998,0.6185308694839478
1787760048.9148355,4.114319280359247,-0.1263165526081355,0.0,0.4807681739330292,0.6551114916801453,0.015565560199320316,0.6482003331184387
1787760054.8133383,3.5669205255920207,0.14648742610381607,0.0,0.4714381694793701,0.6482811570167542,0.024612275883555412,0.13327735662460327
1787760054.8142936,4.077952632405417,0.11502020814826439,0.0,0.47296029329299927,0.6554407477378845,0.02737869881093502,0.12290124595165253
1787760055.1134737,3.5769974692524777,0.25300855718843274,0.0,0.46899738907814026,0.6487092971801758,0.0221193116158247,0.7081984281539917
1787760055.1177633,4.087764615730412,0.21749909255168604,0.0,0.4715416133403778,0.656079113483429,0.030421091243624687,0.7626170516014099
1787760057.5484734,3.5937743530311765,0.5827489858423026,0.0,0.4658408463001251,0.6447489261627197,0.026583263650536537,0.4953393340110779
1787760057.5726085,4.105441404481617,0.5642874458195227,0.0,0.47432759404182434,0.6490809917449951,0.03925866261124611,0.5325728058815002
1787760057.5730956,3.601290932286433,0.7000356121083748,0.0,0.46378135681152344,0.635949432849884,0.01704469323158264,0.4491080939769745
1787760057.5736363,4.11312156680656,0.6868674092422207,0.0,0.4769362211227417,0.6461805105209351,0.0248793363571167,0.48208773136138916
1787760057.5741568,3.603774068685478,0.8336851268875186,0.0,0.4623424708843231,0.6265326738357544,0.054839126765728,0.20915056765079498
1787760057.5747683,4.115740247488049,0.8278002511629848,0.0,0.4792148768901825,0.6434781551361084,0.05536896362900734,0.2285863161087036
1787760057.5753126,3.606632072247288,0.9656791310356885,0.0,0.4614163935184479,0.6184303164482117,0.042655251920223236,0.4331395626068115
1787760057.5759823,4.118616035373514,0.9616267858427499,0.0,0.47958722710609436,0.6424517035484314,0.09217213839292526,0.46751514077186584
1787760057.5764992,3.609896171118392,1.0818285407101802,0.0,0.4607023596763611,0.6149950623512268,0.046550363302230835,0.3489101529121399
1787760057.5772283,4.121895727735934,1.0825023533253735,0.0,0.47950175404548645,0.6436429023742676,0.08871395140886307,0.3609374761581421
1787760057.613668,3.6120298918401943,1.2012982348707408,0.0,0.4597042202949524,0.6129454374313354,0.03231615573167801,0.2842461168766022
1787760057.6141477,4.1240261846297885,1.2032466110439242,0.0,0.47847968339920044,0.6451645493507385,0.06021870672702789,0.29223334789276123
1787760057.9641469,3.614228000991802,1.3187821194370195,0.0,0.46021154522895813,0.61431485414505,0.016551317647099495,0.2556924819946289
1787760057.9643102,4.126220923743309,1.3214741544236261,0.0,0.4776129424571991,0.6457914710044861,0.06383068859577179,0.2692408561706543
1787760058.2638874,3.61237600191191,1.4603468850059005,0.0,0.46016594767570496,0.6182441711425781,0.008657924830913544,0.2349572330713272
1787760058.2644367,4.124328388021204,1.4673293170320925,0.0,0.4768449068069458,0.6456379890441895,0.06050117686390877,0.23655857145786285
1787760058.4637158,3.611108435820409,1.5794443843076482,0.0,0.45953598618507385,0.6209580898284912,0.02025800570845604,0.2874903678894043
1787760058.4656563,4.123066287022066,1.5860139043039652,0.0,0.4764314889907837,0.6440171003341675,0.061457257717847824,0.34068432450294495
1787760058.764191,3.610503823707629,1.640852727358925,0.0,0.45907360315322876,0.6211142539978027,0.024945838376879692,0.08883771300315857
1787760058.7643812,4.122467059603737,1.6347171678257155,0.0,0.4758225083351135,0.6437073349952698,0.05892110615968704,0.0671243891119957
1787760059.0636277,3.615052956295993,1.758807174846973,0.0,0.45871883630752563,0.6245712637901306,0.027536097913980484,0.11453258991241455
1787760059.064115,4.1269718026227675,1.7496915412724956,0.0,0.47462204098701477,0.6423197984695435,0.06661859154701233,0.11305850744247437
1787760059.413666,3.617580574567427,1.8896165343726004,0.0,0.458941251039505,0.6276206374168396,0.022799214348196983,0.07327327132225037
1787760059.414097,4.129471129768215,1.8790307185689408,0.0,0.4746270477771759,0.6424489617347717,0.058597665280103683,0.057328321039676666
1787760059.7135572,3.622383249752672,2.039329876526689,0.0,0.4592130780220032,0.629172146320343,0.016305822879076004,0.5075756907463074
1787760059.7138975,4.1342889135695655,2.029501786570555,0.0,0.47611522674560547,0.6432810425758362,0.05887241289019585,0.5479384064674377
1787760060.065026,3.624696836412424,2.146609503610771,0.0,0.45859295129776,0.6279039978981018,0.008477668277919292,0.30533310770988464
1787760060.0652668,4.13667684008108,2.1420844794734273,0.0,0.4781826138496399,0.6431779861450195,0.03616304695606232,0.32452934980392456
1787760060.413834,3.627564365853007,2.2994742625156888,0.0,0.45853540301322937,0.6299532651901245,0.014350838027894497,0.15811893343925476
1787760060.4189487,4.13956336836742,2.2984636071610187,0.0,0.478896826505661,0.6432202458381653,0.04905543103814125,0.16811704635620117
1787760060.7638745,3.6286990168344246,2.4501325543786474,0.0,0.45803940296173096,0.6304398775100708,0.017209459096193314,0.0731431171298027
1787760060.7644696,4.1406986768189675,2.4507226185383035,0.0,0.47898346185684204,0.6400564908981323,0.06139431521296501,0.06729733198881149
1787760061.0637467,3.6306678135925425,2.6062669546885053,0.0,0.45644956827163696,0.6279593706130981,0.01463797502219677,0.2154247909784317
1787760061.0666702,4.142667719722982,2.6059569185281393,0.0,0.4783138632774353,0.6378567814826965,0.065906822681427,0.214833602309227
1787760061.3641613,3.6313064428957156,2.7232416517402718,0.0,0.4560296833515167,0.629687488079071,0.0075897458009421825,0.20837223529815674
1787760061.3646364,4.143305373610914,2.7221952548305093,0.0,0.47582218050956726,0.637521505355835,0.060536712408065796,0.18839116394519806
1787760061.6641808,3.633912462813807,2.829026361662335,0.0,0.45688721537590027,0.6291837096214294,0.007154413033276796,0.012994798831641674
1787760061.6646209,4.1458927784015,2.824536768058574,0.0,0.4758876860141754,0.6367711424827576,0.05386926233768463,0.044635072350502014
1787760062.014003,3.6356647802915383,2.9466313030879276,0.0,0.4576154947280884,0.6278721690177917,0.004624713212251663,0.15662908554077148
1787760062.0149193,4.147581678304655,2.937406904536864,0.0,0.4758821725845337,0.6353806853294373,0.06808114051818848,0.1685345619916916
1787760062.3146403,3.6378814834847177,3.1008794313368906,0.0,0.45827245712280273,0.6278934478759766,0.005907012149691582,0.4607304632663727
1787760062.3148575,4.1498374033129215,3.094161086834136,0.0,0.4777994453907013,0.6350951194763184,0.06867221742868423,0.5030726194381714
1787760062.613435,3.6394633815709523,3.2120059338614104,0.0,0.45864999294281006,0.6281514763832092,0.010508381761610508,0.1744551658630371
1787760062.6137824,4.1514627427309225,3.2111971249950035,0.0,0.47844430804252625,0.6356300115585327,0.07351300120353699,0.18065452575683594
1787760063.0147674,3.6419713667934865,3.342314922394874,0.0,0.4589325189590454,0.6296907663345337,0.006230263039469719,0.346976637840271
1787760063.0150232,4.153971335363565,3.342135522732464,0.0,0.4782615303993225,0.6350746154785156,0.0737064778804779,0.38957270979881287
1787760063.313698,3.6435094849210006,3.501794962249477,0.0,0.4588242173194885,0.6299682259559631,0.005499144550412893,0.31568387150764465
1787760063.3175154,4.155440838537086,3.510178826800061,0.0,0.4806148111820221,0.6353974342346191,0.06506946682929993,0.40274789929389954
1787760063.6137943,3.6452989530412396,3.5654888717313273,0.0,0.45934751629829407,0.6313714385032654,0.007124712225049734,0.058574240654706955
1787760063.6142635,4.156829979476807,3.58739797928445,0.0,0.48068058490753174,0.634962797164917,0.07222434133291245,0.11072931438684464
1787760063.8645167,3.6428746200161255,3.643109736534503,0.0,0.46089422702789307,0.6320681571960449,0.010164777748286724,0.09029383957386017
1787760063.8647046,4.154745819796907,3.6545934134275364,0.0,0.4799523651599884,0.6339835524559021,0.0700526237487793,0.15173020958900452
1787760064.2141294,3.643208923278024,3.6991607466935448,0.0,0.4616020917892456,0.6322436332702637,0.008114852011203766,0.2654851973056793
1787760064.214331,4.155207227363695,3.700478552975641,0.0,0.47978314757347107,0.6339539885520935,0.07557228952646255,0.2900119721889496
1787760071.5142286,3.5839115776301727,3.8087726824037733,0.0,0.4636518955230713,0.6339701414108276,0.010624404065310955,0.17919804155826569
1787760071.517408,4.0642786543885245,3.9859490678693192,0.0,0.4769459366798401,0.634104311466217,0.057412441819906235,0.19352544844150543
1787760071.9640255,3.5695724133261835,3.694217784890027,0.0,0.45954373478889465,0.6330055594444275,0.018542669713497162,0.4083220958709717
1787760071.9692352,3.984313947433485,3.9944401356341412,0.0,0.47379228472709656,0.6356625556945801,0.04937601462006569,0.3935200273990631
1787760072.713951,3.5782946390529036,3.5389696215325324,0.0,0.4591875374317169,0.6320003867149353,0.011140060611069202,0.20638999342918396
1787760072.7143903,3.880415195481566,3.9523304437970945,0.0,0.47349444031715393,0.6346288919448853,0.04589376226067543,0.19390732049942017
1787760072.9640036,3.587766447382965,3.4905005825439335,0.0,0.45946502685546875,0.6314260959625244,0.01154322735965252,0.5891446471214294
1787760072.9645462,3.8425774297234594,3.9345899466123293,0.0,0.47148922085762024,0.6328693628311157,0.04964304342865944,0.58035808801651
1787760073.264446,3.629898331733982,3.4229312842527504,0.0,0.45857611298561096,0.6302275657653809,0.014049770310521126,0.40270087122917175
1787760073.2646084,3.8268692417373535,3.895526735577077,0.0,0.4706137478351593,0.63457852602005,0.053151875734329224,0.38373127579689026
1787760074.2142549,3.7963992439576035,3.2637935484372074,0.0,0.46338245272636414,0.6297422051429749,0.015547513030469418,0.5325178503990173
1787760074.2155576,3.8143698239189323,3.7754780784514077,0.0,0.46668270230293274,0.6341951489448547,0.07301438599824905,0.5220548510551453
1787760074.26409,3.80630026761878,3.255657097446842,0.0,0.4640827476978302,0.629584789276123,0.016593677923083305,0.3986925184726715
1787760074.2645478,3.8132089667626623,3.7676104838758597,0.0,0.4663720726966858,0.6344231367111206,0.06520301848649979,0.38296517729759216
1787760074.514667,3.8751748432256505,3.235037719596915,0.0,0.4660404622554779,0.6293186545372009,0.03534028306603432,0.3423701524734497
1787760074.515535,3.840455011059463,3.7458591495059896,0.0,0.4666479527950287,0.635898768901825,0.033923037350177765,0.32382312417030334
1787760074.964678,4.016802592367153,3.2123619800557432,0.0,0.4710303843021393,0.6311787962913513,0.04275590553879738,0.3902764618396759
1787760074.964841,3.887455360957534,3.707754040677093,0.0,0.46794480085372925,0.6353955268859863,0.049186352640390396,0.37567993998527527
1787760075.2145696,4.075460346775018,3.206894234930523,0.0,0.4740392565727234,0.6331189274787903,0.05014902725815773,0.16406035423278809
1787760075.2189353,3.882261923877067,3.6810443898284673,0.0,0.4678416848182678,0.6339129209518433,0.03742390125989914,0.14500948786735535
1787760077.570711,4.125726209044833,3.209547852191885,0.0,0.4776012599468231,0.6318528056144714,0.05428869277238846,0.5153632760047913
1787760077.5938892,3.8677608691096,3.6518123470273847,0.0,0.4664234519004822,0.6319164633750916,0.0318952240049839,0.5037536025047302
1787760077.5944066,4.331799601421317,3.286261252723455,0.0,0.486707478761673,0.6307835578918457,0.04329399764537811,0.47574537992477417
1787760077.5948365,3.928095142743275,3.6011687153906147,0.0,0.46912479400634766,0.6311594247817993,0.037911586463451385,0.4664883017539978
1787760082.8643844,4.541291377989182,3.5286042282324037,0.0,0.4983808100223541,0.6264129281044006,0.0782851129770279,0.48663565516471863
1787760082.8648422,4.029431474276301,3.540580829212644,0.0,0.47341248393058777,0.6356717348098755,0.03734145313501358,0.4549259841442108
1787760083.1653166,4.533688176169023,3.4007410830423384,0.0,0.49599385261535645,0.6261913776397705,0.08197798579931259,0.4862545132637024
1787760083.1661234,4.0220025604158804,3.4186807215929615,0.0,0.4722399115562439,0.6348710656166077,0.032491691410541534,0.44398343563079834
1787760083.5645566,4.525113291067296,3.279251167016345,0.0,0.4940977692604065,0.6252283453941345,0.08528824150562286,0.2201198935508728
1787760083.5648987,4.013703594156681,3.3038300584842943,0.0,0.47060826420783997,0.6337561011314392,0.029392210766673088,0.19665715098381042
1787760083.8643982,4.513919090728782,3.120152272409124,0.0,0.49133315682411194,0.6235064268112183,0.08325406908988953,0.6194642186164856
1787760083.8649442,4.002626863494227,3.1470643211889313,0.0,0.46894004940986633,0.6319799423217773,0.039319705218076706,0.5622598528862
1787760084.1644099,4.506962640806306,3.0211835143534844,0.0,0.4875848889350891,0.6248051524162292,0.10138768702745438,0.7246613502502441
1787760084.164824,3.9962808755151853,3.057900466829746,0.0,0.4683063328266144,0.6308376789093018,0.042774420231580734,0.6935146450996399
1787760084.4643388,4.5030920858201045,3.005573931935083,0.0,0.48669278621673584,0.6244844198226929,0.062435612082481384,0.11273413896560669
1787760084.4647572,3.9928077517546465,3.0474535022214715,0.0,0.468377947807312,0.6303253173828125,0.04171520844101906,0.15742255747318268
1787760084.7643697,4.493873742623033,2.9420960152333224,0.0,0.4840165376663208,0.6259205341339111,0.07447801530361176,0.14657199382781982
1787760084.7647629,3.9830315826470466,2.976509495020589,0.0,0.4686643183231354,0.6294326186180115,0.03169875964522362,0.1112041175365448
1787760085.0642893,4.49367172653265,2.889673000300055,0.0,0.4812963604927063,0.6269873380661011,0.08496516197919846,0.018990911543369293
1787760085.0664508,3.9822579038258255,2.9141658960944024,0.0,0.4694659411907196,0.626562237739563,0.018292076885700226,0.0415230467915535
1787760085.3646755,4.4938974007285575,2.8081942201769765,0.0,0.47638511657714844,0.6290381550788879,0.09203218668699265,0.48426273465156555
1787760085.3651483,3.9821770725105243,2.8251147901563884,0.0,0.46989360451698303,0.6223523020744324,0.015097334049642086,0.4823223948478699
1787760087.571505,4.48316547732047,2.6240334428829297,0.0,0.46708500385284424,0.6306091547012329,0.07609850913286209,0.029036829248070717
1787760087.6049287,3.971635722317061,2.645972215550335,0.0,0.471915602684021,0.6159967184066772,0.0328512080013752,0.009686491452157497
1787760087.6096485,4.474896659899735,2.5115213770061753,0.0,0.4614364206790924,0.6331998705863953,0.016565948724746704,0.2485141009092331
1787760087.6103017,3.9631676353151994,2.528176868525789,0.0,0.47279834747314453,0.6095703840255737,0.05500810593366623,0.21323804557323456
1787760087.6107037,4.475048370216934,2.444160121877666,0.0,0.45958492159843445,0.6340658664703369,0.005241373088210821,0.6316832900047302
1787760087.6110363,3.9630984293166764,2.4513195919853517,0.0,0.47229456901550293,0.6058173179626465,0.05561753734946251,0.6079097390174866
1787760087.6113746,4.473607585118009,2.3387690951780398,0.0,0.4574533700942993,0.6339100003242493,0.010309739038348198,0.05990426614880562
1787760087.6117105,3.9617561335897715,2.3511016362153265,0.0,0.4710480272769928,0.6019041538238525,0.050898488610982895,0.11099390685558319
1787760087.612024,4.469489293974795,2.2671557744463313,0.0,0.45744627714157104,0.634110152721405,0.007809145376086235,0.5163007378578186
1787760087.61239,3.9575094542459004,2.271699309543107,0.0,0.4699973165988922,0.5983947515487671,0.03920404985547066,0.5635263323783875
1787760087.6140015,4.468289849218828,2.260342916425417,0.0,0.45778241753578186,0.634292483329773,0.008784545585513115,0.5074493885040283
1787760087.6144247,3.956298212811918,2.25741644254473,0.0,0.4696689248085022,0.5978371500968933,0.04223960265517235,0.5038489699363708
1787760087.9146023,4.4657575155403375,2.178481311465049,0.0,0.45833176374435425,0.6346502900123596,0.00868547335267067,0.2273872047662735
1787760087.9150019,3.953770579092654,2.1748238660565926,0.0,0.4687819480895996,0.5947397351264954,0.03780759871006012,0.2603715658187866
1787760088.2147453,4.462458485590028,2.0887452474672807,0.0,0.4580899775028229,0.6360426545143127,0.01337745226919651,0.3483951985836029
1787760088.2187035,3.9505090377943275,2.0815506035095934,0.0,0.4671955406665802,0.5920166969299316,0.04376043751835823,0.3385826051235199
1787760088.5651197,4.463103678483746,1.9689257729593561,0.0,0.4572015702724457,0.6360400915145874,0.024466203525662422,0.34881582856178284
1787760088.5659196,3.9511323084497256,1.9635113232653674,0.0,0.4670667052268982,0.5911247730255127,0.061195969581604004,0.31532856822013855
1787760088.914716,4.460588709360248,1.8297473612045478,0.0,0.45654377341270447,0.6354821920394897,0.011800641193985939,0.3488751947879791
1787760088.9188879,3.9485910272042344,1.82820675519732,0.0,0.4675140976905823,0.5898695588111877,0.06228986009955406,0.3452334702014923
1787760089.2152758,4.462675204264524,1.7047410291466352,0.0,0.4565434753894806,0.6317336559295654,0.00872841663658619,0.6040065288543701
1787760089.2157357,3.950675406411222,1.7042860586227273,0.0,0.46805986762046814,0.59305340051651,0.08164414763450623,0.6117035746574402
1787760089.5645587,4.464566485637016,1.6501286259488472,0.0,0.45696723461151123,0.6317943930625916,0.005025391932576895,0.7253777980804443
1787760089.5666687,3.952567903560295,1.6489236564774037,0.0,0.468788743019104,0.5957568287849426,0.07797258347272873,0.7225613594055176
1787760089.864584,4.462295882983468,1.6047924135564298,0.0,0.45677459239959717,0.6318408846855164,0.0028077794704586267,0.6754792928695679
1787760089.8705568,3.9502967109292024,1.6038716444502241,0.0,0.4694371521472931,0.5970953702926636,0.06289421021938324,0.6634558439254761
1787760090.1668894,4.462094643755681,1.5364742310999455,0.0,0.4566861689090729,0.6321538090705872,0.005915054120123386,0.6188328266143799
1787760090.1673324,3.950095271806899,1.537276181256087,0.0,0.4698641896247864,0.6001341938972473,0.06584901362657547,0.5179932117462158
1787760090.4647279,4.466135139537755,1.4467984140764532,0.0,0.4572308361530304,0.6345679759979248,0.011145294643938541,0.7216227054595947
1787760090.4654906,3.954419323481966,1.4638548966668792,0.0,0.46976929903030396,0.6029818654060364,0.0731724351644516,0.6489819288253784
1787760090.8157318,4.4715561782419115,1.3892812051606593,0.0,0.4584471583366394,0.6360697746276855,0.009527341462671757,0.7001825571060181
1787760090.8159244,3.9603358551728647,1.4175262273978488,0.0,0.4698631763458252,0.6056458950042725,0.07097171247005463,0.6601125597953796
1787760091.1646388,4.466513194590623,1.2852215152368511,0.0,0.45940491557121277,0.636928915977478,0.008742274716496468,0.2536429762840271
1787760091.1698773,3.9556827015918925,1.319807746929164,0.0,0.4694596230983734,0.6103379726409912,0.06382924318313599,0.24380561709403992
1787760091.4647546,4.459226839963804,1.1389382384537774,0.0,0.46030446887016296,0.6376704573631287,0.004307665396481752,0.4413559138774872
1787760091.4657753,3.948471301577243,1.1746142809396407,0.0,0.4699166715145111,0.6158218383789062,0.035056889057159424,0.42825227975845337
1787760091.8196633,4.449509810398136,1.015579775700771,0.0,0.4608323276042938,0.6396347880363464,0.008511473424732685,0.03567381575703621
1787760091.8198211,3.9390213953555415,1.054893616867718,0.0,0.4703241288661957,0.6185981035232544,0.04032902792096138,0.011085997335612774
1787760092.1146958,4.432858858519043,0.8581987428906188,0.0,0.4597839117050171,0.6379366517066956,0.013357465155422688,0.3514242172241211
1787760092.1194878,3.9224897829534706,0.8990326345291042,0.0,0.4693843126296997,0.6215949654579163,0.04321056976914406,0.35084959864616394
1787760092.464793,4.419696969970506,0.7251248136694773,0.0,0.46097713708877563,0.6360244154930115,0.015572563745081425,0.3005402684211731
1787760092.471034,3.909606296655635,0.7693006554518497,0.0,0.4680883288383484,0.6227886080741882,0.04086627811193466,0.28339242935180664
1787760092.8651457,4.405325933171368,0.5717882208520687,0.0,0.45881354808807373,0.6339244246482849,0.031830914318561554,0.3500322699546814
1787760092.8652904,3.8954782257270995,0.6186850780369967,0.0,0.46707189083099365,0.622530996799469,0.03452078625559807,0.3390255868434906
1787760093.1701798,4.389825428284814,0.44236082287203693,0.0,0.4584869146347046,0.6311432123184204,0.018601642921566963,0.7848787307739258
1787760093.1710258,3.880083874556615,0.49039777118021,0.0,0.4660089313983917,0.6221112012863159,0.024737916886806488,0.7482417821884155
1787760093.4659455,4.381439520403455,0.35438944498526287,0.0,0.4580822288990021,0.6310475468635559,0.02158677764236927,0.7734196186065674
1787760093.4666984,3.8723179746075163,0.4086043101640459,0.0,0.46591177582740784,0.6226661801338196,0.018925033509731293,0.6654280424118042
1787760093.8147216,4.365132829508637,0.24698430897925308,0.0,0.45967385172843933,0.6303536295890808,0.017945503816008568,0.555691659450531
1787760093.8151412,3.8580250630504374,0.31759389188254245,0.0,0.46502208709716797,0.6219807267189026,0.010180644690990448,0.3693615794181824
1787760099.5648816,4.245038655027456,0.042128763606942815,0.0,0.45836150646209717,0.6243447065353394,0.035899560898542404,0.5368832349777222
1787760099.565502,3.808923084488822,0.31035853289768,0.0,0.4658452272415161,0.6212980151176453,0.04941872879862785,0.5480037331581116
1787760100.5650547,4.060547214165255,0.04599961033056496,0.0,0.46131280064582825,0.6224963665008545,0.04521365836262703,0.1971612572669983
1787760100.5654926,3.8542089145810716,0.5145809865340029,0.0,0.4663122892379761,0.6174111366271973,0.04793180897831917,0.20497189462184906
1787760104.065067,3.902228645170183,0.06537110779329214,0.0,0.4658222496509552,0.6217296719551086,0.08384229242801666,0.06626980751752853
1787760104.0654857,3.87751468363584,0.5767742952151921,0.0,0.4661325514316559,0.6178846955299377,0.040594205260276794,0.0423511303961277
1787760104.3651175,3.83673320014428,0.062030921324868205,0.0,0.4660157263278961,0.6218404769897461,0.08305902779102325,0.30818378925323486
1787760104.3655653,3.793743869632262,0.5722229611119746,0.0,0.4677823483943939,0.6123169660568237,0.051690079271793365,0.2994576394557953
1787760104.7152286,3.716451900563519,0.049090264576214626,0.0,0.4680126905441284,0.6212207078933716,0.09761817008256912,0.0424538180232048
1787760104.7156222,3.673345507293506,0.5592724270037646,0.0,0.4694194197654724,0.6086613535881042,0.06837537884712219,0.05926675349473953
1787760105.06605,3.571290540733611,0.03786838826239902,0.0,0.4694260358810425,0.6183751821517944,0.07123767584562302,0.1721321940422058
1787760105.0661702,3.534944605614605,0.5485766934624663,0.0,0.47090303897857666,0.6004757285118103,0.08672968298196793,0.16232220828533173
1787760105.3651085,3.4133991305388647,0.026830651828058494,0.0,0.4687800109386444,0.6303680539131165,0.05441480502486229,0.18628211319446564
1787760105.3661194,3.3779875571556865,0.5376045944587764,0.0,0.46686601638793945,0.6030915379524231,0.052729055285453796,0.1696770191192627
1787760107.5701652,3.1089187684614195,0.006335062876160535,0.0,0.41830259561538696,0.5998499393463135,0.0465141125023365,0.23377354443073273
1787760107.5954437,3.0737568229644903,0.5171262507297403,0.0,0.4155884385108948,0.5728715062141418,0.05380774289369583,0.212485209107399
1787760107.596191,2.946589437894718,-0.003669326490311653,0.0,0.3836943805217743,0.5699247121810913,0.04532017931342125,0.07246804982423782
1787760107.596863,2.912743282415118,0.5072107355195996,0.0,0.3902709186077118,0.5563284158706665,0.07883735746145248,0.05576679855585098
1787760107.5974379,2.7865563002710934,-0.014734823145142684,0.0,0.3720259964466095,0.5433831810951233,0.04893628880381584,0.28597867488861084
1787760107.5980172,2.7527678129511406,0.4961490561509548,0.0,0.37661871314048767,0.5370886325836182,0.04909312725067139,0.2870163917541504
1787760107.5986655,2.6681194723398223,-0.02307864203303084,0.0,0.37119778990745544,0.5394194722175598,0.03200915828347206,0.2791227400302887
1787760107.5993283,2.635719701373292,0.4878951878656406,0.0,0.3751671314239502,0.5378921627998352,0.05687614902853966,0.2685999274253845
1787760107.599981,2.5520784470936757,-0.030102931289468088,0.0,0.3712056279182434,0.539554238319397,0.029836200177669525,0.15760920941829681
1787760107.6006463,2.5203644656644055,0.4809139210568161,0.0,0.37501123547554016,0.5380058288574219,0.05726725608110428,0.13699555397033691
1787760107.7151632,2.4096191874123845,-0.038259825981673684,0.0,0.37184035778045654,0.5392414927482605,0.021511469036340714,0.09156135469675064
1787760107.715538,2.378767506267927,0.47280981092758434,0.0,0.3750968873500824,0.5381683111190796,0.06535684317350388,0.06194912642240524
1787760108.065247,2.245918603780936,-0.04701646398440121,0.0,0.3727509081363678,0.5390483736991882,0.014568250626325607,0.13144803047180176
1787760108.065674,2.2144893541418584,0.4640179793431739,0.0,0.37587857246398926,0.5377877354621887,0.0749666765332222,0.122908815741539
1787760108.3653731,2.081527864090956,-0.05656001782926129,0.0,0.3738071918487549,0.5375112295150757,0.00820405874401331,0.17487023770809174
1787760108.3666563,2.0508132207009377,0.4545178731828858,0.0,0.3778100609779358,0.535832405090332,0.07738897204399109,0.16270241141319275
1787760108.7152727,1.9415771034595928,-0.06592825050316067,0.0,0.37472450733184814,0.5363399982452393,0.011675088666379452,0.09593671560287476
1787760108.7157047,1.9112892781911237,0.44517511246807495,0.0,0.3788357675075531,0.5348160862922668,0.06529213488101959,0.09005521982908249
1787760109.0659966,1.7785989433745837,-0.0754873280356442,0.0,0.3757557272911072,0.5350330471992493,0.013356433250010014,0.18173223733901978
1787760109.066218,1.7494229385836964,0.43568070768689793,0.0,0.3805278241634369,0.5340544581413269,0.07303091138601303,0.17196793854236603
1787760109.4155555,1.6171589211498947,-0.08600817709234579,0.0,0.3776363730430603,0.5332635045051575,0.00831334013491869,0.022004159167408943
1787760109.4212818,1.5883960869076044,0.42518327370309794,0.0,0.38341882824897766,0.5325427651405334,0.06982129067182541,0.02470730058848858
1787760109.7666996,1.4510595867909486,-0.09335154095907269,0.0,0.3808109760284424,0.5320218205451965,0.005840006750077009,0.0014591481303796172
1787760109.7669141,1.423107713684657,0.41788489435227105,0.0,0.3884006142616272,0.5328488349914551,0.07813215255737305,0.015532264485955238
1787760110.0658612,1.2878375847797243,-0.10065162333310432,0.0,0.3898683488368988,0.5449764132499695,0.014975768513977528,0.16085338592529297
1787760110.0660172,1.2601898419265036,0.41060134958257677,0.0,0.40505510568618774,0.5541953444480896,0.09616512805223465,0.14556242525577545
1787760110.3653448,1.1483109286855862,-0.10740158675320102,0.0,0.4132803976535797,0.5694746971130371,0.022902868688106537,0.1438557654619217
1787760110.3667388,1.1214940833053748,0.40389564265827715,0.0,0.4261792004108429,0.5754427909851074,0.0833641067147255,0.1318301111459732
1787760110.7157106,1.0076766532981014,-0.11362681447484776,0.0,0.4304285943508148,0.5885208249092102,0.021091623231768608,0.08577267080545425
1787760110.715867,0.981150601494009,0.39768558374730234,0.0,0.4493912160396576,0.6016961932182312,0.06316223740577698,0.06619161367416382
1787760111.0652566,0.8423760635248921,-0.1176745365380914,0.0,0.44988593459129333,0.6133564710617065,0.009843964129686356,0.0892426148056984
1787760111.0669904,0.8160707330294378,0.39364926457772303,0.0,0.47031134366989136,0.6265331506729126,0.04783482477068901,0.0774596780538559
1787760111.8677266,0.6821335522202262,-0.12696639968282317,0.0,0.45419594645500183,0.6222224235534668,0.016487572342157364,0.15983442962169647
1787760111.8679247,0.6568268569336772,0.38440779909305745,0.0,0.4740583300590515,0.6302652955055237,0.0497133806347847,0.15207001566886902
