time,x,y,z,a,b,slope,slip
1787653317.970338,0.7632264275424209,0.7483601864067275,0.1962028221398992,0.6471842527389526,0.6109506487846375,2.3796774257789366e-06,0.3222070336341858
1787653317.9704652,0.3967966535905151,0.3907665332737227,0.196203562088141,0.6583600044250488,0.6179597973823547,1.016554392663238e-06,0.45736587047576904
1787653318.4707026,0.8514837189564533,0.6558996214563003,0.1962029177821188,0.5464932918548584,0.5614026188850403,2.6846959144677385e-07,0.40632936358451843
1787653318.4709473,0.47683545753057377,0.3069258685710997,0.19620012766802358,0.5745296478271484,0.5732611417770386,5.978104695714137e-07,0.47887659072875977
1787653319.2737083,0.9404821870743676,0.5484780141314147,0.1962023467806484,0.46746203303337097,0.533102810382843,1.3073434956822894e-06,0.5097985863685608
1787653319.2738805,0.5550726007959494,0.21142690410441908,0.1962082007286876,0.48982444405555725,0.5404852628707886,5.111655241307744e-07,0.5023031234741211
1787653320.0707846,1.0269333330686943,0.42124963558025463,0.19619908707202796,0.46746203303337097,0.533102810382843,4.6819386056995427e-07,0.6577156782150269
1787653320.0716205,0.623682415244492,0.10576160541411794,0.19620887631639397,0.46746203303337097,0.533102810382843,4.470045666948863e-07,0.5356678366661072
1787653320.8706286,1.1078887818567371,0.2666099528057794,0.1961952727912384,0.46746203303337097,0.533102810382843,6.956633455956762e-07,0.7895535826683044
1787653320.8707614,0.678463541645156,-0.012205331889013848,0.1962047484021879,0.46746203303337097,0.533102810382843,2.6117315883311676e-06,0.5585939288139343
1787653321.6206284,1.1752518187505598,0.08210265133665959,0.19619337646447005,0.46746203303337097,0.533102810382843,1.3120724133841577e-06,0.8605335354804993
1787653321.6207402,0.7153874454683986,-0.14299456713315054,0.19621394245115736,0.46746203303337097,0.533102810382843,1.4562049273081357e-06,0.5586289167404175
1787653322.3707793,1.2190627906194702,-0.12700162302526202,0.19619208080617342,0.46746203303337097,0.533102810382843,1.0415513997941162e-06,0.8574517965316772
1787653322.3710997,0.7317361167031999,-0.28402618244414274,0.19621716090736627,0.46746203303337097,0.533102810382843,2.594445504655596e-05,0.5471882224082947
1787653323.2728484,1.2325367747602662,-0.34576937730630536,0.19619208476686345,0.46746203303337097,0.533102810382843,0.0001181928746518679,0.41994577646255493
1787653323.2729325,0.7274344433194518,-0.4295287596845389,0.19621731709692924,0.46746203303337097,0.533102810382843,0.0013548391871154308,0.3109320402145386
1787653324.1207292,1.229424455648961,-0.5668849590533668,0.19620405705751762,0.46746203303337097,0.533102810382843,3.6709567211801186e-05,0.014335132203996181
1787653324.1208193,0.7188086020323299,-0.6045074260719921,0.19620734208244997,0.46746203303337097,0.533102810382843,0.0058301230892539024,0.008222331292927265
1787653325.170636,1.2444316151466788,-0.763205972283287,0.1962064005761839,0.46746203303337097,0.533102810382843,0.0001218125325976871,0.03666876256465912
1787653325.1707914,0.7339080114372261,-0.8020601876293555,0.19620408645819856,0.46746203303337097,0.533102810382843,0.007749455515295267,0.015765754505991936
1787653326.2707667,1.2620518587236362,-0.9926031505848311,0.19620659457931036,0.46746203303337097,0.533102810382843,2.0322331693023443e-05,0.012015429325401783
1787653326.2708392,0.7509667282306395,-1.0231970941823543,0.19620862144358805,0.46746203303337097,0.533102810382843,0.006560193374752998,0.04458431899547577
1787653327.1705859,1.268758862705592,-1.226622987835207,0.19620528267438384,0.46746203303337097,0.533102810382843,7.544900654465891e-06,4.5746724026685115e-06
1787653327.170732,0.7569605272696555,-1.2409918375811853,0.19620387469876419,0.4911710321903229,0.5409435629844666,0.0014438473153859377,2.7419289381214185e-06
1787653328.0706093,1.2743715077423012,-1.4265447340596746,0.1962050109744149,0.46746203303337097,0.533102810382843,4.73243671876844e-05,1.4670647033199202e-05
1787653328.0707483,0.7625731576370931,-1.4409130613112109,0.19620375410885876,0.4911710321903229,0.5409435629844666,1.7233578546438366e-06,1.0002133421949111e-05
1787653329.1220086,1.2799846348790935,-1.6264657129483433,0.19620378674112976,0.46746203303337097,0.533102810382843,4.491896470426582e-05,1.4713382370246109e-05
1787653329.122087,0.7681862547975964,-1.6408329724453072,0.19620307797310932,0.49268975853919983,0.5414625406265259,5.442065003080643e-07,1.0807683793245815e-05
1787653330.1205778,1.286297383416084,-1.8513761200187981,0.19620341384025006,0.46746203303337097,0.533102810382843,4.070092109031975e-05,1.5273781173164025e-05
1787653330.1207345,0.7744989617267669,-1.865741897219234,0.19620209044654371,0.46746203303337097,0.533102810382843,9.043556019605603e-07,7.442349215125432e-06
1787653331.070551,1.2926120925373001,-2.0762849977563254,0.19620250727179023,0.46746203303337097,0.533102810382843,5.098594328956096e-07,1.6613132174825296e-05
1787653331.0706851,0.7808136918471447,-2.090651522980282,0.19620051016290224,0.46746203303337097,0.533102810382843,1.8560006083134795e-06,2.681165597095969e-06
1787653332.0205562,1.2982292552088492,-2.2761998506499315,0.19620211454102446,0.46746203303337097,0.533102810382843,3.4704973472798883e-07,3.152333738398738e-05
1787653332.020733,0.7864309262049702,-2.290568929353673,0.19619965626038952,0.46746203303337097,0.533102810382843,8.751867426326498e-07,3.343276330269873e-05
1787653333.0704973,1.303841849268206,-2.4761137903991215,0.19620168125954665,0.46746203303337097,0.533102810382843,7.196467777248472e-07,1.8033584638033062e-05
1787653333.0706031,0.7920435606904783,-2.4904843091397573,0.19620149659179767,0.46746203303337097,0.533102810382843,1.4114796158537501e-06,8.831062814351753e-07
1787653336.3259635,1.3140891744890921,-2.8377428684351256,0.1962065971801722,0.46746203303337097,0.533102810382843,4.4088315576118475e-07,0.12112399190664291
1787653336.3261132,0.8022893757495827,-2.852059502472264,0.19620638649178251,0.46746203303337097,0.533102810382843,5.69182418530545e-07,0.12097714096307755
1787653337.2706425,1.3200142033029119,-3.0508947240120503,0.19620435892029672,0.46746203303337097,0.533102810382843,0.0,2.956546950372285e-06
1787653337.270766,0.8082154254300132,-3.0652478061473567,0.1962053711904089,0.46746203303337097,0.533102810382843,4.763200252000388e-07,2.7150847472512396e-06
1787653338.320515,1.3256208245896328,-3.250815792672134,0.19620379841044425,0.46746203303337097,0.533102810382843,1.0049936918221647e-06,4.404372248245636e-06
1787653338.3206408,0.8138220473200387,-3.2651688962259766,0.19620572746730322,0.46746203303337097,0.533102810382843,5.087339332021656e-07,3.4731031064438866e-06
1787653339.3705227,1.3319287722542072,-3.4757264178519613,0.19620402265573303,0.46746203303337097,0.533102810382843,5.001605245524843e-07,1.597052687429823e-06
1787653339.3706415,0.8201299934154274,-3.4900794654604286,0.19620588886416437,0.46746203303337097,0.533102810382843,2.027132268267451e-06,1.6719576478863019e-06
1787653340.4749753,1.3382361438889423,-3.7006368932126383,0.1962036747510215,0.46746203303337097,0.533102810382843,0.000812368409242481,0.0012609516270458698
1787653340.4750679,0.8264373626240809,-3.7149898542155393,0.19620617510633045,0.46746203303337097,0.533102810382843,8.632014214526862e-05,0.0008585855830460787
1787653341.470581,1.3448739562028227,-3.9252450261490717,0.19673009999231797,0.42340245842933655,0.5840703248977661,0.011642662808299065,0.013513147830963135
1787653341.4707177,0.8330735649755707,-3.939505890726678,0.1977237202070293,0.4017552137374878,0.5774657726287842,0.034318313002586365,0.017402194440364838
1787653342.270671,1.3565970955348485,-4.136209866428714,0.21946802057329934,0.39379051327705383,0.6793794631958008,0.2167174518108368,0.42810460925102234
1787653342.2708595,0.8448730015106019,-4.15159612745268,0.22622927539516452,0.36795637011528015,0.6719580292701721,0.15816858410835266,0.3896467685699463
1787653343.00407,1.353680002973974,-4.2778175705337675,0.2381097549835922,0.3866337239742279,0.7241946458816528,0.3100931942462921,0.7565571069717407
1787653343.004147,0.8432983632794133,-4.316479611674517,0.2507520822030026,0.30366337299346924,0.7524210214614868,0.355172723531723,0.7487825751304626
1787653343.0042326,1.3337421461884884,-4.289680669563538,0.24370927153252908,0.3805004358291626,0.7418591380119324,0.3507024943828583,0.6915591359138489
1787653343.0043752,0.8280890733122385,-4.368874706359248,0.25739409622287734,0.3224102258682251,0.7620304226875305,0.36605799198150635,0.6832224130630493
1787653344.0705776,1.3236324379530162,-4.2933330687905125,0.2472642789626558,0.41406384110450745,0.7343188524246216,0.33730241656303406,0.16416755318641663
1787653344.0707202,0.8215994455047453,-4.393035031326938,0.26016362622597855,0.28140535950660706,0.7753443121910095,0.38773682713508606,0.24854137003421783
1787653344.770596,1.34853111594532,-4.39621997898724,0.28009935200397185,0.31658124923706055,0.7681270241737366,0.3812538683414459,0.5269140601158142
1787653344.77071,0.8426527663381199,-4.474868469087129,0.2868454919153074,0.2337087243795395,0.7889057993888855,0.3852054476737976,0.551502525806427
1787653345.2706113,1.3643905444273638,-4.450487215558427,0.29271761324656465,0.2948712706565857,0.7729084491729736,0.3654710054397583,0.48631396889686584
1787653345.2707527,0.855772439823593,-4.508808182921721,0.2998090471690603,0.23825930058956146,0.7915567755699158,0.3926275074481964,0.5046393871307373
1787653345.8205516,1.380908997155369,-4.506050138688548,0.3008262993004288,0.25380223989486694,0.7873666286468506,0.3516004979610443,0.4511093199253082
1787653345.8206334,0.8701714808778858,-4.541285849083935,0.30787145221857415,0.22533109784126282,0.795364260673523,0.3866165280342102,0.5061014294624329
1787653346.5740292,1.3926561374980382,-4.557936315076001,0.3038388350289907,0.3460533022880554,0.7690161466598511,0.34590238332748413,0.18784010410308838
1787653346.5741122,0.8808897566230953,-4.573122365343194,0.30676377664299426,0.23825930058956146,0.7915567755699158,0.38380923867225647,0.26999467611312866
1787653347.7204764,1.399736803184021,-4.637949342854248,0.2999222628143817,0.20734262466430664,0.8012195229530334,0.3643423020839691,0.15758639574050903
1787653347.7205975,0.8877637420410793,-4.632742658972373,0.2992329828422927,0.19715479016304016,0.8048619627952576,0.3778732717037201,0.11423390358686447
1787653348.8205466,1.3977351876383395,-4.826111328713081,0.31388699239075374,0.27275389432907104,0.7827607989311218,0.37859323620796204,0.015181322582066059
1787653348.8206832,0.8859524172668222,-4.811424984524363,0.3112971574104086,0.13555675745010376,0.833669900894165,0.3697929084300995,0.01518144179135561
1787653349.7707858,1.3919102436707327,-5.022990213166544,0.3486019335889984,0.19715479016304016,0.8048619627952576,0.38484570384025574,0.015177227556705475
1787653349.7709427,0.8801274721060225,-5.008303965898694,0.34601178480346995,0.1405067890882492,0.829559326171875,0.3728662133216858,0.015177636407315731
1787653350.8205955,1.3860850484952958,-5.219868646982768,0.3833168207614057,0.16339801251888275,0.8189933896064758,0.35675475001335144,0.015189414843916893
1787653350.8207414,0.874302275077254,-5.205182428707305,0.3807268737922822,0.13723063468933105,0.8315566778182983,0.36199986934661865,0.015189534984529018
1787653363.0205772,1.374836630026213,-5.597118789712153,0.4498354439405181,0.4118373692035675,0.7608286738395691,0.33835795521736145,0.09008847922086716
1787653363.0207422,0.8630539016018377,-5.582431019563663,0.4472454063794864,0.15809695422649384,0.8215505480766296,0.3634900450706482,0.09008803218603134
1787653364.2750926,1.3686128082000653,-5.8030917867756004,0.4861474497500241,0.6909977197647095,0.7618536949157715,0.37607550621032715,0.015214197337627411
1787653364.2751791,0.8568300436538792,-5.788404103317972,0.48356406667516005,0.15809695422649384,0.8215505480766296,0.37317773699760437,0.015205414965748787
1787653365.3706024,1.3620556463616662,-6.024584594867272,0.5251970353517995,0.701489269733429,0.7633979320526123,0.3704008460044861,0.015117105096578598
1787653365.3707616,0.8502730222159025,-6.009892558922277,0.5226105894762968,0.1535331904888153,0.823836624622345,0.36878353357315063,0.015136431902647018
1787653366.420487,1.3562328894089997,-6.22145710304364,0.5599145045621525,0.5377030968666077,0.7536807060241699,0.36860713362693787,0.015197452157735825
1787653366.4206507,0.8444500960623915,-6.2067699035704305,0.5573340770826316,0.21443837881088257,0.7988267540931702,0.37228134274482727,0.015185241587460041
1787653367.5712585,1.3504106315899598,-6.418334065664787,0.5946206505325387,0.3530275821685791,0.7679842710494995,0.3642621338367462,0.12457012385129929
1787653367.571344,0.8386278644292557,-6.4036444741690985,0.5920486592762182,0.3800821602344513,0.7643626928329468,0.3604012131690979,0.1245734691619873
1787653368.420632,1.3445802688097284,-6.615207581828387,0.6293462513617627,0.3210543990135193,0.7730746865272522,0.3788839280605316,0.13285881280899048
1787653368.4208255,0.8327976011320102,-6.600516800529664,0.6267612930426829,0.48231908679008484,0.7555010914802551,0.3787092864513397,0.1330043375492096
1787653369.470615,1.3388209187016618,-6.808491824650388,0.667377000369496,0.2830977439880371,0.7759943604469299,0.40405914187431335,0.03859517723321915
1787653369.4707692,0.8270385827993818,-6.793794881587243,0.6647615610173466,0.46360889077186584,0.7517777681350708,0.3804917633533478,0.03882536292076111
1787653370.5205836,1.3331918587783231,-6.996957218213117,0.710026182937021,0.2973352372646332,0.7684342861175537,0.48125749826431274,0.04352562129497528
1787653370.5206928,0.8214092754204725,-6.98226724582322,0.7074200204806885,0.31918781995773315,0.7635875344276428,0.5011705160140991,0.04411934316158295
1787653371.5708551,1.3275418679770663,-7.185470008579391,0.7526507828795582,0.23327726125717163,0.7767793536186218,0.5505882501602173,0.006244203541427851
1787653371.5710723,0.8157604967125391,-7.1707423371544055,0.7500194864314306,0.34429335594177246,0.751776933670044,0.5341330766677856,0.007776329293847084
1787653372.8233685,1.3212754480677613,-7.3774524925364044,0.8021949349043919,0.21871517598628998,0.77712482213974,0.5508484244346619,0.034050509333610535
1787653372.823732,0.8094920738629832,-7.363067559247517,0.798341159892001,0.43026572465896606,0.7359145283699036,0.5664584636688232,0.03405025228857994
1787653374.1212182,1.314730372316384,-7.594691725940804,0.860404391471164,0.33467942476272583,0.744171142578125,0.559757649898529,0.0340411551296711
1787653374.1242862,0.802947017771515,-7.5803066369226615,0.8565485874381332,0.4215102791786194,0.7363585829734802,0.5483691692352295,0.034045860171318054
1787653375.2705994,1.3081853385700954,-7.811929780209335,0.9186130439152531,0.49273809790611267,0.7343859672546387,0.5551463961601257,0.03403322398662567
1787653375.2734015,0.796401961221084,-7.797545515397998,0.9147571918594066,0.6827468276023865,0.7491361498832703,0.42891809344291687,0.034037332981824875
1787653376.4704018,1.3009142260729512,-8.053305722582994,0.9832890627959718,0.5897839665412903,0.737375795841217,0.5522478818893433,0.0340532511472702
1787653376.470531,0.7891308313626246,-8.038921957914827,0.9794336493622533,0.6309956908226013,0.7411519885063171,0.5796827673912048,0.03405420482158661
1787653378.0171611,1.2943700344324105,-8.270544230296716,1.0414983860915217,0.6121474504470825,0.7391880750656128,0.562502920627594,0.034029439091682434
1787653378.0172846,0.7825866589552607,-8.256160034417723,1.037642028466848,0.46318894624710083,0.7347525358200073,0.5326037406921387,0.034037698060274124
1787653378.7705297,1.2878251693135994,-8.487781375217173,1.0997070540137002,0.5630844235420227,0.7358433604240417,0.5684448480606079,0.06344024091959
1787653378.7706912,0.7760417655941039,-8.473398528300892,1.0958494133006678,0.5221312642097473,0.7345978617668152,0.5491530895233154,0.06344041228294373
1787653386.2704818,1.2787737966586465,-8.763643584798691,1.1736225611534048,0.5998479127883911,0.7381267547607422,0.5237817168235779,0.5820387005805969
1787653386.2706385,0.7669902668376205,-8.749264398167641,1.1697680059572082,0.49273809790611267,0.7343859672546387,0.568098783493042,0.5820531845092773
1787653387.428984,1.2718330831982605,-8.852174650426047,1.1973449535012959,0.6309956908226013,0.7411519885063171,0.5262730121612549,0.4385353624820709
1787653387.4291062,0.7600494735707473,-8.837798696103768,1.1934889382060812,0.4371207058429718,0.7356067895889282,0.5580786466598511,0.4385373592376709
1787653388.5705278,1.266020158238832,-8.964314433025978,1.22739314340428,0.7066186666488647,0.7544635534286499,0.5612305998802185,0.19222916662693024
1787653388.5706823,0.7542365427415443,-8.94993900959148,1.2235359281389326,0.40524208545684814,0.7373384833335876,0.5286843180656433,0.1922336369752884
1787653389.7204862,1.2602062538490884,-9.125761745256412,1.2706520306980884,0.6469977498054504,0.7431787252426147,0.5849977731704712,0.03547936677932739
1787653389.7206597,0.748422581925049,-9.111387696141328,1.2667971812866947,0.33467942476272583,0.744171142578125,0.5565571188926697,0.03548385575413704
1787653390.8704364,1.2543934273007875,-9.318573700177899,1.322315334898508,0.49273809790611267,0.7343859672546387,0.5305777788162231,0.03405849263072014
1787653390.8706157,0.7426097142448678,-9.304201131310508,1.318460427007502,0.2556944787502289,0.7588562369346619,0.5653095841407776,0.03405815735459328
1787653392.1212392,1.248580557648279,-9.511673506764978,1.3740570510792296,0.5478111505508423,0.7352355122566223,0.5242676138877869,0.034055888652801514
1787653392.1214325,0.7367968419909683,-9.497301062634765,1.370202023489065,0.26358285546302795,0.7568932771682739,0.5522310733795166,0.0340578556060791
1787653393.2705374,1.2420411593849814,-9.728908286826295,1.4322640804629827,0.578925609588623,0.7366756796836853,0.5548960566520691,0.04441101849079132
1787653393.270688,0.7302574203953127,-9.714536448813314,1.4284098908097167,0.35132890939712524,0.7421412467956543,0.5396462082862854,0.04440230503678322
1787653397.2204447,1.233425452085751,-9.999114014986906,1.5046659236040207,0.578925609588623,0.7366756796836853,0.5480125546455383,0.5725317001342773
1787653397.2205822,0.7216418943516516,-9.98473589002708,1.5008111141836598,0.49273809790611267,0.7343859672546387,0.5637028813362122,0.5725541710853577
1787653398.2704859,1.226057180751803,-10.09390760679873,1.5300657493501142,0.578925609588623,0.7366756796836853,0.5480125546455383,0.4355531334877014
1787653398.2706497,0.7142734922518212,-10.07953470736426,1.5262088144012063,0.554527223110199,0.7354804277420044,0.538093090057373,0.43555188179016113
1787653399.531991,1.2202456869912388,-10.206654131870042,1.560276714348648,0.554527223110199,0.7354804277420044,0.572408139705658,0.18627868592739105
1787653399.5326927,0.7084619964006298,-10.19228133659994,1.5564196686424878,0.35499146580696106,0.7417322993278503,0.5483582615852356,0.18628953397274017
1787653400.6204474,1.2137061181594184,-10.389614692667404,1.6092992025525403,0.43026572465896606,0.7359145283699036,0.5657140016555786,0.10095621645450592
1787653400.620597,0.7019223395510787,-10.375244789710049,1.605443059094869,0.5630844235420227,0.7358433604240417,0.5465331673622131,0.10137232393026352
1787653401.670618,1.2080245747374736,-10.571837860600308,1.6658623348373631,0.2608483135700226,0.7473828196525574,0.621742308139801,0.09875500202178955
1787653401.6707938,0.6962414192921703,-10.557457177249564,1.661963905818627,0.47077611088752747,0.7221624851226807,0.6297006011009216,0.09919531643390656
1787653402.8708158,1.2023934629843636,-10.74548798422549,1.7214377129045895,0.2362849861383438,0.7440346479415894,0.6812028288841248,0.06795497238636017
1787653402.8752124,0.6906105290298692,-10.731100897215716,1.7175338378677933,0.3315295875072479,0.7214972972869873,0.676115095615387,0.06803464144468307
1787653404.1205916,1.1966383130700255,-10.912619817311112,1.775018855308718,0.23392009735107422,0.7384603023529053,0.7301852107048035,0.37115392088890076
1787653404.1207852,0.6848550733801441,-10.898318511407945,1.7708489366052456,0.29256346821784973,0.7132713794708252,0.7231995463371277,0.3724875748157501
1787653405.220427,1.1897007875271084,-11.052739797571505,1.8258580150657566,0.2455647587776184,0.7282208204269409,0.7405727505683899,0.795390248298645
1787653405.2205493,0.6779176216050571,-11.038737623945842,1.820765843371975,0.2455647587776184,0.7282208204269409,0.7309737801551819,0.7953889966011047
1787653406.4204266,1.183879159233896,-11.093245628680855,1.8406021366274823,0.2455647587776184,0.7282208204269409,0.739560604095459,0.755837619304657
1787653406.420576,0.6720960200337234,-11.079243177043544,1.8355080441114717,0.2455647587776184,0.7282208204269409,0.7359015941619873,0.7558353543281555
1787653407.670492,1.1773410150711068,-11.038694915659804,1.8207471764927314,0.2455647587776184,0.7282208204269409,0.7416546940803528,0.2481619268655777
1787653407.6706154,0.6655578689187096,-11.024691932780346,1.815655243182904,0.24556483328342438,0.7282208204269409,0.7327026724815369,0.24606871604919434
1787653408.8219452,1.1711645646191828,-10.879885272940644,1.7644118932595523,0.25262799859046936,0.7296789288520813,0.7292501926422119,0.1475927233695984
1787653408.8220212,0.6593848477410782,-10.865390213934127,1.7604857429103202,0.3022152781486511,0.7177035212516785,0.7255467772483826,0.14698933064937592
1787653409.7704415,1.1653636310226032,-10.705890602263292,1.708757375117214,0.2514590322971344,0.7397619485855103,0.6770435571670532,0.6095707416534424
1787653409.7705662,0.6535832657493625,-10.691417130722648,1.7048361071653293,0.4117330014705658,0.7168546915054321,0.6712813973426819,0.6092441082000732
1787653417.3703995,1.1644499498857053,-10.002779777030279,1.5056490946255492,0.578925609588623,0.7366756796836853,0.5341148972511292,0.10247386991977692
1787653417.3705254,0.6526649954228234,-9.98844751338997,1.501808963850332,0.49273809790611267,0.7343859672546387,0.5651648640632629,0.10247289389371872
1787653418.6204734,1.1710698738325154,-9.78282715876118,1.4467127478099782,0.5221312642097473,0.7345978617668152,0.5511370301246643,0.034030430018901825
1787653418.6206005,0.6592848989852097,-9.768495461731039,1.4428732190916227,0.35132890939712524,0.7421412467956543,0.5373480319976807,0.03402901440858841
1787653419.7206092,1.1775899777757566,-9.565583132921205,1.3885021070641501,0.4371207058429718,0.7356067895889282,0.5535627603530884,0.03404246270656586
1787653419.720849,0.6658049919483666,-9.551251561580411,1.3846635728957428,0.30372849106788635,0.7487878799438477,0.5254096984863281,0.03404144570231438
1787653420.9705014,1.1833855225195646,-9.372477007185653,1.3367594568837469,0.40524208545684814,0.7373384833335876,0.536842405796051,0.0340464822947979
1787653420.970626,0.6716005367571427,-9.358145501663488,1.3329206683214865,0.26358285546302795,0.7568932771682739,0.5694665312767029,0.034048568457365036
1787653422.1205466,1.18990555755664,-9.155233105198123,1.2785492795066695,0.578925609588623,0.7366756796836853,0.5871857404708862,0.15478059649467468
1787653422.1207864,0.678120565247149,-9.140902062639347,1.2747096355189067,0.3178325593471527,0.746536374092102,0.5576152205467224,0.15478098392486572
1787653423.3243325,1.194976903419612,-8.98626505543093,1.2332743560395518,0.5630844235420227,0.7358433604240417,0.5708560347557068,0.07979553937911987
1787653423.3288336,0.6831919144327587,-8.971933922941808,1.2294346048359435,0.30372849106788635,0.7487878799438477,0.5464488863945007,0.0797966942191124
1787653424.5722384,1.2014970961837121,-8.76902121442891,1.1750641130313775,0.5897839665412903,0.737375795841217,0.49357789754867554,0.03404133394360542
1787653424.572331,0.6897120995980297,-8.75469019477903,1.1712249535416213,0.40524208545684814,0.7373384833335876,0.5535752177238464,0.034040432423353195
1787653425.820376,1.2080166137397674,-8.551776026484266,1.1168533581361506,0.43026572465896606,0.7359145283699036,0.5361208319664001,0.03402946516871452
1787653425.8204768,0.696231610525538,-8.537445394444262,1.113013635444972,0.39404943585395813,0.7381329536437988,0.5739201903343201,0.03402750939130783
1787653426.9204156,1.214536670581185,-8.334532036197448,1.058642772619072,0.6309956908226013,0.7411519885063171,0.5647696256637573,0.03404560312628746
1787653426.9205592,0.7027516648184226,-8.320201322457375,1.054803694590509,0.39404943585395813,0.7381329536437988,0.5463553071022034,0.03404683247208595
1787653428.0204458,1.2203317394941102,-8.141425874653276,1.0069001210073485,0.6882683634757996,0.750261127948761,0.554821252822876,0.03403439745306969
1787653428.020631,0.7085467295982345,-8.12709542950866,1.003060591370044,0.6121474504470825,0.7391880750656128,0.4984096586704254,0.03403621166944504
1787653429.170605,1.2261271281479535,-7.9483198813105815,0.9551575932071338,0.6767643094062805,0.7479841113090515,0.5730302333831787,0.03404013440012932
1787653429.1715608,0.7143421092115794,-7.933989592760522,0.9513186841997335,0.6767643094062805,0.7479841113090515,0.5602286458015442,0.03403976932168007
1787653430.270418,1.2319227613416486,-7.755215402743683,0.9034140924069554,0.49273809790611267,0.7343859672546387,0.5451188087463379,0.03400878235697746
1787653430.2705948,0.7201377354756031,-7.74088514908141,0.8995759770795926,0.6469977498054504,0.7431787252426147,0.5201143622398376,0.034008681774139404
1787653431.5704582,1.237718606045025,-7.562106089621226,0.8516684358876119,0.32729560136795044,0.7477532029151917,0.5494493246078491,0.034016769379377365
1787653431.5706077,0.7259335571643365,-7.547776019724839,0.8478327040205591,0.46318894624710083,0.7347525358200073,0.56167072057724,0.03400999307632446
1787653432.720642,1.244236300448295,-7.3448556982856426,0.7934598083975808,0.2826763093471527,0.7604749798774719,0.5521958470344543,0.015089296735823154
1787653432.7208085,0.7324513059273031,-7.330524838510297,0.7896197769852344,0.40524208545684814,0.7373384833335876,0.5598090291023254,0.013467901386320591
1787653433.9703624,1.2504826016975117,-7.1522212362508,0.7433370533612104,0.3613482415676117,0.7549712657928467,0.5509701371192932,0.07406090945005417
1787653433.9704988,0.7386995755156245,-7.137551671939659,0.7407030459521199,0.23916849493980408,0.7728192210197449,0.5413479208946228,0.07348201423883438
1787653435.1706266,1.2560954368202586,-6.963156790408419,0.7023038197233067,0.3448178768157959,0.7621721625328064,0.46220555901527405,0.06742050498723984
1787653435.1707134,0.744312079110087,-6.948501470901565,0.6996549744929259,0.24987566471099854,0.7799062728881836,0.464301735162735,0.06712321937084198
1787653436.3250613,1.2617329471154624,-6.774257700080867,0.661258892457771,0.2954460084438324,0.7754766345024109,0.3973504304885864,0.020169686526060104
1787653436.3253772,0.74995051086603,-6.759566628005166,0.6586301384064571,0.276152640581131,0.7797762155532837,0.3720909655094147,0.020004630088806152
1787653438.0486646,1.267479411512901,-6.58125123324079,0.6233677094141333,0.3210543990135193,0.7730746865272522,0.37082937359809875,0.015187982469797134
1787653438.0487714,0.7556968079067972,-6.566559723460744,0.6207742201544176,0.3800821602344513,0.7643626928329468,0.37417298555374146,0.01519326213747263
1787653438.6704164,1.2740359095350287,-6.359764048489188,0.5843139341696734,0.3530275821685791,0.7679842710494995,0.3554069399833679,0.015182130970060825
1787653438.6705434,0.7622532285442457,-6.345075259329484,0.5817203052624565,0.4118373692035675,0.7608286738395691,0.37179458141326904,0.015179013833403587
1787653439.7204459,1.2798626010532697,-6.162884107819973,0.5495981305212467,0.47437921166419983,0.7559337019920349,0.374016135931015,0.015184286050498486
1787653439.720555,0.7680799416226665,-6.148194549530562,0.5470046033089169,0.21443837881088257,0.7988267540931702,0.3754369020462036,0.015188897959887981
1787653440.9704094,1.2856880744370727,-5.966004490773954,0.5148849532846648,0.6909977197647095,0.7618536949157715,0.36748480796813965,0.015175705775618553
1787653440.970566,0.7739053988074021,-5.951315844722147,0.512289456704032,0.15809695422649384,0.8215505480766296,0.37187591195106506,0.015169881284236908
1787653442.1703248,1.2922446416326494,-5.744517205062149,0.4758274797625603,0.6199972033500671,0.7552606463432312,0.376522034406662,0.015175503678619862
1787653442.1705053,0.7804619793533796,-5.729827443208164,0.473235668230821,0.13555675745010376,0.833669900894165,0.36996665596961975,0.015173560939729214
1787653443.4204297,1.2987998824697726,-5.523030123817546,0.43677264050423625,0.33722612261772156,0.7703832387924194,0.32841989398002625,0.015171661972999573
1787653443.4205174,0.7870172289775775,-5.508339919003977,0.43418160460651745,0.11220038682222366,0.8486813306808472,0.35807350277900696,0.015170150436460972
1787653444.7204213,1.305357274370536,-5.301544819555136,0.39771493239663896,0.1429932862520218,0.8294343948364258,0.34240782260894775,0.015181543305516243
1787653444.720566,0.7935746046595176,-5.286854394817158,0.39512835077597525,0.1153128370642662,0.846522867679596,0.3532068729400635,0.015182490460574627
1787653446.0703056,1.3119117221485699,-5.080056077999714,0.35866194540711943,0.19715479016304016,0.8048619627952576,0.37804338335990906,0.01517909299582243
1787653446.0704231,0.8001290375593537,-5.065366486361645,0.3560735767777052,0.13897967338562012,0.8316896557807922,0.37407898902893066,0.015179062262177467
1787653447.4245436,1.3184668538788236,-4.858568371354417,0.31960762865343056,0.19715479016304016,0.8048619627952576,0.3854467272758484,0.015176125802099705
1787653447.4253237,0.8066841629863899,-4.843879009613163,0.31701920161478153,0.11220038682222366,0.8486813306808472,0.3655199408531189,0.01517421379685402
1787653448.6204197,1.3250217640658142,-4.63708085085429,0.28055250984273894,0.22533109784126282,0.795364260673523,0.3548406958580017,0.13828274607658386
1787653448.6214492,0.8132390799620272,-4.6223911036448895,0.27796492826000885,0.16962887346744537,0.8161156177520752,0.38308045268058777,0.13828328251838684
1787653449.6210139,1.3301199677856368,-4.464812576937496,0.2501770402332317,0.27662479877471924,0.7773272395133972,0.36380040645599365,0.13017220795154572
1787653449.6211016,0.8183372832640421,-4.45012290197861,0.24758913114048967,0.20636054873466492,0.7977544665336609,0.38175666332244873,0.1275032013654709
1787653450.7748322,1.3370840738236685,-4.274045047139867,0.22753256587909565,0.3866337239742279,0.7241946458816528,0.31104475259780884,0.037033602595329285
1787653450.774939,0.8252790728735375,-4.259915642807974,0.22750197727788446,0.32962360978126526,0.7217414975166321,0.3018379211425781,0.03516248241066933
1787653451.8704875,1.3422732338453045,-4.087768423495968,0.2128970828270477,0.46251460909843445,0.629234254360199,0.1079850122332573,0.03701193630695343
1787653451.870631,0.8304592850936278,-4.073966973184012,0.21285427508560137,0.3293439447879791,0.6518524885177612,0.12230418622493744,0.03733573481440544
1787653452.9703586,1.3473207469676516,-3.9012926220741044,0.19808024366964921,0.4564429521560669,0.5620270371437073,0.009739411063492298,0.0005383098032325506
1787653452.9705153,0.835508302857536,-3.8874355436048087,0.19802167468706428,0.4343441426753998,0.555048942565918,0.010376089252531528,0.0005481872940436006
1787653454.070396,1.3527085833707475,-3.7029120887338687,0.19620800268541538,0.46746203303337097,0.533102810382843,0.0007216439116746187,8.361609070561826e-05
1787653454.0705338,0.840895683750897,-3.689071721051687,0.19621027043901584,0.46746203303337097,0.533102810382843,1.1834016504508327e-06,0.00013904123625252396
1787653455.1703835,1.358110286856738,-3.502994050757326,0.19620943446515943,0.46746203303337097,0.533102810382843,5.986617566122732e-07,8.843743853503838e-05
1787653455.1705308,0.8462976151665609,-3.489145256817476,0.19621137723485882,0.46746203303337097,0.533102810382843,1.9181904917786596e-06,0.00011404633551137522
1787653456.2203336,1.3635306588056268,-3.303076186255558,0.19620939114198496,0.46746203303337097,0.533102810382843,1.1248250757489586e-06,0.00010268204641761258
1787653456.220489,0.851717914559504,-3.289230074127073,0.19621187671779713,0.46746203303337097,0.533102810382843,1.1468712273199344e-06,0.00014049695164430887
1787653457.2703369,1.3689374042937112,-3.103153218139807,0.19620880326932572,0.46746203303337097,0.533102810382843,5.416809472080786e-07,0.0001119732842198573
1787653457.2704842,0.8571245049015275,-3.089312842575073,0.19621327468002836,0.46746203303337097,0.533102810382843,1.5405193209971912e-07,0.00015856343088671565
1787653458.4237316,1.3743544796282898,-2.903229900234601,0.19620870521976153,0.46746203303337097,0.533102810382843,6.134781642685994e-07,4.567034920910373e-05
1787653458.4238253,0.8625413877820045,-2.889396642976558,0.19621159979647623,0.46746203303337097,0.533102810382843,5.410659582594235e-07,8.015915227588266e-05
1787653459.7704303,1.3797669253332132,-2.703311369831118,0.19621056735919062,0.46746203303337097,0.533102810382843,4.4269742716096516e-07,2.4836646844050847e-05
1787653459.770625,0.867954186379666,-2.689465061964344,0.1962123913331708,0.46746203303337097,0.533102810382843,5.331792749529995e-07,4.273856757208705e-05
1787653461.121819,1.385851899021051,-2.4783873252816604,0.1962139710959025,0.46746203303337097,0.533102810382843,5.716147484235989e-07,3.690631274366751e-05
1787653461.1219876,0.8740389669259216,-2.464548158394843,0.19621422623748563,0.46746203303337097,0.533102810382843,7.819445499990252e-07,3.358435787959024e-05
1787653462.3702297,1.3919356087487909,-2.253480955256447,0.19621022142690758,0.46746203303337097,0.533102810382843,2.7180121264791524e-07,0.0764673575758934
1787653462.370352,0.8801226553385322,-2.2396425768636012,0.1962124406505386,0.46746203303337097,0.533102810382843,2.706882753500395e-07,0.07625489681959152
1787653472.5704122,1.396427369173583,-2.0622386323692994,0.19620442065773763,0.46746203303337097,0.533102810382843,6.611713274651265e-07,0.8702913522720337
1787653472.5705023,0.884864785237911,-2.0410791731215565,0.19620560457767905,0.46746203303337097,0.533102810382843,6.727699428665801e-07,0.8467482924461365
1787653473.020358,1.3931960103972387,-2.0982693333978233,0.19620348220988187,0.46746203303337097,0.533102810382843,4.7431865368707804e-07,0.835408627986908
1787653473.0205219,0.8820376795658627,-2.068923791693714,0.19620542487506043,0.46746203303337097,0.533102810382843,4.178882306860032e-07,0.8367090225219727
1787653473.4706852,1.3889146876119676,-2.152081436025408,0.1962042846793957,0.46746203303337097,0.533102810382843,6.209299954207381e-07,0.8261871933937073
1787653473.4708893,0.8779634672193875,-2.119327041342227,0.19620716071455446,0.46746203303337097,0.533102810382843,2.9601773121612496e-07,0.8259085416793823
1787653473.9219718,1.3835640213418139,-2.2099018173963643,0.1962031681615821,0.46746203303337097,0.533102810382843,3.5074995707873313e-07,0.8407089114189148
1787653473.9220548,0.8728903918758876,-2.173071881889223,0.1962074852745739,0.46746203303337097,0.533102810382843,3.4294194506401254e-07,0.8331800699234009
1787653474.3704312,1.3768566386804777,-2.2668614488294447,0.19620205357107023,0.46746203303337097,0.533102810382843,3.4867912290792447e-07,0.8411789536476135
1787653474.3705797,0.8666368646435381,-2.2242025441244118,0.19620762683858345,0.46746203303337097,0.533102810382843,3.452282442140131e-07,0.8258762955665588
1787653474.8203654,1.3680101930836066,-2.3258468009182556,0.1962017673074114,0.46746203303337097,0.533102810382843,1.1667430577233517e-08,0.8337810039520264
1787653474.8205032,0.8585274646815557,-2.2751383260788565,0.19620804935170105,0.46746203303337097,0.533102810382843,4.743180426203253e-08,0.8104722499847412
1787653475.2703838,1.3562079764817714,-2.3870464163666325,0.19620056777289555,0.46746203303337097,0.533102810382843,8.181998509826371e-07,0.8134526610374451
1787653475.270575,0.8478804253749218,-2.325832849838929,0.19620822751884506,0.46746203303337097,0.533102810382843,4.743176873489574e-08,0.7811383008956909
1787653475.720964,1.340801566511923,-2.4509519086536335,0.19619922761709532,0.46746203303337097,0.533102810382843,7.994651127773977e-07,0.7687202095985413
1787653475.7210827,0.834285073741666,-2.3762187670963466,0.196209459755208,0.46746203303337097,0.533102810382843,4.917906721857435e-07,0.726448655128479
1787653476.1214945,1.3229306575882804,-2.5163177050278756,0.19619765033059633,0.46746203303337097,0.533102810382843,8.591957225689839e-07,0.7509445548057556
1787653476.1215706,0.8190954478758135,-2.4252458581260394,0.19621013564094858,0.46746203303337097,0.533102810382843,8.432334084318427e-07,0.7028337717056274
1787653476.5251026,1.2990873928559143,-2.5842888986521415,0.19619681263013586,0.46746203303337097,0.533102810382843,9.943638588083559e-07,0.7065718173980713
1787653476.5364153,0.7991178400655115,-2.473951026314214,0.19621132137268912,0.46746203303337097,0.533102810382843,1.0271487553836778e-06,0.6499010920524597
1787653476.970575,1.2694539745592517,-2.6548224714703523,0.19619539344107742,0.46746203303337097,0.533102810382843,6.720915735058952e-07,0.6616919040679932
1787653476.9707508,0.7749824005161757,-2.521999799550177,0.19621234479302688,0.46746203303337097,0.533102810382843,1.2421090787029243e-06,0.597284197807312
1787653477.3705347,1.2335332712320624,-2.727386885425598,0.19619408627271542,0.46746203303337097,0.533102810382843,5.049772084930737e-07,0.6205750107765198
1787653477.3706949,0.7465708749808775,-2.5692362475310055,0.19621334341448401,0.46746203303337097,0.533102810382843,1.1774916401918745e-06,0.549573540687561
1787653478.0506516,1.191020742759071,-2.80116738988485,0.19619301897506528,0.46746203303337097,0.533102810382843,1.8805523893661302e-07,0.5858504772186279
1787653478.0515563,0.713891728302442,-2.6154474310390237,0.19621423100911609,0.46746203303337097,0.533102810382843,7.974444997671526e-07,0.5095282196998596
1787653478.2205896,1.1418017520794477,-2.8751601704333285,0.19619199035825102,0.46746203303337097,0.533102810382843,7.521259703935357e-07,0.5635517835617065
1787653478.2207642,0.6770416817036995,-2.660353102453359,0.1962150159620747,0.46746203303337097,0.533102810382843,1.0367480172135402e-06,0.4838021397590637
1787653478.6702354,1.086189009938679,-2.948035874672144,0.19619155165011917,0.46746203303337097,0.533102810382843,8.972788236860652e-07,0.5629517436027527
1787653478.6703897,0.6362856595466674,-2.703636662849783,0.19621535609272642,0.46746203303337097,0.533102810382843,4.874096930507221e-07,0.4827803075313568
1787653479.1204107,1.0253815796733639,-3.018103520400783,0.19619154149681,0.46746203303337097,0.533102810382843,2.2363985863194102e-06,0.5689191222190857
1787653479.1205447,0.5922892053140045,-2.7450192940028924,0.19621529941105903,0.46746203303337097,0.533102810382843,6.205669365044741e-07,0.4892199635505676
1787653479.5710108,0.96002873050767,-3.0846032785187356,0.19619166095990256,0.46746203303337097,0.533102810382843,2.0271736502763815e-06,0.5748466849327087
1787653479.5719607,0.5454128846118353,-2.784207373465085,0.1962153058308949,0.46746203303337097,0.533102810382843,0.0002606330963317305,0.4956229627132416
1787653479.9705799,0.8904491551525501,-3.1471697603890894,0.19619172257620845,0.46746203303337097,0.533102810382843,1.771114625626069e-06,0.5801448225975037
1787653479.9706664,0.4958548697905233,-2.8209193206862526,0.19621524569904333,0.46746203303337097,0.533102810382843,0.0006547783268615603,0.5013263821601868
1787653480.4209402,0.8169384729063736,-3.2055045921064362,0.19619183968593257,0.46746203303337097,0.533102810382843,1.3424165672404342e-06,0.5860157012939453
1787653480.4210174,0.44381150552398174,-2.854904726633177,0.1962151238440999,0.46746203303337097,0.533102810382843,0.0013907677493989468,0.5076870322227478
1787653480.8764334,0.7398931295974236,-3.2593077980688676,0.19619204571690108,0.46746203303337097,0.533102810382843,7.301604796339234e-07,0.5900893807411194
1787653480.8765402,0.3895314806486909,-2.8859571392873127,0.19621513908614108,0.46746203303337097,0.533102810382843,0.003162396140396595,0.5120398998260498
1787653481.3205485,0.6595406297915049,-3.308393411387355,0.1961920514564913,0.46746203303337097,0.533102810382843,8.562796551814245e-07,0.5948061347007751
1787653481.3207514,0.3331941447818578,-2.9138785559094424,0.19621505340413228,0.46746203303337097,0.533102810382843,0.005549938417971134,0.517127513885498
1787653481.7206197,0.5762933324647712,-3.3525292665249293,0.19619214330725246,0.46746203303337097,0.533102810382843,9.488705927651608e-07,0.5978567600250244
1787653481.72085,0.27506302390304826,-2.9385192416667043,0.1962149621804498,0.46746203303337097,0.533102810382843,0.008862137794494629,0.5203635692596436
1787653482.1703603,0.4903893975519061,-3.3915694069887268,0.1961922773461225,0.46746203303337097,0.5331028699874878,1.860603219938639e-06,0.6010124683380127
1787653482.1704922,0.21533238013047523,-2.959727263777305,0.19621494434211206,0.46746203303337097,0.533102810382843,0.012195102870464325,0.5237303376197815
1787653482.6704223,0.40220247477382565,-3.4253487790633232,0.19619227580414172,0.46746203303337097,0.533102810382843,2.5834622192633105e-06,0.6039812564849854
1787653482.6705968,0.15425415566464415,-2.9773916041679,0.19621487321389003,0.46746203303337097,0.533102810382843,0.013351739384233952,0.5268992185592651
1787653483.0703285,0.3120834614047171,-3.45373609818114,0.1961923207095976,0.46746203303337097,0.533102810382843,2.7229853003518656e-06,0.6057810187339783
1787653483.0704827,0.09207061905198911,-2.9914176487416633,0.19621485406907777,0.46746203303337097,0.533102810382843,0.01440129429101944,0.5287799835205078
1787653483.520424,0.22031104066371804,-3.476630049720296,0.1961922819267134,0.46746203303337097,0.533102810382843,4.5836040953872725e-06,0.6089115738868713
1787653483.5206828,0.029001516661913126,-3.0017146198640865,0.19621488047295432,0.46746203303337097,0.533102810382843,0.012936384417116642,0.532151460647583
1787653483.920412,0.12736034134240073,-3.4939425879068744,0.19619233870990985,0.46746188402175903,0.5331028699874878,2.6258268917445093e-05,0.6102865934371948
1787653483.9205759,-0.03466335493661856,-3.0082551149969343,0.19621475388468704,0.46746203303337097,0.533102810382843,0.014546632766723633,0.5335847735404968
1787653484.3204548,0.03346271656799012,-3.505615281617031,0.19619230574795532,0.46746203303337097,0.533102810382843,2.948300971183926e-05,0.6127455830574036
1787653484.320665,-0.09872005741587887,-3.010972265129696,0.19621471645833216,0.46746203303337097,0.533102810382843,0.0133989118039608,0.5362281799316406
1787653484.7708318,-0.06093262470000315,-3.511614841436614,0.19619238271156397,0.46746203303337097,0.533102810382843,5.527798566618003e-05,0.6138014793395996
1787653484.7709625,-0.16289294270122198,-3.009869793570329,0.19621462567871195,0.46746203303337097,0.533102810382843,0.01981513202190399,0.5373321175575256
1787653485.1703057,-0.15556007973923225,-3.511921773661808,0.19619238862353083,0.46746203303337097,0.5331028699874878,6.65604165988043e-05,0.6156566739082336
1787653485.1704245,-0.22696077514686913,-3.0049247912250743,0.19621464513057546,0.46746203303337097,0.533102810382843,0.023067601025104523,0.539324164390564
1787653485.6203752,-0.2500062629014474,-3.5065471920912286,0.19619244565944652,0.46746203303337097,0.533102810382843,1.1104183613497298e-05,0.6169350743293762
1787653485.620526,-0.29066756972941904,-2.9961643381125187,0.1962146174604347,0.46746203303337097,0.5331028699874878,0.013379042968153954,0.5406866073608398
1787653486.020698,-0.34395657135802016,-3.495511699841291,0.19619248525662691,0.46746203303337097,0.533102810382843,2.64922982751159e-05,0.6179280877113342
1787653486.0209854,-0.3537839667261512,-2.9836060231685178,0.1962146317860361,0.46746203303337097,0.533102810382843,0.022002490237355232,0.5417414903640747
1787653486.4221087,-0.4370789583514932,-3.4788593045187457,0.19619104361525078,0.46746203303337097,0.533102810382843,0.00011643004836514592,0.6882003545761108
1787653486.4223294,-0.41607751502896645,-2.967290209587491,0.19621317025533144,0.46746203303337097,0.533102810382843,0.027079446241259575,0.6205853223800659
1787653501.6702607,-0.5960593551121948,-3.4493901523386414,0.19620424790766405,0.46746203303337097,0.533102810382843,0.00013067045074421912,0.8827663660049438
1787653501.6704187,-0.537789283832775,-2.9407167809173753,0.19620413140200688,0.46746203303337097,0.533102810382843,0.03564408794045448,0.8511896133422852
1787653501.9703102,-0.6341599353310574,-3.443321250805828,0.19620190001799662,0.46746203303337097,0.533102810382843,8.091796189546585e-05,0.9814203977584839
1787653501.9704635,-0.5653210413969434,-2.9359700837925993,0.1962053989559632,0.46746203303337097,0.533102810382843,0.03498236835002899,0.9617890119552612
1787653502.3728404,-0.6687649316455061,-3.436834636147129,0.1962021794582269,0.46746203303337097,0.533102810382843,8.235455607064068e-05,0.9496036171913147
1787653502.3729353,-0.5956510364273685,-2.9300818775838673,0.19620599470333308,0.46746203303337097,0.5331028699874878,0.04583897441625595,0.9306530356407166
1787653502.8204725,-0.7302174824522609,-3.42469971086157,0.1962014061786159,0.46746203303337097,0.533102810382843,5.04702256876044e-05,0.9368215203285217
1787653502.8206897,-0.6504880794550945,-2.9189455983986825,0.19620636524995042,0.46746203303337097,0.533102810382843,0.04514576494693756,0.9185076355934143
1787653503.970767,-0.7906447130290919,-3.4113937348703915,0.1962011649862123,0.46746203303337097,0.533102810382843,3.815037416643463e-05,0.9891100525856018
1787653503.970924,-0.7046964217294163,-2.906659258942134,0.19620683007500248,0.46746203303337097,0.533102810382843,0.05430798605084419,0.9263029098510742
1787653504.8713694,-0.9805515964598212,-3.3778264289686932,0.19620572513652093,0.46746203303337097,0.533102810382843,0.00013306908658705652,0.9940195679664612
1787653504.8715081,-0.8963505177682748,-2.8727975403427877,0.19620504478547587,0.46746203303337097,0.533102810382843,0.04529889300465584,0.9095914363861084
1787653505.27024,-1.1416517605138081,-3.339947920905858,0.19619825779950956,0.48982444405555725,0.5404852628707886,2.750510975602083e-05,1.0094152688980103
1787653505.2703967,-1.0345182566067572,-2.8392819521458685,0.196206395315761,0.46746203303337097,0.533102810382843,0.031923964619636536,0.96572345495224
1787653505.7202373,-1.2232896112895908,-3.314855776719377,0.19619725923490228,0.4911710321903229,0.5409435629844666,2.5709707642818103e-06,0.9864000082015991
1787653505.720413,-1.1040609196701605,-2.8169315666338766,0.19620752810378206,0.46746203303337097,0.533102810382843,0.009766552597284317,0.9384635090827942
1787653506.1702688,-1.3060674907079237,-3.286368759350338,0.19619746323423998,0.4911710321903229,0.5409435629844666,2.460142695781542e-06,0.952248752117157
1787653506.1704302,-1.1731167980819346,-2.791931591204636,0.19620675453685887,0.46746203303337097,0.533102810382843,0.007885836996138096,0.9009398221969604
1787653506.5714571,-1.389543732905005,-3.254197943001188,0.1961972156528957,0.46746203303337097,0.533102810382843,1.7964833887162968e-06,0.9932252168655396
1787653506.5717173,-1.2412863797915923,-2.764132889005343,0.19620720839513475,0.46746203303337097,0.533102810382843,0.0012334638740867376,0.959259033203125
1787653507.0229979,-1.4458675136813555,-3.2271717398954034,0.1961955175677133,0.46746203303337097,0.533102810382843,9.72494603956875e-07,0.8053858876228333
1787653507.0230808,-1.2880994742699485,-2.7400852531587785,0.1962088911513547,0.46746203303337097,0.533102810382843,0.0012279597576707602,0.7274765968322754
1787653507.4706037,-1.5566410452471025,-3.1777846700349452,0.19619479096491074,0.46746203303337097,0.533102810382843,2.0666780073952395e-06,0.9303151369094849
1787653507.473452,-1.3734309487665328,-2.699686290664761,0.19620861789111674,0.46746203303337097,0.533102810382843,9.26218035601778e-07,0.8735799193382263
1787653508.8702517,-1.6367734915227374,-3.1361655275360882,0.19619744797085725,0.46746203303337097,0.533102810382843,1.2008432577204076e-06,0.711466908454895
1787653508.8703394,-1.438006292741373,-2.664322756499659,0.19620790135014754,0.46746203303337097,0.533102810382843,8.29273176350398e-07,0.654475748538971
1787653510.1709404,-1.8449306329447395,-3.0429615925818556,0.1962088122532028,0.46746203303337097,0.533102810382843,1.5482743265238241e-06,8.039149179239757e-06
1787653510.1739454,-1.6437468426424244,-2.5721441305871986,0.19620810221119922,0.46746203303337097,0.533102810382843,4.2164924707321916e-07,7.962122253957205e-06
1787653511.4702792,-2.051832812416519,-2.9545501030621475,0.1962081785892921,0.46746203303337097,0.533102810382843,1.47434263908508e-06,3.1539118936052546e-05
1787653511.4704773,-1.850648828511807,-2.483732723799622,0.19620603490795416,0.46746203303337097,0.533102810382843,9.61008026933996e-07,1.771347706380766e-05
1787653512.62027,-2.2587389836262517,-2.866131504636839,0.1962080945255128,0.46746203303337097,0.533102810382843,1.9555836843210272e-06,0.00013818636944051832
1787653512.6204338,-2.0575503266676742,-2.39531612242154,0.196194653340115,0.46746203303337097,0.533102810382843,5.1760704167236327e-08,0.0001146271315519698
1787653513.770294,-2.4426484200194456,-2.7875523267356246,0.19619927181470243,0.46746203303337097,0.533102810382843,2.0792056147911353e-06,1.5380832337541506e-05
1787653513.7704294,-2.2414648017106624,-2.3167347912899268,0.19620567693124147,0.46746203303337097,0.533102810382843,3.9536476492685324e-07,1.6535017493879423e-05
1787653514.9702678,-2.626556600341408,-2.7089623624322745,0.19620684086203782,0.46746203303337097,0.533102810382843,7.316990604522289e-07,0.12512731552124023
1787653514.9704044,-2.4253737139474203,-2.238144514221926,0.196201477914609,0.46746203303337097,0.533102810382843,8.896662620827556e-06,0.12512661516666412
1787653516.0704846,-2.7874786600900276,-2.640203342344853,0.19620215413001102,0.46746203303337097,0.533102810382843,4.465287929633632e-06,0.11121060699224472
1787653516.070645,-2.5862983550456966,-2.1693843910884563,0.19620184354976805,0.46746203303337097,0.533102810382843,1.1204580005141906e-05,0.1112128496170044
1787653517.27026,-2.9943829748260025,-2.5517925891372917,0.19620213155964772,0.46746203303337097,0.533102810382843,1.313294546889665e-06,4.5735309868177865e-06
1787653517.2704015,-2.7931987912483094,-2.080975295195942,0.19620411193204373,0.46746203303337097,0.533102810382843,2.040922481683083e-06,6.639624643867137e-06
1787653517.8701859,-3.1782961150311406,-2.4732040443224506,0.19620568337805824,0.46746203303337097,0.533102810382843,5.1982806326122954e-06,0.07873035967350006
1787653517.8703225,-2.9771127258783636,-2.002386410914869,0.19620446392837262,0.46746203303337097,0.533102810382843,4.752399490826065e-06,0.10953047126531601
1787653518.1715617,-3.2650949733935404,-2.4407567243083164,0.19620834366073753,0.46746203303337097,0.533102810382843,4.4364928726281505e-06,0.3356630206108093
1787653518.174568,-3.07636099326284,-1.964811890640497,0.196201348211764,0.46746203303337097,0.533102810382843,1.0486743121873587e-05,0.3618837594985962
1787653518.4702315,-3.3067206913700296,-2.4300491309701577,0.19620970368765825,0.46746203303337097,0.533102810382843,4.571792942442698e-06,0.7659303545951843
1787653518.4704287,-3.130310420469988,-1.9494001777889958,0.19619844193202426,0.46746203303337097,0.533102810382843,8.129035450110678e-06,0.7737705111503601
1787653518.770369,-3.3296239855727356,-2.4286143913527285,0.19621053818669348,0.46746203303337097,0.533102810382843,3.2804002785269404e-06,0.17917408049106598
1787653518.770629,-3.1585496880099435,-1.946040475204798,0.19619761351322845,0.46746203303337097,0.533102810382843,9.054985639522783e-06,0.20930184423923492
1787653519.0701537,-3.3937697498471073,-2.4147274918979686,0.1962110828148633,0.46746203303337097,0.533102810382843,2.2265055577008752e-06,0.4485568404197693
1787653519.0702975,-3.242235509099158,-1.9256657640103463,0.1961970644021759,0.46746203303337097,0.533102810382843,3.8767211663071066e-05,0.46913942694664
1787653519.370296,-3.4382775599611324,-2.4092906213520995,0.19621136848365286,0.46746203303337097,0.533102810382843,1.5531362578258268e-06,0.41973671317100525
1787653519.3704622,-3.300097515160503,-1.9162893282523974,0.19619650517496165,0.46746203303337097,0.533102810382843,8.188667561626062e-05,0.44229796528816223
1787653519.720294,-3.483061348940476,-2.405468276993092,0.19621193287354247,0.46746203303337097,0.533102810382843,1.0950096793749253e-06,0.39256057143211365
1787653519.7204697,-3.3592756786392295,-1.9086573395388506,0.19619599834470267,0.46746203303337097,0.533102810382843,7.972346065798774e-05,0.41697365045547485
1787653520.0202615,-3.5280386103579535,-2.4033351101156275,0.19621241712362752,0.46746203303337097,0.533102810382843,1.0716523775045061e-06,0.36736175417900085
1787653520.0204587,-3.419639325441221,-1.9029416701703066,0.19619541036735144,0.46746203303337097,0.533102810382843,6.935810233699158e-05,0.39347705245018005
1787653520.2702048,-3.573131372891407,-2.402959825042956,0.1962128260685922,0.46746203303337097,0.533102810382843,1.0905495173574309e-06,0.6459900140762329
1787653520.2703376,-3.4810459382172687,-1.8993088820276027,0.196194920183423,0.46746203303337097,0.533102810382843,0.00025000039022415876,0.6621699929237366
1787653520.5704978,-3.5973467735189737,-2.4076497947111615,0.19621316683182374,0.46746203303337097,0.533102810382843,2.1213099898886867e-06,0.061405688524246216
1787653520.5708349,-3.5148432683745896,-1.9023408087577491,0.19619436191174924,0.46746203303337097,0.533102810382843,0.0002490066399332136,0.09977717697620392
1787653520.9202356,-3.661526819351067,-2.406974783772302,0.19621251310421473,0.46746203303337097,0.533102810382843,2.056498487945646e-06,0.5276783108711243
1787653520.9203782,-3.603371127948051,-1.8982883231022054,0.1961955317258698,0.46746203303337097,0.533102810382843,8.346559479832649e-05,0.5450904369354248
1787653522.2202609,-3.692828843505501,-2.408111770631228,0.19620969459625584,0.46746203303337097,0.533102810382843,1.91851381714514e-06,0.5699669122695923
1787653522.220388,-3.6436095046272308,-1.8984830267504382,0.19620016178903607,0.46746203303337097,0.533102810382843,8.264685311587527e-05,0.5553633570671082
1787653523.6702669,-3.7814566405680843,-2.4012899505121577,0.19620531401479152,0.46746203303337097,0.533102810382843,0.0011381687363609672,0.08270692825317383
1787653523.6704152,-3.732565762863551,-1.8916295909817538,0.19620452682002476,0.46746203303337097,0.533102810382843,0.00017421285156160593,0.08168384432792664
1787653524.8702464,-4.0215438087299304,-2.3745670358596818,0.2072810236792854,0.5695042014122009,0.3469059467315674,0.11516328155994415,0.04210401698946953
1787653524.870421,-3.9729116350989773,-1.864926362159841,0.20055083804281013,0.4813496768474579,0.5003486275672913,0.04256131872534752,0.03356758877635002
1787653526.320193,-4.228520609306389,-2.348775959574353,0.23966882475239523,0.6965460181236267,0.2060760259628296,0.28007063269615173,0.30365604162216187
1787653526.3203046,-4.177490793453708,-1.8395669391985516,0.22398024731662466,0.6061306595802307,0.3001410961151123,0.22560660541057587,0.3497864902019501
1787653527.370775,-4.440329299403982,-2.3499332425858714,0.26910563829800827,0.8021389842033386,0.11304765194654465,0.37334150075912476,0.3875567317008972
1787653527.3710017,-4.367125513678801,-1.8433804695229865,0.2553399614965034,0.7679833173751831,0.14303547143936157,0.3580651581287384,0.3504059910774231
1787653528.0657048,-4.543679515857357,-2.329913060103584,0.2819941134018855,0.8157030940055847,0.10095257312059402,0.37403175234794617,0.6381704211235046
1787653528.0658116,-4.483747138905675,-1.8214697976679834,0.2881226594582159,0.8013383150100708,0.11376456916332245,0.37576788663864136,0.6222174763679504
1787653528.0659542,-4.5456645187868805,-2.319729634084534,0.2843092710709331,0.8157030940055847,0.10095257312059402,0.37403175234794617,0.6644414663314819
1787653528.0660005,-4.504633355419202,-1.8094355112433114,0.29207791486518847,0.8157030940055847,0.10095257312059402,0.37484660744667053,0.6498182415962219
1787653528.066112,-4.547320449055806,-2.306669379937586,0.2871526696561019,0.8157030940055847,0.10095257312059402,0.3743366003036499,0.6263555288314819
1787653528.0662024,-4.528246970546905,-1.7950829611985388,0.29486879428745877,0.8157030940055847,0.10095257312059402,0.374496191740036,0.6105128526687622
1787653528.066295,-4.54848128139855,-2.2936102651761248,0.2901234668769237,0.8157030940055847,0.10095257312059402,0.37435585260391235,0.6412714719772339
1787653528.0664005,-4.5524249655996165,-1.7816837698477175,0.2978507390797449,0.8157030940055847,0.10095257312059402,0.3745546340942383,0.6256150007247925
1787653528.1205308,-4.5501911548691405,-2.2809806019327987,0.2933024656948018,0.8157030940055847,0.10095257312059402,0.3736754059791565,0.6504721641540527
1787653528.1206365,-4.575692770715473,-1.7696585894719035,0.2998954287741904,0.8157030940055847,0.10095257312059402,0.3738544285297394,0.6350035071372986
1787653528.2703846,-4.552346989778097,-2.2686626186792562,0.2972387535088852,0.8157030940055847,0.10095257312059402,0.3736754059791565,0.6160271167755127
1787653528.2705889,-4.599537727127202,-1.7588687446383133,0.30245797747176884,0.8157030940055847,0.10095257312059402,0.3734065592288971,0.5995393395423889
1787653528.872996,-4.554177337207282,-2.256706060831114,0.301018363537587,0.8157030940055847,0.10095257312059402,0.3736754059791565,0.10226350277662277
1787653528.8730755,-4.623066476657543,-1.7493755149437265,0.30476051203919646,0.8157030940055847,0.10095257312059402,0.3734568953514099,0.056401725858449936
1787653529.7703118,-4.581814111672871,-2.258208675881879,0.3099116860070956,0.8157030940055847,0.10095257312059402,0.37384188175201416,0.35398298501968384
1787653529.7703924,-4.6692344298121755,-1.7537610191900468,0.31576400473917254,0.8157030940055847,0.10095257312059402,0.3733990490436554,0.3126448094844818
1787653530.0716603,-4.6387579858266035,-2.2643355781727346,0.3149189611297668,0.8157030940055847,0.10095257312059402,0.37333640456199646,0.5686802268028259
1787653530.071791,-4.743568826621574,-1.7636653563954523,0.3370100606347458,0.8157030940055847,0.10095257312059402,0.37316492199897766,0.5473676919937134
1787653530.970269,-4.655020380238823,-2.2554970766816504,0.31826529254167263,0.8157030940055847,0.10095257312059402,0.3731916546821594,0.2037007361650467
1787653530.9704328,-4.7824652474800216,-1.7600188441615645,0.3383433131773074,0.8157030940055847,0.10095257312059402,0.3732669949531555,0.23217321932315826
1787653532.3201618,-4.742291417658921,-2.2741144569732312,0.31802632748001824,0.8157030940055847,0.10095257312059402,0.3731107711791992,0.0004632226482499391
1787653532.3202925,-4.87817921843199,-1.7810454192267398,0.34172083352693994,0.8157030940055847,0.10095257312059402,0.37270817160606384,0.02530732937157154
1787653533.6704988,-4.928316635607667,-2.325437409679871,0.3319061839946479,0.8157030940055847,0.10095257312059402,0.3725026547908783,0.013785142451524734
1787653533.674512,-5.0675785315641235,-1.8333532705449234,0.35646884562628534,0.8157030940055847,0.10095257312059402,0.3687966763973236,0.013799854554235935
1787653535.1702158,-5.141283004638096,-2.3875823468435127,0.36945229359638365,0.8157030940055847,0.10095257312059402,0.37041985988616943,0.01388067938387394
1787653535.1703274,-5.280544327495537,-1.8954981391409098,0.39401683075256344,0.8157030940055847,0.10095257312059402,0.3676733374595642,0.013886549510061741
1787653536.5701404,-5.354248470019962,-2.4497275958479006,0.406999991639175,0.8157030940055847,0.10095257312059402,0.36352676153182983,0.06619593501091003
1787653536.5702984,-5.493508751748924,-1.9576432724422064,0.4315681130799779,0.8157030940055847,0.10095257312059402,0.3641025424003601,0.06618306785821915
1787653541.4202383,-5.624723986338324,-2.528786584282101,0.4547003375946453,0.8157030940055847,0.10095257312059402,0.36293408274650574,0.10546533763408661
1787653541.4203618,-5.763968098290631,-2.036697041756206,0.4792555696902487,0.8157030940055847,0.10095257312059402,0.3646455705165863,0.105465367436409
1787653542.8236666,-5.825849116577006,-2.587813990607879,0.49016424643125694,0.8157030940055847,0.10095257312059402,0.36942487955093384,0.013998039066791534
1787653542.8237913,-5.965093403032048,-2.095724423834241,0.5147180030106476,0.8157030940055847,0.10095257312059402,0.3690887689590454,0.01399698480963707
1787653544.2215538,-6.038813473890437,-2.649949878136809,0.52771489432495,0.8157030940055847,0.10095257312059402,0.3708909749984741,0.013981673866510391
1787653544.2216868,-6.178056981961623,-2.157860175713245,0.5522703464429196,0.8157030940055847,0.10095257312059402,0.37040507793426514,0.013984022662043571
1787653545.7702398,-6.251777834770743,-2.7120847979711584,0.5652666522341621,0.8157030940055847,0.10095257312059402,0.37056753039360046,0.014018078334629536
1787653545.770398,-6.391021136308198,-2.2199950274876104,0.5898219115974501,0.8157030940055847,0.10095257312059402,0.37045538425445557,0.014021113514900208
1787653546.9704976,-6.4647441095212494,-2.7742208195878995,0.602817438892067,0.8157030940055847,0.10095257312059402,0.37053483724594116,0.009006241336464882
1787653546.9706721,-6.603987934849655,-2.282131221184118,0.6273731765254121,0.8157030940055847,0.10095257312059402,0.37112221121788025,0.007759495638310909
1787653548.7701147,-6.651073688018303,-2.8287857616929366,0.6391136798905621,0.8157030940055847,0.10095257312059402,0.37395551800727844,0.024500904604792595
1787653548.7702808,-6.790274119416506,-2.336685207058809,0.6636958691205366,0.8067024946212769,0.11212194710969925,0.3975966274738312,0.020531632006168365
1787653550.0204191,-6.83803125135379,-2.884166768126867,0.6814274978636496,0.8006688952445984,0.11960934847593307,0.41531994938850403,0.06153910979628563
1787653550.0205653,-6.977241100093659,-2.3920689539006497,0.706011217020889,0.7877105474472046,0.1356901377439499,0.461250364780426,0.057532936334609985
1787653551.3201475,-7.0218781448129315,-2.9382968893413928,0.7229647293669468,0.7773110270500183,0.14859534800052643,0.49795061349868774,0.015613912604749203
1787653551.3203685,-7.161127313803763,-2.4462132536017407,0.7476094929610293,0.7598668932914734,0.17024274170398712,0.5441703200340271,0.0038045025430619717
1787653552.7216904,-7.2317053656232515,-3.0043561213222474,0.7635427105802339,0.7507867217063904,0.18151076138019562,0.5545077919960022,0.03107091784477234
1787653552.7220895,-7.368033168730542,-2.5121664490604387,0.7997097759678664,0.7466114163398743,0.18669192492961884,0.5568505525588989,0.030629834160208702
1787653554.0201058,-7.440660160687423,-3.066446783145563,0.8191273869815253,0.7466114163398743,0.18669192492961884,0.5541971325874329,0.03111245483160019
1787653554.020241,-7.576869406151,-2.5742492732975557,0.8556329036832963,0.7466114163398743,0.18669192492961884,0.5533920526504517,0.03111482597887516
1787653555.5259778,-7.649586694401367,-3.128418729688375,0.8751102009796888,0.7466114163398743,0.18669192492961884,0.5543063282966614,0.03105783835053444
1787653555.5261037,-7.785790681082099,-2.636219681602347,0.9116145990090095,0.7466114163398743,0.18669192492961884,0.5524752736091614,0.031091606244444847
1787653556.9707882,-7.858512396409857,-3.1903889325837134,0.9310920890160821,0.7466114163398743,0.18669192492961884,0.5557147264480591,0.031085776165127754
1787653556.9740665,-7.994717703943483,-2.6981901755916495,0.9675954835861451,0.7466114163398743,0.18669192492961884,0.5548251271247864,0.031087255105376244
1787653558.4702158,-8.067441106975508,-3.2523590766721133,0.9870740194443629,0.7466114163398743,0.18669192492961884,0.5557558536529541,0.031091831624507904
1787653558.4703963,-8.20364058694642,-2.7601587050085765,1.0235773862744064,0.7466114163398743,0.18669192492961884,0.556401252746582,0.031114989891648293
1787653559.9226284,-8.276362894112959,-3.314328254811273,1.0430577818691562,0.7466114163398743,0.18669192492961884,0.5551073551177979,0.03101866878569126
1787653559.9227638,-8.412561529721108,-2.822127260478174,1.0795559028617103,0.7466114163398743,0.18669192492961884,0.5557599067687988,0.031039146706461906
1787653561.376973,-8.485292463705076,-3.3762949788788377,1.0990386884884888,0.7466114163398743,0.18669192492961884,0.5551688075065613,0.031084313988685608
1787653561.3770704,-8.621488404191023,-2.8840933176534604,1.1355378731660586,0.7466114163398743,0.18669192492961884,0.5552473664283752,0.031082402914762497
1787653562.7839549,-8.694219913373535,-3.438260029522931,1.155017931791956,0.7466114163398743,0.18669192492961884,0.5551530122756958,0.031132711097598076
1787653562.7841794,-8.830409301108736,-2.9460566485195696,1.1915183755861252,0.7466114163398743,0.18669192492961884,0.5553184151649475,0.031141314655542374
1787653564.1201916,-8.903147023905857,-3.5002249258135913,1.2110054096329237,0.7466114163398743,0.18669192492961884,0.556189775466919,0.03116513602435589
1787653564.1203496,-9.039333036924274,-3.0080200091700178,1.247497736087125,0.7466114163398743,0.18669192492961884,0.5554564595222473,0.031178100034594536
1787653565.4202383,-9.11207464592696,-3.5621848396165934,1.2669875258379917,0.7466114163398743,0.18669192492961884,0.5561795830726624,0.031086845323443413
1787653565.4204044,-9.248258606259817,-3.0699792305677773,1.3034781735294487,0.7466114163398743,0.18669192492961884,0.5555391907691956,0.031095173209905624
1787653567.1750455,-9.321004785752455,-3.624143591174545,1.3229693186355524,0.7466114163398743,0.18669192492961884,0.5551801323890686,0.16288496553897858
1787653567.1751466,-9.4571844557456,-3.131936872201978,1.3594610064400177,0.7466114163398743,0.18669192492961884,0.5514540672302246,0.16273614764213562
1787653568.2701323,-9.49143622352157,-3.675157483699436,1.368634138889438,0.7466114163398743,0.18669192492961884,0.5553483366966248,0.09114149212837219
1787653568.2702296,-9.627583312465005,-3.1829409950420238,1.4051156200270716,0.7466114163398743,0.18669192492961884,0.5632901787757874,0.09114237129688263
1787653569.524323,-9.699755501685155,-3.737029761975,1.4244535549538828,0.7466114163398743,0.18669192492961884,0.5552377700805664,0.03150099515914917
1787653569.5244963,-9.835903095171483,-3.244813372343054,1.4609344892288474,0.7466114163398743,0.18669192492961884,0.5782214403152466,0.031509093940258026
1787653570.5203936,-9.90869514724336,-3.7989679806105476,1.4804396263255464,0.7466114163398743,0.18669192492961884,0.55490642786026,0.04228222370147705
1787653570.5205278,-10.044844590709346,-3.306751330639754,1.516910142299851,0.7466114163398743,0.18669192492961884,0.5575780272483826,0.042268186807632446
1787653571.873331,-10.092384669177617,-3.8534036045356075,1.529658945552741,0.7466114163398743,0.18669192492961884,0.5551814436912537,0.022344782948493958
1787653571.8739626,-10.228533022268268,-3.361186101729559,1.5661220211509526,0.7466114163398743,0.18669192492961884,0.5551930665969849,0.02212277427315712
1787653572.7201984,-10.289679565057535,-3.912560297182417,1.5829016712862087,0.7466114163398743,0.18669192492961884,0.5551614761352539,0.15350915491580963
1787653572.7203634,-10.425736372769405,-3.4203385847996635,1.6196485205966609,0.7466114163398743,0.18669192492961884,0.5597131848335266,0.14904995262622833
1787653573.570914,-10.44463111521239,-3.959035395270897,1.6326382718668342,0.7422475218772888,0.1921074390411377,0.5683811902999878,0.1568063199520111
1787653573.5810368,-10.580704783552696,-3.466799856219618,1.6691366400400784,0.7278681993484497,0.20995144546031952,0.6215009093284607,0.15242162346839905
1787653574.470139,-10.599748695530318,-4.005605561181156,1.682282199175573,0.7246131300926208,0.21399088203907013,0.624625027179718,0.15300104022026062
1787653574.4702792,-10.735857990948395,-3.5133803627966667,1.718787182070307,0.7048048973083496,0.2385718673467636,0.6918496489524841,0.1494458019733429
1787653575.6203425,-10.755123178653959,-4.052541580114936,1.7315824515184428,0.702133059501648,0.24188748002052307,0.7009783983230591,0.04418056830763817
1787653575.6206644,-10.891069460892842,-3.5603203729842563,1.7687428013047686,0.6843738555908203,0.26392585039138794,0.7374083995819092,0.027652235701680183
1787653576.7701092,-10.961247375279735,-4.118600742432061,1.7925530513177395,0.678517758846283,0.27113714814186096,0.7374969124794006,0.056212492287158966
1787653576.7702968,-11.093361591568266,-3.6262828705313583,1.8406461574934683,0.6739140152931213,0.2764628529548645,0.7412083745002747,0.056170254945755005
1787653577.8202317,-11.164555617850732,-4.180383140629798,1.8665392130983158,0.6739140152931213,0.2764628529548645,0.7366220951080322,0.05607496201992035
1787653577.8204181,-11.296663529259325,-3.688062971632649,1.914626123394958,0.6739140152931213,0.2764628529548645,0.7384330034255981,0.056047871708869934
1787653578.8720934,-11.345252507743567,-4.235293237462064,1.932307228848389,0.6739140152931213,0.2764628529548645,0.7392334342002869,0.05555206909775734
1787653578.8721814,-11.477362140733025,-3.7429735394308965,1.9803942312699485,0.6739140152931213,0.2764628529548645,0.737919270992279,0.05553829297423363
1787653579.9740083,-11.525949470136668,-4.290210127270177,1.998084905689219,0.6739140152931213,0.2764628529548645,0.7425609827041626,0.05562519654631615
1787653579.9741306,-11.658058555100242,-3.797891329877182,2.046182633323727,0.6739140152931213,0.2764628529548645,0.7391045689582825,0.05562952533364296
1787653581.0700653,-11.72924995844141,-4.351993935857434,2.072082419619084,0.6739140152931213,0.2764628529548645,0.7412745356559753,0.05565030500292778
1787653581.070178,-11.861360118537144,-3.859675015926338,2.1201759397372624,0.6739140152931213,0.2764628529548645,0.741453230381012,0.05561692267656326
1787653582.1200166,-11.932550878681448,-4.413771211499705,2.1460723502597983,0.6739140152931213,0.2764628529548645,0.740298330783844,0.05560271814465523
1787653582.1201723,-12.064652677311296,-3.92145082638387,2.19417383878307,0.6739140152931213,0.2764628529548645,0.7410311102867126,0.055590126663446426
1787653583.0201666,-12.135845060174002,-4.475544178813986,2.220064863161165,0.6739140152931213,0.2764628529548645,0.7403106689453125,0.05552509427070618
1787653583.020322,-12.267943624258425,-3.983222457107588,2.268161554345499,0.6739140152931213,0.2764628529548645,0.7401179075241089,0.05555299296975136
1787653583.9202514,-12.316554672477677,-4.530453509985878,2.285836449051719,0.6739140152931213,0.2764628529548645,0.739416241645813,0.05582825094461441
1787653583.920408,-12.448658607912067,-4.038133811614244,2.3339390980225216,0.6739140152931213,0.2764628529548645,0.7405600547790527,0.05582118406891823
1787653585.1200507,-12.497261739232544,-4.5853655289805015,2.351608388051913,0.6739140152931213,0.2764628529548645,0.7403367161750793,0.21823738515377045
1787653585.1201897,-12.629366036147067,-4.093046246567617,2.399714301422132,0.6739140152931213,0.2764628529548645,0.7412580847740173,0.2183494120836258
1787653590.7201972,-12.618400819504618,-4.622009664507669,2.395720666174386,0.6739140152931213,0.2764628529548645,0.7412578463554382,0.0838160589337349
1787653590.7202709,-12.750537444605893,-4.1296976728997645,2.4438124037797517,0.6739140152931213,0.2764628529548645,0.7407573461532593,0.08383180946111679
1787653594.170409,-12.303897831675476,-4.529458333697655,2.2812422011142646,0.6739140152931213,0.2764628529548645,0.739416241645813,0.06721978634595871
1787653594.1705456,-12.436017443678734,-4.03714218081966,2.3293380818060596,0.6739140152931213,0.2764628529548645,0.7403141856193542,0.06729502975940704
1787653595.1702993,-12.506211391959743,-4.592196165801672,2.3548765509196796,0.6739140152931213,0.2764628529548645,0.7403367161750793,0.12952791154384613
1787653595.1705153,-12.638319755356955,-4.099876587485044,2.4029682666994994,0.6739140152931213,0.2764628529548645,0.7412580847740173,0.12954089045524597
1787653599.6700304,-12.672546608562124,-4.642580828558339,2.415426228546207,0.6739140152931213,0.2764628529548645,0.742024302482605,0.08381817489862442
1787653599.6701956,-12.804666445929781,-4.150263970313961,2.4635142692874235,0.6739140152931213,0.2764628529548645,0.740868330001831,0.08381449431180954
1787653600.570159,-12.466313833520722,-4.579833437979367,2.3403689657269116,0.6739140152931213,0.2764628529548645,0.7398660182952881,0.05563599243760109
1787653600.5703027,-12.598434365949966,-4.087516260662749,2.388451829926228,0.6739140152931213,0.2764628529548645,0.7412891387939453,0.0556366927921772
1787653601.520108,-12.285600779381447,-4.524912347065115,2.2745941635502214,0.6739140152931213,0.2764628529548645,0.7395512461662292,0.05252716690301895
1787653601.5202515,-12.417721375659227,-4.032595260217953,2.3226777786132327,0.6739140152931213,0.2764628529548645,0.7402015924453735,0.05252401530742645
1787653602.5200672,-12.083839306483524,-4.463813190547223,2.201159153277169,0.6739140152931213,0.2764628529548645,0.7407761812210083,0.052524399012327194
1787653602.5202274,-12.215959504766284,-3.971495956544493,2.249242355225715,0.6739140152931213,0.2764628529548645,0.7403941750526428,0.0525229386985302
1787653603.5740104,-11.882077380028502,-4.402713852315395,2.127724529775731,0.6739140152931213,0.2764628529548645,0.7401849031448364,0.1588624268770218
1787653603.5743558,-12.014197468728568,-3.910396532651327,2.175807155750975,0.6739140152931213,0.2764628529548645,0.741546630859375,0.15885983407497406
1787653604.6704152,-11.702964468878221,-4.348480173153292,2.0625323202543178,0.6739140152931213,0.2764628529548645,0.7414653301239014,0.055401384830474854
1787653604.670554,-11.835084901665251,-3.856163040953527,2.1106159201899204,0.6739140152931213,0.2764628529548645,0.7410239577293396,0.055398426949977875
1787653605.6202762,-11.499658518502939,-4.286693180885335,1.9885312663439385,0.6739140152931213,0.2764628529548645,0.7429344654083252,0.058800697326660156
1787653605.6203568,-11.631781576890253,-3.7943771560403157,2.0366189895503877,0.6739140152931213,0.2764628529548645,0.7390833497047424,0.05880007892847061
1787653606.720112,-11.296353338659271,-4.224906356799328,1.9145344834971592,0.6739140152931213,0.2764628529548645,0.7367042899131775,0.09723486006259918
1787653606.7202973,-11.42847790146301,-3.732591061101808,1.9626255380310782,0.6739140152931213,0.2764628529548645,0.7384136319160461,0.09722264111042023
1787653609.0202653,-11.04687076697436,-4.151028486757655,1.8237297486493587,0.6739140152931213,0.2764628529548645,0.7378621101379395,0.08600269258022308
1787653609.0203424,-11.178989124140516,-3.658711051855553,1.8718159523998148,0.6739140152931213,0.2764628529548645,0.7402995228767395,0.08277099579572678
1787653609.9200804,-10.839970696938545,-4.087428793274922,1.7513390646818427,0.6950303912162781,0.2507016360759735,0.7185600399971008,0.026806185021996498
1787653609.9202418,-10.972887801809561,-3.5951116796865557,1.7971746720272943,0.678517758846283,0.27113714814186096,0.739170491695404,0.013695591129362583
1787653610.7200758,-10.65720024075468,-4.029268899657022,1.6990898334968152,0.7133051156997681,0.22802352905273438,0.6598670482635498,0.18911078572273254
1787653610.720312,-10.793342251810753,-3.537053497833045,1.7356049130238984,0.6942151784896851,0.25171324610710144,0.7117183208465576,0.19304093718528748
1787653611.5215838,-10.501565133306226,-3.982677597059787,1.6507719748307443,0.7378661036491394,0.19754458963871002,0.5830708742141724,0.18176892399787903
1787653611.5216668,-10.637665295016653,-3.490449675416011,1.687274291697538,0.7191649675369263,0.2207518219947815,0.6374754309654236,0.18544059991836548
1787653612.272945,-10.34597786273078,-3.9360689394844344,1.6024339669189784,0.7466114163398743,0.18669192492961884,0.5587741732597351,0.12220155447721481
1787653612.2749467,-10.482104993442992,-3.4438494787466536,1.6389498094406731,0.7383823990821838,0.1969037801027298,0.5765904784202576,0.12517955899238586
1787653613.1700578,-10.188435324113764,-3.8890031103216374,1.5553912939981271,0.7466114163398743,0.18669192492961884,0.5551882386207581,0.031443871557712555
1787653613.170205,-10.324581827595699,-3.396786786350559,1.5918771817637027,0.7466114163398743,0.18669192492961884,0.5571781396865845,0.031450096517801285
1787653614.423757,-10.002711214931171,-3.8339450424966923,1.5056267609779839,0.7466114163398743,0.18669192492961884,0.5551707744598389,0.03129056841135025
1787653614.427262,-10.138858708358796,-3.3417289220695334,1.5421117006793332,0.7466114163398743,0.18669192492961884,0.555006742477417,0.03129967674612999
1787653615.42,-9.793773204541484,-3.77200098001836,1.4496480466456105,0.7466114163398743,0.18669192492961884,0.5550605654716492,0.031443770974874496
1787653615.4201438,-9.929924846751206,-3.2797856623572725,1.4861283342457814,0.7466114163398743,0.18669192492961884,0.5798299908638,0.03144143149256706
1787653616.5203729,-9.608052171870472,-3.716940580228126,1.399884075496956,0.7466114163398743,0.18669192492961884,0.5552600622177124,0.031467970460653305
1787653616.5205057,-9.7442033603113,-3.224725114580937,1.4363640599250078,0.7466114163398743,0.18669192492961884,0.6366413235664368,0.031476862728595734
1787653617.619995,-9.422330110356297,-3.6618807821692974,1.3501206927920295,0.7466114163398743,0.18669192492961884,0.5551643967628479,0.15252169966697693
1787653617.6201708,-9.558482633247175,-3.16966562543604,1.386599864829022,0.7466114163398743,0.18669192492961884,0.5559883117675781,0.15252982079982758
1787653618.7200863,-9.25982290547711,-3.613699921964206,1.3065767614456767,0.7466114163398743,0.18669192492961884,0.5554175972938538,0.08223956823348999
1787653618.7202277,-9.395976884259865,-3.1214852798184376,1.3430574428940607,0.7466114163398743,0.18669192492961884,0.5468776226043701,0.08223456889390945
1787653624.6699345,-8.95793864152441,-3.525937307255149,1.2256838905934568,0.7466114163398743,0.18669192492961884,0.556114673614502,0.08612050861120224
1787653624.6701198,-9.094064234771391,-3.033714432746849,1.2621594258732056,0.7466114163398743,0.18669192492961884,0.5554642677307129,0.08615165948867798
1787653625.9740002,-9.154527443320244,-3.5847674589819345,1.2783603360137612,0.7466114163398743,0.18669192492961884,0.5559820532798767,0.03142740577459335
1787653625.9741416,-9.29064820476923,-3.092543106796489,1.3148339623506995,0.7466114163398743,0.18669192492961884,0.5537607669830322,0.031429462134838104
1787653627.220076,-9.363465670713326,-3.6466961031568337,1.3343452710629689,0.7466114163398743,0.18669192492961884,0.5554144382476807,0.040849752724170685
1787653627.220273,-9.499586487020336,-3.154471780688529,1.3708190937106104,0.7466114163398743,0.18669192492961884,0.5497440099716187,0.040852051228284836
1787653632.820077,-9.604304450639415,-3.717847791865478,1.3988774030654176,0.7466114163398743,0.18669192492961884,0.5555416941642761,0.10625461488962173
1787653632.8202598,-9.740421221046532,-3.22562223711068,1.4353496947437256,0.7466114163398743,0.18669192492961884,0.6367493271827698,0.10626407712697983
1787653633.9700122,-9.392453589646554,-3.6549603150015892,1.3421122954762867,0.7466114163398743,0.18669192492961884,0.5553059577941895,0.03145347163081169
1787653633.9701216,-9.528567392195548,-3.1627338402381104,1.37858324689754,0.7466114163398743,0.18669192492961884,0.553534984588623,0.0314541831612587
1787653635.1199393,-9.206729199684396,-3.599915571588281,1.292347060283747,0.7466114163398743,0.18669192492961884,0.5557158589363098,0.031452521681785583
1787653635.120082,-9.342843076484748,-3.1076891740802433,1.3288187772523579,0.7466114163398743,0.18669192492961884,0.5551279783248901,0.03145279362797737
1787653636.32005,-9.021004615177636,-3.544870533048026,1.2425822588643365,0.7466114163398743,0.18669192492961884,0.556086540222168,0.03146195784211159
1787653636.3201923,-9.15711851148295,-3.052644155020746,1.2790541659536456,0.7466114163398743,0.18669192492961884,0.5552482008934021,0.03146319091320038
1787653638.0867162,-8.835280185147989,-3.4898252271867767,1.1928177253983938,0.7466114163398743,0.18669192492961884,0.5558055639266968,0.031473755836486816
1787653638.0868137,-8.971394169070736,-2.997598849623494,1.2292893117582857,0.7466114163398743,0.18669192492961884,0.5556363463401794,0.031475115567445755
1787653638.870327,-8.649555426785446,-3.434779604049355,1.1430534021616279,0.7466114163398743,0.18669192492961884,0.5551665425300598,0.06080739572644234
1787653638.870537,-8.785669380695884,-2.9425532129841634,1.1795249183051142,0.7466114163398743,0.18669192492961884,0.5554090738296509,0.060807570815086365
1787653640.22001,-8.464876540660885,-3.3803540543684782,1.093568178663503,0.7466114163398743,0.18669192492961884,0.555536687374115,0.0001564527628943324
1787653640.2201881,-8.60099065651606,-2.888127724200105,1.1300399122929736,0.7466114163398743,0.18669192492961884,0.5552880764007568,0.00015768704179208726
1787653641.4699872,-8.251581720708723,-3.317120965142639,1.0364160376043814,0.7466114163398743,0.18669192492961884,0.5551073551177979,0.03146718814969063
1787653641.4701476,-8.387695724412245,-2.8248946366406735,1.0728882122759429,0.7466114163398743,0.18669192492961884,0.5558744072914124,0.03146902099251747
1787653642.7701979,-8.065857535291237,-3.262075635058587,0.9866512812369354,0.7466114163398743,0.18669192492961884,0.5557558536529541,0.03148454427719116
1787653642.7705245,-8.201971637062258,-2.7698493294648663,1.0231233990891384,0.7466114163398743,0.18669192492961884,0.556401252746582,0.031486593186855316
1787653643.8698738,-7.880132069520514,-3.20702998275089,0.9368876142715346,0.7466114163398743,0.18669192492961884,0.5557203888893127,0.03147616982460022
1787653643.870008,-8.016246118740167,-2.7148035897618543,0.9733587487484501,0.7466114163398743,0.18669192492961884,0.5551998019218445,0.03147708624601364
1787653645.020056,-7.694407728190984,-3.151984950683417,0.8871230559455257,0.7466114163398743,0.18669192492961884,0.5544872283935547,0.03147592023015022
1787653645.0201523,-7.83052160288783,-2.6597584912364214,0.9235939448198851,0.7466114163398743,0.18669192492961884,0.5530656576156616,0.0314798578619957
1787653646.1700437,-7.508683000850083,-3.0969394778693986,0.8373582339882975,0.7466114163398743,0.18669192492961884,0.5531168580055237,0.03146420419216156
1787653646.1701777,-7.644797252555985,-2.604713139005266,0.8738293432524065,0.7466114163398743,0.18669192492961884,0.55269455909729,0.031464725732803345
1787653647.4227517,-7.322958988767631,-3.0418944043042586,0.7875923624842335,0.7466114163398743,0.18669192492961884,0.5556812286376953,0.02881808951497078
1787653647.4228966,-7.45907309250356,-2.549668150219456,0.8240651681592567,0.7466114163398743,0.18669192492961884,0.5557513236999512,0.03442971408367157
1787653648.5228276,-7.113091787507353,-2.978054833306766,0.73767696088689,0.7673372030258179,0.16097235679626465,0.5351732969284058,0.020760856568813324
1787653648.5231934,-7.25053542087947,-2.4858424342403813,0.7689851363493108,0.754485011100769,0.17692124843597412,0.5543174147605896,0.015291493386030197
1787653649.7198691,-6.927876821260119,-2.921220264705774,0.7005559606696886,0.7930882573127747,0.12901660799980164,0.4493175148963928,0.07501230388879776
1787653649.7200055,-7.066987604314376,-2.429093884270911,0.7251286226767318,0.768620491027832,0.15937986969947815,0.5138697624206543,0.07825631648302078
1787653650.9202337,-6.745946049953217,-2.867845341598706,0.6610550879776081,0.8114913702011108,0.10617908835411072,0.3838382363319397,0.06553570926189423
1787653650.9202967,-6.885060510231744,-2.3757198266868476,0.6856242661110409,0.794512927532196,0.1272485852241516,0.4396178424358368,0.06837452203035355
1787653652.119936,-6.564039986395547,-2.814438800869185,0.6215240294694279,0.8157030940055847,0.10095257312059402,0.3706662654876709,0.005738895386457443
1787653652.1209428,-6.703202056278866,-2.3223288135165117,0.6461345689503503,0.8157030940055847,0.10095257312059402,0.37476226687431335,0.005252362694591284
1787653653.3199208,-6.375900590245413,-2.7595044514257037,0.5871622908522613,0.8157030940055847,0.10095257312059402,0.3704647719860077,0.014257320202887058
1787653653.320042,-6.51506123411545,-2.2673902387592193,0.6116962854174233,0.8157030940055847,0.10095257312059402,0.37102535367012024,0.014269357547163963
1787653654.6200604,-6.186589985440681,-2.7043075727438177,0.5537842910587243,0.8157030940055847,0.10095257312059402,0.37070897221565247,0.014230646193027496
1787653654.6201875,-6.325749514865291,-2.212192852558215,0.578314426544843,0.8157030940055847,0.10095257312059402,0.37030869722366333,0.014252773486077785
1787653655.8702204,-5.997280425522503,-2.649108223390087,0.5204029195741513,0.8157030940055847,0.10095257312059402,0.3707556426525116,0.014182274229824543
1787653655.870433,-6.136441182627128,-2.1569939768415853,0.5449355921979853,0.8157030940055847,0.10095257312059402,0.3702414035797119,0.014212184585630894
1787653657.1199663,-5.807968090907439,-2.5939131341566735,0.48702243497539505,0.8157030940055847,0.10095257312059402,0.36900293827056885,0.014219128526747227
1787653657.1201432,-5.947132496520641,-2.1017999543568524,0.5115558097459637,0.8157030940055847,0.10095257312059402,0.36916929483413696,0.01423738058656454
1787653658.371125,-5.618655680665178,-2.5387129808455144,0.45364181289148947,0.8157030940055847,0.10095257312059402,0.36293408274650574,0.014245067723095417
1787653658.371304,-5.757820786313033,-2.0466000189686593,0.4781755880353746,0.8157030940055847,0.10095257312059402,0.3646455705165863,0.014270429499447346
1787653659.569889,-5.4293427206740885,-2.483511703987712,0.4202621803905861,0.8157030940055847,0.10095257312059402,0.36256396770477295,0.1375706046819687
1787653659.5700328,-5.568509461607516,-1.9913991605134602,0.4447950720520018,0.8157030940055847,0.10095257312059402,0.3635382056236267,0.137590691447258
1787653663.5699494,-5.171288674394431,-2.409317255033591,0.37474739399017204,0.8157030940055847,0.10095257312059402,0.36950892210006714,0.10513574630022049
1787653663.5700896,-5.310386685572286,-1.9171850005476085,0.3992746722922897,0.8157030940055847,0.10095257312059402,0.3672596216201782,0.10520121455192566
1787653664.7700577,-5.3724224759015025,-2.468276854607404,0.410213221770132,0.8157030940055847,0.10095257312059402,0.36352676153182983,0.09005891531705856
1787653664.7702525,-5.511508923056591,-1.9761413300808786,0.43474046614810047,0.8157030940055847,0.10095257312059402,0.36408135294914246,0.09005327522754669
1787653669.0700562,-5.533295854191134,-2.5148283911936655,0.4385830314347375,0.8157030940055847,0.10095257312059402,0.3623133897781372,0.09586475044488907
1787653669.070265,-5.672378522135205,-2.0226915774112326,0.4631058370987275,0.8157030940055847,0.10095257312059402,0.36356186866760254,0.09587917476892471
1787653670.2200449,-5.307676870989488,-2.4489769149805034,0.3988000460661688,0.8157030940055847,0.10095257312059402,0.36567938327789307,0.014043993316590786
1787653670.224995,-5.446755520689121,-1.956838957069286,0.4233226801152207,0.8157030940055847,0.10095257312059402,0.3653442859649658,0.014041122980415821
1787653671.420081,-5.1183567621684825,-2.3938119716086526,0.3654170738133201,0.8157030940055847,0.10095257312059402,0.37030601501464844,0.014041614718735218
1787653671.4202862,-5.25743457405921,-1.9016738646205997,0.38994146758571546,0.8157030940055847,0.10095257312059402,0.36773398518562317,0.014045918360352516
1787653672.5714707,-4.929035244212628,-2.3386457544080166,0.33203641386306304,0.8157030940055847,0.10095257312059402,0.37315601110458374,0.014058003202080727
1787653672.5715551,-5.0681138168247575,-1.8465077455909389,0.35655846348650255,0.8157030940055847,0.10095257312059402,0.36882415413856506,0.014058924280107021
1787653673.9200284,-4.739714374379129,-2.283480057939329,0.2986533745922255,0.8157030940055847,0.10095257312059402,0.37312304973602295,0.01190404687076807
1787653673.9202433,-4.8787926972056725,-1.7913419441355014,0.3231747338809463,0.8157030940055847,0.10095257312059402,0.3732501268386841,0.011901712976396084
1787653675.3234167,-4.547575790632428,-2.2276249766388903,0.2647726447634168,0.8157030940055847,0.10095257312059402,0.373853862285614,0.011996792629361153
1787653675.3235948,-4.686653302632801,-1.735486730384271,0.28929594448457674,0.8157030940055847,0.10095257312059402,0.3736715018749237,0.01493089646100998
1787653676.6238246,-4.335149647316414,-2.163675940124893,0.23509783996481248,0.7464788556098938,0.16155925393104553,0.346377432346344,0.026800161227583885
1787653676.6239564,-4.475046718184799,-1.671525228897012,0.2540843351742226,0.8157030940055847,0.10095257312059402,0.3745270073413849,0.01863538846373558
1787653677.7744071,-4.127182971129769,-2.0959534445665753,0.2264542935812957,0.5963951945304871,0.31192830204963684,0.19680511951446533,0.04948633164167404
1787653677.7745283,-4.269946957260472,-1.6042608893760075,0.22738994001189744,0.7130212187767029,0.19102440774440765,0.299491286277771,0.05087515711784363
1787653678.9198627,-3.9476184684308766,-2.0443986061074244,0.21354763924862905,0.4968569278717041,0.4673144519329071,0.060365673154592514,0.03208530321717262
1787653678.9199946,-4.089978616205638,-1.552588087581857,0.21359447043972327,0.5621947646141052,0.3571183979511261,0.1636318862438202,0.029500527307391167
1787653679.9700258,-3.768026546298278,-1.9924176168105188,0.1992863898098977,0.46746203303337097,0.533102810382843,6.711584865115583e-05,0.0011890508467331529
1787653679.9701838,-3.9106100960499472,-1.500671826027674,0.19937905894266034,0.48048973083496094,0.5022844076156616,0.026347650215029716,0.0016739236889407039
1787653681.1712682,-3.5785311193612737,-1.9374523365538279,0.19621326286316632,0.46746203303337097,0.533102810382843,0.0002646554494276643,0.07702984660863876
1787653681.171483,-3.7211629007543277,-1.4457205245724274,0.19620855832943918,0.46746203303337097,0.533102810382843,0.0010523488745093346,0.07683489471673965
1787653690.3704467,-3.3542796265390087,-1.8731292587043835,0.19620554257297743,0.46746203303337097,0.533102810382843,3.870228101732209e-05,0.7680385112762451
1787653690.3707008,-3.489913879900477,-1.3794215017148808,0.1962036794551171,0.46746203303337097,0.533102810382843,0.0015126238577067852,0.7565430998802185
1787653690.6699443,-3.3269354414378793,-1.86722310566174,0.196208166511302,0.46746203303337097,0.533102810382843,3.870228101732209e-05,0.8475810885429382
1787653690.6700974,-3.4546992229996243,-1.3714203060514392,0.196203735865183,0.46746203303337097,0.533102810382843,0.0027757256757467985,0.8480851054191589
1787653690.8715787,-3.29662702203651,-1.8601313718248058,0.19620563607897182,0.46746203303337097,0.533102810382843,4.411150439409539e-05,0.830237865447998
1787653690.8718007,-3.422251294979094,-1.363782158024754,0.19620285804296042,0.46746203303337097,0.533102810382843,0.0027757256757467985,0.8332201838493347
1787653691.119875,-3.2584184226549042,-1.8509884207380176,0.19620616341654715,0.46746203303337097,0.533102810382843,4.089018329977989e-05,0.8398237228393555
1787653691.1200342,-3.382305585171675,-1.3542027818973634,0.19620387733248132,0.46746203303337097,0.533102810382843,0.003371140453964472,0.8402625322341919
1787653691.3701804,-3.2245185005916204,-1.8433764361286733,0.19620646431565578,0.46746203303337097,0.533102810382843,3.782807834795676e-05,0.8295708894729614
1787653691.3703098,-3.346134939909639,-1.3460300360416078,0.19620362822152257,0.46746203303337097,0.533102810382843,0.004141530487686396,0.828508198261261
1787653691.619822,-3.1904457582623853,-1.8362798659280144,0.19620683660848737,0.46746203303337097,0.533102810382843,4.138000440434553e-05,0.8173272013664246
1787653691.6199336,-3.309232515219311,-1.338250041156126,0.19620378073904732,0.46746203303337097,0.533102810382843,0.004566943272948265,0.8146765232086182
1787653691.8700087,-3.1561781315121373,-1.8298086998672514,0.19620711317000303,0.46746203303337097,0.533102810382843,1.3429507816908881e-05,0.8006080389022827
1787653691.8701713,-3.2715208899373036,-1.3309700004219527,0.19620329260816924,0.46746203303337097,0.533102810382843,0.005601071286946535,0.7959564924240112
1787653692.1700857,-3.1217004530195327,-1.824048891360065,0.19620707472279075,0.46746203303337097,0.533102810382843,2.0782908904948272e-05,0.7798806428909302
1787653692.170222,-3.2328036286328885,-1.3242488469937308,0.19620259829286585,0.46746203303337097,0.533102810382843,0.006294773891568184,0.7729508280754089
1787653692.370275,-3.086984655529077,-1.8191328778508,0.19620750130302667,0.46746203303337097,0.533102810382843,0.00011444369738455862,0.7550560832023621
1787653692.37035,-3.192913316801795,-1.3182106097353408,0.19620230191726795,0.46746203303337097,0.533102810382843,0.007061209063977003,0.7455763816833496
1787653693.0485344,-3.052001281849577,-1.8152095522724574,0.1962078281641407,0.46746203303337097,0.533102810382843,0.00014147866750136018,0.7261512279510498
1787653693.0486352,-3.1516795289260386,-1.3130061601914353,0.19620134132429654,0.46746203303337097,0.533102810382843,0.00791552010923624,0.7138428688049316
1787653693.048679,-3.0167290817263157,-1.8124279663974483,0.19620847815290174,0.46746203303337097,0.533102810382843,0.0001492331939516589,0.6938790678977966
1787653693.0487185,-3.1089365180260704,-1.3087993446657147,0.19620050186352958,0.46746203303337097,0.533102810382843,0.007923828437924385,0.6785268783569336
1787653693.2199674,-2.98114627525521,-1.810946253891636,0.19620917968440582,0.46746203303337097,0.533102810382843,0.00015864231681916863,0.6588799953460693
1787653693.2201502,-3.064544290881884,-1.3057841305107711,0.19619964718112837,0.46746203303337097,0.533102810382843,0.011001921258866787,0.6403026580810547
1787653693.5405726,-2.9452420393200485,-1.8109089019041975,0.19620982775950957,0.46746203303337097,0.533102810382843,0.00016401239554397762,0.622157096862793
1787653693.5406559,-3.018391787386275,-1.3041613175638775,0.19619873281820338,0.46746203303337097,0.533102810382843,0.0118999183177948,0.6002439856529236
1787653693.821678,-2.9090167953663655,-1.8124475570977556,0.19621057309095807,0.46746203303337097,0.533102810382843,0.00019790363148786128,0.5847929120063782
1787653693.8217752,-2.9704138651600815,-1.304142137435452,0.19619781868247577,0.46746203303337097,0.533102810382843,0.011674419976770878,0.5595107674598694
1787653694.1198516,-2.8724842497397214,-1.81567234899419,0.19621130431230263,0.49268975853919983,0.5414625406265259,0.00020572319044731557,0.5478987693786621
1787653694.120007,-2.9205981966909986,-1.305938057525519,0.1961968232315213,0.46746203303337097,0.533102810382843,0.012660850770771503,0.5192975997924805
1787653694.4199462,-2.8356751910384825,-1.820668482282314,0.19621197470732676,0.5159464478492737,0.5496881008148193,0.00022477480524685234,0.5125051140785217
1787653694.4200983,-2.8689932199102244,-1.309753705928066,0.1961960062765813,0.5191097855567932,0.5508501529693604,0.013529244810342789,0.4807165563106537
1787653694.773573,-2.7986369446900055,-1.8274956321474545,0.19621264261649224,0.5191097855567932,0.5508501529693604,0.00027859469992108643,0.47948479652404785
1787653694.7738435,-2.815707891618536,-1.3157802987207068,0.1961951236036023,0.5191097855567932,0.5508501529693604,0.013773707672953606,0.4447149336338043
1787653695.0198247,-2.7614332914810995,-1.836192316114674,0.1962132642128227,0.5678935647010803,0.570345938205719,0.0002931822382379323,0.449511855840683
1787653695.0199804,-2.76090947056874,-1.3241925844234532,0.1961942966186016,0.5416035652160645,0.5594495534896851,0.013921024277806282,0.41202840209007263
1787653695.3199005,-2.724141809729554,-1.8467781435297324,0.19621381377582228,0.5678935647010803,0.570345938205719,0.0002931822382379323,0.4229641258716583
1787653695.3200822,-2.7048147900414587,-1.3351430529622255,0.19619356642571198,0.6028293967247009,0.5865639448165894,0.014076652005314827,0.38307544589042664
1787653695.670123,-2.6868546397295257,-1.8592655585246294,0.19621435946693982,0.6210695505142212,0.596000075340271,0.00033893788349814713,0.40002864599227905
1787653695.6703382,-2.647681606617069,-1.3487663195296986,0.19619285675308323,0.6471842527389526,0.6109506487846375,0.014117040671408176,0.35806918144226074
1787653695.9717436,-2.649671598093,-1.8736602709294954,0.19621482838976273,0.6471842527389526,0.6109506487846375,0.0003765450092032552,0.6128666400909424
1787653695.9719384,-2.589793795781564,-1.3651736454554033,0.19619237125720984,0.6845935583114624,0.6361743807792664,0.014097554609179497,0.5841997861862183
1787653696.2699554,-2.6336237706766075,-1.8867543636039925,0.19621508683296418,0.6471842527389526,0.6109506487846375,0.0003765450092032552,0.14040318131446838
1787653696.2701395,-2.5600013051598425,-1.3800752422316047,0.1961919235514889,0.7187133431434631,0.6646274328231812,0.014168161898851395,0.08146706223487854
1787653696.5700204,-2.576113955704762,-1.9079673701153097,0.1962152218310392,0.7065344452857971,0.6537388563156128,0.0004773414402734488,0.37467721104621887
1787653696.5701854,-2.4734555669123326,-1.40636468405657,0.19619178681068453,0.7620329856872559,0.7123374342918396,0.014248332940042019,0.33069097995758057
1787653696.8711138,-2.5400265348717253,-1.9275505000003073,0.19621517370908798,0.7391002774238586,0.6851035356521606,0.00010537427442613989,0.3761938810348511
1787653696.8746626,-2.4161558584033185,-1.4307607507451798,0.1961918009287807,0.7847808003425598,0.74482661485672,0.014439268037676811,0.3324858248233795
1787653697.2199519,-2.50454786022393,-1.948651763761496,0.1962159450602015,0.7518874406814575,0.6996678709983826,0.00013808267249260098,0.3780612051486969
1787653697.4699306,-2.4697598820737623,-1.9712368857771883,0.19621533340011557,0.7573556303977966,0.706365704536438,0.00013808267249260098,0.38056668639183044
1787653697.7698107,-2.435754761365331,-1.9952476379845343,0.19621584183178498,0.7766464352607727,0.7325371503829956,0.00027855951339006424,0.38155508041381836
1787653713.0847578,-2.476599865069751,-1.994657065190971,0.19620237458978845,0.7819393277168274,0.7404502630233765,0.0002747728140093386,0.9726824760437012
1787653713.3199558,-2.511276512152098,-1.9647561841209586,0.19620100619533007,0.7573556303977966,0.706365704536438,0.0006839316338300705,0.97800612449646
1787653713.6203072,-2.545754099412341,-1.9329107315504772,0.1962005059979549,0.7454290986061096,0.6921280026435852,0.0006839316338300705,0.9712326526641846
1787653713.92004,-2.5803374804162473,-1.899126652441288,0.19619924898900332,0.7229530811309814,0.6686388254165649,0.0003875799593515694,0.950955331325531
1787653714.2197962,-2.6150485982644374,-1.8633013585682918,0.196196188748126,0.6845935583114624,0.6361743807792664,0.00013424624921754003,0.9248837828636169
1787653714.5843115,-2.649764451225371,-1.8253207306819066,0.1961946179925431,0.6583600640296936,0.6179597973823547,0.00011237851140322164,0.8965315222740173
1787653714.919998,-2.6843243097713634,-1.7850951863249225,0.1961949232717228,0.6028293967247009,0.5865639448165894,0.00011605553299887106,0.8672580718994141
1787653715.2698846,-2.7185496123830912,-1.7425712753099853,0.19619460400799082,0.5678935647010803,0.570345938205719,0.00018851086497306824,0.8383394479751587
1787653715.5698903,-2.7522276377706323,-1.6977226886999879,0.19619613053316498,0.5372759103775024,0.5577470064163208,0.0001608021411811933,0.8981519341468811
1787653715.869952,-2.765474889994591,-1.6716625498395918,0.19619523344204268,0.5191097855567932,0.5508501529693604,0.00015832623466849327,0.6952821016311646
1787653715.8701313,-2.3934544695816475,-1.319888749651627,0.19621246987457006,0.787207841873169,0.7486323714256287,9.263464448849845e-07,0.5971575379371643
1787653716.1698625,-2.8170186427115382,-1.6011191014259247,0.19619462447618083,0.46746203303337097,0.533102810382843,0.00013926069368608296,0.7611651420593262
1787653716.1700206,-2.4284410782495627,-1.2677252261676557,0.19621298401986284,0.7620329856872559,0.7123374342918396,4.6843510403959954e-07,0.6908814311027527
1787653716.523012,-2.8476418973434563,-1.549467227612431,0.19619399854816158,0.46746203303337097,0.533102810382843,0.0002967430336866528,0.7401900887489319
1787653716.5231187,-2.44756312281057,-1.229966094924226,0.19621347205263953,0.731696367263794,0.6773082613945007,7.546583447037847e-07,0.6672247052192688
1787653716.81999,-2.8767547762505847,-1.495692344824504,0.19619348750374518,0.46746203303337097,0.533102810382843,0.0002903033746406436,0.7219780087471008
1787653716.8201764,-2.465153009065114,-1.1911796442118971,0.19621386922168313,0.7187130451202393,0.6646274328231812,6.827964966760192e-07,0.6466626524925232
1787653717.1699739,-2.9041170539961665,-1.4399009915963368,0.19619300478915924,0.46746203303337097,0.533102810382843,0.00041230296483263373,0.7089554071426392
1787653717.170082,-2.481124828746934,-1.15141948971534,0.19621424595510734,0.7091703414916992,0.656019926071167,6.827964966760192e-07,0.6319449543952942
1787653717.4737208,-2.929472679825085,-1.3823707759264705,0.19619272310749206,0.46746203303337097,0.533102810382843,0.00027762516401708126,0.7048002481460571
1787653717.4776664,-2.4954238681987904,-1.1108093120646294,0.19621442599585356,0.6583600640296936,0.6179597973823547,1.5427165635628626e-05,0.6272469162940979
1787653717.7720027,-2.9525728991567632,-1.3236444012613746,0.19619261682511085,0.46746203303337097,0.533102810382843,0.00026098883245140314,0.7047954201698303
1787653717.7722223,-2.508057206031375,-1.069577878309031,0.19621452942165224,0.6724274754524231,0.6273936033248901,1.5427165635628626e-05,0.6272448301315308
1787653718.1202638,-2.973313152251152,-1.264046845084336,0.19619259046683615,0.46746203303337097,0.533102810382843,7.668886041756195e-07,0.7048584818840027
1787653718.1204705,-2.5190355253140475,-1.0278777590810606,0.1962145169493195,0.6122439503669739,0.5913410782814026,1.1844533219118603e-05,0.6273207664489746
1787653718.3697608,-2.9916631735275376,-1.203680426651781,0.19619269260932254,0.46746203303337097,0.533102810382843,3.8229549659263284e-07,0.704668402671814
1787653718.3698723,-2.5283453845453834,-0.9857799311886575,0.1962148198123727,0.5945044755935669,0.5824937224388123,0.00015493638056796044,0.6271073222160339
1787653718.7260017,-3.007593402110138,-1.1426211492999183,0.19619265661321125,0.46746203303337097,0.533102810382843,7.661097356503888e-07,0.7052890062332153
1787653718.7261002,-2.5359667873928355,-0.9433416074892774,0.19621515191419878,0.5678935647010803,0.570345938205719,0.00015331606846302748,0.6278154253959656
1787653719.0198822,-3.021080876726802,-1.0810195889181586,0.1961927829713079,0.46746203303337097,0.533102810382843,5.531238684852724e-07,0.7044992446899414
1787653719.020078,-2.5419031056009187,-0.900651456807868,0.1962168220146914,0.4944160282611847,0.5420549511909485,0.001023417105898261,0.6269252896308899
1787653719.3199258,-3.032103400053495,-1.0188886088342288,0.19619270387583448,0.46746203303337097,0.533102810382843,1.3785587498205132e-06,0.703974723815918
1787653719.3200588,-2.546122178034326,-0.8577481381354001,0.1962161071912818,0.4944160282611847,0.5420549511909485,0.001169533934444189,0.6263313889503479
1787653719.6200824,-3.040639268416759,-0.9563362701194423,0.19619273420054797,0.46746203303337097,0.533102810382843,1.5329949292208767e-06,0.7044899463653564
1787653719.6202214,-2.5486196154754484,-0.8147006087815788,0.19621633289248888,0.49268975853919983,0.5414625406265259,0.0021210340782999992,0.6269193291664124
1787653719.9199445,-3.046679620029757,-0.893530528125933,0.19619272558766954,0.46746203303337097,0.533102810382843,1.762046963449393e-06,0.7045685648918152
1787653719.9200952,-2.549409476188893,-0.7716026663629468,0.19621660848296257,0.46746203303337097,0.533102810382843,0.0039445748552680016,0.6270100474357605
1787653720.1750321,-3.05021115733579,-0.8305387319664652,0.19619275082798224,0.46746203303337097,0.533102810382843,1.6978663097688695e-06,0.7814057469367981
1787653720.1751225,-2.5484802996247597,-0.728508609542615,0.19621596134745886,0.46746203303337097,0.533102810382843,0.00682468619197607,0.7354843020439148
1787653720.5199618,-3.046396450070316,-0.7958475492061852,0.19619343014854337,0.46746203303337097,0.533102810382843,1.9644230633275583e-06,0.6272660493850708
1787653720.5201209,-2.542281455446399,-0.7063373730065556,0.19621692566073215,0.46746203303337097,0.533102810382843,0.007368670776486397,0.5179973244667053
1787653720.8199615,-3.049731530991917,-0.7043604752665685,0.19619342494999134,0.46746203303337097,0.533102810382843,2.1605480924336007e-06,0.8118456602096558
1787653720.8201563,-2.541469943871228,-0.6426016010850967,0.19621617126788102,0.46746203303337097,0.533102810382843,0.011347162537276745,0.7696466445922852
1787653721.2198572,-3.043686172975745,-0.6711195173647959,0.1961960801329484,0.46746203303337097,0.533102810382843,2.217899464085349e-06,0.8873853087425232
1787653721.2200117,-2.5341640973133686,-0.6208079479943294,0.19621608473811333,0.46746203303337097,0.533102810382843,0.011422206647694111,0.7925594449043274
1787653722.3699555,-3.043009475078829,-0.5603702206136959,0.19620114945077416,0.46746203303337097,0.533102810382843,2.1508828922378598e-06,0.009470843710005283
1787653722.3701146,-2.531804185432207,-0.5318544060531883,0.19621368996306227,0.46746203303337097,0.533102810382843,0.015063058584928513,0.014867504127323627
1787653723.5199254,-3.053314393439362,-0.3616223095667922,0.196204988927353,0.46746203303337097,0.533102810382843,2.6629654712451156e-06,5.530420821742155e-06
1787653723.520101,-2.5421788971482395,-0.33188169036573745,0.1962058639481678,0.49268975853919983,0.5414625406265259,0.022822292521595955,5.298166342981858e-06
1787653724.7280529,-3.0649314701675174,-0.16195954100643067,0.1962052692181447,0.46746203303337097,0.5331028699874878,2.151957232854329e-06,0.13131719827651978
1787653724.7281432,-2.553795986746629,-0.1322187006205902,0.1962063820113689,0.48972150683403015,0.5404468178749084,0.016085555776953697,0.1155017763376236
1787653725.2696967,-3.0757986345972923,0.03983048800607219,0.1962047678715675,0.49081337451934814,0.5408092141151428,1.6237668205576483e-06,0.9216179251670837
1787653725.2698214,-2.5644312678009817,0.06527486187316811,0.19620855192507902,0.4895351529121399,0.5403774380683899,0.005877695046365261,0.8288824558258057
1787653725.7198496,-3.0721663902511027,0.1504040417068211,0.1961992112928976,0.48939213156700134,0.5403244495391846,1.1737630529751186e-06,0.9006713628768921
1787653725.719966,-2.5601714722984656,0.15268523708911186,0.19621097141153201,0.46746203303337097,0.533102810382843,0.0015919655561447144,0.8369127511978149
1787653726.1700168,-3.061379143927324,0.23529951180181868,0.19619734400055308,0.48934119939804077,0.5403057336807251,7.338327350225882e-07,0.8951790928840637
1787653726.170157,-2.5496878899075233,0.21752142481699133,0.19621086451290673,0.46746203303337097,0.5331028699874878,0.00011311475100228563,0.8299040198326111
1787653726.6200142,-3.0456801174336916,0.32139834298848013,0.19619641171583818,0.49061378836631775,0.5407348275184631,2.929223796854785e-07,0.8578702211380005
1787653726.6202693,-2.5351189800969904,0.2830404909229096,0.19621145732194328,0.46746203303337097,0.5331028699874878,0.00011930811160709709,0.7878826856613159
1787653727.0699651,-3.0252645610653337,0.40893757417803706,0.196195598932155,0.4920883774757385,0.5412352085113525,8.750571396376472e-07,0.824004590511322
1787653727.0702157,-2.516915395383183,0.3479037681654253,0.19621214815089794,0.46746203303337097,0.533102810382843,1.3100458318149322e-06,0.7497765421867371
1787653727.52003,-2.9997435650878814,0.4972925401204591,0.1961948586452993,0.49210211634635925,0.5412403345108032,4.664288724143262e-07,0.7943241000175476
1787653727.5202367,-2.494937080374045,0.41176820049226326,0.19621280356230605,0.46746203303337097,0.5331028699874878,6.081936021473666e-07,0.7163845300674438
1787653728.0203512,-2.968801893711364,0.585802155150317,0.19619416967964454,0.49211135506629944,0.5412436723709106,1.0041356546253155e-07,0.7734732627868652
1787653728.0204308,-2.4690886414932787,0.4743092621476002,0.19621334020581033,0.46746203303337097,0.5331028699874878,4.685131500536954e-07,0.6930320262908936
1787653728.5199218,-2.9324558645701577,0.6734121231146778,0.19619378071254404,0.46746188402175903,0.5331028699874878,6.719545808664407e-08,0.7649173736572266
1787653728.520074,-2.439487664449307,0.5351140635679007,0.19621366047514824,0.46746203303337097,0.533102810382843,8.952763437264366e-07,0.6837326288223267
1787653728.969779,-2.891198115228864,0.7588254175888326,0.19619359966321595,0.46746203303337097,0.5331028699874878,4.7273275072257093e-07,0.7580761313438416
1787653728.96995,-2.4065419536055073,0.5937423942557828,0.19621379210857623,0.46746188402175903,0.5331028699874878,1.3519318144972203e-06,0.6763282418251038
1787653729.4699352,-2.8451640249650567,0.8416937950168524,0.19619349933080127,0.46746203303337097,0.533102810382843,5.858469194208737e-07,0.751410722732544
1787653729.4700716,-2.3703917130139485,0.6500293711141738,0.1962138623815794,0.46746203303337097,0.533102810382843,1.2838586371799465e-06,0.6690534353256226
1787653729.9698927,-2.7944334623058387,0.921788491100522,0.19619334671441338,0.46746188402175903,0.5331028699874878,5.96984193634853e-07,0.7464900016784668
1787653729.9700437,-2.33113917837896,0.703838024129143,0.19621402612907166,0.46746203303337097,0.533102810382843,0.00010943585948552936,0.6637254953384399
1787653730.469923,-2.7391988623933337,0.9987632425606418,0.1961932610220465,0.46746203303337097,0.533102810382843,8.826918360682612e-07,0.7415233254432678
1787653730.4700785,-2.288944561834014,0.7550111874024131,0.1962140931410045,0.46746188402175903,0.533102810382843,0.000207228833460249,0.658282995223999
1787653730.9708056,-2.6795826611080593,1.0724042759456607,0.19619314858845513,0.46746203303337097,0.5331028699874878,1.1448452141848975e-06,0.7371324896812439
1787653730.9710014,-2.2439336267281482,0.8034174390888902,0.19621416381710263,0.46746203303337097,0.533102810382843,0.0006836015963926911,0.6534495949745178
1787653731.4198983,-2.6157571499002015,1.1424527924123757,0.19619301565578473,0.46746188402175903,0.5331028699874878,1.4521314142257324e-06,0.7343237996101379
1787653731.420087,-2.196254782035392,0.8489195525516103,0.1962142914826,0.46746203303337097,0.533102810382843,0.0017275199061259627,0.6504058837890625
1787653731.8732996,-2.547998430412163,1.2085971589021336,0.19619299948795682,0.46746188402175903,0.5331028699874878,1.2895936833956512e-06,0.7310239672660828
1787653731.873398,-2.1461048546241766,0.8913818482904181,0.1962143034490607,0.46746203303337097,0.533102810382843,0.004473142325878143,0.6467430591583252
1787653732.2701688,-2.476453244477946,1.2706630474482827,0.19619296459025384,0.46746203303337097,0.533102810382843,1.2634043287107488e-06,0.7286897301673889
1787653732.2703302,-2.0936212850242932,0.9306870330505123,0.19621429728598042,0.46746203303337097,0.5331028699874878,0.006670356262475252,0.6441681385040283
1787653733.0851967,-2.4014001377548513,1.3283967236959353,0.19619294746889065,0.46746203303337097,0.533102810382843,1.504450551692571e-06,0.7266284227371216
1787653733.085313,-2.0390023067681056,0.9667175680406097,0.19621440796606548,0.46746203303337097,0.533102810382843,0.008751719258725643,0.6418787837028503
1787653733.1698358,-2.3230784850526853,1.381595555037666,0.19619286687259452,0.46746203303337097,0.533102810382843,1.8483332269170205e-06,0.7246890068054199
1787653733.1700103,-1.9824260730351988,0.9993653446644678,0.1962144244536464,0.46746188402175903,0.5331028699874878,0.015176402404904366,0.6396991014480591
1787653733.6198273,-2.2417381079317504,1.4300761939519837,0.19619286116468354,0.46746203303337097,0.533102810382843,1.8062719391309656e-06,0.7229214310646057
1787653733.6199875,-1.9240819666581528,1.0285309593329288,0.19621444580070763,0.46746203303337097,0.533102810382843,0.01856931671500206,0.637692391872406
1787653734.1698022,-2.1576427185374714,1.4736622382459454,0.196192750838332,0.46746203303337097,0.533102810382843,1.89090474123077e-06,0.7222052812576294
1787653734.1699686,-1.864163752121503,1.0541218995427235,0.196214481016261,0.46746188402175903,0.5331028699874878,0.02121007815003395,0.6369146108627319
1787653734.6198483,-2.0711661697888735,1.5121669971525935,0.1961927227482696,0.46746203303337097,0.533102810382843,2.4821963506838074e-06,0.7207750678062439
1787653734.6199813,-1.802909991215859,1.0760676710974142,0.19621443959651091,0.46746203303337097,0.5331028699874878,0.026012631133198738,0.6352588534355164
1787653735.0698693,-1.9825152172180234,1.5454792452971546,0.1961924094723038,0.46746203303337097,0.533102810382843,2.7089884042652557e-06,0.7198448777198792
1787653735.0700357,-1.7404978418446295,1.0942901612867193,0.19621448203931294,0.46746203303337097,0.533102810382843,0.031000487506389618,0.6341866850852966
1787653735.5199344,-1.892029267704902,1.5734597486254385,0.19619261053629736,0.46746203303337097,0.533102810382843,2.85247392639576e-06,0.7354955673217773
1787653735.5201006,-1.6771519776623969,1.1087321405084574,0.19621447051367827,0.46746203303337097,0.533102810382843,0.03237619623541832,0.652927577495575
1787653735.9699483,-1.8012854712968505,1.5962572217516333,0.1961938340677978,0.46746203303337097,0.533102810382843,1.8071053773383028e-06,0.8061835169792175
1787653735.970161,-1.6131651338181472,1.1200695085313586,0.19621395729618343,0.46746203303337097,0.533102810382843,0.033642467111349106,0.7541970610618591
1787653737.0232627,-1.7220352142191249,1.6169915385482045,0.19620003840357203,0.46746203303337097,0.533102810382843,2.9448974601109512e-06,0.12092231214046478
1787653737.024945,-1.5469221088657152,1.1358684771605987,0.19621163597813052,0.46746188402175903,0.5331028699874878,0.04121456667780876,0.14316216111183167
1787653738.2223928,-1.558382950653451,1.6760046020099861,0.19620094496443424,0.46746203303337097,0.533102810382843,3.1389997730002506e-06,2.8398202630341984e-05
1787653738.2224972,-1.382087752821164,1.1953134296308008,0.196205187509722,0.46746188402175903,0.5331028699874878,0.0423678383231163,2.3658558347960934e-05
1787653739.0246716,-1.3706120599146936,1.7448689243654105,0.19620567014742693,0.46746203303337097,0.533102810382843,2.0257348296581767e-06,0.7510042190551758
1787653739.0248673,-1.1943158327156507,1.2641781294927268,0.19620544503344498,0.46746203303337097,0.533102810382843,0.0458349771797657,0.6920155882835388
1787653739.4752994,-1.2472473231318786,1.79043751342305,0.19619929870293315,0.46746203303337097,0.533102810382843,1.5973162135196617e-06,0.9390395879745483
1787653739.475386,-1.0871296167505242,1.3041183589159517,0.19620721547698014,0.46746203303337097,0.533102810382843,0.028653111308813095,0.8754494786262512
1787653739.9198542,-1.1699475274275084,1.813523210324085,0.1961975427405863,0.46746203303337097,0.533102810382843,1.5498843595196377e-06,0.9267718195915222
1787653739.9200168,-1.0271703991337584,1.3218335810412258,0.19620712786627345,0.46746188402175903,0.5331028699874878,0.01616557501256466,0.8724387288093567
1787653740.3697731,-1.09084024999432,1.8321465023078523,0.19619740996465013,0.46746203303337097,0.533102810382843,1.4523143363476265e-06,0.9200408458709717
1787653740.369931,-0.9641460249209368,1.3360693175552056,0.1962074570303911,0.46746203303337097,0.533102810382843,0.0032482771202921867,0.8614134192466736
1787653740.8699718,-1.0079193059921858,1.8462207870256577,0.19619738733885772,0.46746203303337097,0.533102810382843,1.6323203908541473e-06,0.9103779196739197
1787653740.8700845,-0.8987504093874555,1.3459946862867223,0.19620978194739142,0.46746203303337097,0.533102810382843,0.001998335123062134,0.8489617705345154
1787653741.3271534,-0.9217284914673092,1.8550534159211975,0.1961970586235286,0.46746203303337097,0.533102810382843,1.268880623683799e-06,0.9025154709815979
1787653741.3272662,-0.83119592833459,1.3511210247992975,0.19621087110485652,0.46746203303337097,0.533102810382843,0.0015394198708236217,0.8377666473388672
1787653741.819858,-0.8328714844638433,1.8586858990607524,0.19619673943491744,0.46746203303337097,0.533102810382843,8.403335414186586e-07,0.9001376032829285
1787653741.8200574,-0.7621895825711323,1.3515882077477461,0.1962112255635542,0.46746203303337097,0.533102810382843,0.00027961100568063557,0.8284952640533447
1787653742.2698138,-0.7418848225076021,1.8580167926778304,0.19619593361146642,0.46746203303337097,0.533102810382843,9.749429636940476e-07,0.8956697583198547
1787653742.2700906,-0.6931091720244772,1.34834539298554,0.19621192266436605,0.46746203303337097,0.533102810382843,1.348151954516652e-06,0.8177768588066101
1787653742.7234418,-0.6492562259220508,1.8526325393203429,0.19619518364646102,0.46746203303337097,0.533102810382843,1.369244841953332e-06,0.890009880065918
1787653742.7235322,-0.6243017762928152,1.3412410306432827,0.19621240869808595,0.46746203303337097,0.533102810382843,1.28081069306063e-06,0.8067024350166321
1787653743.1702263,-0.5555174143909649,1.8421199410105233,0.1961945736928255,0.46746203303337097,0.533102810382843,1.38431414598017e-06,0.8858954310417175
1787653743.171903,-0.5560620044206588,1.3301202309715376,0.19621305866756933,0.46746203303337097,0.533102810382843,1.2647728908632416e-06,0.7993746399879456
1787653743.6698291,-0.46187640566527205,1.826367833419461,0.19618661423884665,0.46746203303337097,0.533102810382843,1.3831989917889587e-06,0.8836224675178528
1787653743.6699872,-0.4888984007027725,1.3150814056133748,0.1962095376979499,0.46746203303337097,0.533102810382843,1.0630224096530583e-06,0.7954725027084351
1787653744.1213307,-0.3692825362673987,1.8054717382853718,0.1961870776788038,0.46746203303337097,0.533102810382843,1.6115232028823812e-06,0.8817400932312012
1787653744.1214876,-0.4232086364199944,1.2963195258908726,0.19620541123697646,0.46746203303337097,0.533102810382843,1.3586884961114265e-05,0.7921475768089294
1787653744.5698192,-0.27805496205712477,1.779464570210012,0.19618778535725964,0.46746203303337097,0.533102810382843,1.195664026454324e-06,0.8802964687347412
1787653744.569958,-0.35917106321257175,1.273931012614141,0.196204452725149,0.46746203303337097,0.533102810382843,9.8011179943569e-05,0.7895633578300476
1787653745.0198092,-0.18854714124466357,1.7484063310453157,0.19618840569037907,0.46746203303337097,0.533102810382843,1.2766896588800591e-06,0.8584402203559875
1787653745.019934,-0.2969603370830385,1.2480159047798463,0.19620483651589418,0.46746203303337097,0.533102810382843,9.404588490724564e-05,0.7952139973640442
1787653746.119883,-0.10729714180737895,1.7187636360210476,0.1961889533134673,0.46746203303337097,0.533102810382843,1.5208083823381457e-06,0.15745112299919128
1787653746.1201205,-0.2331898111348373,1.2224824297887669,0.1962012105427347,0.46746203303337097,0.533102810382843,9.041203884407878e-05,0.11479774862527847
1787653746.9699388,0.057621576292870694,1.6753430818906936,0.19620689189997215,0.46746203303337097,0.533102810382843,2.8814631605200702e-06,0.13951480388641357
1787653746.9700682,-0.05854641347568276,1.1766959139447732,0.19619963613324665,0.46746203303337097,0.533102810382843,0.0015219752676784992,0.11394097656011581
1787653748.3198905,0.17211311948981364,1.657876801416471,0.19620517642336102,0.46746203303337097,0.533102810382843,3.54677786162938e-06,0.2666720449924469
1787653748.3201375,0.07887953746077833,1.1544371337776502,0.19619001895640112,0.46746203303337097,0.533102810382843,0.0008201173041015863,0.17872993648052216
1787653748.7698724,0.40706243202538717,1.6135092642333628,0.1961964519256184,0.46746203303337097,0.533102810382843,2.3261006845132215e-06,0.9435673952102661
1787653748.7700481,0.2944488002873987,1.114047383947962,0.1962058621862281,0.46746203303337097,0.533102810382843,3.5886663681594655e-05,0.8788366317749023
1787653749.2200325,0.4900313670309975,1.5895390789923232,0.1961940617399808,0.46746203303337097,0.533102810382843,1.9123162928735837e-06,0.9150419235229492
1787653749.2202022,0.35878146248246834,1.0946477146890508,0.19620375955561595,0.46746203303337097,0.533102810382843,2.6846073524211533e-05,0.8636565804481506
1787653749.6697886,0.5710185669621594,1.5610409114742714,0.1961952537536345,0.46746203303337097,0.533102810382843,1.4724553238920635e-06,0.9169150590896606
1787653749.669885,0.4235444702285051,1.0707395850573125,0.19620556701428976,0.46746203303337097,0.533102810382843,2.952005888801068e-05,0.8629318475723267
1787653750.119855,0.6520891047560469,1.5269681867791434,0.19619096516496382,0.46746203303337097,0.533102810382843,4.0267764234158676e-08,0.9252685308456421
1787653750.120002,0.48787830734672627,1.0420158039643201,0.19621137153635293,0.46746203303337097,0.533102810382843,3.57728799826873e-06,0.8666642904281616
1787653750.5698082,0.7330266556484885,1.4877555899420634,0.1961984532986914,0.46746203303337097,0.533102810382843,9.799869076232426e-07,0.944236159324646
1787653750.569952,0.5511990305018585,1.0091297291928647,0.19621092828254455,0.46746203303337097,0.533102810382843,3.6180952065478778e-06,0.8777984380722046
1787653751.0199232,0.8136741054094594,1.4440981084332694,0.19619858385757477,0.46746203303337097,0.533102810382843,9.363906201542704e-07,0.9608048796653748
1787653751.020073,0.6127833343432185,0.9731555451255347,0.19621145054326572,0.46746203303337097,0.533102810382843,4.393669769342523e-06,0.9136215448379517
1787653751.472034,0.867348164995565,1.4080851367148415,0.19619592299850502,0.46746203303337097,0.533102810382843,2.6336880182498135e-05,0.9779937267303467
1787653751.477099,0.6531223842795444,0.9430568422144344,0.1962097307506282,0.46746203303337097,0.533102810382843,3.833371010841802e-06,0.8712491989135742
1787653751.9216394,0.9717082182774329,1.3428631855558923,0.19619533810094827,0.46746203303337097,0.533102810382843,0.00015353679191321135,0.921369194984436
1787653751.9217322,0.7293241985933229,0.8918709608526104,0.19621143025930712,0.46746203303337097,0.533102810382843,3.322435532027157e-06,0.85784512758255
1787653753.0697563,1.0388763745051293,1.2947966566229863,0.1961960409919199,0.46746203303337097,0.533102810382843,0.00017727735394146293,0.21791499853134155
1787653753.0698786,0.7814047022042053,0.8522445830418761,0.19620751379995854,0.46746203303337097,0.533102810382843,2.3387781766359694e-05,0.19788682460784912
1787653753.5198605,1.2053370594757424,1.1974384086862706,0.1961995247273399,0.46746203303337097,0.533102810382843,0.00017803505761548877,0.4408881366252899
1787653753.5200586,0.9586108935167157,0.7488069351680592,0.19619971779731818,0.46746203303337097,0.533102810382843,0.00011891467147506773,0.45614179968833923
1787653753.9699242,1.2677186610286972,1.1697689799892999,0.19620446620236248,0.46746203303337097,0.5331028699874878,0.00021845888113602996,0.4890316128730774
1787653753.9701414,1.0344472643864966,0.7139966075505952,0.19619897149746035,0.46746203303337097,0.533102810382843,0.0001203553329105489,0.4974905550479889
1787653754.4198682,1.3340668776394193,1.1442530850261976,0.1962085002811871,0.46746203303337097,0.533102810382843,0.00014053663471713662,0.4636881351470947
1787653754.4200652,1.1129637717642638,0.6824550593852012,0.19619920311407466,0.46746203303337097,0.533102810382843,6.160432531032711e-05,0.4761774241924286
1787653754.8740413,1.4022664959778917,1.1214837837892682,0.19620925483309412,0.46746203303337097,0.533102810382843,0.00017010663577821106,0.43313196301460266
1787653754.8741398,1.1948068931888063,0.6533977734234928,0.19619874549617075,0.46746203303337097,0.533102810382843,6.423081504181027e-05,0.4512191712856293
1787653755.5198174,1.471564505301858,1.1015677121200702,0.19621011586567821,0.46746203303337097,0.5331028699874878,3.192324220435694e-05,0.48489701747894287
1787653755.520006,1.2796865993824422,0.6268816378890611,0.19619782226309151,0.46746203303337097,0.533102810382843,0.00013455894077196717,0.4946456253528595
1787653757.170043,1.5772042325392714,1.0690409390561812,0.19620405716504571,0.46746203303337097,0.533102810382843,2.4554792616982013e-05,0.5553610324859619
1787653757.1701689,1.398705612185731,0.5891636187681946,0.19620179802133123,0.46746203303337097,0.533102810382843,0.000141891636303626,0.5681087374687195
1787653758.0860355,1.6391525397237294,1.0503312343249045,0.1962070950686191,0.46746203303337097,0.533102810382843,2.0567617866618093e-06,0.6949360370635986
1787653758.086128,1.4742919600505102,0.5655993607584315,0.19620278843219002,0.46746203303337097,0.5331028699874878,0.00012233089364599437,0.6842885613441467
1787653758.086343,1.692764310977287,1.0342009675291663,0.19620745233421025,0.46746203303337097,0.533102810382843,1.040361439663684e-06,0.6841385960578918
1787653758.0863822,1.5323843900219902,0.5479682239367825,0.1962038473667496,0.46746203303337097,0.533102810382843,2.5030052711372264e-05,0.6807442307472229
1787653758.4718878,1.7424495177288704,1.0210337545739714,0.1962068527386038,0.46746203303337097,0.533102810382843,3.21584025186894e-06,0.6460943222045898
1787653758.4738503,1.588299717621276,0.5327901277761186,0.19620260213834254,0.46746203303337097,0.533102810382843,1.1441391052358085e-06,0.649624228477478
1787653758.919755,1.7927081117911108,1.0098230706133047,0.1962081181905046,0.46746203303337097,0.533102810382843,3.585806780392886e-06,0.6028376221656799
1787653758.9198916,1.6470810696054716,0.5189699718755088,0.19620150262363006,0.46746203303337097,0.533102810382843,1.113505391003855e-06,0.6142991185188293
1787653759.4198067,1.8430230556256595,1.0006535090578024,0.19620837037538094,0.46746203303337097,0.533102810382843,4.573257683659904e-06,0.5338363647460938
1787653759.4199598,1.7085698379088428,0.5066228094211445,0.19620048947294585,0.46746203303337097,0.533102810382843,1.6035318139984156e-06,0.5526755452156067
1787653759.8698027,1.894237796536806,0.9936181949500467,0.196210177954457,0.46746203303337097,0.5331028699874878,4.021297172585037e-06,0.5134609341621399
1787653759.8698883,1.7732985089673068,0.4961066990064067,0.19619894837043605,0.46746203303337097,0.533102810382843,1.4299049553301302e-06,0.5393475294113159
1787653760.320534,1.9466194662894662,0.9905184053522238,0.19621039712995253,0.46746203303337097,0.533102810382843,3.6282606288295938e-06,0.45027217268943787
1787653760.320693,1.842049600753163,0.48931072078734833,0.19619795383213734,0.46746203303337097,0.533102810382843,2.206059207310318e-06,0.4857819080352783
1787653760.770765,1.9999763405864384,0.9911902639222764,0.196211522462227,0.46746203303337097,0.533102810382843,2.8746062525897287e-06,0.3864506781101227
1787653760.778935,1.9153654186807567,0.48622987768478254,0.1961965174076148,0.46746203303337097,0.5331028699874878,1.7532915990159381e-06,0.4311208128929138
1787653761.2698882,2.054285855873016,0.9959456781506177,0.1962125660549906,0.46746203303337097,0.533102810382843,1.794510808394989e-06,0.325673907995224
1787653761.2700686,1.9931833495209847,0.48760476555984855,0.19619513378973125,0.46746203303337097,0.533102810382843,1.5931664165691473e-06,0.3785174489021301
1787653761.769865,2.1094201098938297,1.0049510707672282,0.19621353879651707,0.46746203303337097,0.533102810382843,1.0118798172698007e-06,0.28723978996276855
1787653761.7699838,2.0751094191184136,0.4941019970573195,0.19619383493897305,0.46746203303337097,0.533102810382843,1.4525693359246361e-06,0.3450034260749817
1787653762.9697633,2.164268042741106,1.0174045755394285,0.19621380259387128,0.46746203303337097,0.533102810382843,1.3125755913279136e-06,0.4854574501514435
1787653762.969952,2.1587883537411945,0.5054339000208699,0.19619336892243566,0.46746203303337097,0.533102810382843,6.623414492423763e-07,0.5425528287887573
1787653763.4199305,2.351768855989896,1.0304794545985703,0.19620409083225876,0.46746188402175903,0.5331028699874878,1.4825408243268612e-06,0.6831048727035522
1787653763.420067,2.3539399641247196,0.5184840578601262,0.19620693865073757,0.46746188402175903,0.5331028699874878,6.817540270276368e-05,0.6428739428520203
1787653763.7702622,2.4360061782844826,1.0281271763332034,0.19619896916913795,0.46746188402175903,0.5331028699874878,8.086807952167874e-07,0.7650696635246277
1787653763.7704961,2.422456576385399,0.5163064965790083,0.19620698976689774,0.46746203303337097,0.533102810382843,5.791690637124702e-05,0.73475182056427
1787653764.0698419,2.4925794889455966,1.023914411223116,0.19619773103366575,0.46746203303337097,0.533102810382843,5.305932972987648e-07,0.7783285975456238
1787653764.0700045,2.4679361314655943,0.5125078167799012,0.1962073282287243,0.46746203303337097,0.533102810382843,5.804040119983256e-05,0.7516616582870483
1787653764.370414,2.54887077225306,1.017791758483388,0.19619695204208337,0.46746203303337097,0.533102810382843,9.455587814954924e-07,0.7890061140060425
1787653764.3704934,2.5142486240072617,0.5069636986175037,0.19620717469207355,0.46746203303337097,0.533102810382843,1.4959417057980318e-05,0.7627168893814087
1787653765.0198135,2.598075395159265,1.011115995567214,0.19619841525589143,0.46746203303337097,0.533102810382843,1.0802567658174667e-06,0.7716821432113647
1787653765.0199585,2.5545150419262397,0.5009723927035903,0.19620755502373455,0.46746203303337097,0.533102810382843,1.1446933058323339e-05,0.7713624238967896
1787653766.06987,2.6535162222646997,1.0038953029947542,0.19620440639672493,0.46746203303337097,0.533102810382843,8.791055279289139e-07,0.2446274310350418
1787653766.0700397,2.606972846776693,0.49401520513048114,0.19620408725385274,0.46746203303337097,0.5331028699874878,1.418262854713248e-06,0.2302614450454712
1787653767.4197803,2.79009885686868,0.9953291658552612,0.19620618038331195,0.46746203303337097,0.533102810382843,6.361885880323825e-07,0.1870645433664322
1787653767.4199939,2.760316178729559,0.48419611852824834,0.1962025660947363,0.46746203303337097,0.533102810382843,1.8989144336956087e-06,0.2909114360809326
1787653768.719674,3.0048282554333965,0.9832553221613896,0.1962059891162135,0.49268975853919983,0.5414625406265259,1.315207441621169e-06,0.00015053093375172466
1787653768.7198,2.9718158250810958,0.4723207085069801,0.19620251724409304,0.46746203303337097,0.533102810382843,1.8500153373679495e-06,9.731083264341578e-05
1787653770.0196786,3.226862437205608,0.9689249421780748,0.19620605431130478,0.5131460428237915,0.5486683249473572,5.458626333165739e-07,0.4157584607601166
1787653770.0198233,3.1938622407699824,0.45798953822230226,0.19620160889885652,0.46746203303337097,0.533102810382843,1.4178917808749247e-06,0.43747711181640625
1787653770.470032,3.424022732854891,0.9582248887471535,0.19620683168814024,0.5131460428237915,0.5486683249473572,1.6689517678969423e-07,0.4829564392566681
1787653770.4702148,3.4041658338276926,0.4466100888189185,0.1961993875159181,0.46746203303337097,0.533102810382843,1.437158289263607e-06,0.4964045584201813
1787653771.871445,3.481850133133152,0.959597830177122,0.1962064534277951,0.5131460428237915,0.5486683249473572,1.445033745994806e-07,0.33597612380981445
1787653771.8715353,3.4764756021606864,0.4476260396294696,0.19619644058908067,0.46746203303337097,0.533102810382843,1.5474499832635047e-06,0.42203664779663086
1787653772.1700058,3.7061434270113076,0.9589497552316351,0.19619566986555445,0.46746203303337097,0.533102810382843,0.00015262319357134402,0.5608766674995422
1787653772.170121,3.689093597882248,0.4472337174898788,0.19620234424138747,0.46746203303337097,0.533102810382843,6.802661118854303e-07,0.5233977437019348
1787653772.469736,3.7626446484624947,0.9532448938423042,0.1961881557940035,0.46746203303337097,0.533102810382843,0.00016650355246383697,0.8573725819587708
1787653772.4698644,3.7325636608548343,0.44212931590628796,0.19620141022142884,0.46746203303337097,0.533102810382843,0.0009196907631121576,0.8448920845985413
1787653772.8197901,3.790870699788028,0.9469743172048137,0.19618306698871624,0.46746203303337097,0.533102810382843,0.0011227107606828213,0.4713142514228821
1787653772.8199315,3.7552424503762167,0.43621544298928033,0.19619900218983194,0.46746203303337097,0.533102810382843,0.0012778773671016097,0.42779919505119324
1787653773.2705817,3.868565794806306,0.936025569567237,0.19618703844994345,0.4911710321903229,0.5409435629844666,0.012867352925240993,0.7849786877632141
1787653773.270831,3.814740121263562,0.42686273054261986,0.19620200714412223,0.46746203303337097,0.533102810382843,0.0016957493498921394,0.7728908658027649
1787653774.31987,3.9120690447387134,0.9285175332929665,0.19619950279235054,0.49268975853919983,0.5414625406265259,0.014386738650500774,0.4225250780582428
1787653774.3201087,3.8532011330620013,0.41991300228083334,0.19620246098608896,0.49104613065719604,0.5409010648727417,0.01466455589979887,0.35987815260887146
1787653774.969798,4.0141492378690025,0.9270238354523461,0.20528946556642694,0.5742514729499817,0.5731409192085266,0.0770578384399414,0.5760021805763245
1787653774.9699273,3.9741169428677114,0.4165916385844229,0.2046667637796112,0.49255675077438354,0.5414170622825623,0.06731739640235901,0.5254231691360474
1787653775.869972,4.083600888749286,0.9372880077700854,0.21132106416376448,0.6368715763092041,0.6048341393470764,0.08257222175598145,0.3012315034866333
1787653775.8701358,4.068681929642462,0.42550541545844184,0.21126752966189602,0.5460770130157471,0.5612375140190125,0.14516384899616241,0.23818367719650269
1787653777.1696582,4.201682232260707,0.9473212247220655,0.2225098348321392,0.733472466468811,0.6792664527893066,0.27818483114242554,0.06846515834331512
1787653777.1697817,4.204515674431777,0.43532929912071866,0.2229994515067832,0.6203026175498962,0.5956136584281921,0.21024249494075775,0.05603610351681709
1787653778.369787,4.38881812879375,0.9464981545006457,0.24037464256321495,0.7994738817214966,0.7691516876220703,0.3538718521595001,0.22660622000694275
1787653778.3698974,4.389103651805109,0.4344982348053885,0.2404012632364252,0.6714721322059631,0.6268138885498047,0.19605638086795807,0.22521862387657166
1787653779.6770613,4.540639324425365,0.9465590173295362,0.263549905151529,0.8173589110374451,0.8005812764167786,0.3727920949459076,0.8300439715385437
1787653779.6771765,4.540645894627492,0.4345590173720773,0.2635505333003133,0.7562931180000305,0.7054945230484009,0.32782432436943054,0.8297430276870728
1787653780.9700654,4.579033942625963,0.946506520597852,0.27031960845163205,0.8173589110374451,0.8005812764167786,0.3727920949459076,0.5203682780265808
1787653780.970216,4.57897282890334,0.43450652436171255,0.2703086857179863,0.7562931180000305,0.7054945230484009,0.36340582370758057,0.5202431082725525
1787653782.3255594,4.471155005787318,0.9464133963977893,0.25129735621139226,0.8175192475318909,0.8007039427757263,0.3811425566673279,0.8898487687110901
1787653782.3258064,4.471065732351927,0.4344134044244078,0.25128156029560467,0.7055885791778564,0.6530858278274536,0.2423069179058075,0.8908790349960327
1787653788.087145,4.423467537827053,0.9465253154494094,0.2428890734434439,0.8175192475318909,0.8007039427757263,0.3811425566673279,0.9285516142845154
1787653788.0872412,4.423490371340234,0.4345253159721406,0.2428928027102395,0.6954806447029114,0.6447129845619202,0.190015971660614,0.928913950920105
1787653789.2705436,4.439162627935075,0.9465734835072201,0.24565663671154375,0.8175192475318909,0.8007039427757263,0.3811425566673279,0.9637600183486938
1787653789.2706778,4.439265998310236,0.43457349426870323,0.24567492124478402,0.6954806447029114,0.6447129845619202,0.20257070660591125,0.9666526317596436
1787653790.6211376,4.433001156558168,0.9468891389548129,0.24457186850624127,0.8175192475318909,0.8007039427757263,0.3811425566673279,0.9900231957435608
1787653790.6212766,4.433683047672467,0.4348896065157933,0.24468937056398474,0.7055885791778564,0.6530858278274536,0.21186475455760956,0.9893931150436401
1787653791.7696772,4.432974518021005,0.9479477959222582,0.24456691744227219,0.8175192475318909,0.8007039427757263,0.3811425566673279,0.981039822101593
1787653791.7697923,4.433514728403276,0.43594808939394364,0.24466012507497073,0.7055885791778564,0.6530858278274536,0.21186475455760956,0.9783684015274048
1787653795.719785,4.365936072080224,0.9470110777151044,0.23579645519697018,0.7983382344245911,0.7672243118286133,0.34727999567985535,0.14980313181877136
1787653795.7199476,4.365911039208006,0.43501107833173963,0.23579426661785413,0.6604235172271729,0.6193652749061584,0.2041361927986145,0.14986364543437958
1787653796.9196692,4.167720438357129,0.9470459923601646,0.2190519056307514,0.696050226688385,0.64509117603302,0.21396589279174805,0.0381045937538147
1787653796.9198449,4.167681163564703,0.43504599390079,0.21904598185425056,0.6115142107009888,0.5909844636917114,0.21004673838615417,0.03811272978782654
1787653798.1196446,3.98125667830424,0.9470589142040557,0.2042911013221484,0.5414731502532959,0.5593985915184021,0.046906452625989914,0.011179032735526562
1787653798.1197872,3.9812180945863465,0.435058915669663,0.20428762589927713,0.49104613065719604,0.5409010648727417,0.0689481571316719,0.011182493530213833
1787653799.519791,3.788208996423754,0.9470762763097609,0.19620677047914928,0.46746203303337097,0.533102810382843,0.0011152051156386733,4.311929387768032e-06
1787653799.5199666,3.7881693353007497,0.4350762778458985,0.19620678332974875,0.46746203303337097,0.533102810382843,0.0014436542987823486,3.6180611004965613e-06
1787653800.7197225,3.5632097700812104,0.9470940536005893,0.19620601573467544,0.4911710321903229,0.5409435629844666,3.073431855682429e-07,1.0913776122833951e-06
1787653800.7198508,3.5631701334230725,0.43509405513484156,0.1962059171861006,0.46746203303337097,0.533102810382843,1.0381395441072527e-06,4.960540422871418e-07
1787653801.869669,3.3632096833680034,0.9471093713336871,0.19620602790112784,0.5159464478492737,0.5496881008148193,5.663263209498837e-07,1.4488613487628754e-05
1787653801.8697674,3.3631701209383067,0.4351093728623527,0.1962064373284868,0.46746203303337097,0.533102810382843,1.149050945059571e-06,1.4072775229578838e-05
1787653803.5696652,3.16320932048945,0.9471243143437607,0.19620547035184335,0.5159464478492737,0.5496881008148193,7.653195552848047e-07,0.1699015498161316
1787653803.569809,3.1631698956429406,0.43512431586257855,0.19620644555448538,0.46746203303337097,0.533102810382843,1.8438299775880296e-06,0.1701762080192566
1787653808.5697951,3.042934104927658,0.9470892601775631,0.19620535875443873,0.5159464478492737,0.5496881008148193,1.1978902421105886e-06,0.10811398923397064
1787653808.5699685,3.0429903368065383,0.43508926326551783,0.1962051551946994,0.46746203303337097,0.533102810382843,2.111194589815568e-06,0.10818098485469818
1787653809.9196913,3.2812285301535558,0.9471717200387584,0.1962051248128131,0.5159464478492737,0.5496881008148193,6.777387966394599e-07,0.00014028471196070313
1787653809.9199607,3.281267338476447,0.43517172150955646,0.19620501851641575,0.46746203303337097,0.533102810382843,8.627629313195939e-07,2.0681098249042407e-05
1787653811.1739502,3.496196596840218,0.9471119621223008,0.1962047588377395,0.5106500387191772,0.5477665066719055,2.219915842260889e-07,2.1375521100708283e-05
1787653811.1740427,3.4962612578539765,0.43511196620556025,0.19620429946810894,0.46746203303337097,0.533102810382843,1.3177219670978957e-06,2.30022724281298e-05
1787653812.5696607,3.696197435473715,0.9471371035358956,0.19620355808003193,0.46746203303337097,0.533102810382843,4.358088006028993e-07,0.03324880078434944
1787653812.5698588,3.6962621887902265,0.43513710763088154,0.19620303509447107,0.46746203303337097,0.533102810382843,1.5044604140257434e-07,0.03314369171857834
1787653814.0196698,3.90651851997915,0.9471718968887903,0.19620213235613787,0.48982444405555725,0.5404852628707886,0.013300763443112373,0.00585476029664278
1787653814.0198145,3.906560572573104,0.43517189861579536,0.1962019518659922,0.4911710321903229,0.5409435629844666,7.691687073929643e-07,0.011542268097400665
1787653815.3270164,4.117419301176645,0.9465486499598637,0.22013424256976163,0.6369902491569519,0.6048974394798279,0.1833588033914566,0.01457649003714323
1787653815.327102,4.118590510509585,0.43455004043939066,0.21990594933594051,0.6209418177604675,0.5959356427192688,0.17482994496822357,0.014732299372553825
1787653816.9196322,4.321465566472008,0.9473595473268374,0.2464529802650648,0.7728365063667297,0.72735595703125,0.35574355721473694,0.19223886728286743
1787653816.9197972,4.322835203685799,0.4353615981214868,0.24597958463997394,0.7567762136459351,0.7058905959129333,0.3539614975452423,0.12687429785728455
1787653818.084016,4.406216532169104,0.9430885423322578,0.27978796811731255,0.7993943095207214,0.7690850496292114,0.3709526062011719,0.2846442461013794
1787653818.08413,4.427597370063692,0.43153569536841296,0.2805258936627093,0.7993149161338806,0.7690184116363525,0.383212149143219,0.2077254354953766
1787653819.1200495,4.4391959423546865,0.9368618744363677,0.2843802222758803,0.7993943095207214,0.7690850496292114,0.3709526062011719,0.29483693838119507
1787653819.120224,4.480141159024027,0.42655146561765817,0.29150594211196273,0.8079659938812256,0.7835820913314819,0.37729257345199585,0.36192309856414795
1787653820.5197432,4.513923119603637,0.9441504234478073,0.2627341643930243,0.8174392580986023,0.8006425499916077,0.35965806245803833,0.7877968549728394
1787653820.5198927,4.568166820036863,0.43512258414144617,0.27234040061789155,0.8172788023948669,0.8005200028419495,0.3613283634185791,0.8147610425949097
1787653821.9197078,4.531467369287033,0.9673294237352332,0.26193273375541104,0.8173589110374451,0.8005812764167786,0.3621474802494049,0.4379396140575409
1787653821.919849,4.59155700813509,0.4589781708288871,0.27252702333321077,0.817198634147644,0.8004586100578308,0.3634595572948456,0.42327994108200073
1787653822.3697062,4.421420970227539,0.9903894607591918,0.24530993451281152,0.796942412853241,0.7649377584457397,0.37409934401512146,0.7350330352783203
1787653822.3698215,4.478240879115445,0.4816086780170018,0.2529002616608638,0.8080483078956604,0.7836488485336304,0.37868577241897583,0.7651081085205078
1787653822.6697986,4.444050578185657,0.972460115950949,0.2465024691113337,0.8081305623054504,0.7837156057357788,0.36909353733062744,0.7545709013938904
1787653822.6699579,4.464769486858953,0.4608927689460928,0.25018707245507593,0.8085479736328125,0.784537136554718,0.37727800011634827,0.7830523252487183
1787653823.119757,4.465750689513488,0.9527205967004897,0.25033300956356974,0.8081305623054504,0.7837156057357788,0.3682861924171448,0.6779062151908875
1787653823.1198804,4.459732390139063,0.4407570096969113,0.2493007038582801,0.8080483078956604,0.7836488485336304,0.37812119722366333,0.7162696123123169
1787653824.3197362,4.480653202460176,0.9198722628062208,0.2529629306484929,0.8074852824211121,0.7826540470123291,0.37035122513771057,0.40817946195602417
1787653824.3198762,4.443180075046562,0.4092879165651994,0.2463758147794816,0.7967617511749268,0.7647857666015625,0.3841148614883423,0.3108333647251129
1787653825.5780616,4.480118143852178,0.8711292598530892,0.2528752442942458,0.8174123764038086,0.8006221055984497,0.3498630225658417,0.11041327565908432
1787653825.5781412,4.423256432472962,0.36239532505367433,0.2428488111033612,0.7993149161338806,0.7690184116363525,0.38322314620018005,0.19655093550682068
1787653826.2699738,4.47691698544833,0.855991016627988,0.25231862828387397,0.8079659938812256,0.7835820913314819,0.36739879846572876,0.40186935663223267
1787653826.2701876,4.437202441389857,0.345581125952584,0.24535454248962144,0.8080483078956604,0.7836488485336304,0.3781396746635437,0.3241707682609558
1787653827.8196237,4.450642476414638,0.8710101759495456,0.2476872406046144,0.7980844974517822,0.7670111656188965,0.37043842673301697,0.4249764382839203
1787653827.8197389,4.434917701669301,0.35925927464297047,0.24490399230155796,0.7993149161338806,0.7690184116363525,0.38322314620018005,0.49771225452423096
1787653831.8197682,4.3662284831038445,0.8920415066833602,0.23582279445065885,0.7688979506492615,0.7218997478485107,0.3380960524082184,0.14986197650432587
1787653831.8199296,4.365899974855605,0.3800416127839525,0.23579578841444732,0.7841237783432007,0.744265079498291,0.3614170253276825,0.15043342113494873
1787653833.0196867,4.168045097614835,0.8922903247530463,0.21908239492151893,0.6581004858016968,0.6178101897239685,0.23905116319656372,0.03761819005012512
1787653833.019809,4.16757913863162,0.3802905389003845,0.21903582181262315,0.6581004858016968,0.6178101897239685,0.24064502120018005,0.03756976127624512
1787653834.4197843,3.9815741290883535,0.8924702791111252,0.20431979536785633,0.5227112770080566,0.5521868467330933,0.014393762685358524,0.010737255215644836
1787653834.420017,3.98112720873294,0.38047047577662907,0.20427920431895058,0.5159464478492737,0.5496881008148193,4.7380564183185925e-07,0.010698705911636353
1787653835.7198505,3.788528231255771,0.8926543277413124,0.19620685373821067,0.46746203303337097,0.533102810382843,0.002288996474817395,0.00016741850413382053
1787653835.7199633,3.788095637577229,0.3806545104927502,0.1962064686462049,0.46746203303337097,0.533102810382843,3.6776225442736177e-07,0.00016602480900473893
1787653836.919659,3.588527506312155,0.8928228178162265,0.1962058782776621,0.46746203303337097,0.533102810382843,6.214673362592293e-07,0.21992862224578857
1787653836.9198084,3.588097491794631,0.3808229983948579,0.19620590201424912,0.46746203303337097,0.533102810382843,8.501540378347272e-07,0.22671641409397125
1787653837.2197607,3.396934859527226,0.8949732781116149,0.19620630328192176,0.5268473625183105,0.5537402033805847,4.728395595066104e-07,0.5040291547775269
1787653837.2199483,3.3846249050450643,0.38312128290271147,0.19620168681529135,0.46746203303337097,0.533102810382843,1.042206918100419e-06,0.47345781326293945
1787653837.5196466,3.355073300180576,0.8990096799165974,0.1962084560788213,0.5227112770080566,0.5521868467330933,3.1339803285845846e-07,0.622978687286377
1787653837.519833,3.3305804776935504,0.38759585377155337,0.196199836000753,0.46746203303337097,0.533102810382843,8.15620580851828e-07,0.5994775891304016
1787653837.8197522,3.312906182547868,0.9053613864688116,0.1962101306826242,0.5227112770080566,0.5521868467330933,8.153950261657883e-07,0.6329727172851562
1787653837.819853,3.275874868130851,0.3947023205201977,0.1961993123052412,0.46746203303337097,0.533102810382843,1.3102311413604184e-06,0.6115936636924744
1787653838.1197472,3.269741649696643,0.9139343199946286,0.19621085849747227,0.5191097855567932,0.5508501529693604,5.062458967586281e-07,0.619432806968689
1787653838.119873,3.2209554592522034,0.4042639289715331,0.1961991844246641,0.46746203303337097,0.533102810382843,2.255469325973536e-06,0.5973292589187622
1787653838.4696944,3.2263219726136754,0.9248171338984317,0.19621164364135538,0.5191097855567932,0.5508501529693604,6.068398192837776e-07,0.6012946963310242
1787653838.469843,3.1653930803012056,0.41645538284501965,0.1961994993350972,0.46746203303337097,0.533102810382843,1.840146637732687e-06,0.5775906443595886
1787653838.7697334,3.1829858839859417,0.9375553513000028,0.1962119941156455,0.5159464478492737,0.5496881008148193,7.998772844075575e-07,0.5798226594924927
1787653838.769894,3.109216859951517,0.4308975467414086,0.19619884596559667,0.46746203303337097,0.533102810382843,2.3965330910868943e-06,0.5538623332977295
1787653839.069756,3.140008366878587,0.9518267928186737,0.19621261974264198,0.5159464478492737,0.5496881008148193,8.33176898140664e-07,0.5595387816429138
1787653839.0699031,3.052480898763533,0.44736376925244553,0.19619921126118756,0.46746203303337097,0.533102810382843,1.6829092146508629e-06,0.5314215421676636
1787653839.3702235,3.097498532584197,0.9676719220690704,0.19621261223110054,0.5227112770080566,0.5521868467330933,1.006611569209781e-06,0.540654718875885
1787653839.3703127,2.9953629858294217,0.4659625142563913,0.19619842230252166,0.46746203303337097,0.533102810382843,2.1018117877247278e-06,0.510505199432373
1787653839.669726,3.0555608108730405,0.9851231628131467,0.19621320800945238,0.5191097855567932,0.5508501529693604,1.0756307347037364e-06,0.5232776403427124
1787653839.6698768,2.9380509650653837,0.48679050692204434,0.1961986897195692,0.46746203303337097,0.533102810382843,1.9788146801147377e-06,0.4912351071834564
1787653839.9703658,3.014296802337655,1.0042031923913457,0.19621423908256488,0.5131460428237915,0.5486683249473572,1.2728875162792974e-06,0.5074924826622009
1787653839.971579,2.8807395017095265,0.5099295361748875,0.19619942888133937,0.46746203303337097,0.533102810382843,1.3109632845953456e-06,0.47371166944503784
1787653840.319666,2.9738033275058675,1.0249280557033913,0.19621461999618214,0.4944160282611847,0.5420549511909485,1.1944847528866376e-06,0.7066518068313599
1787653840.3203058,2.823627419865527,0.535447518234577,0.1962003497253262,0.46746203303337097,0.533102810382843,1.222535047418205e-06,0.6866673231124878
1787653840.5702717,2.9542325417565096,1.0405251783571106,0.19621663251777638,0.49441292881965637,0.5420536994934082,1.2664122550631873e-06,0.2747906744480133
1787653840.5704129,2.7942757373481,0.5541530774808249,0.19620205040115352,0.46746203303337097,0.533102810382843,1.1665752026601695e-06,0.22355863451957703
1787653840.919681,2.8956150759042303,1.071102996242925,0.19621482900689827,0.46746203303337097,0.533102810382843,0.0005831386079080403,0.48519328236579895
1787653840.9198651,2.711270776579147,0.5934407944929676,0.19619678109477515,0.46746203303337097,0.533102810382843,2.598162245703861e-05,0.4487418532371521
1787653841.2196774,2.8581666714931715,1.0963005776290715,0.1962153730956952,0.46746188402175903,0.5331028699874878,0.0005904566496610641,0.4823906719684601
1787653841.2199006,2.6567711120372297,0.625573662877835,0.19619639388797072,0.46746203303337097,0.533102810382843,0.00011859733058372512,0.4455243945121765
1787653841.519764,2.8218800701657334,1.122833816725307,0.19621557182627686,0.46746203303337097,0.533102810382843,0.0006897012935951352,0.4799746572971344
1787653841.5198863,2.6035466988875258,0.6597198581525752,0.19619656166391736,0.46746203303337097,0.533102810382843,0.0001316859998041764,0.44273489713668823
1787653841.8219957,2.7867976467038473,1.150656816425585,0.19621646365114692,0.46746203303337097,0.533102810382843,0.004389232024550438,0.4782903790473938
1787653841.8220718,2.55168514458904,0.6958314531966403,0.19619877261100277,0.46746203303337097,0.5331028699874878,0.00013450269761960953,0.44075092673301697
1787653842.11964,2.752957122761295,1.1797033733412805,0.19621919389943374,0.46746188402175903,0.5331028699874878,0.0059388792142271996,0.4759939908981323
1787653842.119817,2.5012818977579654,0.7338294215003187,0.19620543717492153,0.46746203303337097,0.5331028699874878,0.00013842660700902343,0.4380974769592285
1787653842.4197075,2.7203882829062214,1.2099539279655027,0.1962152556039284,0.46746188402175903,0.533102810382843,0.006660756655037403,0.47233250737190247
1787653842.4198856,2.452372910054106,0.773706567424803,0.19619691945781123,0.46746203303337097,0.5331028699874878,0.0002173793182009831,0.43394407629966736
1787653842.719597,2.6891244986303704,1.2414289666796559,0.19621512258963839,0.46746203303337097,0.533102810382843,0.010111989453434944,0.4704975485801697
1787653842.7197146,2.404971775776513,0.8155167342411725,0.19619630752980063,0.46746203303337097,0.5331028699874878,0.00019831897225230932,0.4318189322948456
1787653843.0697153,2.659209846305009,1.2740355563482448,0.19621503121024989,0.46746188402175903,0.5331028699874878,0.013865219429135323,0.4703361690044403
1787653843.0699172,2.359227289075709,0.8591205470194968,0.19619523487206278,0.46746203303337097,0.533102810382843,0.00016195708303712308,0.4315520226955414
1787653843.3698528,2.6306869992630735,1.3076752448645679,0.1962169648284509,0.46746188402175903,0.5331028699874878,0.016598401591181755,0.4676350951194763
1787653843.3700511,2.3152740463153196,0.9043656011052712,0.19619789843987168,0.46746203303337097,0.533102810382843,0.0003018699062522501,0.4284679889678955
1787653843.6703477,2.603576093941872,1.342373638511207,0.1962147073432833,0.46746203303337097,0.533102810382843,0.017407162114977837,0.4659815728664398
1787653843.670679,2.273065297316633,0.9513408867987432,0.19619464921536353,0.46746203303337097,0.533102810382843,0.0002590201038401574,0.4265540838241577
1787653844.0197287,2.5779169484218083,1.3780601684373137,0.1962102402877207,0.46746203303337097,0.533102810382843,0.017968520522117615,0.4641060531139374
1787653844.0199246,2.2327114909564494,0.999936919210717,0.19618720871261655,0.46746203303337097,0.533102810382843,3.9079113776097074e-05,0.4243967533111572
1787653844.3197534,2.5537424061014766,1.4146873866176037,0.1962072433435285,0.46746188402175903,0.5331028699874878,0.01684529148042202,0.4639204144477844
1787653844.3199422,2.1942677936646175,1.0501026882493993,0.19618024083467442,0.46746203303337097,0.533102810382843,0.0003970764228142798,0.4241219758987427
1787653844.6196477,2.5310812625542267,1.4521517024447974,0.19621387172202312,0.46746203303337097,0.533102810382843,0.01753057911992073,0.49366775155067444
1787653844.6197853,2.1578485423591767,1.1016644186424724,0.1961922228828382,0.46746203303337097,0.533102810382843,0.000985480728559196,0.4565684199333191
1787653844.9697683,2.510218670287606,1.4887110645304018,0.196213141327728,0.46746203303337097,0.533102810382843,0.017169412225484848,0.6084004640579224
1787653844.9699557,2.124591246790553,1.1519092089763836,0.19619463741934712,0.46746203303337097,0.533102810382843,0.0012428072514012456,0.5848767757415771
1787653846.769727,2.459973666552872,1.5594480087674,0.19620648107614552,0.46746203303337097,0.5331028699874878,0.016578633338212967,0.7148325443267822
1787653846.769886,2.064721521502114,1.2339948756871768,0.19620546088581042,0.46746203303337097,0.533102810382843,0.00408003618940711,0.6994720101356506
1787653847.0696757,2.441804153533877,1.5844352253998295,0.1962077000741361,0.46746203303337097,0.533102810382843,0.01510545052587986,0.8078272342681885
1787653847.069778,2.0410719038785854,1.2657540930984421,0.19620655361167647,0.46746203303337097,0.533102810382843,0.004115023650228977,0.804156482219696
1787653847.3697705,2.4235790004462054,1.609032496113188,0.196207048289899,0.46746203303337097,0.533102810382843,0.01510545052587986,0.8099251985549927
1787653847.3699653,2.0203771584760006,1.2934817480126866,0.1962048016169532,0.46746203303337097,0.533102810382843,0.0049215699546039104,0.8117333054542542
1787653848.0799637,2.4001607786707444,1.6403047689973558,0.1962080619021294,0.46746188402175903,0.5331028699874878,0.01589885726571083,0.8154586553573608
1787653848.0800645,1.9954831198257381,1.326648918697776,0.19620592356760516,0.46746203303337097,0.533102810382843,0.006314449943602085,0.8144015669822693
1787653848.0801773,2.3799832756842125,1.6676303457775963,0.19620820905911693,0.46746203303337097,0.533102810382843,0.014098340645432472,0.8030915260314941
1787653848.0802937,1.9733907137600726,1.3564607962051065,0.19620559789897332,0.46746203303337097,0.533102810382843,0.0066262511536479,0.8021410703659058
1787653848.919722,2.3634440447284555,1.6900615994970958,0.19620608801782297,0.46746203303337097,0.5331028699874878,0.014097844250500202,0.668136477470398
1787653848.9199393,1.9553516319100441,1.3808616923276629,0.1962035461352593,0.46746188402175903,0.5331028699874878,0.006527595687657595,0.6584277153015137
1787653850.0196784,2.3412035360618795,1.7162894590779911,0.19619919401553307,0.46746188402175903,0.5331028699874878,0.014182653278112411,0.8564897179603577
1787653850.0198944,1.9224411288521912,1.4217015328252203,0.19620294093360538,0.46746203303337097,0.533102810382843,0.005990265868604183,0.8146255016326904
1787653850.3196616,2.3576468006256546,1.6883962057126265,0.19620196750665844,0.46746188402175903,0.5331028699874878,0.013920415192842484,0.984146237373352
1787653850.3197875,1.931618173237708,1.404418022337794,0.19620558301960553,0.46746203303337097,0.533102810382843,0.005983603652566671,0.9670079350471497
1787653850.669736,2.373032411070651,1.6614397713975309,0.1962025621393425,0.46746203303337097,0.533102810382843,0.014098340645432472,0.9261548519134521
1787653850.6699388,1.9445020558072421,1.3812510232065045,0.19620478975018946,0.46746188402175903,0.5331028699874878,0.005148426163941622,0.9153686761856079
1787653850.970821,2.393731899960944,1.6267564407867188,0.1962023703114647,0.46746203303337097,0.533102810382843,0.014167088083922863,0.9243472218513489
1787653850.9708982,1.9631345299881513,1.3497548072734997,0.19620424716012924,0.46746203303337097,0.5331028699874878,0.004354084376245737,0.9129955768585205
1787653851.2697177,2.4146762618390993,1.591002165236186,0.1962033041132955,0.46746203303337097,0.533102810382843,0.014898634515702724,0.9527413845062256
1787653851.2698946,1.9819625764836428,1.3173182846257343,0.19620298318762197,0.46746203303337097,0.533102810382843,0.0039032783824950457,0.9362198114395142
1787653851.6247442,2.433989105551971,1.5561065480082115,0.19620217410375732,0.46746203303337097,0.533102810382843,0.014377238228917122,0.9708629846572876
1787653851.6249294,1.9987485695573772,1.286459230569032,0.19620717341587027,0.46746203303337097,0.533102810382843,0.0039032783824950457,0.9495578408241272
1787653851.9696572,2.4529111969391573,1.5198343810179864,0.196201583910177,0.46746203303337097,0.533102810382843,0.015675542876124382,0.9907757639884949
1787653851.9698224,2.0147203281401826,1.2550084712904686,0.1962077639402186,0.46746203303337097,0.533102810382843,0.0033150804229080677,0.9636552333831787
1787653852.2697153,2.47145780957211,1.48194755796078,0.19620199818175718,0.46746203303337097,0.5331028699874878,0.015850074589252472,0.9960668087005615
1787653852.269865,2.0298049112393883,1.2229365208197354,0.1962077798192737,0.46746203303337097,0.533102810382843,0.0020293397828936577,0.9634817242622375
1787653852.6197386,2.4895279576610365,1.4422382583267543,0.19620045316490145,0.46746203303337097,0.5331028699874878,0.01618705689907074,0.979010283946991
1787653852.6199403,2.0438715937732654,1.1901779376673702,0.19620913756339284,0.46746203303337097,0.533102810382843,0.0015627783723175526,0.9419384598731995
1787653852.969707,2.506979425612392,1.4005244104038714,0.19620155909849996,0.46746188402175903,0.5331028699874878,0.016819514334201813,0.9558712840080261
1787653852.9698946,2.0567804858177547,1.156670120851387,0.19621019839891107,0.46746188402175903,0.5331028699874878,0.001236999174579978,0.9143812656402588
1787653853.2696927,2.523652136146602,1.3566495782429628,0.1961992924792927,0.46746203303337097,0.5331028699874878,0.015228907577693462,0.9310740828514099
1787653853.2698483,2.0684033261960963,1.1223580485388611,0.1962114399048444,0.46746203303337097,0.5331028699874878,0.0010222293203696609,0.8850783705711365
1787653853.6196873,2.5393626675466896,1.3105029195466391,0.1961990917571603,0.46746203303337097,0.533102810382843,0.014316510409116745,0.9060443043708801
1787653853.6198275,2.078619012521501,1.0872109936231362,0.196212183844121,0.46746203303337097,0.5331028699874878,0.0010222293203696609,0.8555270433425903
1787653853.9696262,2.5539140189008496,1.262022991566296,0.19619895012732075,0.46746203303337097,0.5331028699874878,0.011445869691669941,0.8817266225814819
1787653853.9697592,2.0873260779586467,1.0512157498170682,0.19621285689419116,0.46746203303337097,0.533102810382843,0.00016908839461393654,0.8267803192138672
1787653854.2698197,2.5670951141370937,1.2112089504088102,0.19619751587883452,0.46746203303337097,0.533102810382843,0.009930426254868507,0.8588135838508606
1787653854.2700477,2.0944395725431626,1.0143822787575167,0.19621560515110567,0.46746203303337097,0.5331028699874878,0.00011457889195298776,0.799626350402832
1787653854.6201208,2.578689280608145,1.1581217830364807,0.19619631353202596,0.46746203303337097,0.533102810382843,0.007599813397973776,0.8379338979721069
1787653854.6204045,2.0998915062372254,0.9767473335802872,0.19621480453169257,0.46746203303337097,0.5331028699874878,0.00011457889195298776,0.7748004794120789
1787653854.9723191,2.5884771902431205,1.102877723791211,0.1961945309749133,0.46746203303337097,0.533102810382843,0.0034150821156799793,0.8193992972373962
1787653854.9729578,2.1036278901713623,0.9383628132761939,0.19621546330434775,0.46746203303337097,0.533102810382843,7.705423922743648e-05,0.7526743412017822
1787653855.2697732,2.5962420147606107,1.0456447865590914,0.19619371324129178,0.46746203303337097,0.533102810382843,0.001888747327029705,0.8035165667533875
1787653855.269935,2.105601230771166,0.8993040178017582,0.1962157526461518,0.46746203303337097,0.533102810382843,4.1317647969663085e-07,0.7336155772209167
1787653855.6198938,2.6017758072479635,0.9866288106782521,0.1961927602722686,0.46746203303337097,0.533102810382843,0.00034289859468117356,0.7902165055274963
1787653855.6200683,2.1057706189290455,0.8596530153687756,0.1962165560874002,0.46746203303337097,0.5331028699874878,1.1443326002336107e-06,0.7175607681274414
1787653855.9696689,2.6048824846563905,0.9260672052814148,0.19619251421860623,0.46746188402175903,0.5331028699874878,0.00021890075004193932,0.781125009059906
1787653855.9698637,2.104093633391159,0.8195095875733304,0.19621611141355627,0.46746203303337097,0.533102810382843,1.2132071560699842e-06,0.7064592838287354
1787653856.2195837,2.6054024455605584,0.8643359237208637,0.19619230922851505,0.46746203303337097,0.5331028699874878,4.765517473970249e-07,0.7795241475105286
1787653856.2197344,2.100564529768653,0.7789973147543758,0.1962167745077108,0.46746203303337097,0.5331028699874878,1.599394454387948e-05,0.704252302646637
1787653856.6196444,2.603315314799629,0.8021201719791897,0.1961917639191779,0.46746203303337097,0.5331028699874878,1.5632798522347002e-07,0.7814330458641052
1787653856.619799,2.0953054444355987,0.7383238472940377,0.19621562577683074,0.46746188402175903,0.5331028699874878,0.00010383775952504948,0.7062510251998901
1787653856.9293125,2.5986477053731156,0.7398358519144866,0.1961919183598739,0.46746203303337097,0.533102810382843,4.809064648725325e-07,0.7836789488792419
1787653856.9294064,2.0883889247410585,0.6976460874781717,0.19621568165852318,0.46746188402175903,0.5331028699874878,8.580265421187505e-05,0.7086904048919678
1787653857.2197654,2.5914078346962564,0.6776560914639371,0.19619214623578024,0.46746203303337097,0.533102810382843,1.916085921038757e-07,0.7863849997520447
1787653857.2199435,2.079821964429419,0.6570673388119381,0.19621679491269295,0.46746203303337097,0.533102810382843,0.00020654359832406044,0.7117147445678711
1787653857.522686,2.5816233659038956,0.6157554778157917,0.196192037595694,0.46746203303337097,0.533102810382843,3.740936165286257e-07,0.7885689735412598
1787653857.5228083,2.069624210036411,0.6166848971807668,0.19621592539534746,0.46746188402175903,0.5331028699874878,0.0006563869537785649,0.7141514420509338
1787653857.8735106,2.569306332672431,0.5542351560993619,0.1961921086420736,0.46746203303337097,0.533102810382843,7.912753972050268e-07,0.7911037802696228
1787653857.8739772,2.0577944235145402,0.5765861351273878,0.19621504633939907,0.46746203303337097,0.533102810382843,0.0011856682831421494,0.7170445919036865
1787653858.1703749,2.5545024110507164,0.49325620557799277,0.19619210825731417,0.46746203303337097,0.533102810382843,1.0434707746753702e-06,0.7925994396209717
1787653858.1707048,2.0443628325190133,0.5368636578749688,0.19621490437188957,0.46746203303337097,0.533102810382843,0.0019874623976647854,0.7187108993530273
1787653858.4698749,2.5372073930272667,0.43286022910117267,0.19619214875661303,0.46746203303337097,0.533102810382843,1.1281812248853385e-06,0.7933118343353271
1787653858.4700742,2.0293149113408,0.4975844635532323,0.19621497324585577,0.46746188402175903,0.5331028699874878,0.002090798458084464,0.7194473743438721
1787653858.8197305,2.5174207230100496,0.3731073224965892,0.19619216072366086,0.46746203303337097,0.533102810382843,1.2977632195543265e-06,0.7960125207901001
1787653858.8199158,2.012646243071309,0.45882035467424576,0.19621490903808952,0.46746188402175903,0.5331028699874878,0.0024641528725624084,0.7226338982582092
1787653859.0695753,2.4952812616999065,0.31427908871168614,0.19619222774457387,0.46746203303337097,0.533102810382843,1.696402478046366e-06,0.7969510555267334
1787653859.0697143,1.9944585055341983,0.42067723904775894,0.19621484733843378,0.46746188402175903,0.5331028699874878,0.0017809828277677298,0.7236886620521545
1787653859.4196258,2.4707543479570306,0.2563440831477424,0.19619221712746102,0.46746203303337097,0.533102810382843,1.987629502764321e-06,0.7971911430358887
1787653859.4197896,1.97471995591083,0.3832057455733272,0.19621488809773593,0.46746203303337097,0.533102810382843,0.003411739831790328,0.7238988280296326
1787653859.72101,2.4438433331122384,0.19935664836344225,0.1961921550804484,0.46746203303337097,0.533102810382843,2.1716243736591423e-06,0.7979289889335632
1787653859.7260287,1.9534341434135991,0.34647165827963244,0.19621488135180237,0.46746203303337097,0.533102810382843,0.0041557676158845425,0.7247366309165955
1787653860.0197608,2.414623239564907,0.14346591374607548,0.19619224512465777,0.46746203303337097,0.533102810382843,2.068195044557797e-06,0.8448429703712463
1787653860.019919,1.9306541529553665,0.31055248620093007,0.19621486404450345,0.46746188402175903,0.5331028699874878,0.0035906508564949036,0.800550639629364
1787653860.3197122,2.393519718277656,0.11577307815853854,0.19619228957599905,0.46746203303337097,0.533102810382843,2.5577721771696815e-06,0.7534235715866089
1787653860.3200078,1.9140201966648873,0.2952841036314509,0.19621480155633697,0.46746203303337097,0.533102810382843,0.004219702910631895,0.6522202491760254
1787653860.6224594,2.3496150147937214,0.03552012173217113,0.19619232990981675,0.46746203303337097,0.533102810382843,2.5935635221685516e-06,0.8009539842605591
1787653860.6226041,1.8808504219925486,0.2414418448042524,0.19621475702700467,0.46746203303337097,0.533102810382843,0.0034162907395511866,0.7283506393432617
1787653860.972365,2.313895965416962,-0.016418090963204374,0.1961923510740337,0.46746203303337097,0.533102810382843,2.9887696655350737e-06,0.8010200262069702
1787653860.9724696,1.8538793390087533,0.2083678136822028,0.19621472866290612,0.46746203303337097,0.5331028699874878,0.003415176412090659,0.7283939719200134
1787653861.2698834,2.2760675066691314,-0.06692347406530313,0.1961923499302524,0.46746203303337097,0.533102810382843,3.002428229592624e-06,0.8015608787536621
1787653861.2708166,1.8255597241076083,0.17635977104124528,0.19621475364966298,0.46746203303337097,0.533102810382843,0.007736463099718094,0.7290493845939636
1787653861.5696197,2.236232956020198,-0.11587078833878413,0.19619242835111408,0.46746203303337097,0.533102810382843,2.962495500469231e-06,0.8025851845741272
1787653861.5698428,1.7959589762454737,0.14547729800848183,0.1962146982354986,0.46746203303337097,0.533102810382843,0.007466800976544619,0.7303391098976135
1787653861.9249704,2.1945126232811205,-0.16313950884562223,0.1961924292835109,0.46746203303337097,0.533102810382843,3.4916654385597212e-06,0.8027613162994385
1787653861.9250867,1.7651524936277032,0.115776031356286,0.1962147424747321,0.46746203303337097,0.533102810382843,0.006818089168518782,0.7305462956428528
1787653862.2209952,2.1509045178555426,-0.20871433268769668,0.19619243596522146,0.46746203303337097,0.533102810382843,3.3964936392294476e-06,0.803142786026001
1787653862.2211423,1.7331528887384258,0.08730522050803746,0.19621470237047017,0.46746188402175903,0.5331028699874878,0.00698025431483984,0.7310175895690918
1787653862.5779676,2.105508486630415,-0.25250648953764243,0.19619249003634082,0.46746203303337097,0.533102810382843,3.5778591609414434e-06,0.8034273386001587
1787653862.5780804,1.7000293150816836,0.06011251331840735,0.19621470363360988,0.46746203303337097,0.5331028699874878,0.007894342765212059,0.7313791513442993
1787653862.876082,2.0583893169290843,-0.2944460296363546,0.19619251905415072,0.46746203303337097,0.533102810382843,3.5336154269316467e-06,0.8038679957389832
1787653862.8761995,1.6658268492984023,0.03424639272048183,0.1962147205168159,0.46746188402175903,0.5331028699874878,0.005400476511567831,0.7319488525390625
1787653863.2202115,2.0096506284370967,-0.3344548860605303,0.19619254409263917,0.46746203303337097,0.533102810382843,3.3730423183442326e-06,0.8560672998428345
1787653863.2207587,1.6306157750710393,0.009749383877659723,0.1962146820413462,0.46746203303337097,0.5331028699874878,0.0030850698240101337,0.8122639656066895
1787653863.51969,1.9793896672539448,-0.35179604457042235,0.19619253213537027,0.46746203303337097,0.533102810382843,3.1788704291102476e-06,0.7486550211906433
1787653863.5198765,1.6091552128686204,0.0018569609282637067,0.19621461714285685,0.46746203303337097,0.533102810382843,0.0019512221915647388,0.6489248871803284
1787653863.822948,1.907527338094003,-0.408484929936009,0.19619247881115484,0.46746203303337097,0.533102810382843,2.8669267067016335e-06,0.8043360710144043
1787653863.8230405,1.5573421031513197,-0.03496879810060732,0.1962145436380117,0.46746203303337097,0.533102810382843,0.0005008431617170572,0.7325654625892639
1787653864.1696527,1.854332118678926,-0.4423756759661416,0.19619251482089298,0.46746203303337097,0.533102810382843,2.4978176043077838e-06,0.804395854473114
1787653864.1698081,1.51940897785846,-0.05511544142765504,0.19621460895420226,0.46746188402175903,0.5331028699874878,0.0018739745719358325,0.7326449155807495
1787653864.4696882,1.7998133349769512,-0.4741174196302702,0.1961925321070702,0.46746188402175903,0.5331028699874878,2.053837533821934e-06,0.8046265840530396
1787653864.469833,1.4806868382236071,-0.07373974969703442,0.19621464026919191,0.46746203303337097,0.5331028699874878,0.0035301956813782454,0.7329607605934143
1787653864.82002,1.7440862789830955,-0.5036523529578995,0.19619252282723998,0.46746203303337097,0.5331028699874878,1.940729362104321e-06,0.8046118021011353
1787653864.8202953,1.4412499851190232,-0.09081560722090853,0.19621461274434882,0.46746203303337097,0.5331028699874878,0.009845513850450516,0.7329431176185608
1787653865.1210814,1.687206119062254,-0.5309417599249892,0.19619252561347414,0.46746188402175903,0.533102810382843,1.7935373080035788e-06,0.8046098947525024
1787653865.121212,1.4011466389330014,-0.10630783130104726,0.19621465204044783,0.46746203303337097,0.5331028699874878,0.011955700814723969,0.7329480648040771
1787653865.4697783,1.629266087977378,-0.555938505447871,0.1961924321574397,0.46746203303337097,0.533102810382843,1.7281113287026528e-06,0.8047419190406799
1787653865.4699552,1.3604411074917537,-0.12018957616457263,0.196214688902693,0.46746203303337097,0.533102810382843,0.012821360491216183,0.7331318259239197
1787653865.7697034,1.5703846689387924,-0.5786016639919997,0.19619254564403563,0.46746203303337097,0.533102810382843,5.749553793066298e-07,0.804628849029541
1787653865.7698731,1.3192127018534034,-0.1324440209287858,0.19621460769350788,0.46746203303337097,0.5331028699874878,0.017977528274059296,0.7329835295677185
1787653866.1218102,1.5106128792974303,-0.5988960284762879,0.1961925138526702,0.46746203303337097,0.533102810382843,1.2870018508692738e-06,0.8138564229011536
1787653866.1218874,1.2775055207958388,-0.14303973651298335,0.196214647015185,0.46746203303337097,0.533102810382843,0.019625604152679443,0.7470238208770752
1787653866.5698879,1.4514027593746872,-0.616982311320916,0.1961937851829108,0.46746203303337097,0.5331028699874878,1.2660785841944744e-06,0.7316625118255615
1787653866.5700908,1.235538398000162,-0.15271237145123095,0.19621432215806917,0.46746203303337097,0.533102810382843,0.020764457061886787,0.6854897141456604
1787653867.5697358,1.3733867730969187,-0.6422698436786994,0.19619898710508643,0.46746203303337097,0.533102810382843,1.7640358009884949e-06,0.2014997899532318
1787653867.5699234,1.1705554909611695,-0.17215978122818568,0.1962120232964264,0.46746203303337097,0.5331028699874878,0.02324075438082218,0.2368517518043518
1787653867.9196439,1.2399973903021762,-0.7030057939765094,0.19620097632326594,0.46746188402175903,0.5331028699874878,1.8122229903383413e-06,0.7184913158416748
1787653867.9197958,1.0273120651099883,-0.2372709419438582,0.1961939039995132,0.46746203303337097,0.533102810382843,0.019564850255846977,0.7418619990348816
1787653868.2205093,1.1984323662510301,-0.7263471917346562,0.19619923835672692,0.46746188402175903,0.5331028699874878,2.1249327346595237e-06,0.7757543325424194
1787653868.2205982,0.9773765247834143,-0.26452653943628174,0.19619125410552146,0.46746203303337097,0.533102810382843,0.02780049666762352,0.7936825752258301
1787653868.5778368,1.1569322354017872,-0.7513225682209996,0.19620589533467778,0.46746203303337097,0.533102810382843,2.446254484311794e-06,0.7899248600006104
1787653868.5779412,0.9275399776974727,-0.29358553468195886,0.19619065734414184,0.46746203303337097,0.533102810382843,0.027579709887504578,0.7985405325889587
1787653868.9211361,1.1139902006664668,-0.776924089062677,0.19621291094235718,0.46746203303337097,0.5331028699874878,2.3763825538480887e-06,0.7407686114311218
1787653868.9212182,0.8796357997558756,-0.3217076409709845,0.19620023729257305,0.46746203303337097,0.533102810382843,0.027886375784873962,0.7395779490470886
1787653870.3697777,1.069798382053612,-0.8021947660620096,0.1962109930066111,0.46746203303337097,0.5331028699874878,2.3763825538480887e-06,0.2530139088630676
1787653870.3699298,0.8336039118581652,-0.34793033624056,0.19620405862121887,0.46746203303337097,0.533102810382843,0.024963537231087685,0.20151379704475403
1787653870.7696733,0.8719112698509985,-0.891556351942821,0.19619805139330054,0.46746203303337097,0.533102810382843,2.5073750293813646e-05,0.8751101493835449
1787653870.769791,0.6610338652312198,-0.4250001173002841,0.19620975626435194,0.46746203303337097,0.533102810382843,0.013624405488371849,0.8340953588485718
1787653871.0695143,0.8171150273187214,-0.9095929538962686,0.1961976579866359,0.46746203303337097,0.533102810382843,0.00012367867748253047,0.8332226276397705
1787653871.0696473,0.6170446945531235,-0.43830125888191906,0.196210210446274,0.46746188402175903,0.5331028699874878,0.01050238125026226,0.7613063454627991
1787653871.4197202,0.733826957796947,-0.9361661238007507,0.19619743139756132,0.46746203303337097,0.5331028699874878,0.00020361505448818207,0.8771660327911377
1787653871.419921,0.5522090179339452,-0.4574606572104608,0.1962107164224632,0.46746203303337097,0.533102810382843,0.0011609377106651664,0.8308699727058411
1787653871.7713392,0.6758070546208709,-0.9501496387563615,0.19619699273297259,0.46746203303337097,0.533102810382843,0.00019133530440740287,0.8814595937728882
1787653871.7714877,0.50643878375113,-0.4669743200334431,0.19621112073146796,0.46746203303337097,0.533102810382843,0.00024598403251729906,0.8312926888465881
1787653872.1200895,0.616535897634399,-0.9625286977235163,0.1961964305245121,0.46746203303337097,0.533102810382843,0.00021884638408664614,0.8855997323989868
1787653872.1202676,0.46035223254927715,-0.47493187396895076,0.19621143177565623,0.46746203303337097,0.533102810382843,0.0001514786563348025,0.8317543268203735
1787653872.4696212,0.5561163131674287,-0.9731372224127457,0.19619596211798934,0.46746203303337097,0.533102810382843,0.00020879528892692178,0.889592707157135
1787653872.4697793,0.41402250419426406,-0.4812496852656154,0.19621179968204688,0.46746203303337097,0.533102810382843,2.0127026800764725e-06,0.8322702646255493
1787653872.821239,0.4946623692721929,-0.9818238720731185,0.196195551046888,0.46746203303337097,0.533102810382843,0.00020969982142560184,0.8933008909225464
1787653872.821335,0.36752785790867976,-0.4858593413435308,0.19621224058965034,0.46746203303337097,0.533102810382843,2.075419160973979e-06,0.8327601552009583
1787653873.169936,0.43229109381147945,-0.9884362645683717,0.19619512178509754,0.46746203303337097,0.533102810382843,0.0001815224386518821,0.8911015391349792
1787653873.1702578,0.3209335535545855,-0.48869283246959455,0.19621250191952486,0.46746203303337097,0.533102810382843,2.0108811895624967e-06,0.832974910736084
1787653873.6696303,0.37040928943165574,-0.9932985997893841,0.19619590603140216,0.46746203303337097,0.533102810382843,0.00023266648349817842,0.8103941082954407
1787653873.6698227,0.27440238846857956,-0.490380440746255,0.19621240257421543,0.46746203303337097,0.533102810382843,1.7364820905640954e-06,0.7913487553596497
1787653875.3196402,0.3148429470129902,-0.9963363274146592,0.19620108644617826,0.46746203303337097,0.533102810382843,0.00017551964265294373,0.496748685836792
1787653875.3197923,0.22577741016193673,-0.49214258481673456,0.19620948475361152,0.46746203303337097,0.533102810382843,1.6746954543123138e-06,0.46644458174705505
1787653875.672988,0.06298299267679583,-1.0356430955531262,0.19619976666381403,0.46746203303337097,0.533102810382843,1.187200723506976e-06,0.8962158560752869
1787653875.6730852,-0.006826800723155561,-0.5284246093955871,0.19620651282861593,0.46746203303337097,0.533102810382843,1.9839260403387016e-06,0.8418175578117371
1787653876.019739,0.009084668504843588,-1.0399019703880779,0.19619753002471982,0.46746203303337097,0.533102810382843,1.0099035989696858e-06,0.8860659599304199
1787653876.0199668,-0.0476695678595571,-0.5310572430461402,0.19620806582084363,0.46746203303337097,0.533102810382843,1.9839260403387016e-06,0.8457725644111633
1787653876.3696861,-0.0450698201832679,-1.0418761450231222,0.1961979194197813,0.46746203303337097,0.533102810382843,1.231871465279255e-06,0.8799834251403809
1787653876.369838,-0.09051283530929123,-0.5318968001048128,0.19620944972834045,0.46746203303337097,0.533102810382843,2.2815177089796634e-06,0.8411512970924377
1787653876.8696747,-0.10001190976145866,-1.0418180428210664,0.1961983126327691,0.46746203303337097,0.533102810382843,1.5331735312429373e-06,0.7046441435813904
1787653876.8700025,-0.13437602624550563,-0.5309725599480123,0.19620955839574233,0.46746203303337097,0.533102810382843,1.9986575807706686e-06,0.6908202767372131
1787653878.1696093,-0.17861582625190503,-1.0409690659040205,0.19620151975043756,0.46746203303337097,0.533102810382843,1.9858650830428815e-06,0.3134595453739166
1787653878.16974,-0.20545866955198366,-0.5296732007651355,0.19620896598711837,0.46746203303337097,0.533102810382843,1.8521417359806946e-06,0.29249581694602966
1787653879.1197855,-0.3781104879852187,-1.050718145067697,0.1962048990786548,0.46746203303337097,0.533102810382843,1.6819918755572871e-06,0.42085421085357666
1787653879.1198518,-0.40548521730739656,-0.5394504811243146,0.19620554237437998,0.46746203303337097,0.533102810382843,1.604664134902123e-06,0.3939659297466278
1787653880.36966,-0.5376808909942807,-1.0515677308150568,0.19620304206857164,0.46746203303337097,0.533102810382843,1.4707685522807878e-06,0.12654490768909454
1787653880.3697894,-0.5479996589806457,-0.5396717228082244,0.19620677202369252,0.46746203303337097,0.533102810382843,2.100001665894524e-06,0.10971183329820633
1787653881.7195618,-0.7364052683595436,-1.0565107649789933,0.1962049801903714,0.46746203303337097,0.533102810382843,8.274702167909709e-07,6.626186177527416e-07
1787653881.7196805,-0.7491611286656038,-0.5446696880538882,0.19620500930234966,0.46746203303337097,0.533102810382843,1.5225353990899748e-06,1.3873068382963538e-07
1787653883.1134832,-0.9363430292308069,-1.0614936822537857,0.1962049749104282,0.46746203303337097,0.533102810382843,8.695842268480192e-08,3.8144178233778803e-06
1787653883.1136494,-0.9490990622243497,-0.5496526096323451,0.1962049466097564,0.46746203303337097,0.533102810382843,4.822239816348883e-07,3.180553676429554e-06
1787653884.4749923,-1.1362808064597296,-1.0664762959439298,0.19620484052675383,0.46746203303337097,0.533102810382843,4.3909881242143456e-07,2.5782255761441775e-06
1787653884.4751182,-1.1490367428635768,-0.554635220915316,0.19620495859083878,0.46746203303337097,0.533102810382843,2.5951354473363608e-05,2.090388079523109e-06
1787653885.8696473,-1.361210557748527,-1.0720820716464299,0.19620486274074675,0.48982444405555725,0.5404852628707886,3.6875221098853217e-07,4.461855951376492e-06
1787653885.8698597,-1.373966568217172,-0.5602409984636334,0.19620477904328423,0.46746203303337097,0.533102810382843,0.00023506060824729502,4.046191406814614e-06
1787653887.219661,-1.5611480805998634,-1.0770647445810067,0.1962048170830563,0.5191097855567932,0.5508501529693604,4.822239816348883e-07,1.0240086339763366e-05
1787653887.2198105,-1.5739040446478838,-0.5652236702413197,0.19620484412060293,0.46746203303337097,0.533102810382843,0.00019941900973208249,9.251640221918933e-06
1787653888.8196583,-1.7610856877332113,-1.0820477996794475,0.19620505239914024,0.5191097855567932,0.5508501529693604,7.590659515699372e-05,1.169621646113228e-05
1787653888.8197794,-1.7738415570417967,-0.5702067229787808,0.19620476154652308,0.46746203303337097,0.533102810382843,0.00023301877081394196,1.328398775513051e-05
1787653890.1750398,-1.9860159566783198,-1.0876527187862541,0.19620450878218787,0.49268975853919983,0.5414625406265259,6.529346137540415e-05,1.795862044673413e-05
1787653890.175143,-1.998771261990532,-0.5758116280302072,0.19620473790617182,0.46746203303337097,0.533102810382843,0.00011905559222213924,2.0507179215201177e-05
1787653891.6697059,-2.185951129073077,-1.0926356645840485,0.19620458140956462,0.4944160282611847,0.5420549511909485,6.503476015495835e-07,2.5053584977285936e-05
1787653891.669897,-2.1987071786221914,-0.5807945923752331,0.19620440567419753,0.46746203303337097,0.533102810382843,2.5827415811363608e-05,2.3715643692412414e-05
1787653893.2196562,-2.3858879995412163,-1.097618703292637,0.1962047813595612,0.496395468711853,0.5427375435829163,5.756535301770782e-07,5.623909964924678e-05
1787653893.219763,-2.3986440649609806,-0.5857776314797352,0.19620412829334632,0.46746203303337097,0.533102810382843,5.867306072104839e-07,5.041873373556882e-05
1787653894.519587,-2.6108159231138632,-1.1032249382372266,0.1962036981053704,0.498687744140625,0.5435328483581543,3.9555919784106663e-07,2.339828643016517e-05
1787653894.5197368,-2.623572549543744,-0.5913838804056946,0.19620353423810563,0.46746203303337097,0.533102810382843,3.730054913830827e-07,7.005382485658629e-06
1787653896.1220896,-2.810749375593839,-1.108209408532924,0.19620320955771292,0.46746203303337097,0.533102810382843,5.559804208132846e-07,0.8386440277099609
1787653896.1222274,-2.823509327820516,-0.596368433601306,0.19620368280117267,0.46746203303337097,0.533102810382843,8.871932664078486e-07,0.7914563417434692
1787653896.8742003,-3.042253390256568,-1.1090854942989685,0.19620239233799494,0.46746203303337097,0.533102810382843,0.0,0.5003698468208313
1787653896.875922,-3.0411285108598705,-0.5970867300184599,0.19620703725015767,0.46746203303337097,0.533102810382843,7.108489512575034e-07,0.5209487080574036
1787653898.2196288,-3.1440521736748432,-1.1045795174631212,0.19620352435295457,0.46746203303337097,0.533102810382843,7.5890989137406e-07,0.13062044978141785
1787653898.2204552,-3.1381426705185356,-0.5926136223438963,0.1962062106831366,0.46746203303337097,0.533102810382843,6.065420166123658e-07,0.11380404233932495
1787653899.569703,-3.34279001605462,-1.103243610569997,0.19620474680947006,0.46746203303337097,0.533102810382843,8.09186929018324e-07,0.12500397861003876
1787653899.5699737,-3.339344951182836,-0.591255201005872,0.19620491089084682,0.46746203303337097,0.533102810382843,4.1931082250812324e-07,0.1250039041042328
1787653900.9695964,-3.517785729653845,-1.1020660253024035,0.19620484784214723,0.46746203303337097,0.533102810382843,7.324630360017181e-07,0.11110642552375793
1787653900.9697697,-3.5143406977139007,-0.5900776155166956,0.1962046608013259,0.46746203303337097,0.533102810382843,4.7361652377730934e-07,0.11110688745975494
1787653902.2700095,-3.7427805492812536,-1.1005521025114409,0.19620473609527136,0.46746203303337097,0.533102810382843,0.00092787150060758,0.00038060121005401015
1787653902.2750437,-3.7393354632928753,-0.588563693089379,0.19620473386326562,0.46746203303337097,0.533102810382843,1.2630393939616624e-06,3.731304968823679e-05
1787653903.8198755,-3.9420862167024633,-1.0989549891567858,0.1976445129272374,0.5388528108596802,0.39216309785842896,0.06027226895093918,0.04407299682497978
1787653903.8200488,-3.93872472597643,-0.586966348898534,0.19706777502723988,0.4949430525302887,0.47121095657348633,0.058300405740737915,0.039460718631744385
1787653905.4697466,-4.1499400955610195,-1.0966464010109889,0.22433963711756078,0.6752291321754456,0.22629089653491974,0.21666137874126434,0.1341499388217926
1787653905.4699852,-4.1456408324493506,-0.5846665443763674,0.22287582801482736,0.5925970077514648,0.3166441321372986,0.2183544933795929,0.08543148636817932
1787653908.2695975,-4.334699048337483,-1.0979309392883922,0.2524282168069584,0.7817341685295105,0.1311502456665039,0.3384449779987335,0.04438966512680054
1787653908.2697685,-4.3205603617458435,-0.5861351517848972,0.24940010928893802,0.7406681776046753,0.16659854352474213,0.34239718317985535,0.09983372688293457
1787653908.6277514,-4.498527971380941,-1.088627595745792,0.2925746071832138,0.8157030940055847,0.10095257312059402,0.3703444004058838,0.57940274477005
1787653908.628072,-4.49747647245146,-0.5766837290812084,0.3000827184314949,0.8157030940055847,0.10095257312059402,0.3809913396835327,0.5531744956970215
1787653908.9696736,-4.5065622325817705,-1.0742789027052528,0.29814250286972926,0.8157030940055847,0.10095257312059402,0.3713340759277344,0.48122355341911316
1787653908.9698625,-4.531024348000833,-0.562918181478032,0.3056136269619201,0.8157030940055847,0.10095257312059402,0.37818682193756104,0.45019248127937317
1787653910.3696063,-4.515500612120033,-1.0615102865867445,0.30384440388621897,0.8157030940055847,0.10095257312059402,0.3719808757305145,0.07234411686658859
1787653910.3697653,-4.564340315752497,-0.5518863582584834,0.31033555358134185,0.8157030940055847,0.10095257312059402,0.37713906168937683,0.12804079055786133
1787653911.176138,-4.6101683752574205,-1.0651704301725267,0.30927991509334296,0.8157030940055847,0.10095257312059402,0.37069961428642273,0.15928690135478973
1787653911.1762805,-4.674528847103109,-0.5573739900603789,0.32130094139022525,0.8157030940055847,0.10095257312059402,0.37297195196151733,0.10228371620178223
1787653912.522584,-4.677633673655635,-1.0672817360905658,0.3100421185001003,0.8157030940055847,0.10095257312059402,0.37301161885261536,0.05873045697808266
1787653912.5226645,-4.759201033220266,-0.5620239552686094,0.32437183491481225,0.8157030940055847,0.10095257312059402,0.37053853273391724,0.10238751769065857
1787653913.819656,-4.834276311728249,-1.0902810464540615,0.3152771652037478,0.8157030940055847,0.10095257312059402,0.37756502628326416,0.13781991600990295
1787653913.8197627,-4.92557495637243,-0.5867466769161773,0.3314541915133218,0.8157030940055847,0.10095257312059402,0.3717319667339325,0.13777044415473938
1787653915.119606,-5.003802022188124,-1.1219417401034901,0.3452146480134434,0.8157030940055847,0.10095257312059402,0.3781672716140747,0.09785271435976028
1787653915.1198149,-5.095094409200081,-0.6184037507525575,0.3613141310510764,0.8157030940055847,0.10095257312059402,0.3777405321598053,0.09784596413373947
1787653916.569525,-5.221722665695273,-1.1626799664141114,0.38364153973129334,0.8157030940055847,0.10095257312059402,0.36839166283607483,0.014662601985037327
1787653916.5696273,-5.313016774900293,-0.6591422835553458,0.39974084299843193,0.8157030940055847,0.10095257312059402,0.37035325169563293,0.014666835777461529
1787653917.9261532,-5.43964309212573,-1.2034191519256008,0.422064491801424,0.8157030940055847,0.10095257312059402,0.36211150884628296,0.014704342000186443
1787653917.9262695,-5.530937787341295,-0.6998815653861182,0.43816348454912024,0.8157030940055847,0.10095257312059402,0.36209413409233093,0.014710095711052418
1787653919.4210782,-5.6333507162459,-1.2396330104878095,0.45621844883907103,0.8157030940055847,0.10095257312059402,0.36443600058555603,0.014659835025668144
1787653919.421166,-5.724646691794435,-0.7360956857119851,0.4723183682875365,0.8157030940055847,0.10095257312059402,0.36452069878578186,0.014662748202681541
1787653920.9720116,-5.851272837545438,-1.280372697444664,0.4946406984274909,0.8157030940055847,0.10095257312059402,0.36968162655830383,0.014601783826947212
1787653920.9722466,-5.9425690376874405,-0.7768355544168615,0.5107450280015498,0.8157030940055847,0.10095257312059402,0.3693176209926605,0.014609575271606445
1787653922.2255335,-6.069191457011345,-1.321112226189921,0.5330704408618778,0.8157030940055847,0.10095257312059402,0.37006041407585144,0.014702674932777882
1787653922.2281597,-6.160488265296158,-0.8175750434466937,0.5491700803615573,0.8157030940055847,0.10095257312059402,0.37043511867523193,0.014705151319503784
1787653923.726079,-6.262902930208697,-1.3573269243452613,0.5672247142458772,0.8157030940055847,0.10095257312059402,0.3703969419002533,0.014653269201517105
1787653923.7269921,-6.354200338851679,-0.8537899211314661,0.583326564125532,0.8157030940055847,0.10095257312059402,0.3705434501171112,0.014649438671767712
1787653925.0696435,-6.480824744377835,-1.3980662087979439,0.6056503853071038,0.8157030940055847,0.10095257312059402,0.37047481536865234,0.0012224846286699176
1787653925.0697966,-6.572120531720503,-0.894528984348759,0.621754509235263,0.8157030940055847,0.10095257312059402,0.370392769575119,0.0016484116204082966
1787653926.4226599,-6.67272574480397,-1.4340180867019892,0.6415460150474106,0.8157030940055847,0.10095257312059402,0.37329402565956116,0.03447948396205902
1787653926.4227417,-6.763989562722048,-0.9304757156303368,0.6576704088206493,0.80776447057724,0.11080402880907059,0.3921351730823517,0.03213551267981529
1787653927.7696555,-6.85829235926551,-1.468996537121204,0.6835417942703413,0.7997792959213257,0.12071327120065689,0.4264909029006958,0.04358486086130142
1787653927.76976,-6.949534191242854,-0.965450283167723,0.6996693553641627,0.7892813086509705,0.1337408423423767,0.46237123012542725,0.04074498638510704
1787653929.1197345,-7.043876216172939,-1.5039973552191985,0.7254713011469689,0.7755268216133118,0.15080946683883667,0.5097329616546631,0.014922048896551132
1787653929.1198545,-7.135175887874591,-1.0004629195098467,0.7416404694012446,0.7632215023040771,0.16607986390590668,0.5418660640716553,0.022801868617534637
1787653930.5695503,-7.233501826883955,-1.5426257113307282,0.7638326815111599,0.7549464106559753,0.17634867131710052,0.5521649122238159,0.03163262829184532
1787653930.5696964,-7.3228783567820175,-1.0390476694118331,0.7876022334739606,0.7466114163398743,0.18669192492961884,0.5568932294845581,0.03136947751045227
1787653931.9270713,-7.447270123529667,-1.5833307702966137,0.8209031556207188,0.7466114163398743,0.18669192492961884,0.5539606213569641,0.032709259539842606
1787653931.9272103,-7.536569130341257,-1.07974669621052,0.8448357214947634,0.7466114163398743,0.18669192492961884,0.5539819598197937,0.03271499276161194
1787653933.3696294,-7.6610298711928415,-1.6239608791624849,0.8781810897318946,0.7466114163398743,0.18669192492961884,0.5539310574531555,0.03270569071173668
1787653933.3698382,-7.750326883784622,-1.1203762816975646,0.9021100834064647,0.7466114163398743,0.18669192492961884,0.5530358552932739,0.03272298723459244
1787653934.920159,-7.874787478909903,-1.6645876128432948,0.9354568772932037,0.7466114163398743,0.18669192492961884,0.5557177662849426,0.03268429636955261
1787653934.9203503,-7.964085071425798,-1.1610031447390314,0.9593864292115173,0.7466114163398743,0.18669192492961884,0.5536465048789978,0.03270316123962402
1787653936.2695556,-8.088544340503326,-1.705214404682903,0.9927350048265627,0.7466114163398743,0.18669192492961884,0.5552815198898315,0.03264305368065834
1787653936.2696743,-8.177842709258048,-1.2016299082526367,1.0166610636917532,0.7466114163398743,0.18669192492961884,0.5557610392570496,0.03264237195253372
1787653942.270666,-8.464194917139633,-1.7768123346511853,1.0933855281151648,0.7466114163398743,0.18669192492961884,0.5552147030830383,0.0961904525756836
1787653942.2707632,-8.553463082205322,-1.2732222073032162,1.1173057777681443,0.7466114163398743,0.18669192492961884,0.5556472539901733,0.0961989313364029
1787653943.7695897,-8.678823890287562,-1.81805669308161,1.1508907960674641,0.7466154098510742,0.18648122251033783,0.48602306842803955,0.03294920548796654
1787653943.7697487,-8.768091277116566,-1.3144663233708498,1.1748088474784921,0.7466114163398743,0.18669192492961884,0.5557055473327637,0.03295157104730606
1787653945.3256202,-8.8925875886211,-1.8586692802551226,1.2081678439471282,0.7466220259666443,0.1862691044807434,0.519237220287323,0.032848771661520004
1787653945.3257115,-8.98185547518156,-1.3550790027141932,1.2320859708654095,0.7466114163398743,0.18669192492961884,0.5560539364814758,0.03284849599003792
1787653946.9195552,-9.1063457059336,-1.8992822696500045,1.2654482424132192,0.7466210722923279,0.18629413843154907,0.6381095051765442,0.032924070954322815
1787653946.9197276,-9.195612911771937,-1.3956920005084195,1.2893690866232863,0.7466114163398743,0.18669192492961884,0.5551465153694153,0.03292584419250488
1787653948.619781,-9.320108173397497,-1.9398946178080334,1.3227270972964005,0.7466114163398743,0.18669192492961884,0.5720938444137573,0.03305927664041519
1787653948.6200066,-9.409375572919458,-1.4363043266536457,1.3466467552710768,0.7466114163398743,0.18669192492961884,0.5545197129249573,0.03305751457810402
1787653950.271051,-9.533878332112355,-1.980507863934831,1.3799989343038068,0.7466114163398743,0.18669192492961884,0.5558305978775024,0.032906509935855865
1787653950.2711458,-9.62314556663408,-1.4769175069485607,1.4039178220556199,0.7466114163398743,0.18669192492961884,0.5550858378410339,0.03290986269712448
1787653951.8197143,-9.747641098377182,-2.0211193428955423,1.4372771062793173,0.7466114163398743,0.18669192492961884,0.5556227564811707,0.03295275196433067
1787653951.8198557,-9.836908637613194,-1.5175290101310006,1.461195366768857,0.7466114163398743,0.18669192492961884,0.5555335283279419,0.0329536572098732
1787653953.3197007,-9.961404884054291,-2.061732247534305,1.494554149133386,0.7466114163398743,0.18669192492961884,0.5554069876670837,0.14021359384059906
1787653953.3198469,-10.050672544746453,-1.5581419257659386,1.5184721878444054,0.7466114163398743,0.18669192492961884,0.5558903217315674,0.14021478593349457
1787653954.6196046,-10.151408843006159,-2.0978323793878983,1.545473770417538,0.7466114163398743,0.18669192492961884,0.5554348230361938,0.004011355806142092
1787653954.6197696,-10.240675918438317,-1.594242028952241,1.5693933898100156,0.7466114163398743,0.18669192492961884,0.5554912090301514,0.004643291234970093
1787653955.719783,-10.337689811917167,-2.133307958092205,1.5969882759597176,0.7466114163398743,0.18669192492961884,0.5570078492164612,0.2515832781791687
1787653955.7200158,-10.42693832573802,-1.6297143102650593,1.6209077376785344,0.7425045967102051,0.19178828597068787,0.568882942199707,0.24952195584774017
1787653956.7198663,-10.50038830364278,-2.1648311596977723,1.6479691699951489,0.737280547618866,0.19827115535736084,0.5824097394943237,0.15106694400310516
1787653956.7200692,-10.58960238199635,-1.6612322000155433,1.6719052521829205,0.7278681993484497,0.20995144546031952,0.6216037273406982,0.148080512881279
1787653957.7195528,-10.6589725402666,-2.1953435788783495,1.69871287489948,0.7175275087356567,0.2227836549282074,0.6438605785369873,0.1446971297264099
1787653957.7197404,-10.748221456888409,-1.6917513660204986,1.7226610278714047,0.7066707611083984,0.2362564206123352,0.6874101161956787,0.1429627537727356
1787653958.9194942,-10.817954307739845,-2.226310547528192,1.7489999218984886,0.6929908394813538,0.253232479095459,0.7173691987991333,0.044157616794109344
1787653958.919639,-10.906954018394467,-1.7227184467878827,1.7738604845501094,0.6843738555908203,0.26392585039138794,0.7367662787437439,0.033729080110788345
1787653960.0195327,-11.027889648324525,-2.269491962752587,1.816812883561049,0.6739140152931213,0.2764628529548645,0.7405689358711243,0.05841859057545662
1787653960.019674,-11.114503615204747,-1.765857624914004,1.8483481731770268,0.6739140152931213,0.2764628529548645,0.7414013743400574,0.058398108929395676
1787653961.1196375,-11.212747024864509,-2.3054986793772763,1.8840917285786967,0.6739140152931213,0.2764628529548645,0.7383800745010376,0.05868549644947052
1787653961.1197848,-11.299359058776162,-1.801864096289691,1.9156284103933863,0.6739140152931213,0.2764628529548645,0.7384078502655029,0.05867622792720795
1787653962.1693854,-11.397607128359102,-2.3414998698200735,1.9513770778112247,0.6739140152931213,0.2764628529548645,0.7385417222976685,0.05846567079424858
1787653962.1695316,-11.484221127896507,-1.8378655821544463,1.9829130790109744,0.6739140152931213,0.2764628529548645,0.7367137670516968,0.05846183001995087
1787653963.2701137,-11.582469445600765,-2.3775040209807425,2.0186613053466775,0.6739140152931213,0.2764628529548645,0.7401168346405029,0.05846386030316353
1787653963.2702765,-11.669084753078522,-1.8738698737727486,2.0501959573442905,0.6739140152931213,0.2764628529548645,0.7377704977989197,0.058445826172828674
1787653964.2695227,-11.767330389608512,-2.413510395940551,2.085942322557949,0.6739140152931213,0.2764628529548645,0.739959180355072,0.05836358666419983
1787653964.2697232,-11.853944309217605,-1.909876224499195,2.117480399330774,0.6739140152931213,0.2764628529548645,0.7402674555778503,0.05833868682384491
1787653965.2195065,-11.952195173945803,-2.449516109943367,2.1532221455747735,0.6739140152931213,0.2764628529548645,0.7395669221878052,0.05900105834007263
1787653965.2196786,-12.038805806134231,-1.945881572312741,2.184763402643996,0.6739140152931213,0.2764628529548645,0.7413089275360107,0.05905180796980858
1787653966.2194958,-12.137050025255883,-2.4855209868087127,2.2205249938781217,0.6739140152931213,0.2764628529548645,0.7403651475906372,0.10851306468248367
1787653966.2196715,-12.223675423821623,-1.981888165632363,2.252053104466571,0.6739140152931213,0.2764628529548645,0.7415410280227661,0.10849663615226746
1787653971.069552,-12.33038436254687,-2.5230701988827913,2.2908897532037558,0.6739140152931213,0.2764628529548645,0.7411888241767883,0.05817197263240814
1787653971.0696933,-12.417000302885821,-2.019435557175765,2.3224147679037563,0.6739140152931213,0.2764628529548645,0.741772472858429,0.058184586465358734
1787653972.0195205,-12.119260165578202,-2.482341290885843,2.2140451820412115,0.6739140152931213,0.2764628529548645,0.7401863932609558,0.03368733823299408
1787653972.0196784,-12.205873069793858,-1.9787061802145973,2.2455710463829237,0.6739140152931213,0.2764628529548645,0.7414789795875549,0.03369175270199776
1787653975.9194634,-11.865106900640512,-2.4349535027478764,2.121538239636698,0.6739140152931213,0.2764628529548645,0.7393634915351868,0.06170714646577835
1787653975.919569,-11.951712614193355,-1.9313171995406047,2.1530648073489678,0.6739140152931213,0.2764628529548645,0.7408882975578308,0.06173620745539665
1787653976.8695886,-12.071609194104415,-2.476079772192146,2.1967033389648667,0.6739140152931213,0.2764628529548645,0.7395371794700623,0.05846389755606651
1787653976.8698022,-12.15821179110026,-1.972442626996025,2.2282250167799176,0.6739140152931213,0.2764628529548645,0.7413907647132874,0.05846633017063141
1787653982.5697732,-12.334268162162578,-2.5271141896395815,2.2923028638512406,0.6739140152931213,0.2764628529548645,0.7411811947822571,0.08096969127655029
1787653982.5700986,-12.42087130492,-2.0234770695046285,2.32382344263255,0.6739140152931213,0.2764628529548645,0.7416796088218689,0.08097411692142487
1787653983.6197267,-12.123319333594678,-2.4859853477853995,2.215523484706226,0.6739140152931213,0.2764628529548645,0.7403651475906372,0.05810345336794853
1787653983.6198845,-12.209920451515972,-1.9823478995927506,2.2470443849595285,0.6739140152931213,0.2764628529548645,0.7415410280227661,0.05810818076133728
1787653984.7223096,-11.915339976873213,-2.445482636840573,2.139829577321161,0.6739140152931213,0.2764628529548645,0.7392573356628418,0.05799078196287155
1787653984.7229507,-12.001943225265123,-1.9418449091094714,2.171340156081675,0.6739140152931213,0.2764628529548645,0.7412376403808594,0.05798572674393654
1787653985.8707447,-11.707354362341436,-2.4049851389302783,2.0641273977584476,0.6739140152931213,0.2764628529548645,0.7400177121162415,0.0582677461206913
1787653985.8708253,-11.793960985617344,-1.9013486140354463,2.095647924349894,0.6739140152931213,0.2764628529548645,0.7391758561134338,0.05826994776725769
1787653986.869605,-11.49937502460693,-2.36448293934895,1.9884279758647476,0.6739140152931213,0.2764628529548645,0.73984295129776,0.058289747685194016
1787653986.8697307,-11.585982644905545,-1.8608466470923182,2.019949480083353,0.6739140152931213,0.2764628529548645,0.7372806072235107,0.05829240009188652
1787653987.921572,-11.314504339903353,-2.328479971490984,1.9211390257919874,0.6739140152931213,0.2764628529548645,0.7382636666297913,0.05832497030496597
1787653987.9216564,-11.401112157625898,-1.8248438659256965,1.952662970347978,0.6739140152931213,0.2764628529548645,0.7372546195983887,0.05833248049020767
1787653988.9700186,-11.129633787150071,-2.292477034466306,1.853852817312681,0.6739140152931213,0.2764628529548645,0.7391327619552612,0.058344483375549316
1787653988.9729514,-11.21624240144608,-1.7888410078210333,1.8853758342160027,0.6739140152931213,0.2764628529548645,0.739529013633728,0.05835169926285744
1787653990.1254115,-10.944763804072354,-2.2564745927940537,1.7865658678630947,0.6827228665351868,0.26597461104393005,0.7380578517913818,0.00043583306251093745
1787653990.1257272,-11.031373164396884,-1.752838633403675,1.818087909565815,0.6739140152931213,0.2764628529548645,0.74149090051651,0.01073435414582491
1787653991.0733306,-10.73645596335468,-2.2135533404977115,1.7216781307272304,0.702133059501648,0.24188748002052307,0.6827530860900879,0.18696020543575287
1787653991.0734184,-10.825731861289748,-1.70996629152529,1.745634302273113,0.6919093132019043,0.2545746862888336,0.7163054943084717,0.18971551954746246
1787653992.0194225,-10.577313190523611,-2.183027005891759,1.672275359955956,0.7300903797149658,0.20719382166862488,0.6095063090324402,0.17985227704048157
1787653992.0195816,-10.666547642565337,-1.6794321038816804,1.6962208655524678,0.7175275087356567,0.2227836549282074,0.6514802575111389,0.1823236644268036
1787653993.069472,-10.418261896096704,-2.1524926747588182,1.6228727295452399,0.7466114163398743,0.18669192492961884,0.5584708452224731,0.14755234122276306
1787653993.0696015,-10.507529927798318,-1.6489040664999774,1.6468254360320507,0.7378661036491394,0.19754458963871002,0.5798532366752625,0.14977215230464935
1787653994.3195722,-10.258170059883467,-2.1217844979558067,1.5740839310189574,0.7466114163398743,0.18669192492961884,0.5554707050323486,0.03317900747060776
1787653994.3197148,-10.347459295714357,-1.6181982495649803,1.5980071999508736,0.7466114163398743,0.18669192492961884,0.557316243648529,0.033180419355630875
1787653995.5695407,-10.068156290474004,-2.085675837852333,1.5231698882006832,0.7466114163398743,0.18669192492961884,0.5554932355880737,0.03298987075686455
1787653995.5696986,-10.157442704805089,-1.5820888934984105,1.5470890372695114,0.7466114163398743,0.18669192492961884,0.5555610656738281,0.032995060086250305
1787653996.869626,-9.878145572103511,-2.049569411988408,1.472257669183194,0.7466114163398743,0.18669192492961884,0.5555177927017212,0.03299398720264435
1787653996.8698635,-9.967432435624067,-1.5459825035558539,1.496175897754808,0.7466114163398743,0.18669192492961884,0.5556823015213013,0.03299282118678093
1787653998.170108,-9.68813470606337,-2.0134615469526524,1.4213430575156425,0.7466114163398743,0.18669192492961884,0.5556740164756775,0.03299182280898094
1787653998.1701853,-9.777420676412302,-1.509874575601048,1.4452632954694733,0.7466114163398743,0.18669192492961884,0.5551581978797913,0.03299735113978386
1787653999.5696633,-9.498124125493941,-1.9773544188212946,1.3704299765122128,0.7466114163398743,0.18669192492961884,0.5558372139930725,0.032995548099279404
1787653999.5699377,-9.587410486756099,-1.4737675441905358,1.3943507915524258,0.7466114163398743,0.18669192492961884,0.5550249814987183,0.03299947828054428
1787654000.97698,-9.308113004784662,-1.9412479826416176,1.3195175418897296,0.7466114163398743,0.18669192492961884,0.572571337223053,0.032982535660266876
1787654000.9770975,-9.397399444608602,-1.4376610561435155,1.3434369717274424,0.7466114163398743,0.18669192492961884,0.5546491146087646,0.032983265817165375
1787654002.1694427,-9.118101978462766,-1.9051408501526552,1.2686037223188227,0.7466202974319458,0.1863163411617279,0.6347243785858154,0.03299858793616295
1787654002.169636,-9.20738800388544,-1.4015539266540369,1.2925247621252072,0.7466114163398743,0.18669192492961884,0.5551661252975464,0.033011578023433685
1787654003.3695135,-8.92809098103792,-1.8690329904894978,1.2176903782644928,0.7466210722923279,0.18629413843154907,0.5366881489753723,0.033038925379514694
1787654003.3696287,-9.017378709685042,-1.365446383026247,1.2416117138604004,0.7466114163398743,0.18669192492961884,0.5560230612754822,0.033035002648830414
1787654004.7714741,-8.738080307490325,-1.8329264353228398,1.1667749974264223,0.7466210722923279,0.18629413843154907,0.46161702275276184,0.03288976848125458
1787654004.771955,-8.827366237778826,-1.3293396361114016,1.1906990086389213,0.7466114163398743,0.18669192492961884,0.5560268759727478,0.03289397805929184
1787654006.171719,-8.524316832717753,-1.7923058599496648,1.1094926977236295,0.7466114163398743,0.18669192492961884,0.5491247773170471,0.03289129585027695
1787654006.171814,-8.613604307143335,-1.288719582202609,1.1334219220229298,0.7466114163398743,0.18669192492961884,0.5557213425636292,0.03288881853222847
1787654007.56946,-8.310551884505166,-1.751685478052508,1.0522124337128955,0.7466114163398743,0.18669192492961884,0.55572909116745,0.03273848444223404
1787654007.5695739,-8.399839590284095,-1.2480993313264928,1.0761435519980946,0.7466114163398743,0.18669192492961884,0.5583705306053162,0.03275008872151375
1787654008.8195496,-8.096787105085612,-1.7110581723451976,0.9949415872104832,0.7466114163398743,0.18669192492961884,0.556096613407135,0.1538398414850235
1787654008.8196836,-8.186079661983316,-1.2074725762826422,1.018866192139118,0.7466114163398743,0.18669192492961884,0.5627173781394958,0.1538422703742981
1787654010.119483,-7.930527023483463,-1.6794625409420842,0.9503920408588578,0.7466114163398743,0.18669192492961884,0.5547975897789001,0.08073177188634872
1787654010.1195686,-8.019819860246049,-1.175877010572931,0.9743169840292987,0.7466114163398743,0.18669192492961884,0.5541643500328064,0.08072496950626373
1787654011.4194558,-7.716765934294722,-1.6388369051070042,0.8931148589190138,0.7466114163398743,0.18669192492961884,0.5541088581085205,0.03300097957253456
1787654011.419641,-7.806058798479105,-1.1352512823826448,0.9170377557141057,0.7466114163398743,0.18669192492961884,0.5527047514915466,0.03300176560878754
1787654012.8194087,-7.526754816813058,-1.6027271355494657,0.8422014445520053,0.7466114163398743,0.18669192492961884,0.553632915019989,0.03299112245440483
1787654012.8195808,-7.616047059732829,-1.0991414378464537,0.8661250818868086,0.7466114163398743,0.18669192492961884,0.5535462498664856,0.03299979865550995
1787654014.2694502,-7.336742291936463,-1.5666166102325718,0.7912885169526238,0.7466114163398743,0.18669192492961884,0.5549263954162598,0.024447085335850716
1787654014.269576,-7.426035553262268,-1.063031062490042,0.8152115097975334,0.7466114163398743,0.18669192492961884,0.5553234219551086,0.029401330277323723
1787654015.6197455,-7.122032162012597,-1.524299442522865,0.7391977245200814,0.7632215023040771,0.16607986390590668,0.5350142121315002,0.052915431559085846
1787654015.6199188,-7.212469583812289,-1.020726450832632,0.7586737297155313,0.7549464106559753,0.17634867131710052,0.5542809963226318,0.05145387351512909
1787654016.919837,-6.934182428404834,-1.4877242756920595,0.6999572942087914,0.7930882573127747,0.12901660799980164,0.4604299068450928,0.07071677595376968
1787654016.920033,-7.025444526870737,-0.9841818025329144,0.7160882305849546,0.7793300151824951,0.14608991146087646,0.5051844120025635,0.07282759994268417
1787654018.228306,-6.748190592721834,-1.452727145588027,0.659565168761575,0.80776447057724,0.11080402880907059,0.391666978597641,0.04931722953915596
1787654018.2284865,-6.839489123711428,-0.949191453244868,0.6757016112331261,0.7997792959213257,0.12071327120065689,0.4228610396385193,0.050892025232315063
1787654019.469492,-6.5613156270769615,-1.417537106476765,0.6198526464384523,0.8157030940055847,0.10095257312059402,0.3705059289932251,0.13944342732429504
1787654019.469639,-6.6526551129344345,-0.9140079844312243,0.6359623197852097,0.8157030940055847,0.10095257312059402,0.37210503220558167,0.13945072889328003
1787654020.7696035,-6.391835831004197,-1.385844109167726,0.5899724283968265,0.8157030940055847,0.10095257312059402,0.37050288915634155,0.09757537394762039
1787654020.7697604,-6.483157531036284,-0.8823113903041219,0.6060705070733706,0.8157030940055847,0.10095257312059402,0.3703800141811371,0.09757839143276215
1787654022.0229664,-6.173918641201716,-1.3450947112471838,0.5515485340566367,0.8157030940055847,0.10095257312059402,0.3701131045818329,0.014863559976220131
1787654022.023058,-6.265235302283038,-0.8415610484254336,0.5676456708912111,0.8157030940055847,0.10095257312059402,0.37040460109710693,0.014879202470183372
1787654023.269602,-5.980215107236437,-1.3088721105451626,0.5173892148451881,0.8157030940055847,0.10095257312059402,0.3700650930404663,0.014878062531352043
1787654023.2698777,-6.0715326693851575,-0.8053387624845894,0.5334910853615106,0.8157030940055847,0.10095257312059402,0.37017732858657837,0.014886250719428062
1787654024.5196466,-5.786509556699125,-1.2726489901068927,0.48323618389944034,0.8157030940055847,0.10095257312059402,0.36794260144233704,0.014868706464767456
1787654024.5198674,-5.877826374894811,-0.7691154427114006,0.4993360398592941,0.8157030940055847,0.10095257312059402,0.3678501546382904,0.01488452684134245
1787654025.9196553,-5.59280520797029,-1.2364298077410796,0.44908165870041566,0.8157030940055847,0.10095257312059402,0.3634185492992401,0.014849686995148659
1787654025.9198167,-5.684122737076459,-0.7328963415040249,0.46518002064319924,0.8157030940055847,0.10095257312059402,0.3635251522064209,0.014865740202367306
1787654027.1198034,-5.39910207803301,-1.2002091513243498,0.41492741329389043,0.8157030940055847,0.10095257312059402,0.36242759227752686,0.014852591790258884
1787654027.119972,-5.490420821314842,-0.6966758547690228,0.4310241951322627,0.8157030940055847,0.10095257312059402,0.36273595690727234,0.014870831742882729
1787654028.5195212,-5.205394142373544,-1.163986379455059,0.38076983525586505,0.8157030940055847,0.10095257312059402,0.36966991424560547,0.014069298282265663
1787654028.51973,-5.296714270702282,-0.6604534173215165,0.39686922055604534,0.8157030940055847,0.10095257312059402,0.37035325169563293,0.014036922715604305
1787654029.7195091,-4.989719608523025,-1.123691963314997,0.3427416717593246,0.8157030940055847,0.10095257312059402,0.3782428801059723,0.014761141501367092
1787654029.7196908,-5.0810305481221345,-0.6201571993940684,0.35883682111006143,0.8157030940055847,0.10095257312059402,0.3757185637950897,0.014769713394343853
1787654030.92611,-4.79601261147463,-1.0874715219528173,0.3085842820433426,0.8157030940055847,0.10095257312059402,0.3763124942779541,0.014859501272439957
1787654030.9262216,-4.887324237567341,-0.5839369875573265,0.3246827171045888,0.8157030940055847,0.10095257312059402,0.370813250541687,0.014867888763546944
1787654032.169514,-4.602308667198489,-1.0512541999266336,0.2744300769452487,0.8157030940055847,0.10095257312059402,0.37069961428642273,0.014845558442175388
1787654032.1697478,-4.693619871340491,-0.547719504240508,0.2905258601948598,0.8157030940055847,0.10095257312059402,0.3713558316230774,0.014851472340524197
1787654033.3694577,-4.408604398794811,-1.0150346252953013,0.24027267576767794,0.8157030940055847,0.10095257312059402,0.3694639503955841,0.0336410291492939
1787654033.3695433,-4.499914811795213,-0.5114998953508282,0.2563718750472265,0.8157030940055847,0.10095257312059402,0.37966176867485046,0.024518929421901703
1787654034.5194151,-4.217613042578611,-0.9732154546290968,0.22864795083207376,0.7144562602043152,0.1897333562374115,0.2729502320289612,0.05046655982732773
1787654034.5195909,-4.311441326042102,-0.46988965095477564,0.23048875986443398,0.7144562602043152,0.1897333562374115,0.34595802426338196,0.05353020504117012
1787654035.7693965,-4.034588761607925,-0.9394700190042771,0.21652132324529635,0.5779632925987244,0.3354853689670563,0.1056557223200798,0.03434351831674576
1787654035.7695403,-4.127799804490312,-0.43602617966642954,0.21656734003745112,0.5779632925987244,0.3354853689670563,0.19232696294784546,0.03240668773651123
1787654037.0695274,-3.8511349600635802,-0.9054985006991649,0.20198871586739134,0.4813496768474579,0.5003486275672913,0.008877639658749104,0.00026990161859430373
1787654037.069798,-3.9445466790596835,-0.4020918642709452,0.2020843935503059,0.48048973083496094,0.5022844076156616,0.04423246160149574,0.00033363650436513126
1787654038.3195362,-3.6448968254503016,-0.8673175895831085,0.19620960375419685,0.46746203303337097,0.533102810382843,7.293351131920645e-07,8.003057155292481e-05
1787654038.3197355,-3.7383590872560073,-0.36392032536947166,0.19621022631112725,0.46746203303337097,0.533102810382843,9.963708862414933e-07,9.158073225989938e-05
1787654039.4193656,-3.448260252599403,-0.8308063110225407,0.1962126560335861,0.46746203303337097,0.533102810382843,3.061688857997069e-07,0.2341957688331604
1787654039.419513,-3.5417240744082594,-0.3274093364618348,0.19620865474953517,0.46746203303337097,0.533102810382843,3.088370021941955e-07,0.21119733154773712
1787654039.920931,-3.2798894859956618,-0.8003695266721678,0.19620872525361396,0.46746203303337097,0.533102810382843,4.6901729433557193e-07,0.5757514238357544
1787654039.9210713,-3.3650698758738993,-0.29550489021011456,0.19620322702991747,0.46746203303337097,0.533102810382843,0.00033665369846858084,0.5409272313117981
1787654040.2194161,-3.214645731029156,-0.7930513324675139,0.1962074659544486,0.46746203303337097,0.533102810382843,3.5158905120624695e-07,0.6727460026741028
1787654040.2195504,-3.2821105810863203,-0.2855156254298216,0.19619805775505578,0.46746203303337097,0.533102810382843,0.000468375685159117,0.6469718813896179
1787654040.5230196,-3.1711301097230398,-0.790956272442773,0.1962090738729552,0.46746203303337097,0.533102810382843,4.5744167209704756e-07,0.6817989945411682
1787654040.5231395,-3.2258629020738243,-0.2818901457830207,0.1961977106459383,0.46746203303337097,0.533102810382843,0.0004477228212635964,0.6581950187683105
1787654040.875543,-3.1262392902565783,-0.7908541876622799,0.19620994660545296,0.46746203303337097,0.533102810382843,3.4864413578361564e-07,0.7165341973304749
1787654040.8757725,-3.16899879123381,-0.2806428344819791,0.1961972145798964,0.46746203303337097,0.533102810382843,0.0004682831931859255,0.7001963257789612
1787654041.3195508,-3.0792927046316896,-0.7915832047282593,0.19620994290950095,0.46746203303337097,0.533102810382843,4.3976757524433197e-07,0.6664569973945618
1787654041.3197277,-3.113487835785886,-0.2807263824255012,0.19619935633988234,0.46746203303337097,0.533102810382843,0.00047197897220030427,0.6618998646736145
1787654042.3194394,-3.0057177044467047,-0.7913049671680231,0.19620819093061342,0.46746203303337097,0.533102810382843,6.356295330078865e-07,0.3696885406970978
1787654042.3196092,-3.0348785663951383,-0.28013606738583186,0.19620310286038506,0.46746203303337097,0.533102810382843,0.00045251051778905094,0.39129334688186646
1787654042.619622,-2.8161909680784887,-0.7709779997762044,0.19619724799361807,0.46746203303337097,0.533102810382843,1.0143191957467934e-06,0.6213087439537048
1787654042.619824,-2.866820451734902,-0.2614874156355079,0.19620477507397496,0.46746203303337097,0.533102810382843,0.0004886340466327965,0.6390484571456909
1787654042.9197693,-2.7594610898713303,-0.7606383985003737,0.19619565627261035,0.46746203303337097,0.533102810382843,7.267345267791825e-07,0.629712700843811
1787654042.9200187,-2.819277545549132,-0.25214455238664796,0.1962053833572239,0.46746203303337097,0.533102810382843,0.00045885221334174275,0.6453427076339722
1787654043.2195637,-2.7026732187910705,-0.7490164808205544,0.1961954038605935,0.46746203303337097,0.533102810382843,5.239479605734232e-07,0.6113877296447754
1787654043.2197526,-2.7711257104471825,-0.2416130355447202,0.19620580980172556,0.46746203303337097,0.533102810382843,0.00047347278450615704,0.6295007467269897
1787654043.471578,-2.645297098232447,-0.7359252361876716,0.1961941567671446,0.46746203303337097,0.533102810382843,3.0486208402180637e-07,0.5930952429771423
1787654043.4716704,-2.723117847145416,-0.2298739236967267,0.19620699486507173,0.46746203303337097,0.533102810382843,0.00048083029105328023,0.6136853694915771
1787654043.769469,-2.587459273340347,-0.7212689983072644,0.19619370186595506,0.49268975853919983,0.5414625406265259,5.707384502784407e-07,0.5750561952590942
1787654043.7696328,-2.675369718913052,-0.21687257349617034,0.19620773735698574,0.46746203303337097,0.533102810382843,0.00047804065980017185,0.5980860590934753
1787654044.0694642,-2.529286280230705,-0.7049519926066588,0.1961930305343395,0.4911710321903229,0.5409435629844666,1.9043530130602448e-07,0.5574043989181519
1787654044.0696292,-2.6279854217229075,-0.2025552577044138,0.19620813899149742,0.46746203303337097,0.533102810382843,0.0013819909654557705,0.5828326344490051
1787654044.3694367,-2.4709081926906125,-0.6868875550256539,0.1961937610049343,0.5745296478271484,0.5732611417770386,2.760431243586936e-07,0.5403022766113281
1787654044.3696008,-2.58106783239566,-0.18687870156390246,0.19620925031530734,0.48982444405555725,0.5404852628707886,0.002307567046955228,0.568071722984314
1787654044.6695294,-2.412466486229595,-0.66699291879705,0.1961935061506081,0.6028293967247009,0.5865639448165894,2.890888310957962e-07,0.5238611102104187
1787654044.6700091,-2.534723237326205,-0.1698035316962491,0.19620637594170137,0.5159464478492737,0.5496881008148193,0.0027971044182777405,0.5539091229438782
1787654044.91943,-2.3540999498000286,-0.6452043898509436,0.19618983778723964,0.6309380531311035,0.6014336943626404,3.533132542088424e-07,0.5330560207366943
1787654044.9196248,-2.489049925867609,-0.15130915433811706,0.19620707405531557,0.5227112770080566,0.5521868467330933,0.002360728569328785,0.5635703206062317
1787654045.5827522,-2.2983942679420504,-0.6228280908752022,0.19619081490079873,0.6845935583114624,0.6361743807792664,7.02704667787657e-08,0.6228624582290649
1787654045.5828495,-2.4458998031694947,-0.13253622185951816,0.19620676396337713,0.5464932918548584,0.5614026188850403,0.002360728569328785,0.6323080062866211
1787654047.4196374,-2.2433164053851393,-0.6014809504526409,0.19620421215523762,0.7339357137680054,0.6796200275421143,6.324248857936254e-08,0.8161892890930176
1787654047.4198132,-2.4046810522932627,-0.11557411706972173,0.19620424274109868,0.5945044755935669,0.5824937224388123,0.004258609842509031,0.84285968542099
1787654047.7695575,-2.258743363527022,-0.6083561264274757,0.19620597416707677,0.7153108716011047,0.661493718624115,7.02704667787657e-08,0.8553012013435364
1787654047.7696857,-2.4272824808229925,-0.12489096125431748,0.19620369682367586,0.5745296478271484,0.5732611417770386,0.0024295239709317684,0.8736428022384644
1787654048.0243473,-2.281607825722699,-0.6186799674836929,0.19620753319121204,0.6963917016983032,0.6453182697296143,7.02704667787657e-08,0.8609021902084351
1787654048.0244591,-2.457000673912002,-0.13765881536378027,0.19620337676744737,0.5464932918548584,0.5614026188850403,0.002360728569328785,0.8701354265213013
1787654048.3194962,-2.3146065906921702,-0.6330612583389168,0.1962072225084848,0.6707798838615417,0.6262508034706116,7.02704667787657e-08,0.8579043745994568
1787654048.3197799,-2.494475729113913,-0.15369595607159742,0.19620216465439463,0.5227112770080566,0.5521868467330933,0.002360728569328785,0.868768036365509
1787654048.6224215,-2.347993183134458,-0.6483206487490596,0.19620758020319454,0.6420174837112427,0.607841968536377,2.6755853355098225e-07,0.85337233543396
1787654048.622571,-2.5328760682887235,-0.17086665227792858,0.1962020322548518,0.5159464478492737,0.5496881008148193,0.0017068914603441954,0.8681773543357849
1787654048.8693657,-2.378657812511914,-0.6636368327667449,0.1962081055873009,0.6309380531311035,0.6014336943626404,2.069431559448276e-07,0.8395653963088989
1787654048.8695235,-2.5696711004530446,-0.1886021774188079,0.19620114963072322,0.4911710321903229,0.5409435629844666,0.0016355314292013645,0.8581838011741638
1787654049.1712475,-2.4088632620898887,-0.6800836298941882,0.1962087427637147,0.5945044755935669,0.5824937224388123,2.6601171043694194e-07,0.8238613605499268
1787654049.1714017,-2.6072015696902273,-0.20806041471578307,0.1962003240650375,0.46746203303337097,0.533102810382843,0.0016355314292013645,0.8463559746742249
1787654049.4713247,-2.4385304103361864,-0.697857302543796,0.19620942063300667,0.5804800987243652,0.5759372711181641,3.4763604617182864e-07,0.8049150109291077
1787654049.47153,-2.6454065797138044,-0.22951314442436482,0.1961994685382913,0.46746203303337097,0.533102810382843,0.0013555154437199235,0.8315739035606384
1787654049.7695708,-2.4676078763906184,-0.7170598174917154,0.1962100741055763,0.5372759103775024,0.5577470064163208,3.2889121825974144e-07,0.7838835120201111
1787654049.7705183,-2.6843239124035594,-0.2531868180603255,0.19619852580045413,0.46746203303337097,0.533102810382843,0.0003426256007514894,0.8147837519645691
1787654050.0696623,-2.496035589138619,-0.7378113703848983,0.19621070946366426,0.5227112770080566,0.5521868467330933,3.0147461416163424e-07,0.7615545988082886
1787654050.0697763,-2.7238982364194415,-0.2793109736572572,0.196197489360802,0.46746203303337097,0.533102810382843,0.0002966720494441688,0.7966582775115967
1787654050.369452,-2.523752910510285,-0.7602052016285697,0.19621143503720617,0.4944160282611847,0.5420549511909485,5.548081389861181e-07,0.7387862205505371
1787654050.3696005,-2.7640207018776914,-0.3080820013741593,0.1961964972113413,0.46746203303337097,0.533102810382843,0.0002811278391163796,0.7779427170753479
1787654050.669458,-2.550701213259839,-0.784303482167211,0.1962121353599115,0.4911710321903229,0.5409435629844666,1.747350495406863e-07,0.7163273096084595
1787654050.6695623,-2.8045320939579352,-0.33965318842176306,0.19619551862689294,0.46746203303337097,0.533102810382843,0.00012454325042199343,0.7592961192131042
1787654050.9193003,-2.5768200595103847,-0.8101300331493126,0.1962128890129475,0.46746203303337097,0.533102810382843,2.7148490744366427e-07,0.6949182748794556
1787654050.919443,-2.845227866250746,-0.3741240137565925,0.19619460941071717,0.46746203303337097,0.533102810382843,9.847980209087837e-07,0.7413750290870667
1787654051.2194748,-2.6020490980608706,-0.8376770806542158,0.19621349543068917,0.46746203303337097,0.533102810382843,2.6027859689747856e-07,0.6751367449760437
1787654051.219603,-2.885865084505265,-0.4115403825755293,0.19619376754020923,0.46746203303337097,0.533102810382843,9.176100093100104e-07,0.724703311920166
1787654051.5197692,-2.6263219338302433,-0.8669107282703108,0.1962141215365339,0.46746203303337097,0.533102810382843,2.8323086098680506e-07,0.7971309423446655
1787654051.5198987,-2.9261692971628657,-0.45189800767419896,0.19619300548004337,0.46746203303337097,0.533102810382843,8.053786473283253e-07,0.8305047154426575
1787654051.7693374,-2.632824711544287,-0.8848375124079055,0.19621465780035657,0.46746203303337097,0.533102810382843,2.8323086098680506e-07,0.5016152262687683
1787654051.7694786,-2.9430283217790114,-0.47750752370092897,0.19619235718251,0.46746203303337097,0.533102810382843,6.42981433429668e-07,0.5749936699867249
1787654052.0695283,-2.6716865018977907,-0.9302349322479657,0.196215059518309,0.46746203303337097,0.533102810382843,2.1718504683576612e-07,0.6324459314346313
1787654052.0696898,-3.0045703766141343,-0.5412203754327787,0.19619182770253055,0.46746203303337097,0.533102810382843,6.993155210466284e-08,0.6884218454360962
1787654052.3694808,-2.692632786131956,-0.9641239023968102,0.19621524502520907,0.46746203303337097,0.533102810382843,7.638650458829943e-07,0.631020188331604
1787654052.369672,-3.041954592362703,-0.5898001452963171,0.1961915414461318,0.46746203303337097,0.533102810382843,7.569785225314263e-07,0.687221348285675
1787654052.7214692,-2.712385311315509,-0.9992057100406906,0.19621533844230166,0.46746203303337097,0.533102810382843,7.215175514829753e-07,0.7675949931144714
1787654052.7217135,-3.0775590930708057,-0.6403295356318623,0.19619166948061545,0.46746203303337097,0.533102810382843,1.128827875618299e-06,0.804449200630188
1787654053.021824,-2.71661037006991,-1.0197198227893325,0.196215263010789,0.46746203303337097,0.533102810382843,9.754576240084134e-07,0.4983069896697998
1787654053.0219522,-3.091710561964116,-0.6712318811312852,0.19619160149990733,0.46746203303337097,0.533102810382843,1.008823346637655e-06,0.5731121301651001
1787654053.3196678,-2.748093913416846,-1.0724156822225301,0.19621517995399937,0.46746203303337097,0.533102810382843,1.230783595929097e-06,0.6370792388916016
1787654053.319979,-3.1427194695721665,-0.7462030676959402,0.1961916675999684,0.46746203303337097,0.533102810382843,1.1005681699316483e-06,0.6925134062767029
1787654053.6695058,-2.7639226980548157,-1.1103714479953164,0.1962152152500942,0.46746203303337097,0.533102810382843,1.4084348549658898e-06,0.6401106715202332
1787654053.6697397,-3.172086772442337,-0.80126614582486,0.19619177406251462,0.46746203303337097,0.533102810382843,8.72614293712104e-07,0.6951640844345093
1787654053.970535,-2.7783364271000783,-1.1491034792827728,0.1962151596094084,0.46746203303337097,0.533102810382843,1.3416370165941771e-06,0.6423003077507019
1787654053.9706562,-3.199207920487364,-0.8575367021756226,0.19619189363925368,0.46746203303337097,0.533102810382843,5.195669814384019e-07,0.6970941424369812
1787654054.2698452,-2.791275166623013,-1.1885535496519748,0.19621506321574533,0.46746203303337097,0.533102810382843,0.00010945720714516938,0.6441343426704407
1787654054.2700257,-3.224042367532591,-0.9149543002307613,0.19619197561489798,0.46746203303337097,0.533102810382843,8.983616908153635e-07,0.6987210512161255
1787654054.619472,-2.802691148931842,-1.2286521811807787,0.19621512376247624,0.46746203303337097,0.533102810382843,0.00011143080337205902,0.6457923650741577
1787654054.6196418,-3.2465432197977235,-0.9734280862126711,0.19619197686783268,0.46746203303337097,0.533102810382843,1.0373735221946845e-06,0.700197696685791
1787654054.9195788,-2.812545330664329,-1.2693235063727037,0.19621508884864577,0.46746203303337097,0.533102810382843,0.0008174359682016075,0.6477991342544556
1787654054.919808,-3.2666662434742024,-1.0328532206738252,0.19619206238417672,0.4673256278038025,0.5330590009689331,2.1063494841655483e-06,0.701980471611023
1787654055.2195704,-2.8208126020347213,-1.3104793785436546,0.1962150238784752,0.46746203303337097,0.533102810382843,0.0008174359682016075,0.6489609479904175
1787654055.2198126,-3.2843694286264653,-1.0930878699801445,0.19619211814171386,0.46734195947647095,0.5330642461776733,2.022589342232095e-06,0.7030295133590698
1787654055.519562,-2.8274509836713757,-1.3520608307175317,0.1962150045863675,0.46746203303337097,0.533102810382843,0.0019106194376945496,0.6503328084945679
1787654055.5197768,-3.299622945753962,-1.1540768977947715,0.19619203685766692,0.46735987067222595,0.5330700874328613,2.019371322603547e-06,0.7042630910873413
1787654055.869445,-2.832442466923937,-1.3939847677462782,0.19621501726026525,0.46746203303337097,0.533102810382843,0.0024773909244686365,0.6524533629417419
1787654055.869616,-3.3123960095382943,-1.2156911997010722,0.19619209046442737,0.467334508895874,0.5330618619918823,2.027347818511771e-06,0.7061528563499451
1787654056.1193814,-2.835784010158462,-1.4361542877105091,0.19621499122001104,0.46746203303337097,0.533102810382843,0.0031381903681904078,0.6526274085044861
1787654056.1201851,-3.3226674223589034,-1.2777606565182322,0.1961921487186696,0.46734875440597534,0.53306645154953,2.1316943730198545e-06,0.7063380479812622
1787654056.4196093,-2.8374255836677413,-1.4785343555303934,0.1962149318390515,0.46746203303337097,0.533102810382843,0.00329847214743495,0.6536052227020264
1787654056.419747,-3.330414317516322,-1.3403095105198055,0.1961921245438197,0.46733468770980835,0.5330620408058167,2.3514558051829226e-06,0.7072275876998901
1787654056.7194703,-2.8373716676632545,-1.5210292197143365,0.19621494121967734,0.46746203303337097,0.533102810382843,0.003980358596891165,0.6554726958274841
1787654056.7196746,-3.335621220828335,-1.4031675115445492,0.1961921794517363,0.46746203303337097,0.533102810382843,1.9447998056421056e-06,0.7088999152183533
1787654057.0695398,-2.835634205131751,-1.5635423347146429,0.19621487902991885,0.46746203303337097,0.533102810382843,0.0042732711881399155,0.6565811038017273
1787654057.0697346,-3.338287541740972,-1.4661584413753157,0.1961922142637071,0.46746203303337097,0.533102810382843,1.8913447092927527e-06,0.7099037766456604
1787654057.3193645,-2.8322006914815447,-1.6060128110347958,0.19621484666542596,0.46746203303337097,0.533102810382843,0.004639927297830582,0.6580631136894226
1787654057.3195248,-3.338409408469427,-1.5292226141706797,0.1961922402057246,0.46746203303337097,0.533102810382843,1.7043136040229001e-06,0.71123868227005
1787654057.6696265,-2.82707906404041,-1.6483587751450197,0.19621475725889687,0.46746203303337097,0.533102810382843,0.006300217472016811,0.6584417223930359
1787654057.669972,-3.3359925839542446,-1.5922247502825093,0.19619235980363797,0.46746203303337097,0.533102810382843,2.052298668786534e-06,0.7115965485572815
1787654057.919438,-2.8202557387122336,-1.6905229394612922,0.1962148105232532,0.46746203303337097,0.533102810382843,0.009238185361027718,0.66004878282547
1787654057.919673,-3.3310306985966247,-1.6551260490463247,0.19619235947932032,0.46746188402175903,0.5331028699874878,2.0967165710317204e-06,0.7130412459373474
1787654058.219439,-2.811765028889935,-1.7324111077705153,0.19621472836488535,0.46746203303337097,0.533102810382843,0.0077179246582090855,0.6608408093452454
1787654058.2195816,-3.323554723196474,-1.7177377201460169,0.19619242947431476,0.46746203303337097,0.533102810382843,2.107386080751894e-06,0.7137637734413147
1787654058.5694432,-2.801604106915923,-1.7739645989255128,0.19621469589908483,0.46746203303337097,0.533102810382843,0.009880363009870052,0.6620765924453735
1787654058.5695894,-3.3135684591449492,-1.780006249538548,0.19619223296690344,0.46746203303337097,0.533102810382843,1.938608193086111e-06,0.7148796319961548
1787654058.819357,-2.7897982542323803,-1.815105568971374,0.19621370064936436,0.46746203303337097,0.533102810382843,0.010958648286759853,0.6622582674026489
1787654058.8194995,-3.3011019724351085,-1.8417984011888993,0.1961922466892607,0.46746188402175903,0.5331028699874878,2.2231379261938855e-06,0.7150572538375854
1787654059.1695762,-2.776346060978842,-1.8557780296905981,0.19621374130802646,0.46746188402175903,0.5331028699874878,0.011770541779696941,0.662866473197937
1787654059.1697993,-3.286156841271089,-1.9030746240077325,0.19619220503414067,0.46746203303337097,0.533102810382843,2.2382157567335526e-06,0.715615451335907
1787654059.4694276,-2.7612734577699114,-1.8959088565772124,0.19621242261447772,0.46746203303337097,0.533102810382843,0.013305531814694405,0.664555013179779
1787654059.469602,-3.268764565801327,-1.9637083762470924,0.19619238315887674,0.46746203303337097,0.533102810382843,2.313943696208298e-06,0.7171348929405212
1787654059.7771022,-2.7446302754709215,-1.9354180620945953,0.19621300132999472,0.46746203303337097,0.533102810382843,0.013151503168046474,0.6645351052284241
1787654059.7772508,-3.248990486924141,-2.023536032324588,0.19619237586427604,0.46746203303337097,0.533102810382843,2.3308782601816347e-06,0.7171291708946228
1787654060.1194212,-2.72641156966405,-1.974258059735164,0.19621253186389234,0.46746188402175903,0.5331028699874878,0.013331158086657524,0.6650861501693726
1787654060.1195934,-3.226826774348055,-2.0825568247742705,0.19619223236347091,0.46746203303337097,0.5331028699874878,2.4998391836561495e-06,0.7176325917243958
1787654060.4195268,-2.706655467812558,-2.0123578171688155,0.1962128443111253,0.46746203303337097,0.533102810382843,0.016199300065636635,0.6651906371116638
1787654060.4198284,-3.202324133737765,-2.1406409929596273,0.19619213321430234,0.46746203303337097,0.533102810382843,2.7344337922841078e-06,0.7177373766899109
1787654060.7194602,-2.685382920999287,-2.0496588749812585,0.1962129060504703,0.46746203303337097,0.533102810382843,0.015417015179991722,0.6655707359313965
1787654060.7195587,-3.1755077563437295,-2.197718475648236,0.19619219570986615,0.46746203303337097,0.533102810382843,2.892324118874967e-06,0.7180870175361633
1787654061.0269747,-2.662634675027505,-2.0860963336459935,0.19621165417058112,0.46746203303337097,0.533102810382843,0.01826813817024231,0.6654111742973328
1787654061.0271337,-3.1464317647990288,-2.2536802694748475,0.19619214224931314,0.46746203303337097,0.533102810382843,2.9794812235195423e-06,0.717956006526947
1787654061.3695724,-2.6384294715973224,-2.1216168771909873,0.19621476517460076,0.4944160282611847,0.5420549511909485,0.013857905752956867,0.666046142578125
1787654061.3699002,-3.1151174875332996,-2.308465840174423,0.19619251576371552,0.46746203303337097,0.533102810382843,2.7002188289770856e-06,0.7185322046279907
1787654061.669538,-2.6128310385712132,-2.1561533030701066,0.19621640290168868,0.4911710321903229,0.5409435629844666,0.013297123834490776,0.6660763621330261
1787654061.6698337,-3.081654029596891,-2.3619420358208174,0.19619276831605842,0.46746203303337097,0.533102810382843,2.9761561108898604e-06,0.7185671925544739
1787654061.9196,-2.585861942712703,-2.1896522732293473,0.19621551277957208,0.4911710321903229,0.5409435629844666,0.012468786910176277,0.6663624048233032
1787654061.921222,-3.0460673187207084,-2.4140514964264854,0.19619266870331667,0.46746203303337097,0.533102810382843,2.612754087749636e-06,0.7188298106193542
1787654062.2695878,-2.557576514338516,-2.222057327013094,0.19621532702897082,0.4911710321903229,0.5409435629844666,0.013056718744337559,0.66717928647995
1787654062.2709732,-3.0084312257035215,-2.4646970367156116,0.19619262338956184,0.46746203303337097,0.533102810382843,2.9646055281773442e-06,0.7195674777030945
1787654062.570071,-2.528030900031058,-2.2533141025972183,0.1962146907544034,0.5191097855567932,0.5508501529693604,0.0030530362855643034,0.6673308610916138
1787654062.5707464,-2.9688305112954154,-2.513774660556323,0.19619331732595396,0.46746203303337097,0.533102810382843,3.0250234885897953e-06,0.7197084426879883
1787654062.8696647,-2.4972580203079473,-2.2833742222380446,0.19621451588351568,0.5159464478492737,0.5496881008148193,0.0158164631575346,0.6678795218467712
1787654062.8698928,-2.927301462352618,-2.5612350462524796,0.1961937218655354,0.46746203303337097,0.533102810382843,3.0523967780027306e-06,0.7202028632164001
1787654063.1694486,-2.465322020009288,-2.3121879037287614,0.1962141134857513,0.5416035652160645,0.5594495534896851,0.009689712896943092,0.693793535232544
1787654063.1696398,-2.883936848668096,-2.6069855034599914,0.1961936278276244,0.46746203303337097,0.533102810382843,3.010893578903051e-06,0.7428919672966003
1787654063.469445,-2.433959134640413,-2.339171052376445,0.1962121936584273,0.5745296478271484,0.5732611417770386,0.015871582552790642,0.8226563334465027
1787654063.4695804,-2.8412938050970786,-2.6493685151659196,0.1961942233422756,0.46746203303337097,0.533102810382843,3.3103744954132708e-06,0.859022319316864
1787654064.4193861,-2.4117494562056216,-2.359690754185928,0.1962080826506264,0.582068145275116,0.5766618847846985,0.015531382523477077,0.29683440923690796
1787654064.4196343,-2.812924850850948,-2.6778138477322915,0.19619893614486955,0.46746203303337097,0.533102810382843,3.3601313589315396e-06,0.3242189884185791
1787654064.7194977,-2.3165542423635404,-2.4792420961998265,0.19620441977980393,0.5871007442474365,0.5789873600006104,0.02853638119995594,0.5499503016471863
1787654064.7197208,-2.7227809973785644,-2.7908890494590053,0.1961985687089107,0.46746203303337097,0.533102810382843,3.0914441140339477e-06,0.5326328277587891
1787654065.0194633,-2.288310479973929,-2.520968459302929,0.19620322712411034,0.6122439503669739,0.5913410782814026,0.028295598924160004,0.6542381048202515
1787654065.0196104,-2.7002791945945868,-2.8249845413146657,0.19621044072950491,0.46746203303337097,0.533102810382843,2.902375626945286e-06,0.6412188410758972
1787654065.2710023,-2.2615057290403264,-2.5642325196548588,0.19620024383067788,0.5745296478271484,0.5732611417770386,0.020030153915286064,0.6676761507987976
1787654065.276059,-2.6791106854438693,-2.8604589537993133,0.196210306445985,0.46746203303337097,0.533102810382843,2.506919599909452e-06,0.6563313603401184
1787654065.5694861,-2.2359993374401164,-2.6089336591848507,0.19619393306532562,0.5678935647010803,0.570345938205719,0.018760548904538155,0.6513366103172302
1787654065.569682,-2.658664845918188,-2.897893635033293,0.196211272064163,0.46746203303337097,0.533102810382843,2.502832103346009e-06,0.6387250423431396
1787654065.8694124,-2.2114081581682687,-2.6555355633930393,0.19618630796253064,0.5520597100257874,0.5636653304100037,0.010875357314944267,0.6269074082374573
1787654065.8695548,-2.6393757045921284,-2.9365832081717143,0.19621023077793817,0.46746203303337097,0.533102810382843,2.553392505433294e-06,0.6122366189956665
1787654066.1195326,-2.187485327849431,-2.703978406035482,0.1961780242665311,0.5416035652160645,0.5594495534896851,0.008900427259504795,0.6016570925712585
1787654066.1196597,-2.621169358420852,-2.9761220459382356,0.1962078203495605,0.46746203303337097,0.533102810382843,2.548540578573011e-06,0.5848428606987
1787654066.3693845,-2.164381105859576,-2.754272353740247,0.19618047990747942,0.5191097855567932,0.5508501529693604,0.0012462069280445576,0.5765050053596497
1787654066.3695343,-2.6041583553754784,-3.0164554393256493,0.19620148336648627,0.46746203303337097,0.533102810382843,2.548540578573011e-06,0.5575538277626038
1787654066.6694665,-2.142261981964957,-2.8064190966542726,0.19619432565739933,0.49268975853919983,0.5414625406265259,0.0010725478641688824,0.5520156621932983
1787654066.6696172,-2.588440962112477,-3.057553159768404,0.19619860419367732,0.46746203303337097,0.533102810382843,2.180519004468806e-06,0.5309898853302002
1787654066.9197006,-2.121309705924364,-2.8603607345660915,0.19619474818845797,0.4911710321903229,0.5409435629844666,3.7565830552921398e-06,0.583577573299408
1787654066.9198325,-2.5741096433878075,-3.09935072731012,0.1961936031666839,0.46746203303337097,0.533102810382843,2.2280078155745286e-06,0.5641614198684692
1787654067.1711304,-2.1040470513693146,-2.9066669641393448,0.1961988005209853,0.46746203303337097,0.533102810382843,3.7565830552921398e-06,0.48109960556030273
1787654067.1712267,-2.562211893647973,-3.135203563324019,0.19621032769127159,0.46746203303337097,0.533102810382843,2.1913294858677546e-06,0.4566378593444824
1787654067.4694362,-2.087627661259121,-2.953933305654023,0.1961983706529376,0.46746203303337097,0.533102810382843,3.2889549856918165e-06,0.5518813133239746
1787654067.4695868,-2.5510453807124276,-3.1716211949306468,0.19621097959134937,0.46746203303337097,0.533102810382843,2.044991560978815e-06,0.5294761657714844
1787654068.0861318,-2.0717255517179645,-3.0064671565038967,0.19619713052226936,0.46746203303337097,0.533102810382843,3.5292441680212505e-06,0.5559784770011902
1787654068.0862362,-2.5410394256994273,-3.2111339283308293,0.19621121789317628,0.46746203303337097,0.533102810382843,1.9456892914604396e-06,0.5332211256027222
1787654068.0863266,-2.058483284126556,-3.058287088932379,0.19619626180780256,0.46746203303337097,0.533102810382843,2.2805322714702925e-06,0.5250322818756104
1787654068.0864441,-2.533347611089602,-3.249723424922976,0.19621176755076794,0.46746203303337097,0.533102810382843,1.546871999380528e-06,0.49976369738578796
1787654068.369493,-2.0467569461338533,-3.112181181630694,0.196195467228696,0.46746203303337097,0.533102810382843,1.990118107642047e-06,0.4956704378128052
1787654068.369588,-2.5272514753667483,-3.289011628925257,0.19621240427041545,0.46746203303337097,0.533102810382843,1.492489445809042e-06,0.46804893016815186
1787654068.6694858,-2.0367574968259814,-3.168040366022572,0.1961946807640344,0.46746203303337097,0.533102810382843,7.335203235925292e-07,0.46852248907089233
1787654068.6696591,-2.5228207974188774,-3.3289330864365074,0.19621297129614612,0.46746203303337097,0.533102810382843,1.9406420506129507e-06,0.4387570023536682
1787654068.969697,-2.028695835188044,-3.225715867029935,0.19619395179443352,0.46746203303337097,0.533102810382843,2.333030352019705e-06,0.44395747780799866
1787654068.9699667,-2.520116702260057,-3.369415313874361,0.19621351699657888,0.46746203303337097,0.533102810382843,3.811877377302153e-06,0.41228187084198
1787654069.2693646,-2.0227778157612337,-3.2850245608050974,0.1961933524860738,0.46746203303337097,0.533102810382843,4.392773007566575e-06,0.4222460985183716
1787654069.2695272,-2.5191962837596997,-3.410374886708995,0.19621398843977808,0.46746203303337097,0.533102810382843,1.4534728506987449e-05,0.38891080021858215
1787654069.6245716,-2.0191976658403035,-3.345759366903002,0.19619281908784444,0.46746203303337097,0.533102810382843,4.447958417586051e-06,0.4036944508552551
1787654069.6248007,-2.5201122264391924,-3.4517244673516267,0.19621442777371986,0.46746203303337097,0.533102810382843,1.4365920833370183e-05,0.36896687746047974
1787654069.9215522,-2.018126614272216,-3.4076789453998533,0.19619239102728223,0.46746203303337097,0.533102810382843,3.525569809426088e-06,0.5076993107795715
1787654069.9217517,-2.522905853569724,-3.4933639445207403,0.1962147490852498,0.46746203303337097,0.533102810382843,0.00010315765393897891,0.48059073090553284
1787654070.3693318,-2.0176982136466393,-3.4577003121045276,0.19619643234903006,0.46746203303337097,0.533102810382843,2.9584614367195172e-06,0.7620073556900024
1787654070.3694897,-2.52479048256334,-3.528421105035132,0.19621231250451682,0.46746203303337097,0.533102810382843,0.0003428223717492074,0.7528612613677979
1787654075.671047,-2.0085712026755242,-3.557563614754564,0.19620442774543564,0.46746203303337097,0.533102810382843,6.685529569949722e-07,0.00477229431271553
1787654075.6711504,-2.5163674606825817,-3.623038498134132,0.19620510763443635,0.46746203303337097,0.533102810382843,0.000527651805896312,0.005423482973128557
1787654079.370148,-1.9767094217080192,-3.8055471792881193,0.19620453446956243,0.46746203303337097,0.533102810382843,0.008712943643331528,0.11669211089611053
1787654079.3703177,-2.484531704696412,-3.8708199063295368,0.19620677804090703,0.46746203303337097,0.533102810382843,0.007991068996489048,0.11867866665124893
1787654080.819666,-1.9456533548312414,-4.006398292256926,0.20346254229397007,0.39372456073760986,0.5831303596496582,0.07255026698112488,0.18431946635246277
1787654080.819989,-2.453475801495436,-4.0708144439941085,0.21399449649836447,0.41046589612960815,0.6181110739707947,0.11616123467683792,0.2129211574792862
1787654084.62096,-1.9049435907445826,-4.2965501754714035,0.23490020784607749,0.17515958845615387,0.7711586952209473,0.30472472310066223,0.13053010404109955
1787654084.6210468,-2.4129957934315014,-4.359826744189978,0.23969970742140942,0.19960395991802216,0.7824244499206543,0.35688331723213196,0.13484793901443481
1787654085.9693582,-1.8772642551100018,-4.49962865759415,0.25631952681119,0.11220038682222366,0.8486813306808472,0.37426668405532837,0.014857412315905094
1787654085.9695292,-2.385394221588597,-4.561506598344281,0.26723087938477347,0.16962887346744537,0.8161156177520752,0.3619058430194855,0.014870787970721722
1787654087.3695343,-1.8496522078272053,-4.719534457418526,0.2950950509585925,0.1326025426387787,0.8354220390319824,0.37109431624412537,0.04449429735541344
1787654087.3696377,-2.3577821925660127,-4.7814126679008435,0.3060040232678974,0.11093802005052567,0.8495712280273438,0.3752252161502838,0.044478967785835266
1787654090.9700525,-1.8114542686803936,-5.020821799381278,0.34821821051229224,0.16339801251888275,0.8189933896064758,0.36162540316581726,0.09030774235725403
1787654090.9702055,-2.3195857432286475,-5.082687814737084,0.35912695550941093,0.11093802005052567,0.8495712280273438,0.36481744050979614,0.09030579030513763
1787654092.2194984,-1.785226996322921,-5.2252549797402414,0.38426366430999126,0.1326025426387787,0.8354220390319824,0.36832812428474426,0.015005293302237988
1787654092.2197278,-2.2933584498512105,-5.287120919057448,0.39517381956220254,0.09139034152030945,0.8637891411781311,0.3588961064815521,0.015005433931946754
1787654093.5194938,-1.7606876484038245,-5.420727647272278,0.41872944617091923,0.13002686202526093,0.8369830250740051,0.37171345949172974,0.015007533133029938
1787654093.5197077,-2.2688189983968146,-5.482594204420902,0.429640919988753,0.11220038682222366,0.8486813306808472,0.37290483713150024,0.015006930567324162
1787654094.969437,-1.7361456749004887,-5.616200485910456,0.45319178212061495,0.11220038682222366,0.8486813306808472,0.37008023262023926,0.01493809837847948
1787654094.969672,-2.2442768674006053,-5.678067506835452,0.4641079595777472,0.11093802005052567,0.8495712280273438,0.3728652894496918,0.014947695657610893
1787654096.5194054,-1.708541905066633,-5.8361015683112845,0.49197397310306834,0.09139034152030945,0.8637891411781311,0.3665176033973694,0.044594429433345795
1787654096.5195563,-2.2166731310314547,-5.897969769608186,0.5028818999351263,0.13897967338562012,0.8316896557807922,0.3627256155014038,0.044597774744033813
1787654100.8195534,-1.6703552311337688,-6.137364173176243,0.5450955851506222,0.11093802005052567,0.8495712280273438,0.37213313579559326,0.09024082869291306
1787654100.8197694,-2.1784862233157813,-6.199234135008609,0.5560044167555614,0.11220038682222366,0.8486813306808472,0.3730880618095398,0.09024225920438766
1787654102.4718802,-1.6441272563087903,-6.341795737760242,0.5811424034727228,0.1098247691988945,0.8503627181053162,0.37110382318496704,0.13128262758255005
1787654102.47224,-2.152258192173397,-6.403666278159413,0.5920505769253812,0.11220038682222366,0.8486813306808472,0.3660677671432495,0.13127683103084564
1787654103.9695907,-1.6200437823453255,-6.533618138383113,0.6149655831966779,0.11093802005052567,0.8495712280273438,0.3702402114868164,0.10787861794233322
1787654103.9731822,-2.128175031236985,-6.595486052188774,0.6258740726034365,0.11093802005052567,0.8495712280273438,0.3628312647342682,0.10737425088882446
1787654105.2196755,-1.5941186552325013,-6.734951042363547,0.6540521107292171,0.09628961980342865,0.8594810366630554,0.3850870132446289,0.030514495447278023
1787654105.219901,-2.102250508747762,-6.796807599888457,0.6649967776639979,0.14965759217739105,0.8228969573974609,0.4048372209072113,0.02915186434984207
1787654106.4693687,-1.5704194975598196,-6.922126699563636,0.6964122877919244,0.12191816419363022,0.8369455337524414,0.4602958559989929,0.036631543189287186
1787654106.469542,-2.078553147640685,-6.983969875249796,0.7073491647020657,0.16047346591949463,0.8140432834625244,0.4514966607093811,0.03496347740292549
1787654107.7694116,-1.5466985608403507,-7.109292130701808,0.7387137323021548,0.13799266517162323,0.82281094789505,0.5311846137046814,0.02553761936724186
1787654107.7695909,-2.0548280383063187,-7.171166365232757,0.7496687873623354,0.18003058433532715,0.7962197065353394,0.5480714440345764,0.03127436339855194
1787654109.0193183,-1.5203559761026166,-7.300919381587206,0.7816893370962192,0.1570926457643509,0.8060159087181091,0.5549771189689636,0.03359043225646019
1787654109.0194488,-2.0285100336715347,-7.361422693979155,0.7979005358750519,0.21990032494068146,0.7741708159446716,0.5600558519363403,0.03358351066708565
1787654110.2694328,-1.4958912267859514,-7.4926489792679885,0.8330622346776473,0.23049324750900269,0.7685937285423279,0.5534983277320862,0.033671896904706955
1787654110.2695847,-2.004045429260764,-7.553151490971386,0.8492718794846004,0.27290239930152893,0.7547502517700195,0.5499081611633301,0.03367707133293152
1787654111.5694816,-1.4714238887049553,-7.68437550372888,0.8844365225351577,0.23049324750900269,0.7685937285423279,0.553631067276001,0.033634282648563385
1787654111.5696347,-1.9795779527076272,-7.744880221076816,0.9006422751006805,0.26358285546302795,0.7568932771682739,0.5559775233268738,0.03363765403628349
1787654112.8751001,-1.4469568692123986,-7.876100660335914,0.9358084158622983,0.2309078723192215,0.7661053538322449,0.5625740885734558,0.03361620381474495
1787654112.8752081,-1.9551107499736529,-7.936606550353058,0.9520155359183253,0.33467942476272583,0.744171142578125,0.5575382113456726,0.033622417598962784
1787654114.3698318,-1.4224911787311312,-8.067827514364275,0.9871815275132196,0.2309078723192215,0.7661053538322449,0.5504345893859863,0.03347451612353325
1787654114.371069,-1.9306449934252594,-8.128334843742564,1.0033853450668981,0.2918095886707306,0.7509089112281799,0.5553216934204102,0.03347594290971756
1787654115.6716673,-1.3949636121069873,-8.28352377225411,1.0449770612406264,0.1854628026485443,0.7860305905342102,0.5561280250549316,0.033640626817941666
1787654115.6717446,-1.9031176073866731,-8.34402948334947,1.0611812584172229,0.24311931431293488,0.7623081803321838,0.5551734566688538,0.0336429737508297
1787654117.1194093,-1.370496165222329,-8.47524788167134,1.0963487558513072,0.18430933356285095,0.7867043614387512,0.5450711846351624,0.03347425162792206
1787654117.119591,-1.8786499914446766,-8.535754626970967,1.1125543927975805,0.2309078723192215,0.7661053538322449,0.5642282962799072,0.0334714911878109
1787654118.469472,-1.3429651584378615,-8.69093991423268,1.1541434462504632,0.18430933356285095,0.7867043614387512,0.5604313611984253,0.033574122935533524
1787654118.4696288,-1.8511191512385232,-8.751443579056465,1.1703553598832177,0.20015694200992584,0.7783122658729553,0.5526750683784485,0.03357210010290146
1787654119.7193835,-1.3184967532183967,-8.8826700815956,1.2055172818173132,0.18430933356285095,0.7867043614387512,0.560255765914917,0.03361785039305687
1787654119.7195296,-1.8266507755226309,-8.94317354326868,1.2217290288422913,0.18430933356285095,0.7867043614387512,0.5495380759239197,0.03360823169350624
1787654120.9693806,-1.2940298532566883,-9.074400044372346,1.2568905389297047,0.1854628026485443,0.7860305905342102,0.5501672029495239,0.033613331615924835
1787654120.9695265,-1.8021839077653092,-9.13490292578971,1.273103442020938,0.20489637553691864,0.7761242389678955,0.5590481162071228,0.03361063450574875
1787654127.2249923,-1.2528931121576492,-9.37282481252783,1.336852280777438,0.1667528748512268,0.7975215911865234,0.5485454201698303,0.5459414720535278
1787654127.2251418,-1.7610477229266266,-9.43332350030232,1.353063398314293,0.18430933356285095,0.7867043614387512,0.5581851005554199,0.5459284782409668
1787654128.6192522,-1.223691074526873,-9.464759616886562,1.3614866458296686,0.18430933356285095,0.7867043614387512,0.5505631566047668,0.39495787024497986
1787654128.619377,-1.731846093829817,-9.525255317231638,1.377696105937368,0.1832972913980484,0.7873044013977051,0.5512417554855347,0.39496076107025146
1787654130.0693686,-1.1961679183556795,-9.598079547173063,1.3972099418620727,0.1867898404598236,0.7852687835693359,0.5597684979438782,0.13625165820121765
1787654130.0695634,-1.7043229262522432,-9.658575471241624,1.4134189245795106,0.1667528748512268,0.7975215911865234,0.5551203489303589,0.13625633716583252
1787654131.5694313,-1.1686446774989228,-9.790461041644777,1.4487587506741857,0.1854628026485443,0.7860305905342102,0.5619663596153259,0.033542562276124954
1787654131.5695772,-1.676799638976184,-9.850957467267117,1.4649673167108217,0.18430933356285095,0.7867043614387512,0.5482692122459412,0.033545419573783875
1787654133.020558,-1.1411221427379081,-10.006160109327602,1.5065551602829172,0.1854628026485443,0.7860305905342102,0.5495877265930176,0.04752049595117569
1787654133.0206757,-1.6492770910646957,-10.066656701012967,1.5227635187887727,0.18430933356285095,0.7867043614387512,0.5589047074317932,0.04753619059920311
1787654134.3195052,-1.1139058896413299,-10.216341229235404,1.5628716540381182,0.1667528748512268,0.7975215911865234,0.5550699234008789,0.016327187418937683
1787654134.3196785,-1.6220604929870142,-10.276841305050329,1.579077823387418,0.20489637553691864,0.7761242389678955,0.5525474548339844,0.01572471857070923
1787654135.4693215,-1.0896347291511825,-10.405404984531557,1.6159574601449087,0.17151470482349396,0.7933343052864075,0.5683456659317017,0.1357380598783493
1787654135.4694414,-1.5977894015149257,-10.465895514783583,1.6321970631180647,0.26979562640190125,0.7529721260070801,0.5806210041046143,0.1340060830116272
1787654136.4693465,-1.0689552213411515,-10.564816901927228,1.6669991575847376,0.19842301309108734,0.7747600078582764,0.5980099439620972,0.14297392964363098
1787654136.4695199,-1.5771128330668835,-10.625284921141072,1.6832306177025103,0.28906676173210144,0.7411702275276184,0.664029061794281,0.1411113291978836
1787654138.112866,-1.048281323447756,-10.724564682556794,1.7181082296960688,0.2225242704153061,0.7545340061187744,0.6852145195007324,0.10743825137615204
1787654138.11298,-1.5564370887391248,-10.78504662687381,1.7343456128835486,0.3315295875072479,0.7214972972869873,0.7301132082939148,0.11192487180233002
1787654138.9193363,-1.0225579316787212,-10.907625325171745,1.773845806759788,0.24763862788677216,0.7342233061790466,0.7398578524589539,0.27766191959381104
1787654138.9202564,-1.5307310864807313,-10.966561004630675,1.7945974434491285,0.30884966254234314,0.7136002779006958,0.721961498260498,0.2765383720397949
1787654140.273121,-0.9979102636580606,-11.048813378317206,1.8244337762618419,0.2455647587776184,0.7282208204269409,0.7358550429344177,0.6770702600479126
1787654140.2732518,-1.5060840701380884,-11.107523359313316,1.8458001175264465,0.24045196175575256,0.7327166795730591,0.7322463393211365,0.6770641803741455
1787654141.67306,-0.9735068782159928,-11.108592099977937,1.8461937273226139,0.2455647587776184,0.7282208204269409,0.7336550951004028,0.8529936075210571
1787654141.6731536,-1.4816808768024696,-11.167301046586598,1.86755834172899,0.2455647587776184,0.7282208204269409,0.7364392876625061,0.8529960513114929
1787654143.119757,-0.9490978922126474,-11.092152596367084,1.8402000512255026,0.2455647587776184,0.7282208204269409,0.7339904308319092,0.46539029479026794
1787654143.120986,-1.4572713864176707,-11.15086245642525,1.86157415049092,0.24101851880550385,0.7322185039520264,0.7333449721336365,0.46542105078697205
1787654144.4193344,-0.9216403889082343,-10.97500528785183,1.7975711024383274,0.257798969745636,0.7254685163497925,0.7418984770774841,0.008060443215072155
1787654144.4194841,-1.4298133248662432,-11.03372161287592,1.8189407148700736,0.257798969745636,0.7254685163497925,0.7346507906913757,0.015343653038144112
1787654145.369511,-0.8990703584825248,-10.796364932048824,1.7410622881792062,0.2639894187450409,0.7317855954170227,0.7217076420783997,0.4370790719985962
1787654145.3696616,-1.4072471230282562,-10.856683632676152,1.7572496391194639,0.3005232810974121,0.7216430902481079,0.7245780825614929,0.43915432691574097
1787654155.7693746,-0.880802821923606,-9.914828391678025,1.482081993174534,0.20489637553691864,0.7761242389678955,0.562080442905426,0.5594287514686584
1787654155.7695978,-1.3890302145904898,-9.974754777930425,1.4981364496819778,0.2078237682580948,0.7748365998268127,0.556255578994751,0.5594415068626404
1787654157.1194112,-0.8518740591217853,-10.003877238892839,1.5059429970427487,0.2078237682580948,0.7748365998268127,0.5372297763824463,0.3961051106452942
1787654157.1204703,-1.3601011677583608,-10.063806099317103,1.5219972094231704,0.20236577093601227,0.7772760987281799,0.5557045340538025,0.3961009085178375
1787654158.2692595,-0.8246149203668671,-10.136987312032092,1.5416095183293408,0.20489637553691864,0.7761242389678955,0.5370798707008362,0.14147309958934784
1787654158.2693734,-1.3328421504930388,-10.19691535411039,1.5576629394893675,0.1854628026485443,0.7860305905342102,0.5457720160484314,0.14148101210594177
1787654159.469346,-0.8003803969084431,-10.306986634998848,1.5871604598106515,0.2309078723192215,0.7661053538322449,0.5626861453056335,0.09285449981689453
1787654159.4695313,-1.3086074884024335,-10.366916371329223,1.6032119449422775,0.1867898404598236,0.7852687835693359,0.5480871200561523,0.09148455411195755
1787654160.5193791,-0.7767228537835844,-10.491120914384187,1.6433774002758885,0.254625529050827,0.751632809638977,0.5883162617683411,0.1391097456216812
1787654160.5195405,-1.2849520436359547,-10.551026351935882,1.659453131479888,0.2055969089269638,0.7690621614456177,0.6100958585739136,0.1373363733291626
1787654161.7693453,-0.7562441791058521,-10.650393936627319,1.6943547493290831,0.29120513796806335,0.7364497780799866,0.6548495888710022,0.0483565591275692
1787654161.769482,-1.2644740857551313,-10.710294127581355,1.7104273692441774,0.22744311392307281,0.7504377961158752,0.6861014366149902,0.04597937688231468
1787654163.0193493,-0.7358539988823931,-10.809584298916166,1.74427165510365,0.2580633759498596,0.736167848110199,0.7183809876441956,0.009860451333224773
1787654163.019505,-1.2440783062448213,-10.869526932503481,1.7603630840208355,0.25262799859046936,0.7296789288520813,0.7232968807220459,0.01829543523490429
1787654164.4713027,-0.706649452952941,-10.999433401107133,1.8064498904946908,0.2595779001712799,0.7251204252243042,0.7418715357780457,0.5313997864723206
1787654164.4718418,-1.214893234206876,-11.057603827208215,1.827626772794049,0.2455647587776184,0.7282208204269409,0.7402617335319519,0.5313804149627686
1787654165.9192228,-0.6794514466929408,-11.101192183125475,1.8434940937810902,0.24045196175575256,0.7327166795730591,0.7403975129127502,0.8731316924095154
1787654165.9193676,-1.1876960606255391,-11.159357126917188,1.864666049812854,0.2455647587776184,0.7282208204269409,0.7409792542457581,0.8731241822242737
1787654167.2192206,-0.652252314507964,-11.09272288777716,1.840417882196307,0.24045196175575256,0.7327166795730591,0.7407508492469788,0.4813571870326996
1787654167.2193677,-1.1604973590515346,-11.150886101318623,1.8615842538134268,0.2455647587776184,0.7282208204269409,0.7413338422775269,0.4818394184112549
1787654168.3693893,-0.6279800037131369,-10.99153933811451,1.803588587664623,0.23120136559009552,0.7408508658409119,0.7401726841926575,0.0356479249894619
1787654168.3695626,-1.1362123738777958,-11.049799569219154,1.824792440815559,0.2455647587776184,0.7282208204269409,0.7409544587135315,0.04360305890440941
1787654172.1696675,-0.6056314289918122,-10.8125721558485,1.7462255190796956,0.2103448361158371,0.7591903805732727,0.7157845497131348,0.22795002162456512
1787654172.1698847,-1.1138555351954844,-10.872518764060842,1.7623084926018584,0.22646240890026093,0.745017945766449,0.7257492542266846,0.23075711727142334
1787654173.2193668,-0.5839106746701279,-10.642950081118752,1.6919510804433617,0.19390353560447693,0.7736475467681885,0.64667809009552,0.24424512684345245
1787654173.2194726,-1.0921712270483508,-10.702605561563512,1.7079646543445453,0.22628197073936462,0.7518026828765869,0.6829286217689514,0.24672453105449677
1787654174.2192461,-0.5625325697264363,-10.468179434405869,1.6360053635030003,0.1877032369375229,0.7835600972175598,0.5829808712005615,0.5110196471214294
1787654174.219365,-1.0708197431304596,-10.52762376999366,1.651959056475927,0.18478141725063324,0.7816687226295471,0.5971239805221558,0.5125015377998352
1787654182.4197571,-0.5578084874327757,-9.85772022310636,1.4667787735563158,0.1832972913980484,0.7873044013977051,0.5622748136520386,0.1029798611998558
1787654182.4198532,-1.06617747375656,-9.91651426211102,1.4825342399615515,0.18430933356285095,0.7867043614387512,0.5580323338508606,0.10299013555049896
1787654184.0195506,-0.5849697904511857,-9.6392313019112,1.4082318390293944,0.20489637553691864,0.7761242389678955,0.5506554245948792,0.0335787795484066
1787654184.0196896,-1.0933390918598653,-9.69802289735865,1.4239862571397077,0.21124714612960815,0.7733883261680603,0.564624011516571,0.03357958421111107
1787654185.4693584,-0.6117175528803652,-9.423436980706544,1.3504102118286294,0.2078237682580948,0.7748365998268127,0.5540673136711121,0.033623695373535156
1787654185.4695082,-1.1200868069693373,-9.482228967893374,1.3661646949888562,0.18430933356285095,0.7867043614387512,0.5458560585975647,0.03362489864230156
1787654186.8694777,-0.6384663093437994,-9.207638939881999,1.2925912664027568,0.2078237682580948,0.7748365998268127,0.5640983581542969,0.03356702998280525
1787654186.8696084,-1.146835587997324,-9.26643114444516,1.3083441456284242,0.18430933356285095,0.7867043614387512,0.5550559163093567,0.0335657000541687
1787654188.2210224,-0.6652144186154461,-8.9918441425265,1.234769148470819,0.2078237682580948,0.7748365998268127,0.5549252033233643,0.0335102379322052
1787654188.2211149,-1.173583702824425,-9.050636312986963,1.2505219756900183,0.20489637553691864,0.7761242389678955,0.5551772117614746,0.03350807726383209
1787654189.5193317,-0.6919615496522116,-8.776053872830467,1.1769448218005205,0.23649443686008453,0.7643083333969116,0.5610209703445435,0.03358304500579834
1787654189.51946,-1.2003307676198465,-8.834846304985536,1.1926988100024627,0.2078237682580948,0.7748365998268127,0.558082103729248,0.03358349949121475
1787654190.7692564,-0.718709921825631,-8.560259032204062,1.1191237185763723,0.2309078723192215,0.7661053538322449,0.5701112747192383,0.033564772456884384
1787654190.7693682,-1.2270791107615198,-8.619051687233899,1.134877811860643,0.2078237682580948,0.7748365998268127,0.5575036406517029,0.03356402367353439
1787654192.0694942,-0.7454580078781651,-8.344465582477273,1.0613018762420119,0.20236577093601227,0.7772760987281799,0.5604069232940674,0.033601950854063034
1787654192.069633,-1.2538271989900416,-8.403258347955898,1.077055487117996,0.1667528748512268,0.7975215911865234,0.5496386289596558,0.033601775765419006
1787654193.169161,-0.7722067210384242,-8.128670177612422,1.003482237155721,0.1667528748512268,0.7975215911865234,0.5596311688423157,0.03359600529074669
1787654193.169287,-1.2805759259117506,-8.187462921822737,1.019235483319042,0.1854628026485443,0.7860305905342102,0.5508437156677246,0.033586837351322174
1787654194.3203177,-0.7959794097142818,-7.936850148129188,0.952080495152645,0.1667528748512268,0.7975215911865234,0.5533174872398376,0.03373517468571663
1787654194.3205411,-1.3043487221020513,-7.995640516143847,0.9678391388470523,0.1854628026485443,0.7860305905342102,0.5489946007728577,0.03373342007398605
1787654195.5193262,-0.8197536808209196,-7.745023757022615,0.9006741013342967,0.18430933356285095,0.7867043614387512,0.5568684935569763,0.03335808962583542
1787654195.51947,-1.3281231017344628,-7.8038115434892354,0.9164388735300448,0.27290239930152893,0.7547502517700195,0.550762951374054,0.03339870274066925
1787654196.8197587,-0.8435330022570835,-7.553192166400688,0.8492820368700699,0.18430933356285095,0.7867043614387512,0.5605759024620056,0.03340160846710205
1787654196.8200212,-1.3519018545724093,-7.6119871721572245,0.8650382195831358,0.25734230875968933,0.760887086391449,0.5608442425727844,0.03340398520231247
1787654198.1220622,-0.8702810637375,-7.337393559467193,0.7914528300908911,0.18430933356285095,0.7867043614387512,0.5600526332855225,0.00569425942376256
1787654198.1221454,-1.3786496285896312,-7.396190621864092,0.8072106130466149,0.20240916311740875,0.779137134552002,0.5517306327819824,0.010862399823963642
1787654199.3713791,-0.8987498381165459,-7.120472789619262,0.738719727472273,0.16539618372917175,0.803071141242981,0.5208126306533813,0.06617286801338196
1787654199.3716772,-1.4070987787971876,-7.180441122201659,0.7500843038460958,0.14115650951862335,0.8200289607048035,0.538371741771698,0.067233145236969
1787654200.519299,-0.92211424204899,-6.932209232627129,0.6981863361118967,0.14241130650043488,0.8224771022796631,0.46750423312187195,0.06179023161530495
1787654200.5194547,-1.4304623858648209,-6.992317153742817,0.7088260023730957,0.11751684546470642,0.8408156037330627,0.46701472997665405,0.06345171481370926
1787654201.7194796,-0.9451560324883714,-6.744507668750947,0.6574166385236546,0.11821921169757843,0.8431127071380615,0.3949609100818634,0.03037569858133793
1787654201.7197075,-1.4535017545638538,-6.8046355936503,0.6680589829483645,0.11693271994590759,0.8446040153503418,0.3953249156475067,0.03136656433343887
1787654202.969702,-0.9684838655844749,-6.554255677159283,0.618605494485073,0.11093802005052567,0.8495712280273438,0.37575528025627136,0.014953184872865677
1787654202.9699314,-1.4768274979586855,-6.614407830798186,0.6292106742193049,0.11093802005052567,0.8495712280273438,0.37332141399383545,0.014951445162296295
1787654204.2192872,-0.9953249945378795,-6.334255305836611,0.5798123715138733,0.09139034152030945,0.8637891411781311,0.37527111172676086,0.014955732971429825
1787654204.2194486,-1.5036685571137947,-6.39440771873477,0.5904194262490997,0.09139034152030945,0.8637891411781311,0.3700755536556244,0.014955734834074974
1787654205.4699752,-1.0221674187561993,-6.1142557420864865,0.5410204322326012,0.11364463716745377,0.8476735353469849,0.3736138939857483,0.014970987103879452
1787654205.470062,-1.5305109468046647,-6.17440849924647,0.5516271893850572,0.09139034152030945,0.8637891411781311,0.37143179774284363,0.014971435070037842
1787654206.669145,-1.0490094564245953,-5.894256321915468,0.5022285878154502,0.11220038682222366,0.8486813306808472,0.3728683590888977,0.014964483678340912
1787654206.6693163,-1.5573529727670765,-5.954409197695717,0.5128352332760824,0.09139034152030945,0.8637891411781311,0.36722332239151,0.014965790323913097
1787654207.969269,-1.0758517245583312,-5.6742569211228275,0.4634368991510554,0.09139034152030945,0.8637891411781311,0.3763788044452667,0.014960329048335552
1787654207.9694114,-1.5841952029335915,-5.73441015130239,0.47404335436973616,0.11093802005052567,0.8495712280273438,0.37109941244125366,0.014961647801101208
1787654209.12098,-1.1026944638929945,-5.454257698834056,0.4246451410607472,0.09139034152030945,0.8637891411781311,0.3738517165184021,0.014987009577453136
1787654209.1211345,-1.6110378868901944,-5.514411360839302,0.4352518013668128,0.11220038682222366,0.8486813306808472,0.37258732318878174,0.014988110400736332
1787654210.3703134,-1.126554698063507,-5.25870257475112,0.3901641051527461,0.10005595535039902,0.8545024394989014,0.485556036233902,0.014985554851591587
1787654210.370468,-1.6348981461657415,-5.3188561275717054,0.4007701814579567,0.11220038682222366,0.8486813306808472,0.36511701345443726,0.014985790476202965
1787654211.619394,-1.1504145136366952,-5.0631476617868945,0.3556820748953648,0.13140688836574554,0.8298926949501038,0.4531542956829071,0.01497881393879652
1787654211.619622,-1.6587579714381435,-5.123301074065582,0.3662884834155747,0.09139034152030945,0.8637891411781311,0.3586973547935486,0.014979145489633083
1787654212.8694088,-1.1742744236535376,-4.867592793968047,0.3212004737278272,0.15760692954063416,0.8152138590812683,0.3104031980037689,0.01497643906623125
1787654212.8696213,-1.6826178854227871,-4.927746169520685,0.3318069003682544,0.11093802005052567,0.8495712280273438,0.3642120063304901,0.0149761401116848
1787654214.1194296,-1.1981343510839741,-4.672038029333181,0.2867189114181044,0.13140688836574554,0.8298926949501038,0.23981760442256927,0.014974568039178848
1787654214.1196315,-1.7064778209638016,-4.732191335774448,0.2973253412943632,0.11220038682222366,0.8486813306808472,0.3726964592933655,0.01497536338865757
1787654215.319344,-1.2219942115787628,-4.476483151827962,0.2522374193529713,0.11093802005052567,0.8495712280273438,0.3766807019710541,0.017069052904844284
1787654215.3195496,-1.7303376744736594,-4.536636557399731,0.2628436217903729,0.1205633282661438,0.8399348258972168,0.37596434354782104,0.01269947923719883
1787654216.4752297,-1.2497900079395543,-4.282935073135575,0.23127916967040255,0.17497535049915314,0.7877160310745239,0.3033621311187744,0.02431628666818142
1787654216.4753377,-1.758118429497122,-4.344101153777944,0.23349872269810676,0.1452409029006958,0.8040446639060974,0.3383481502532959,0.029659312218427658
1787654217.6194575,-1.272172681082218,-4.098377256141779,0.21881849252879812,0.23497530817985535,0.7112794518470764,0.1749580353498459,0.03563471511006355
1787654217.6198113,-1.7806138876280957,-4.158639499105092,0.21885797927096065,0.27280759811401367,0.6772801280021667,0.20453904569149017,0.035770170390605927
1787654218.7191756,-1.2941165782208865,-3.9132780536373963,0.20417141131075647,0.38893210887908936,0.5865391492843628,0.0461304672062397,0.009921589866280556
1787654218.719298,-1.8025472739741315,-3.9736288594790605,0.20426001228709414,0.4302358031272888,0.5578274726867676,0.06941234320402145,0.009524544700980186
1787654219.8199468,-1.3168910103357263,-3.7215818518029744,0.1962113308323052,0.46746203303337097,0.533102810382843,0.0030876959208399057,0.0003699367807712406
1787654219.8200238,-1.8253116543179402,-3.7820173443831404,0.19620828065319723,0.46746203303337097,0.533102810382843,0.0015868331538513303,0.00036618547164835036
1787654220.9695017,-1.3404971118249205,-3.5229819337729773,0.19621525622014394,0.46746203303337097,0.533102810382843,0.0026028563734143972,0.35794907808303833
1787654220.970701,-1.8489185297594397,-3.583410914927495,0.19621055727420952,0.46746203303337097,0.533102810382843,3.2336602089344524e-06,0.35170966386795044
1787654221.2693746,-1.3599460522082278,-3.3573599820792333,0.19620593489804267,0.46746203303337097,0.533102810382843,0.002577180042862892,0.8666666746139526
1787654221.2695124,-1.8688217320954235,-3.4138360161004555,0.19620517465828624,0.46746203303337097,0.533102810382843,8.73210524332535e-07,0.8523192405700684
1787654221.3692005,-1.3639824874523132,-3.315139810868567,0.19620650935888448,0.46746203303337097,0.533102810382843,0.002949839923530817,0.9184427261352539
1787654221.369337,-1.8734435813601258,-3.366065185598155,0.19620480460108877,0.46746203303337097,0.533102810382843,3.3497428830742138e-06,0.9324489831924438
1787654221.51916,-1.3631228758706662,-3.317721012163538,0.196207339398145,0.46746203303337097,0.533102810382843,0.002949839923530817,0.7540538311004639
1787654221.5193074,-1.8723318554032027,-3.371108418396639,0.19620296507154739,0.46746203303337097,0.533102810382843,3.3497428830742138e-06,0.7200735807418823
1787654221.719282,-1.3662482436224512,-3.2768045803495642,0.19620712469346416,0.46746203303337097,0.533102810382843,0.0031099175103008747,0.9168489575386047
1787654221.71944,-1.876448741878066,-3.319693408311294,0.19620315078711745,0.46746203303337097,0.533102810382843,3.3497428830742138e-06,0.9074686169624329
1787654221.8192894,-1.3670330274587843,-3.256765212016579,0.19620769885241415,0.46746203303337097,0.533102810382843,0.0031137096229940653,0.8712326288223267
1787654221.8194356,-1.8774782752542674,-3.2966356142607793,0.19620241741668473,0.46746203303337097,0.533102810382843,5.459465228341287e-06,0.8927585482597351
1787654221.9693666,-1.3658316001078643,-3.25763246424019,0.19620823012700778,0.46746203303337097,0.533102810382843,0.0031137096229940653,0.7435992956161499
1787654221.9695103,-1.8759071458331222,-3.301982634695394,0.1962024271573659,0.46746203303337097,0.533102810382843,4.2785991354321595e-06,0.7081149220466614
1787654222.119293,-1.3676462179581477,-3.2161447939506287,0.19620869930567822,0.46746203303337097,0.533102810382843,0.0036029876209795475,0.9002875089645386
1787654222.1195543,-1.8785573979308996,-3.24951792899164,0.19620266733452632,0.46746203303337097,0.533102810382843,3.983509941463126e-06,0.8877320289611816
1787654222.2692456,-1.3674566981109237,-3.196457372989656,0.19620827724233195,0.46746203303337097,0.533102810382843,0.003676219843327999,0.8968015313148499
1787654222.2694225,-1.8786109669820694,-3.225873582426337,0.19620217956145655,0.46746203303337097,0.533102810382843,4.1112489270744845e-06,0.8844921588897705
1787654222.4309654,-1.366773721244021,-3.1786694885002635,0.1962090191574373,0.46746203303337097,0.533102810382843,0.003722825553268194,0.8546910881996155
1787654222.4310818,-1.8781061116351594,-3.204807324582192,0.1962011554029883,0.46746203303337097,0.533102810382843,4.086691205884563e-06,0.8352459073066711
1787654222.5695055,-1.3657736707289934,-3.1570388947906305,0.19620989969924726,0.46746203303337097,0.533102810382843,0.00400366447865963,0.8774538040161133
1787654222.5696764,-1.877379966847702,-3.1771136970489944,0.19620062694699034,0.46746203303337097,0.533102810382843,3.507334668029216e-06,0.8616737723350525
1787654222.7192893,-1.364199650134551,-3.137130472830553,0.1962103804431359,0.46746203303337097,0.533102810382843,0.004639285616576672,0.9371488690376282
1787654222.7194545,-1.8759764369187188,-3.1522473639965356,0.19619987576518358,0.46746203303337097,0.533102810382843,2.196051809733035e-06,0.9491117000579834
1787654222.8191688,-1.3615351252094436,-3.1382503205026846,0.19621067784368593,0.46746203303337097,0.533102810382843,0.004639285616576672,0.6977114081382751
1787654222.8193502,-1.8732297711773351,-3.1559305119284846,0.1961997718301086,0.46746203303337097,0.533102810382843,2.196051809733035e-06,0.6560165286064148
1787654223.019592,-1.3594837090784155,-3.0969460729507445,0.1962106614391335,0.46746203303337097,0.533102810382843,0.004798226524144411,0.8628416657447815
1787654223.0197785,-1.8714617579913386,-3.1016870963079763,0.19619931055560477,0.46746203303337097,0.533102810382843,1.3120288713253103e-06,0.8454078435897827
1787654223.1693702,-1.3564146079311605,-3.0767235562140636,0.1962105025575868,0.46746203303337097,0.533102810382843,0.0054746088571846485,0.8559422492980957
1787654223.1695802,-1.868414053706212,-3.075970301878188,0.19619892905404904,0.46746203303337097,0.533102810382843,6.13547342709353e-07,0.8375238180160522
1787654223.272366,-1.3529679454575572,-3.056471324324374,0.1962105245670693,0.46746203303337097,0.533102810382843,0.005920776631683111,0.8488813042640686
1787654223.272467,-1.864926030757898,-3.0499200843057914,0.1961982841561857,0.46746203303337097,0.533102810382843,3.1621243579138536e-07,0.8294554352760315
1787654223.469947,-1.3491403056136182,-3.0362043015382887,0.1962105736707578,0.46746203303337097,0.533102810382843,0.005920776631683111,0.84181147813797
1787654223.4700208,-1.8609837837596728,-3.023545165976231,0.19619768294977233,0.46746203303337097,0.533102810382843,1.218661168422841e-06,0.8213822841644287
1787654223.6192265,-1.3449228438818035,-3.0159332893527617,0.19621067310598161,0.46746203303337097,0.533102810382843,0.00649952981621027,0.8347908854484558
1787654223.619358,-1.8565673963037002,-2.9968583898308028,0.19619706338480303,0.48982444405555725,0.5404852628707886,3.185976538588875e-06,0.8133691549301147
1787654223.7693143,-1.3403067938177755,-2.9956691270321896,0.19621069209374525,0.46746203303337097,0.533102810382843,0.006507369689643383,0.8321676850318909
1787654223.7694817,-1.8516566426734866,-2.969875099148294,0.1961965228942789,0.48982444405555725,0.5404852628707886,3.185976538588875e-06,0.8100475072860718
1787654223.919326,-1.3357773443483292,-2.9763343564344233,0.1962103563580244,0.49268975853919983,0.5414625406265259,0.007136351894587278,0.8532761335372925
1787654223.9194815,-1.846731639887519,-2.9436279705480506,0.1961964890644969,0.5131460428237915,0.5486683249473572,3.2776517855381826e-06,0.8343733549118042
1787654224.2195957,-1.3318935102329028,-2.9603647509686737,0.19620918569054904,0.5159464478492737,0.5496881008148193,0.007136351894587278,0.8712612986564636
1787654224.2197511,-1.8425062124129903,-2.922699538372758,0.19619767683127468,0.5131460428237915,0.5486683249473572,3.2776517855381826e-06,0.8554614782333374
1787654228.1053035,-1.3234295060638237,-2.8846028683295137,0.1962046938579024,0.5191097855567932,0.5508501529693604,0.008153839968144894,0.8160174489021301
1787654228.1054235,-1.8343245435572526,-2.85098351877942,0.1962040482072515,0.5678935647010803,0.570345938205719,5.488723218149971e-06,0.83179771900177
1787654228.105686,-1.3236059488889014,-2.8605376216014355,0.19620185136124385,0.5678935647010803,0.570345938205719,0.008204279467463493,0.8425101637840271
1787654228.105762,-1.8349339537156348,-2.8343141307016704,0.19620407443455712,0.5871007442474365,0.5789873600006104,5.488723218149971e-06,0.8554150462150574
1787654228.219314,-1.323756111958825,-2.8455598101045574,0.19620310500360322,0.5678935647010803,0.570345938205719,0.008204279467463493,0.8789554834365845
1787654228.219479,-1.835277455103692,-2.8234257756111623,0.19620803617953853,0.5871007442474365,0.5789873600006104,5.488723218149971e-06,0.8856606483459473
1787654228.3692737,-1.3239571898998417,-2.8289323197799945,0.19620340980023945,0.5745296478271484,0.5732611417770386,0.008999107405543327,0.8561316132545471
1787654228.3694222,-1.8355774375567497,-2.809216281337295,0.19620736078902948,0.5871007442474365,0.5789873600006104,5.488723218149971e-06,0.8257306218147278
1787654228.5194316,-1.3251092694504838,-2.833931154311738,0.19620229374050135,0.5678935647010803,0.570345938205719,0.008204279467463493,0.5965433716773987
1787654228.5195885,-1.8364822992300047,-2.8086008485347453,0.1962071266770955,0.5871007442474365,0.5789873600006104,5.488723218149971e-06,0.6262181401252747
1787654228.7193375,-1.3241987155588926,-2.7889527159441965,0.19620297722104985,0.6210695505142212,0.596000075340271,0.00915008969604969,0.8644570708274841
1787654228.7194526,-1.8359577186185585,-2.773245304612919,0.1962070572742683,0.6309380531311035,0.6014336943626404,7.184844434959814e-06,0.8694159388542175
1787654228.8693078,-1.3244531667653805,-2.7672205785085606,0.19620261187204488,0.6210695505142212,0.596000075340271,0.00915008969604969,0.8676500916481018
1787654228.869468,-1.8362730239608889,-2.753639939310974,0.19620701123242476,0.6471841931343079,0.6109506487846375,7.184844434959814e-06,0.8738057613372803
1787654229.0195522,-1.3250105900920683,-2.747751099064832,0.19620237894133777,0.6471841931343079,0.6109506487846375,0.009187901392579079,0.8600978255271912
1787654229.0196972,-1.8368877261360073,-2.736535147349297,0.19620712967086043,0.6613425612449646,0.6199004054069519,7.184844434959814e-06,0.867201030254364
1787654229.1696296,-1.3257914096861043,-2.7280148880188038,0.19620228460638045,0.6724273562431335,0.6273935437202454,0.010129469446837902,0.851934552192688
1787654229.1697767,-1.8377194237101455,-2.719429526518836,0.1962073160828801,0.6613425612449646,0.6199004054069519,7.184844434959814e-06,0.8600433468818665
1787654229.31929,-1.3268264639057725,-2.707997401640191,0.19620135640166586,0.6724273562431335,0.6273935437202454,0.010129469446837902,0.8427550196647644
1787654229.3194644,-1.8387950527411325,-2.7023260696499847,0.19620763228870025,0.6724273562431335,0.6273935437202454,7.1854510679258965e-06,0.8519806265830994
1787654229.4696567,-1.328129166245445,-2.687663751648065,0.19620145757704552,0.6963915228843689,0.6453182697296143,0.010246695950627327,0.8337690830230713
1787654229.469798,-1.840123342820604,-2.685221803653372,0.19620802386294248,0.7065344452857971,0.6537388563156128,7.329264917643741e-06,0.844059944152832
1787654229.6692789,-1.329752685319765,-2.667030211940603,0.19620103063416036,0.6963915228843689,0.6453182697296143,0.010246695950627327,0.8241698145866394
1787654229.6694236,-1.8417515248031209,-2.6681203128340836,0.19620793996447297,0.7187130451202393,0.6646274328231812,6.71562065690523e-06,0.8355849981307983
1787654229.769196,-1.3317218969711624,-2.6460769925382737,0.19620053275717209,0.7187130451202393,0.6646274328231812,0.010237990878522396,0.8137961030006409
1787654229.7693527,-1.843698043443826,-2.6510191963646594,0.1962085539848787,0.7187130451202393,0.6646274328231812,6.71562065690523e-06,0.8264191150665283
1787654229.9693453,-1.3340583102943515,-2.624778384266222,0.1962002640395475,0.7391001582145691,0.6851035356521606,0.011410395614802837,0.8029594421386719
1787654229.9695199,-1.8459767489632177,-2.633916878324135,0.19620904946066753,0.7187130451202393,0.6646274328231812,6.71562065690523e-06,0.816834032535553
1787654230.119242,-1.336791497391794,-2.6031246829082906,0.19619986837642236,0.7518874406814575,0.6996678113937378,0.011162660084664822,0.7916706204414368
1787654230.1193926,-1.848608400631664,-2.6168161937512955,0.19620929097654558,0.7268843054771423,0.6724684834480286,6.71562065690523e-06,0.8068404793739319
1787654230.2694235,-1.3399500138703693,-2.581103649205316,0.19619934610411224,0.7620329856872559,0.7123374342918396,0.011162660084664822,0.780011773109436
1787654230.269641,-1.8516115526870482,-2.5997173429055733,0.19620947433177552,0.7518874406814575,0.6996678113937378,7.701077265664935e-06,0.7965121865272522
1787654230.4192216,-1.3435633925098172,-2.558706384865367,0.19619884980233646,0.7620329856872559,0.7123374342918396,0.011162660084664822,0.7680884003639221
1787654230.4194045,-1.8550045695091604,-2.5826212829634434,0.19620973488385343,0.7573554515838623,0.7063656449317932,7.701077265664935e-06,0.7859435677528381
1787654230.5692441,-1.3476612284477434,-2.535929050395821,0.1961983734446112,0.7733865976333618,0.7278221249580383,0.011094109155237675,0.7560163140296936
1787654230.5696943,-1.8588048113963667,-2.5655303590280143,0.1962101082503189,0.76958829164505,0.722481369972229,6.022654361004243e-06,0.775236964225769
1787654230.7192502,-1.352273090535474,-2.5127700528817525,0.19619787825705562,0.7872077226638794,0.7486323714256287,0.012591560371220112,0.7438503503799438
1787654230.7194068,-1.8630286902723436,-2.5484452147983654,0.19621051368650502,0.7733865976333618,0.7278221249580383,6.022654361004243e-06,0.7644427418708801
1787654230.8694484,-1.8676905011747857,-2.531369019177754,0.1962109089888464,0.7733865976333618,0.7278221249580383,6.022654361004243e-06,0.9662277698516846
1787654231.0194283,-1.8709359117811393,-2.5353827088490397,0.196211262204943,0.7733865976333618,0.7278221249580383,6.022654361004243e-06,0.47232863306999207
1787654234.9693787,-2.1624686403055016,-2.102971900500246,0.19620698749225304,0.787207841873169,0.7486323714256287,3.3333332538604736,0.6416552662849426
1787654235.1192718,-2.1785554604408963,-2.0898121464012718,0.1962077233386894,0.7847808003425598,0.74482661485672,3.3333332538604736,0.6424946188926697
1787654235.2693834,-2.194922333878273,-2.076944547540868,0.19620379219428286,0.7819393277168274,0.7404502630233765,3.3333332538604736,0.6422584056854248
1787654235.419298,-2.211581939586172,-2.064383172925114,0.1962056979412435,0.76958829164505,0.722481369972229,0.015851600095629692,0.6419650912284851
1787654235.619351,-2.228533952504302,-2.0521295594817253,0.19620634153847574,0.7518874406814575,0.6996678709983826,0.015311239287257195,0.6885156631469727
1787654235.9254787,-2.243896793174999,-2.040511324162841,0.1962100707585679,0.7454290986061096,0.6921280026435852,0.015311239287257195,0.7400335669517517
1787654236.3694458,-2.267066036556223,-2.022019725949654,0.19621185743186717,0.7187133431434631,0.6646274328231812,0.014693564735352993,0.8111128807067871
1787654239.2193565,-2.2614496523004863,-2.030935480359828,0.19620373701754526,0.7316965460777283,0.6773082613945007,0.01522652618587017,0.35462409257888794
1787654241.0694332,-1.8638006208748166,-2.4149582574633848,0.19619800028095333,0.76958829164505,0.722481369972229,9.459285138291307e-06,0.9913668632507324
1787654241.1691663,-1.5139801392927321,-2.0363924375490856,0.1962098121885066,0.7893029451370239,0.7519650459289551,1.5473960957024246e-05,0.963111400604248
1787654241.169329,-1.8395415264642492,-2.431555420435896,0.1961980242229495,0.76958829164505,0.722481369972229,9.459285138291307e-06,0.9891505837440491
1787654241.3191972,-1.493734679850486,-2.049038994015325,0.1962100217713537,0.7893029451370239,0.7519650459289551,1.5473960957024246e-05,0.9581629037857056
1787654241.31938,-1.8148112652878514,-2.4478545229689055,0.19619780056436217,0.7454289197921753,0.6921278834342957,5.668511221301742e-06,0.984992265701294
1787654241.5192325,-1.473280173733168,-2.0613771710846005,0.19621026697540775,0.7893029451370239,0.7519650459289551,1.5473960957024246e-05,0.9530222415924072
1787654241.5193963,-1.7896699035539478,-2.463921005600024,0.19619771494942848,0.7391001582145691,0.6851035356521606,5.668511221301742e-06,0.9806588888168335
1787654241.669516,-1.4526330680175699,-2.073396928806549,0.19621057479009518,0.784780740737915,0.74482661485672,1.5473960957024246e-05,0.9479857683181763
1787654241.670048,-1.7641259933671112,-2.4797418036185164,0.19619748925847758,0.7316965460777283,0.6773082613945007,5.668511221301742e-06,0.9764062762260437
1787654241.8193238,-1.431795102533892,-2.085084190812728,0.19621067395730024,0.7733865976333618,0.7278221249580383,1.6499549019499682e-05,0.9429106116294861
1787654241.8194935,-1.7381819258204814,-2.4952928137538053,0.19619721522226258,0.6979345679283142,0.6465640664100647,2.5517640551697696e-06,0.9721118807792664
1787654241.9726946,-1.4107764820967095,-2.0964252896358575,0.19621072907442078,0.76958829164505,0.722481369972229,1.6499549019499682e-05,0.9379653930664062
1787654241.972849,-1.711844343934625,-2.510553461080068,0.19619714156940005,0.6845936179161072,0.6361743807792664,2.9156960863474524e-06,0.9679228663444519
1787654242.1193795,-1.3895800403943794,-2.1074075677300224,0.1962112169281481,0.7518874406814575,0.6996678113937378,1.642806273594033e-05,0.9331586956977844
1787654242.1195102,-1.6851173684827878,-2.525500485027142,0.19619664477041462,0.6512385010719299,0.6134470701217651,4.444848855200689e-06,0.9638485312461853
1787654242.2693214,-1.3682090515159318,-2.1180196544258014,0.19621127801516244,0.7316965460777283,0.6773082613945007,6.3325505834654905e-06,0.9283999800682068
1787654242.2694817,-1.6580056940561199,-2.5401119497298903,0.19619653486724928,0.6371088027954102,0.6049607992172241,4.444848855200689e-06,0.9598104357719421
1787654242.4234698,-1.3466719568341254,-2.1282503275219833,0.1962114586352514,0.7091702818870544,0.656019926071167,4.952162726112874e-06,0.9237783551216125
1787654242.4235601,-1.6305167131187313,-2.5543678630700226,0.1961963524102896,0.6043175458908081,0.5873064994812012,4.396329131850507e-06,0.9558852910995483
1787654242.5694258,-1.3249738262163435,-2.138087919633792,0.19621158850687137,0.6979345679283142,0.6465640664100647,4.952162726112874e-06,0.9192366003990173
1787654242.5698912,-1.6026573708261316,-2.56824585436817,0.19619616131895956,0.5945042967796326,0.5824937224388123,4.459146566659911e-06,0.9520253539085388
1787654242.7195387,-1.3031231940810335,-2.147523578383899,0.19621185355333876,0.6845936179161072,0.6361743807792664,3.972871127189137e-06,0.914852499961853
1787654242.719617,-1.5744363420596945,-2.5817276496215515,0.1961958987228341,0.5520597100257874,0.5636653304100037,4.459146566659911e-06,0.9482975006103516
1787654242.9192793,-1.2811242367116558,-2.1565461457503448,0.19621205430403516,0.6845936179161072,0.6361743807792664,3.972871127189137e-06,0.9808148145675659
1787654242.9194255,-1.5458605703954422,-2.5947911381475013,0.19619573000121915,0.5464932918548584,0.5614026188850403,4.605366939358646e-06,0.9810969233512878
1787654243.0692983,-1.2771832978038358,-2.154350519498322,0.1962121780058884,0.6724273562431335,0.6273936033248901,5.868274456588551e-06,0.8152777552604675
1787654243.069473,-1.541742483496468,-2.592702475104708,0.19619539383944593,0.5416035652160645,0.5594495534896851,4.834700121136848e-06,0.8830059766769409
1787654243.2193127,-1.2367112335612156,-2.17331855029457,0.1962128465276611,0.6028295755386353,0.5865639448165894,6.663232397841057e-06,0.9037347435951233
1787654243.2194753,-1.4876837707140125,-2.619588407326215,0.1961955247761684,0.5159464478492737,0.5496881008148193,4.557222382572945e-06,0.9387910962104797
1787654243.371014,-1.2143568817445876,-2.1810553025360044,0.1962134803156831,0.5945042967796326,0.5824937224388123,3.0657497518404853e-06,0.9016637206077576
1787654243.3711078,-1.4581986691392084,-2.6312610137294468,0.1961953418736634,0.5131416916847229,0.5486662983894348,4.6037189349590335e-06,0.9369666576385498
1787654243.5692742,-1.1919415916973581,-2.188354278306753,0.1962130470302254,0.5945042967796326,0.5824937224388123,3.0657497518404853e-06,0.8992562890052795
1787654243.5694475,-1.4285306041271175,-2.642413348114302,0.1961950744201545,0.49268442392349243,0.5414605140686035,4.441582859726623e-06,0.9348688125610352
1787654243.7192943,-1.1694644342795013,-2.19521467583683,0.1962136612971504,0.5945042967796326,0.5824937224388123,3.0657497518404853e-06,0.8973188400268555
1787654243.7193918,-1.3986647244395805,-2.653047862321432,0.1961951169814627,0.46746203303337097,0.533102810382843,3.831171852652915e-06,0.9331592321395874
1787654243.8692243,-1.1469435894548583,-2.20163578680365,0.1962135672368903,0.5620116591453552,0.5678204298019409,4.595505288307322e-06,0.8952478170394897
1787654243.869388,-1.3686382551476577,-2.66315011470256,0.19619492923425855,0.46746203303337097,0.5331028699874878,4.951381924911402e-06,0.9313462376594543
1787654244.0204258,-1.1243759939271802,-2.207615694808172,0.19621337873483552,0.5416035652160645,0.5594495534896851,5.250619778962573e-06,0.8927339911460876
1787654244.0208533,-1.338441932648442,-2.6727175906692513,0.19619478264142837,0.46746203303337097,0.533102810382843,3.692908876473666e-06,0.9291744232177734
1787654244.169692,-1.101754651068811,-2.213151790268909,0.19621457414541382,0.5416035652160645,0.5594495534896851,5.250619778962573e-06,0.8911234140396118
1787654244.1697848,-1.3080500585128854,-2.681752051125029,0.19619474841810175,0.46746188402175903,0.5331028699874878,4.101787908439292e-06,0.9277437329292297
1787654244.3693163,-1.0791146265407194,-2.218247201759121,0.1962141720912336,0.5416035652160645,0.5594495534896851,5.250619778962573e-06,0.8889859914779663
1787654244.3694708,-1.2775358766016836,-2.6902355566440748,0.19619474944775728,0.46746188402175903,0.5331028699874878,4.101787908439292e-06,0.9258886575698853
1787654244.5192535,-1.0564387892112361,-2.222897476673723,0.1962154588789693,0.5191039443016052,0.550847589969635,5.328509814717108e-06,0.887156069278717
1787654244.519428,-1.2468597275714137,-2.698169888880432,0.19619474063392972,0.46746203303337097,0.5331028699874878,3.545321078490815e-06,0.9242873787879944
1787654244.669262,-1.033745201939512,-2.227103106698084,0.19621627088728494,0.5159412026405334,0.5496857166290283,5.458450232254108e-06,0.8855579495429993
1787654244.669409,-1.2160531837646436,-2.7055462060256947,0.19619462283887812,0.46746203303337097,0.533102810382843,3.1874881187832216e-06,0.9228794574737549
1787654244.8692887,-1.011047114587754,-2.2308675478193285,0.19621460228612164,0.46746203303337097,0.533102810382843,4.4925534893991426e-05,0.9685497283935547
1787654244.8694324,-1.1851400828400358,-2.71236068172995,0.19619455140618247,0.46746203303337097,0.533102810382843,3.1533841138298158e-06,0.9727804064750671
1787654245.019411,-1.0083090561881798,-2.2271857061585294,0.19621505117266827,0.4911685883998871,0.5409426689147949,4.4925534893991426e-05,0.7936874032020569
1787654245.019494,-1.1813339755167125,-2.7090636750174744,0.19619456379775516,0.46746203303337097,0.533102810382843,3.1533841138298158e-06,0.864621639251709
1787654245.169336,-0.9656251491025194,-2.237058387526324,0.19621514741792012,0.46746203303337097,0.5331028699874878,5.79614716116339e-05,0.8806027173995972
1787654245.169507,-1.1229678396275249,-2.7242824400057595,0.19619455933600144,0.46746188402175903,0.533102810382843,1.4880212120260694e-06,0.9185535311698914
1787654245.3694236,-0.9429214054511532,-2.239488073022709,0.19621537021125807,0.46746203303337097,0.533102810382843,6.51185546303168e-05,0.8791168332099915
1787654245.3695102,-1.0917388433627466,-2.7293833370653693,0.1961943463871741,0.46746203303337097,0.533102810382843,1.5365897070296342e-06,0.9172549247741699
1787654245.5192478,-0.9202344945619357,-2.2414751157473685,0.19621497542099378,0.46746203303337097,0.533102810382843,0.00034218834480270743,0.8773095607757568
1787654245.519395,-1.0604323831354252,-2.7339063816869347,0.19619587850997797,0.46746188402175903,0.5331028699874878,1.6396851378885913e-06,0.9156968593597412
1787654245.6692822,-0.8975566453014864,-2.2430151683566866,0.19621630621812855,0.46746203303337097,0.533102810382843,0.00040973557042889297,0.8978816866874695
1787654245.6694427,-1.029027535952742,-2.7378478718716988,0.1961952494047847,0.46746188402175903,0.5331028699874878,1.4986716223575058e-06,0.9315896034240723
1787654245.9692323,-0.8767702092616335,-2.244600045266096,0.19621496810771236,0.46746203303337097,0.533102810382843,0.0004157775256317109,0.9425058364868164
1787654245.9693975,-1.000585741776032,-2.7414035412749866,0.19619879652407243,0.46746203303337097,0.533102810382843,1.4614446399718872e-06,0.9687403440475464
1787654246.4694123,-0.8454742457360481,-2.2475604858018037,0.19621029076546492,0.46746188402175903,0.5331028699874878,0.0004280740686226636,0.8789012432098389
1787654246.4695964,-0.9606464562156284,-2.7464385889954026,0.196200952437601,0.46746188402175903,0.5331028699874878,1.488183102082985e-06,0.8822894096374512
1787654276.8191683,-0.7795959827940093,-2.261005949568163,0.1962069777647288,0.46746188402175903,0.5331028699874878,0.0010116699850186706,0.15231652557849884
1787654276.819274,-0.8945875782258834,-2.759925715616181,0.19620181794932665,0.46746203303337097,0.5331028699874878,1.4670254131488036e-06,0.15272927284240723
1787654277.9692376,-0.5817882147528637,-2.3066376077961848,0.19620604321429422,0.46746203303337097,0.533102810382843,0.0008893985650502145,0.6687929630279541
1787654277.969379,-0.6968719509438359,-2.8055361281901283,0.1962024292923236,0.46746203303337097,0.533102810382843,2.110034529323457e-06,0.7119812369346619
1787654278.2694535,-0.4180926798709954,-2.3382707743397364,0.19620903797115258,0.46746203303337097,0.533102810382843,0.00012622655776795,0.954387366771698
1787654278.2695985,-0.5170280628247667,-2.840621040538052,0.19620194768272176,0.46746203303337097,0.533102810382843,2.0681090973084792e-06,0.9837186932563782
1787654278.4191794,-0.37344290945941844,-2.3414965903459857,0.1962104377773888,0.46746203303337097,0.533102810382843,0.00014295155415311456,0.9407589435577393
1787654278.4193978,-0.4604430470075112,-2.8460508252541166,0.19620029460669972,0.46746188402175903,0.5331028699874878,2.6087227524840273e-06,0.9262452721595764
1787654278.628167,-0.3711094391997589,-2.3390714501788805,0.19621080435403795,0.46746203303337097,0.533102810382843,0.00014295155415311456,0.9012103080749512
1787654278.628263,-0.4607403671525717,-2.8431649897685363,0.19620089024445095,0.46746188402175903,0.5331028699874878,2.6087227524840273e-06,0.9576417803764343
1787654278.7694068,-0.32698727639436515,-2.343404839831534,0.1962105786483585,0.46746203303337097,0.533102810382843,0.00011471359903225675,0.9777921438217163
1787654278.7697084,-0.40387819203033587,-2.8495982682590975,0.19620011865860082,0.46746203303337097,0.533102810382843,2.353646550545818e-06,0.9992271661758423
1787654279.0691872,-0.30355290182172434,-2.3442927780900917,0.1962107313451948,0.46746188402175903,0.5331028699874878,0.00012306960707064718,0.918413519859314
1787654279.069287,-0.3757077920429511,-2.851182974992416,0.1962006573093104,0.46746203303337097,0.533102810382843,2.2853209884488024e-06,0.932729184627533
1787654280.4692438,-0.25483395857532964,-2.346905210403317,0.19621002979897148,0.46746188402175903,0.533102810382843,0.00010279134585289285,0.11829129606485367
1787654280.4694338,-0.3216060828950048,-2.854532517928526,0.19620175064577453,0.46746203303337097,0.533102810382843,2.1521882445085794e-06,0.09477595239877701
1787654280.7691975,-0.03395891527738709,-2.373771351568128,0.1962058322238481,0.46746203303337097,0.533102810382843,2.1884750367462402e-06,0.9372795224189758
1787654280.769296,-0.09572415849770738,-2.8820321652532153,0.19620438032210094,0.4944038987159729,0.5420502424240112,1.0474661849002587e-06,0.9652541875839233
1787654281.1192124,0.010473900115133921,-2.378595707524333,0.19620616249190992,0.46746203303337097,0.533102810382843,2.0661320832005003e-06,0.9652726054191589
1787654281.119381,-0.04411868072230657,-2.887676889761334,0.1962030503046806,0.4926820397377014,0.5414594411849976,6.022307843522867e-07,0.9686561822891235
1787654281.2694604,0.03224004953813871,-2.379512994633088,0.19620649376017676,0.46746188402175903,0.5331028699874878,1.974195356524433e-06,0.927085816860199
1787654281.269628,-0.02053524651507385,-2.8887857782164748,0.19620122829274508,0.49268442392349243,0.5414605140686035,9.229913189301442e-07,0.9770201444625854
1787654281.4691598,0.07552423348469009,-2.3825412959665635,0.19620769046703013,0.46746203303337097,0.533102810382843,1.960871941264486e-06,0.9710630774497986
1787654281.4693248,0.034123733391678075,-2.8928647214002345,0.19620093082666085,0.49268975853919983,0.5414625406265259,9.375956437907007e-07,0.9878710508346558
1787654281.6724138,0.0979646041569563,-2.3831917682615997,0.19620772771991699,0.46746203303337097,0.533102810382843,1.960871941264486e-06,0.972607433795929
1787654281.6729386,0.0604314752163015,-2.893814196477113,0.1962017933322658,0.4944160282611847,0.5420549511909485,9.975550483432016e-07,0.990041971206665
1787654281.8192317,0.12061073054580014,-2.3834695983733196,0.19620757709694828,0.46746203303337097,0.533102810382843,1.6241360754065681e-06,0.9740141034126282
1787654281.81943,0.08707114078379942,-2.8943698781573213,0.19620164197833437,0.49268975853919983,0.5414625406265259,1.0113699318026192e-06,0.9920246005058289
1787654281.969163,0.14345123576439642,-2.38336430028532,0.19620952044704473,0.46746203303337097,0.533102810382843,1.6376530993511551e-06,0.9269245266914368
1787654281.969379,0.11402163660564288,-2.8945177983780987,0.19620052763692572,0.4944160282611847,0.5420549511909485,1.1442914455983555e-06,0.9084477424621582
1787654282.1692314,0.14534783160534312,-2.3816607361642648,0.19620854217231865,0.46746203303337097,0.533102810382843,1.7757903378878837e-06,0.9190188050270081
1787654282.1693916,0.11246624817200565,-2.8926037872140054,0.1962011327785702,0.496395468711853,0.5427375435829163,1.3027753311689594e-06,0.9713066816329956
1787654282.2716668,0.18966744981889458,-2.38195034673179,0.19620970398314982,0.46746203303337097,0.533102810382843,1.8718072851697798e-06,0.9774011373519897
1787654282.2718878,0.16876624613826205,-2.893523547357914,0.19620043875837614,0.4944160282611847,0.5420549511909485,1.0465371360623976e-06,0.9968568682670593
1787654282.4712486,0.21301870787075627,-2.3806203079494526,0.1962099299419687,0.46746203303337097,0.533102810382843,1.650819740461884e-06,0.9785515069961548
1787654282.4713626,0.19652070664293192,-2.892354434100423,0.19620054966159892,0.496395468711853,0.5427375435829163,6.871443360978446e-07,0.9984850287437439
1787654282.6323936,0.23651084398164646,-2.3788746016951965,0.19620954753621164,0.46746203303337097,0.533102810382843,1.421339220541995e-06,0.9816609025001526
1787654282.632484,0.22451230738080563,-2.8907339916081574,0.19620075150886115,0.49268975853919983,0.5414625406265259,5.706482966161275e-07,1.0025591850280762
1787654282.769249,0.2600562933314098,-2.3767910328595447,0.19621050666261192,0.46746203303337097,0.533102810382843,1.520899331808323e-06,0.9854245185852051
1787654282.7693665,0.25274416066167205,-2.888738815960457,0.1962008174168436,0.4911710321903229,0.5409435629844666,3.415935339035059e-07,1.0074564218521118
1787654282.970486,0.28361943322682187,-2.3743890021130265,0.1962096489624818,0.46746203303337097,0.533102810382843,1.5619344821971026e-06,0.9873300790786743
1787654282.9705772,0.2812120128966075,-2.8863833421559097,0.19620008831286376,0.49268975853919983,0.5414625406265259,2.130308729419994e-07,1.010437250137329
1787654283.1206794,0.3071878191055051,-2.371660229309729,0.19621038741729024,0.46746203303337097,0.533102810382843,1.5405997828565887e-06,0.9827550053596497
1787654283.1208894,0.30990466931946603,-2.8836530208828846,0.1962002858377127,0.49268975853919983,0.5414625406265259,1.7657984585639497e-07,1.0067131519317627
1787654283.2695549,0.33074629959165835,-2.368596228049003,0.1962106050560472,0.46746203303337097,0.533102810382843,1.4489233990389039e-06,0.9778627753257751
1787654283.2697592,0.3388073483267775,-2.8805327665002993,0.19620102409862378,0.49268975853919983,0.5414625406265259,1.7657984585639497e-07,1.002653956413269
1787654283.4204774,0.35428282319033433,-2.365187846117142,0.19621012507492497,0.46746203303337097,0.533102810382843,1.5810621789569268e-06,0.9729412794113159
1787654283.420645,0.3679059399106822,-2.8770065743425604,0.19619878757337372,0.4911710321903229,0.5409435629844666,6.803656447118556e-07,0.9985578656196594
1787654283.569656,0.377783457494305,-2.361426470470512,0.19621015261126476,0.46746203303337097,0.533102810382843,1.2332920960034244e-06,0.9680377840995789
1787654283.5698934,0.39718426380691996,-2.873058768678204,0.19619810537012164,0.49268975853919983,0.5414625406265259,8.090947858363506e-07,0.9944701790809631
1787654283.7711656,0.40123536968513135,-2.3573051107477037,0.1962104684144157,0.46746203303337097,0.533102810382843,8.860340017236012e-07,0.9631966948509216
1787654283.7713213,0.4266262110127889,-2.868675138235532,0.1961976710927324,0.48982444405555725,0.5404853820800781,7.443647405125375e-07,0.9904289245605469
1787654283.9192257,0.42462598489712955,-2.3528141017963624,0.19621059172706135,0.46746203303337097,0.533102810382843,8.860340017236012e-07,0.9583644270896912
1787654283.9194121,0.4562141441336218,-2.8638387470207998,0.19619758064642367,0.4911710321903229,0.5409435629844666,6.85432269165176e-07,0.986388623714447
1787654284.0691805,0.44794124048440276,-2.3479490288404063,0.19621072092275835,0.46746203303337097,0.533102810382843,8.85394968008768e-07,0.9536594748497009
1787654284.0693314,0.4859309057403475,-2.8585376941613765,0.19619732346155486,0.46746203303337097,0.533102810382843,6.566961587850528e-07,0.9824522137641907
1787654284.2203155,0.4711713738334332,-2.342701230561162,0.19621091012646885,0.46746203303337097,0.533102810382843,6.821600209150347e-07,0.9489779472351074
1787654284.2204533,0.5157591903532865,-2.8527560574406987,0.19619695027392636,0.46746203303337097,0.533102810382843,8.977171432889008e-07,0.9785287380218506
1787654284.419281,0.4943003818749815,-2.3370668542537976,0.19621117209854416,0.46746203303337097,0.533102810382843,6.821600209150347e-07,0.9444147944450378
1787654284.4194508,0.5456787526759838,-2.8464824633636763,0.1961967136830216,0.46746203303337097,0.533102810382843,1.1693269925672212e-06,0.9747021794319153
1787654284.5691872,0.5173178080073767,-2.331038773325099,0.19621140244399723,0.46746203303337097,0.533102810382843,2.964490697365818e-08,0.9399368762969971
1787654284.5693474,0.575671612384763,-2.8397025456686253,0.19619657210882704,0.46746203303337097,0.533102810382843,8.614962325736997e-07,0.9709433913230896
1787654284.7192168,0.5402115597475189,-2.3246140392738637,0.1962115494481997,0.46746203303337097,0.533102810382843,3.349987025558221e-07,0.9356328248977661
1787654284.719376,0.6057191211491711,-2.8324060825032618,0.1961963138980116,0.46746203303337097,0.533102810382843,8.083180205176177e-07,0.9673292636871338
1787654284.8733618,0.5629716120843481,-2.3177838927013408,0.19621185879661474,0.46746203303337097,0.533102810382843,3.349987025558221e-07,0.9313511252403259
1787654284.873731,0.6358012597818649,-2.8245775806727798,0.1961960929165405,0.46746203303337097,0.533102810382843,9.90752482721291e-07,0.9637290835380554
1787654285.06927,0.5855835714118646,-2.3105508547191342,0.1962118383543957,0.46746203303337097,0.533102810382843,3.349987025558221e-07,0.9271917343139648
1787654285.069435,0.6658989871736313,-2.8162122372062464,0.1961959563872946,0.46746203303337097,0.533102810382843,9.90752482721291e-07,0.9602296352386475
1787654285.2191772,0.6080368566244638,-2.302911297964507,0.19621214793798925,0.46746203303337097,0.533102810382843,4.419119647991465e-07,0.9232158660888672
1787654285.2192829,0.6959934396304617,-2.8072996793062472,0.19619561407453123,0.46746203303337097,0.533102810382843,8.415157140007068e-07,0.9568840861320496
1787654285.372618,0.630321502760492,-2.294857458546141,0.1962121769839888,0.46746203303337097,0.533102810382843,4.2388435872453556e-07,0.9193705320358276
1787654285.3727107,0.7260637689243472,-2.797826064116715,0.19619543775102455,0.46746203303337097,0.533102810382843,9.74474005488446e-07,0.9536445736885071
1787654285.571339,0.6524253145158433,-2.2863919877897176,0.19621242671088457,0.46746203303337097,0.533102810382843,5.348985041564447e-07,0.9165794253349304
1787654285.571498,0.7560884447072987,-2.7877879940995722,0.19619523839861014,0.46746203303337097,0.533102810382843,1.10809969555703e-06,0.9512571692466736
1787654285.7192588,0.6743133000915418,-2.2775369657146696,0.19621251565513864,0.46746203303337097,0.533102810382843,5.806610943182022e-07,0.9143164157867432
1787654285.7194095,0.7859781688032872,-2.777211816784125,0.19619507129114433,0.46746203303337097,0.533102810382843,1.058960378941265e-06,0.9492985606193542
1787654285.8692338,0.6959663525931985,-2.2683041900681102,0.19621264285404108,0.46746203303337097,0.533102810382843,6.259430165300728e-07,0.9802366495132446
1787654285.87023,0.8156856954109322,-2.766110657125269,0.1961949974578873,0.46746203303337097,0.533102810382843,1.0618966825859388e-06,0.9825862050056458
1787654286.070955,0.6968452809446061,-2.263831958956246,0.1962126885823411,0.46746203303337097,0.533102810382843,6.259430165300728e-07,0.8304169178009033
1787654286.0710475,0.8172090767195267,-2.761482997685713,0.19619485221215394,0.46746203303337097,0.533102810382843,1.0618966825859388e-06,0.8983758091926575
1787654286.2192037,0.7385259978429403,-2.248745308834868,0.19621271019685682,0.46746203303337097,0.533102810382843,6.263712180043512e-07,0.9081801772117615
1787654286.2193224,0.8744639179225137,-2.742369539974383,0.19619492362014718,0.46746203303337097,0.533102810382843,1.5788406244610087e-06,0.9439668655395508
1787654286.3690827,0.7594301919962294,-2.2384144221390514,0.19621277852846022,0.46746203303337097,0.533102810382843,6.263712180043512e-07,0.9064995050430298
1787654286.369231,0.9035349084102251,-2.72971660041535,0.19619466206881161,0.46746203303337097,0.533102810382843,1.1000290669471724e-06,0.9424903392791748
1787654286.575058,0.7800674304882002,-2.2277314877960057,0.196212903020545,0.46746203303337097,0.533102810382843,4.7428585503439535e-07,0.9049453139305115
1787654286.575154,0.9323540669813791,-2.7165594534557673,0.19619461276379385,0.46746203303337097,0.533102810382843,6.523944193759235e-07,0.9411236047744751
1787654286.7192044,0.8004347556527808,-2.216695206066549,0.19621295624905738,0.46746203303337097,0.533102810382843,5.404657713370398e-05,0.9027332663536072
1787654286.7194052,0.9609108780614685,-2.70289620750609,0.19619462979514307,0.46746203303337097,0.533102810382843,1.0586077223706525e-06,0.9392263293266296
1787654286.9192622,0.8205387100850237,-2.205299863755629,0.19621305861750593,0.46746203303337097,0.533102810382843,5.404657713370398e-05,0.9013005495071411
1787654286.9193656,0.9892397004283022,-2.68870856817922,0.19619449247357534,0.46746203303337097,0.533102810382843,1.1122955356768216e-06,0.9379640221595764
1787654287.0732017,0.8403616378324195,-2.1935611498047365,0.19621312304816457,0.46746203303337097,0.533102810382843,5.9747984778368846e-05,0.8997179269790649
1787654287.0734677,1.017284095122525,-2.6740218076712985,0.19619444523086188,0.46746203303337097,0.533102810382843,1.4501849818771007e-06,0.9365840554237366
1787654287.2692785,0.8599021940316808,-2.181479963040349,0.1962131491292477,0.46746203303337097,0.533102810382843,6.0626854974543676e-05,0.9708499908447266
1787654287.2694376,1.0450470677493136,-2.6588324275613324,0.1961943921264464,0.46746203303337097,0.533102810382843,1.2798916486644885e-06,0.9752020239830017
1787654287.469145,0.8595050379232664,-2.176902962204729,0.19621320177013699,0.46746203303337097,0.533102810382843,6.690197915304452e-05,0.8184932470321655
1787654287.469316,1.0457408688039669,-2.653830855011353,0.19619424897700125,0.46746203303337097,0.533102810382843,1.2798916486644885e-06,0.8883756995201111
1787654287.669306,0.8981247071126001,-2.1562966604510754,0.19621323287202627,0.46746203303337097,0.533102810382843,9.017800766741857e-05,0.8949334621429443
1787654287.6694593,1.0997199816658505,-2.6269380790668055,0.19619422833646286,0.46746203303337097,0.533102810382843,1.3180018640923663e-06,0.9324371814727783
1787654287.8191102,0.9167941349114265,-2.1432048997950037,0.19621332011081216,0.49268975853919983,0.5414625406265259,0.0002840740780811757,0.9201571345329285
1787654287.8192503,1.1265996499421345,-2.6102441331533006,0.19619416825184827,0.46746203303337097,0.533102810382843,1.483106530031364e-06,0.9534953236579895
1787654288.2192638,0.9356301249137537,-2.1302628611911665,0.19621282440786192,0.49268975853919983,0.5414625406265259,0.00031287173624150455,0.9603424668312073
1787654288.220248,1.152585762661675,-2.594023845899888,0.1961951781732521,0.46746203303337097,0.533102810382843,1.6957195612121723e-06,0.9880860447883606
1787654289.475531,0.9752491207327616,-2.1050183748491,0.19621116840396496,0.49268975853919983,0.5414625406265259,0.0002858277293853462,0.18556232750415802
1787654289.4783187,1.2004698959785027,-2.5648222485184973,0.196198665421431,0.46746203303337097,0.533102810382843,2.0627367121051066e-06,0.2164241373538971
1787654289.8693373,1.1375858025240253,-2.0254205129507485,0.19617081497961988,0.49268975853919983,0.5414625406265259,0.0003121358167845756,0.7760663032531738
1787654289.8694856,1.3551729787614468,-2.488885528483569,0.19618150085199484,0.46746203303337097,0.533102810382843,2.075814563795575e-06,0.7608832716941833
1787654290.023443,1.1901170379920654,-2.0049115119574425,0.1961661597310387,0.49268975853919983,0.5414625406265259,0.0003113102284260094,0.8175742030143738
1787654290.023545,1.3994892500363445,-2.472145152619473,0.19620925717634882,0.46746203303337097,0.533102810382843,2.209232661698479e-06,0.8044662475585938
1787654290.2191646,1.2171241620102689,-1.9951335896353042,0.1961905253438412,0.49268975853919983,0.5414625406265259,0.0003113102284260094,0.8357487916946411
1787654290.2193213,1.421915041253662,-2.464393320954385,0.1962089932036464,0.46746203303337097,0.533102810382843,2.2504443677462405e-06,0.8261488676071167
1787654290.4198718,1.2438603017092327,-1.985787552071786,0.19619917484686836,0.4911710321903229,0.5409435629844666,0.00031134727760218084,0.8320175409317017
1787654290.420082,1.445067002258498,-2.456595223610923,0.19620777566417966,0.46746203303337097,0.533102810382843,2.2475489913631463e-06,0.8218383193016052
1787654290.6193848,1.2709220790605875,-1.9766365669290626,0.1961998534565448,0.48982444405555725,0.5404852628707886,0.00024128530640155077,0.8282699584960938
1787654290.6231472,1.4683594503290274,-2.449037333608991,0.19620802807341217,0.46746203303337097,0.533102810382843,2.242958089482272e-06,0.8175020217895508
1787654290.7691817,1.2983082484082151,-1.9676984112540579,0.19619949966878902,0.4911710321903229,0.5409435629844666,0.0002663407358340919,0.8245447278022766
1787654290.76933,1.4917869443256262,-2.441734268695588,0.1962087609465849,0.46746203303337097,0.533102810382843,2.181122226829757e-06,0.81318598985672
1787654290.9191496,1.3260123838298805,-1.9589899769812686,0.19619936502769741,0.4944160282611847,0.5420549511909485,0.0001296015252592042,0.820828378200531
1787654290.9192908,1.5153411832129147,-2.434698507119815,0.19620817426731485,0.46746203303337097,0.533102810382843,2.1136791019671364e-06,0.8088749051094055
1787654291.119382,1.3540288538612242,-1.9505304066764426,0.19619923297904684,0.4944160282611847,0.5420549511909485,0.0001296015252592042,0.8171469569206238
1787654291.1195242,1.5390141210473882,-2.42794474541106,0.19620896188482229,0.46746203303337097,0.533102810382843,2.175094095946406e-06,0.8045974969863892
1787654291.2713778,1.382349554470664,-1.9423392896826221,0.19619892616553303,0.4944160282611847,0.5420549511909485,0.00011884589184774086,0.8134772777557373
1787654291.2714918,1.5627959046000397,-2.4214876118345825,0.19620912165786125,0.46746203303337097,0.533102810382843,2.3283946575247683e-06,0.8003281354904175
1787654291.4708407,1.41096665181624,-1.9344320691758163,0.19619860363414468,0.4944160282611847,0.5420549511909485,0.00011884589184774086,0.8098781108856201
1787654291.470951,1.586676303861861,-2.4153375880317602,0.19620918200939866,0.46746203303337097,0.533102810382843,2.4049595594988205e-06,0.7961375713348389
1787654291.6192794,1.4398728993372207,-1.926828142996644,0.19619837456147726,0.4911710321903229,0.5409435629844666,2.0719119220302673e-06,0.8063274621963501
1787654291.619455,1.6106492251335862,-2.409507587796881,0.19620909036986528,0.46746203303337097,0.533102810382843,2.343383130209986e-06,0.791998028755188
1787654291.819216,1.469058564702296,-1.919546738902184,0.19619855850416776,0.46746203303337097,0.533102810382843,2.0719119220302673e-06,0.8028448820114136
1787654291.8193834,1.6347044221956804,-2.404010824027293,0.19620947511706074,0.46746203303337097,0.533102810382843,2.191808334828238e-06,0.7879354953765869
1787654291.9739687,1.4985156726057978,-1.9126061435228854,0.1961983289729712,0.46746203303337097,0.533102810382843,2.193850605181069e-06,0.7993835210800171
1787654291.9740696,1.6588354416589939,-2.3988587234841967,0.19620980497269588,0.46746203303337097,0.533102810382843,2.2147758045321098e-06,0.7838937044143677
1787654292.1734755,1.5282344567692672,-1.9060212649901453,0.19619832910592447,0.46746203303337097,0.533102810382843,2.436996510368772e-06,0.7959491014480591
1787654292.174054,1.6830311982189858,-2.3940601657464153,0.19621193647300791,0.46746203303337097,0.533102810382843,2.2287965748546412e-06,0.7798756957054138
1787654292.3716052,1.5582021256848857,-1.899809218319688,0.19620082911814843,0.46746203303337097,0.533102810382843,2.462334123265464e-06,0.7925934791564941
1787654292.3717108,1.7072770209216328,-2.3896261999168766,0.19621304272207127,0.46746203303337097,0.533102810382843,2.228643552371068e-06,0.7759492993354797
1787654292.5240939,1.5884093281616636,-1.8939891843199614,0.19620202357745797,0.46746203303337097,0.533102810382843,2.865388069039909e-06,0.8067570328712463
1787654292.5241983,1.7315664450741304,-2.3855683129885836,0.1962136299684354,0.46746203303337097,0.533102810382843,1.8115736111212755e-06,0.7911167740821838
1787654292.6739857,1.6163432147355836,-1.8886674096333733,0.19620080039100346,0.46746203303337097,0.533102810382843,2.929400352513767e-06,0.8360934257507324
1787654292.6741865,1.7539328683947057,-2.381833798495883,0.19621091348226904,0.46746203303337097,0.533102810382843,1.7936198446477647e-06,0.824488639831543
1787654293.019236,1.637876973505177,-1.884661026190802,0.1962025481618503,0.46746203303337097,0.533102810382843,2.8641422886721557e-06,0.8455361127853394
1787654293.019401,1.771870545503474,-2.3788165913557684,0.19621147170772424,0.46746203303337097,0.533102810382843,1.69005625139107e-06,0.837204098701477
1787654294.0692098,1.6703172114172915,-1.8782947999075823,0.19620507297464723,0.46746203303337097,0.533102810382843,2.7032494926970685e-06,0.608580470085144
1787654294.0693262,1.8003240944757128,-2.373514155695962,0.19620823147135008,0.46746203303337097,0.533102810382843,1.6584873492320185e-06,0.6246529221534729
1787654294.5191457,1.7532300249658042,-1.8565283016625465,0.19620568807658645,0.46746203303337097,0.533102810382843,1.8020482457359321e-06,0.6782910823822021
1787654294.5192835,1.8849741336749373,-2.351288334216777,0.19620840333816802,0.46746203303337097,0.533102810382843,1.2118906624891679e-06,0.6661970615386963
1787654294.8191397,1.8244271000679657,-1.8377201708927295,0.19620776743572238,0.46746203303337097,0.533102810382843,1.5961384178808657e-06,0.9492136240005493
1787654294.8192384,1.95008041803378,-2.3340620325996166,0.19620653311125658,0.46746203303337097,0.533102810382843,1.808121737667534e-06,0.9485441446304321
1787654294.969192,1.8414707336848675,-1.8334765486902505,0.1962066541589552,0.46746203303337097,0.533102810382843,1.5961384178808657e-06,0.6394035816192627
1787654294.9693475,1.9662804902776763,-2.3300312029406833,0.1962078695079729,0.46746203303337097,0.533102810382843,1.7728752936818637e-06,0.6105655431747437
1787654295.1193712,1.891652959804399,-1.8216188929683526,0.19620550812547582,0.46746203303337097,0.533102810382843,5.694244578080543e-07,0.8884808421134949
1787654295.1196017,2.006032926658553,-2.3206792331890833,0.1962066086865365,0.46746203303337097,0.533102810382843,2.0640427464968525e-06,0.9075533747673035
1787654295.2707522,1.8861906845699505,-1.8232743324280454,0.19620494890291684,0.46746203303337097,0.533102810382843,5.694244578080543e-07,0.6291596293449402
1787654295.2722683,2.0048612873796965,-2.321331847205515,0.19620651812650097,0.46746203303337097,0.533102810382843,2.0640427464968525e-06,0.5989990830421448
1787654295.4191837,1.937401574050463,-1.8122379991750113,0.19620210053960113,0.46746203303337097,0.533102810382843,2.5025042305060197e-07,0.8541629314422607
1787654295.4193237,2.045178344569491,-2.3127658882096065,0.1962080217311168,0.46746203303337097,0.533102810382843,2.234781504739658e-06,0.8448294401168823
1787654295.5710015,1.9609703728391803,-1.8079592773654667,0.19620362821846485,0.46746203303337097,0.533102810382843,2.498352387192426e-07,0.8499306440353394
1787654295.5710857,2.0651316289274697,-2.3092520388381903,0.19620864426693854,0.46746203303337097,0.533102810382843,2.0962045255146222e-06,0.8400203585624695
1787654295.7200456,1.984973459593878,-1.8040033913360798,0.19620284288232373,0.46746203303337097,0.533102810382843,4.830161515201326e-07,0.8460362553596497
1787654295.7201846,2.0853258504926195,-2.30607250769945,0.19620875989870587,0.46746203303337097,0.533102810382843,2.188611460951506e-06,0.8355932831764221
1787654295.8691635,2.0093891351451414,-1.800401230066322,0.19620507284588634,0.46746203303337097,0.533102810382843,1.3046910680714063e-06,0.842343807220459
1787654295.869268,2.1057531318219955,-2.3032510885061206,0.19620846951766618,0.46746203303337097,0.533102810382843,2.1868602289032424e-06,0.8313965201377869
1787654295.9721143,2.0342062408870443,-1.7971797947849346,0.1962019670311929,0.46746203303337097,0.533102810382843,1.441807285118557e-06,0.8389557003974915
1787654295.9722104,2.126411166174045,-2.3008088762633596,0.1962084490662722,0.46746203303337097,0.533102810382843,2.370177071497892e-06,0.8275464177131653
1787654296.1694603,2.059408048179928,-1.7943663362038174,0.19620275339028653,0.46746203303337097,0.533102810382843,1.4447351759372395e-06,0.8358091711997986
1787654296.169642,2.1472962525664148,-2.2987666370209516,0.1962108344654369,0.46746203303337097,0.533102810382843,2.25889812099922e-06,0.8239662051200867
1787654296.2691376,2.0849690562655034,-1.7919882748176468,0.19620259008379737,0.46746203303337097,0.533102810382843,1.6937286773099913e-06,0.8436888456344604
1787654296.2693098,2.1683921695927193,-2.2971462541763925,0.19620986906187537,0.46746203303337097,0.533102810382843,2.256295829283772e-06,0.8333612680435181
1787654296.4192884,2.1105350798066085,-1.7897815687469454,0.19620236397767193,0.46746203303337097,0.533102810382843,1.7409637393939192e-06,0.8538348078727722
1787654296.4194617,2.1899595237917793,-2.295583662107967,0.19620938216393757,0.46746203303337097,0.533102810382843,2.2674607862427365e-06,0.8484494090080261
1787654296.7692857,2.1353026472410552,-1.7877003034878023,0.19620223803889444,0.46746203303337097,0.533102810382843,1.8717697685133317e-06,0.8190517425537109
1787654296.769363,2.2125595169046286,-2.2938380080962526,0.19621020515005325,0.46746203303337097,0.533102810382843,1.8865285937863518e-06,0.8154473900794983
1787654297.319234,2.184438321199958,-1.783158177489105,0.19620267875864272,0.46746203303337097,0.533102810382843,1.5702115661042626e-06,0.5659254789352417
1787654297.3193786,2.258879510569361,-2.2897176599709836,0.196208419826013,0.46746203303337097,0.533102810382843,2.108462922478793e-06,0.5814903378486633
1787654298.7210975,2.2820774773240964,-1.7695000294984726,0.19620557780013634,0.46746203303337097,0.533102810382843,9.463676633458817e-07,0.21431247889995575
1787654298.7212079,2.358218834269764,-2.275806748555526,0.19620597125884456,0.46746203303337097,0.533102810382843,1.5277292959581246e-06,0.2091924101114273
1787654299.021982,2.4396151506926884,-1.745956839759883,0.19620595082540793,0.46746203303337097,0.533102810382843,7.266148713824805e-07,0.7574629187583923
1787654299.0223844,2.5136805145561043,-2.2525714091048203,0.19620774627945642,0.46746203303337097,0.533102810382843,1.9350002276041778e-06,0.7472702264785767
1787654299.3695226,2.480340681575077,-1.7401246621182875,0.19620544068563317,0.46746203303337097,0.533102810382843,5.73071417875326e-07,0.843419075012207
1787654299.3696022,2.5503871644522236,-2.2473105158569817,0.19620741389910984,0.46746203303337097,0.533102810382843,1.6865623138073715e-06,0.8365457653999329
1787654299.5192733,2.525132362115257,-1.73462024980017,0.19620444551858468,0.46746203303337097,0.533102810382843,6.085233508201782e-07,0.8834101557731628
1787654299.5199618,2.5904896961954886,-2.242431650690656,0.1962071963288391,0.46746203303337097,0.533102810382843,1.5222003639792092e-06,0.877215564250946
1787654299.6723685,2.5454363607277593,-1.732439837579317,0.19620597990647654,0.46746203303337097,0.533102810382843,7.015161145318416e-07,0.905056893825531
1787654299.6724682,2.6081941207323736,-2.2405790542874624,0.19620754064527163,0.46746203303337097,0.533102810382843,1.5657059293516795e-06,0.9024880528450012
1787654299.8726435,2.565327957448584,-1.7304529939585587,0.1962049328995725,0.46746203303337097,0.533102810382843,7.015161145318416e-07,0.9030868411064148
1787654299.8727326,2.626652013976033,-2.2387672275629735,0.1962074177972947,0.46746203303337097,0.533102810382843,1.52310747125739e-06,0.9002535939216614
1787654300.0200553,2.5854127083202627,-1.7286238401359273,0.1962053781852905,0.46746203303337097,0.533102810382843,7.015161145318416e-07,0.900993824005127
1787654300.0201418,2.645214397707294,-2.2371194231499003,0.19620669611540192,0.46746203303337097,0.533102810382843,1.2326504474913236e-06,0.8978826999664307
1787654300.1705503,2.6057055792778403,-1.7269631768896563,0.19620475089576403,0.46746203303337097,0.533102810382843,7.375656991825963e-07,0.8891392946243286
1787654300.1740718,2.6638915003130474,-2.235646180920339,0.196206649569275,0.46746203303337097,0.533102810382843,1.2326504474913236e-06,0.8838213682174683
1787654300.319527,2.625972711645601,-1.7254238117499459,0.19620309322657034,0.46746203303337097,0.533102810382843,6.001146743983554e-07,0.8938589096069336
1787654300.31966,2.6818410609603953,-2.2343665664261447,0.1962058213183451,0.46746203303337097,0.533102810382843,1.088915951186209e-06,0.8893210887908936
1787654300.671502,2.642999293528221,-1.7244068037961997,0.1962038327608651,0.46746203303337097,0.533102810382843,6.001146743983554e-07,0.8336873054504395
1787654300.6717005,2.6971395403679237,-2.2335362899364215,0.19620767071352715,0.46746203303337097,0.533102810382843,1.0712160474213306e-06,0.8298850059509277
1787654301.3191864,2.6866766574667897,-1.7218054316844107,0.19620471582908688,0.46746203303337097,0.533102810382843,6.001146743983554e-07,0.5535876154899597
1787654301.3193254,2.7380669346567004,-2.2312198399859677,0.19620972768660544,0.46746203303337097,0.533102810382843,7.908091674835305e-07,0.5723381042480469
1787654302.819285,2.8115237165370703,-1.7093846930061531,0.19620535742019832,0.46746203303337097,0.533102810382843,1.218437120087401e-07,5.695309482689481e-06
1787654302.8194962,2.8651871261958086,-2.2185646596816944,0.19620566282876348,0.46746203303337097,0.533102810382843,2.7461899776426435e-07,6.719491466355976e-06
1787654303.6804874,3.01042213342772,-1.6884221912941453,0.1962051047732188,0.46746203303337097,0.533102810382843,6.224573212421092e-07,0.29094600677490234
1787654303.6806014,3.064085354698394,-2.197602177824182,0.1962054601744971,0.46746203303337097,0.533102810382843,8.439309340246837e-07,0.26576414704322815
1787654304.0191376,3.138842140562122,-1.6762705086635803,0.19620378507528063,0.46746203303337097,0.533102810382843,4.4205194171809126e-07,0.6621677875518799
1787654304.019293,3.183856075803218,-2.1862879060236975,0.19620869655719642,0.46746203303337097,0.533102810382843,7.153219030442415e-07,0.6369673013687134
1787654304.16919,3.1939228316853674,-1.6742511674330203,0.19620206011290345,0.46746203303337097,0.533102810382843,3.7225714777378016e-07,0.714338481426239
1787654304.1693168,3.2272349689658943,-2.1851663281534965,0.19620952827998808,0.46746203303337097,0.533102810382843,2.2771040164570877e-07,0.6908626556396484
1787654304.370309,3.222234233232995,-1.6744903292061517,0.19620187705607497,0.46746203303337097,0.533102810382843,3.7897413562859583e-07,0.753350555896759
1787654304.3704064,3.2481223569679134,-2.185835423029885,0.1962103554567702,0.46746203303337097,0.533102810382843,2.2771040164570877e-07,0.7329404950141907
1787654304.5192702,3.250873072141333,-1.6754211129616154,0.19620050085820442,0.46746203303337097,0.533102810382843,4.21104118686344e-07,0.8001645803451538
1787654304.5194068,3.269096505320388,-2.187096699992227,0.19621145748753202,0.46746203303337097,0.533102810382843,0.0,0.7856365442276001
1787654304.6691432,3.2786537799393103,-1.676689621588425,0.19620067939988833,0.46746203303337097,0.533102810382843,6.107296712798416e-07,0.8192426562309265
1787654304.6693177,3.291232430515269,-2.1885350840475413,0.19621115323514077,0.46746203303337097,0.533102810382843,6.32424956847899e-08,0.8093597292900085
1787654305.0192637,3.3054381141809333,-1.678130652769265,0.19620071284496424,0.46746203303337097,0.533102810382843,5.059980026089761e-07,0.7875287532806396
1787654305.019431,3.3145005728031385,-2.190050443113803,0.19621057819324364,0.46746203303337097,0.533102810382843,2.547622557358409e-07,0.7792574167251587
1787654305.7192523,3.3580293350704,-1.6809978897482587,0.19620080365475823,0.46746203303337097,0.533102810382843,6.64046126530593e-07,0.5356937646865845
1787654305.719428,3.362335941502958,-2.192979777210213,0.1962080098976967,0.46746203303337097,0.533102810382843,4.4376338337315246e-07,0.550462543964386
1787654307.177484,3.457249553876286,-1.6810462941120194,0.1962036525092222,0.46746203303337097,0.533102810382843,4.42697484004384e-07,1.4768237633688841e-05
1787654307.1775696,3.462882655825604,-2.1930153050512957,0.1962031162544122,0.46746203303337097,0.533102810382843,1.848350024147294e-07,1.4853235370537732e-05
1787654308.6734104,3.6822355398278654,-1.6785713873558001,0.19620321716920636,0.46746203303337097,0.533102810382843,8.951461722972454e-07,1.7004795154207386e-05
1787654308.6770709,3.687868847912757,-2.1905403960194247,0.1962003876382578,0.46746203303337097,0.533102810382843,1.275787212762225e-06,1.4440768609347288e-05
1787654310.1691883,3.9072217534041553,-1.676096104066184,0.19620213656330956,0.5158180594444275,0.5496413707733154,0.04058576375246048,0.03419743850827217
1787654310.169352,3.9128559529107787,-2.188065102918185,0.1961989117292159,0.49255675077438354,0.5414170622825623,0.03728145733475685,0.036926500499248505
1787654311.5710294,4.117212183168661,-1.67217271067872,0.21939229563670828,0.6464391946792603,0.6105387806892395,0.203643336892128,0.23434382677078247
1787654311.5711327,4.123530555419766,-2.1841307556590532,0.22113538255690954,0.6301308274269104,0.6010127663612366,0.19836434721946716,0.16327090561389923
1787654312.6741087,4.304528472487856,-1.6772281018477904,0.24438176661759803,0.7722859978675842,0.726889431476593,0.3397824466228485,0.10913373529911041
1787654312.6742167,4.331812463338009,-2.18847701021425,0.24929476340083506,0.7684042453765869,0.7214839458465576,0.3411434292793274,0.03710540756583214
1787654313.31934,4.35834902425117,-1.6737190575025687,0.2680556183164157,0.7977461218833923,0.7667269110679626,0.3508073091506958,0.340025931596756
1787654313.3194506,4.3602608920791575,-2.18571478434204,0.2672068194417177,0.7721942067146301,0.7268117070198059,0.3452337980270386,0.3943761885166168
1787654313.8192198,4.378035098292338,-1.6635832571781928,0.27933830220871286,0.7881512641906738,0.7509826421737671,0.35185888409614563,0.6964151859283447
1787654313.8193955,4.354317017495019,-2.175033060414993,0.2785957307776002,0.7721942067146301,0.7268117070198059,0.3588263988494873,0.7244387865066528
1787654314.3191648,4.432137861213325,-1.6582364613338525,0.28590570084564104,0.7976614832878113,0.7666558027267456,0.36908799409866333,0.6351487636566162
1787654314.3193488,4.3868110425686355,-2.168188467154478,0.2797064048314096,0.7754465341567993,0.7315163016319275,0.3588213622570038,0.6692702770233154
1787654314.9690444,4.464339807810174,-1.6545337893428345,0.2886412128776269,0.8080825209617615,0.7841601967811584,0.3703111410140991,0.5277101397514343
1787654314.9691844,4.399168296529161,-2.1622415851007126,0.2772628015638583,0.796310544013977,0.7644054293632507,0.37575098872184753,0.5712683796882629
1787654315.819331,4.507733129974702,-1.656269667632939,0.28368689470550296,0.8169580698013306,0.8002747297286987,0.37195074558258057,0.4031134843826294
1787654315.8195183,4.422102215981314,-2.1608365632935156,0.2687338223755203,0.7976614832878113,0.7666558027267456,0.3763143718242645,0.45869386196136475
1787654317.2691197,4.563699195107806,-1.665496103122698,0.27171150507257336,0.8169580698013306,0.8002747297286987,0.3728640377521515,0.6501715183258057
1787654317.2692504,4.458905387607792,-2.166313913004495,0.25317022100564723,0.7988370060920715,0.7686182260513306,0.3762476444244385,0.6030908226966858
1787654318.669193,4.590302529032233,-1.7076572714036864,0.27230256911444406,0.8169580698013306,0.8002747297286987,0.3734065890312195,0.14493496716022491
1787654318.6693592,4.47552409960587,-2.2062154307429505,0.2520621665823237,0.8085540533065796,0.7849794030189514,0.37772294878959656,0.06775867938995361
1787654319.270544,4.549386083449712,-1.7307817663777747,0.26510124743716645,0.8169580698013306,0.8002747297286987,0.3708081543445587,0.5298718810081482
1787654319.2706356,4.453545381038965,-2.2334471009291477,0.24818612988596542,0.7988370060920715,0.7686182260513306,0.37747541069984436,0.4773378074169159
1787654320.0694182,4.538716273395547,-1.7234247334892752,0.2632174191235226,0.8169580698013306,0.8002747297286987,0.3700456917285919,0.4137483835220337
1787654320.069652,4.463945046260694,-2.229763725426208,0.2500231462356859,0.7988370060920715,0.7686182260513306,0.37747541069984436,0.3533760607242584
1787654320.519183,4.488621502882926,-1.7118021843276,0.25444444980272546,0.8069599270820618,0.7822264432907104,0.3692854642868042,0.806060254573822
1787654320.5193148,4.433193180284472,-2.2207079303433437,0.24513624234474557,0.7976614832878113,0.7666558027267456,0.3771313428878784,0.7836729288101196
1787654325.4190845,4.423326809614616,-1.671377323979227,0.2428642358278003,0.8076367974281311,0.7833149433135986,0.3707222640514374,0.9415652751922607
1787654325.4192638,4.424399517954789,-2.1833761651830574,0.2430537160415101,0.796310544013977,0.7644054293632507,0.3753468990325928,0.9384053349494934
1787654326.8691502,4.432917538485231,-1.6723666454698185,0.24455680726821363,0.8076367974281311,0.7833149433135986,0.3707222640514374,0.9862948656082153
1787654326.8692605,4.433318736477981,-2.1843664837244225,0.24462512585828497,0.796310544013977,0.7644054293632507,0.3753468990325928,0.9845502972602844
1787654328.169134,4.432897655565273,-1.6727698634464363,0.24455243374863442,0.8076367974281311,0.7833149433135986,0.3707222640514374,0.9993873238563538
1787654328.1692846,4.432906363767173,-2.184769863371877,0.24455315233591526,0.796310544013977,0.7644054293632507,0.3753468990325928,0.9993211627006531
1787654329.5216758,4.432885421151533,-1.673010159548377,0.24454846052837434,0.8076367974281311,0.7833149433135986,0.3707222640514374,0.9989724159240723
1787654329.521854,4.4328808903629175,-2.1850101595283298,0.24454847777582153,0.796310544013977,0.7644054293632507,0.3753468990325928,0.998907208442688
1787654330.9192758,4.432877051805368,-1.6733332917528132,0.2445482578849412,0.8076367974281311,0.7833149433135986,0.3707222640514374,0.9990153312683105
1787654330.9195192,4.432859489892413,-2.1853332914480204,0.24454633764179043,0.796310544013977,0.7644054293632507,0.3753468990325928,0.9991687536239624
1787654333.8191113,4.432866720151096,-1.673197306614317,0.24454836311497577,0.8076367974281311,0.7833149433135986,0.3707222640514374,0.9543585181236267
1787654333.8192527,4.432883677128173,-2.185197306332607,0.2445493287351269,0.796310544013977,0.7644054293632507,0.3753468990325928,0.9543476700782776
1787654335.3692498,4.423047339714347,-1.6732426066792405,0.24281547143367355,0.8076367974281311,0.7833149433135986,0.3707222640514374,0.9529566168785095
1787654335.3694303,4.423062014338584,-2.185242606464923,0.24281750042603834,0.796310544013977,0.7644054293632507,0.3753468990325928,0.9529213309288025
1787654336.7700746,4.432899995997023,-1.6735684753172477,0.2445522203245118,0.8076367974281311,0.7833149433135986,0.3707222640514374,0.9981110095977783
1787654336.7702208,4.432907376088945,-2.1855684752613684,0.244553879963956,0.796310544013977,0.7644054293632507,0.3753468990325928,0.9979944229125977
1787654338.1191971,4.432890519002498,-1.6742284647142935,0.24454948998535092,0.8076367974281311,0.7833149433135986,0.3707222640514374,0.9978815317153931
1787654338.1193717,4.4328716888677775,-2.1862284643645604,0.2445476051366386,0.796310544013977,0.7644054293632507,0.3753468990325928,0.997997522354126
1787654339.569232,4.432855493327977,-1.6744488675058038,0.24454583832402338,0.8076367974281311,0.7833149433135986,0.3707222640514374,0.9973878264427185
1787654339.5693269,4.432862763668127,-2.186448867454184,0.24454581176948736,0.796310544013977,0.7644054293632507,0.3753468990325928,0.9974845051765442
1787654341.0194554,4.432875997335678,-1.6748337378235751,0.24454987496145128,0.8076367974281311,0.7833149433135986,0.3707222640514374,0.9998912811279297
1787654341.0199993,4.432905019137058,-2.1868337369931874,0.2445527125782007,0.7976614832878113,0.7666558027267456,0.3759039640426636,0.9998665452003479
1787654347.6234493,4.379480750012926,-1.6748274253169786,0.2371256396162238,0.7977461218833923,0.7667269110679626,0.3508073091506958,0.17581483721733093
1787654347.6245797,4.3795088673412454,-2.1868274245198216,0.2371307095998032,0.783560037612915,0.7437835335731506,0.3568515479564667,0.17564813792705536
1787654348.9190803,4.190865184428513,-1.6748742164981298,0.22086674969858314,0.6954806447029114,0.6447128653526306,0.23508180677890778,0.03869498521089554
1787654348.919218,4.190933620596753,-2.186874211891018,0.22087259550468671,0.6698300242424011,0.625677764415741,0.25917279720306396,0.03868618980050087
1787654350.2709966,4.004499656214308,-1.6748993213865404,0.20614191518949487,0.546215832233429,0.5612925291061401,0.08946012705564499,0.01681485027074814
1787654350.2712033,4.00456783483745,-2.1868993168077213,0.20614827017511278,0.5265331864356995,0.5536224842071533,0.07578591257333755,0.01681596226990223
1787654351.6966062,3.8130929843775427,-1.6749278741934357,0.19620637555592715,0.46746203303337097,0.533102810382843,0.0060747298412024975,0.12501756846904755
1787654351.6967142,3.8131610773442186,-2.1869278696649883,0.19620706681537228,0.46746203303337097,0.533102810382843,0.004876903258264065,0.1250169724225998
1787654353.0191474,3.6380930002124114,-1.6749512618031988,0.19620582616910123,0.46746203303337097,0.533102810382843,8.948888989834813e-07,0.11111345887184143
1787654353.019335,3.638161151308459,-2.1869512572669723,0.19620655021903657,0.46746203303337097,0.533102810382843,8.673604838804749e-07,0.11111336201429367
1787654354.569095,3.413093282338407,-1.6749812294508033,0.19620577886077326,0.46746203303337097,0.533102810382843,5.04463343986572e-07,2.3183283701655455e-06
1787654354.569267,3.4131614190533845,-2.186981224916594,0.19620642556058573,0.46746203303337097,0.533102810382843,4.284885619654233e-07,2.0984173261240358e-06
1787654356.1720123,3.188093567987483,-1.6750111086211166,0.19620602541219223,0.46746203303337097,0.533102810382843,3.455178330113995e-07,1.115998998102441e-06
1787654356.1721513,3.188161658748724,-2.18701110409334,0.19620632717648384,0.46746203303337097,0.533102810382843,6.772709753022355e-07,1.3432041896521696e-06
1787654358.6192086,2.9630948790038056,-1.675040962643681,0.19620601271852803,0.46746203303337097,0.533102810382843,7.306786073968397e-07,0.033207621425390244
1787654358.6194081,2.9631628449479894,-2.1870409581325174,0.19620626141571626,0.46746203303337097,0.533102810382843,6.956673814784153e-07,0.033141493797302246
1787654359.9190357,2.7527698841139303,-1.674883068988687,0.19620589375115918,0.46746203303337097,0.533102810382843,6.16614272530569e-07,0.03509192913770676
1787654359.9191911,2.752823091771793,-2.1868830662239325,0.19620566136498677,0.46746203303337097,0.533102810382843,1.6368824162782403e-06,0.035074345767498016
1787654361.370735,2.548120226471552,-1.6749185015910915,0.1962060926446503,0.46746203303337097,0.533102810382843,4.316288482186792e-07,0.1110585480928421
1787654361.3708384,2.548176113960863,-2.186918498540857,0.19620626210785028,0.46746203303337097,0.533102810382843,1.6672032643327839e-06,0.111064612865448
1787654362.6193597,2.3481207199684304,-1.6749397350373059,0.19620655077896476,0.46746203303337097,0.533102810382843,0.0,0.08428630977869034
1787654362.6195068,2.348177574943021,-2.186939731879929,0.1962057348094915,0.46746203303337097,0.533102810382843,4.552468908514129e-07,0.08429167419672012
1787654364.3691475,2.132445262447581,-1.674972796522133,0.19620627458250053,0.46746203303337097,0.533102810382843,1.7062731103578699e-06,0.08597934246063232
1787654364.3693516,2.132500484101485,-2.186972793543653,0.1962055447706542,0.46746203303337097,0.533102810382843,1.6171577499335399e-06,0.08576525747776031
1787654365.6740513,1.935765679374813,-1.6749805625397087,0.19620508809572262,0.46746203303337097,0.533102810382843,1.983417405426735e-06,0.1111225113272667
1787654365.6741428,1.935774418872837,-2.1869805624650493,0.1962048185775055,0.46746203303337097,0.533102810382843,1.3389276318775956e-06,0.11112654209136963
1787654367.1192112,1.7107671588112394,-1.674984521997787,0.19620448768386642,0.46746203303337097,0.533102810382843,1.6224721548496746e-05,0.00012130042159697041
1787654367.1194463,1.7107744066933446,-2.1869845219460218,0.1962051776597795,0.46746203303337097,0.533102810382843,1.366331844110391e-06,0.00011047432053601369
1787654368.6870036,1.4857676962032673,-1.6749871591256429,0.1962055562602382,0.46746203303337097,0.533102810382843,0.006101521663367748,4.609439929481596e-05
1787654368.6871057,1.4857763783433897,-2.186987159051501,0.19620482014143,0.46746203303337097,0.533102810382843,1.7922440065376577e-06,4.995789277018048e-05
1787654370.3191845,1.260769073956106,-1.6749913356469686,0.19620321115200884,0.46746203303337097,0.533102810382843,0.017056062817573547,0.11876223981380463
1787654370.3193579,1.260776078802727,-2.1869913355866646,0.19620677254205332,0.46746203303337097,0.533102810382843,1.5854637922529946e-06,0.1189890131354332
1787654372.0691943,1.0950698337134548,-1.6741233766634611,0.196204533028437,0.46746203303337097,0.533102810382843,0.023679718375205994,0.9635308384895325
1787654372.069421,1.1050327171491698,-2.1860264348235017,0.1962043222323855,0.46746203303337097,0.533102810382843,1.5774209032315412e-06,0.9773826003074646
1787654372.2191088,1.103998758422712,-1.6733889988978035,0.1962029815705604,0.46746203303337097,0.533102810382843,0.023891685530543327,0.967284083366394
1787654372.2192657,1.1173044168092678,-2.1852160785396872,0.1962033826328117,0.46746203303337097,0.533102810382843,1.3855741372026387e-06,0.9799808859825134
1787654372.3691053,1.115159278334033,-1.6726125934795046,0.1962058494251196,0.46746203303337097,0.533102810382843,0.023891685530543327,0.9689977765083313
1787654372.369256,1.1321360782383856,-2.184331059300332,0.1962041214035244,0.46746203303337097,0.533102810382843,1.3855741372026387e-06,0.9773473739624023
1787654372.5191338,1.1291635361652053,-1.6714762841597526,0.19620648970017085,0.46746203303337097,0.533102810382843,0.022533675655722618,0.9584077596664429
1787654372.519313,1.1486148436216652,-2.1831066650270463,0.19620305137749094,0.46746203303337097,0.533102810382843,1.3855741372026387e-06,0.9651011824607849
1787654372.7230444,1.1458442822769304,-1.6701108410057701,0.19620683031881367,0.46746203303337097,0.533102810382843,0.022944364696741104,0.9471498131752014
1787654372.7231405,1.1673980056908333,-2.181656965018833,0.19620306080956493,0.46746203303337097,0.533102810382843,1.2952521046827314e-06,0.9525224566459656
1787654372.8691773,1.1650636884271912,-1.6685927846662707,0.19620789770274705,0.46746203303337097,0.533102810382843,0.022493161261081696,0.9467883110046387
1787654372.8693802,1.1884462605110158,-2.1800585756003237,0.19620270649618876,0.46746203303337097,0.533102810382843,1.13836483706109e-06,0.9526591897010803
1787654373.0230193,1.1846131207353423,-1.6668773300038056,0.1962077592208908,0.46746203303337097,0.533102810382843,0.021134324371814728,0.9575372934341431
1787654373.023542,1.2099505369044006,-2.178250007534094,0.19620359031483292,0.46746203303337097,0.533102810382843,1.4112700910118292e-06,0.9646633863449097
1787654373.1689825,1.2016579171094908,-1.6650884887351651,0.19620809137725692,0.46746203303337097,0.533102810382843,0.020380141213536263,0.9592552185058594
1787654373.1691406,1.2291978566431776,-2.17634728005649,0.19620288185025198,0.46746203303337097,0.533102810382843,1.4112700910118292e-06,0.9673149585723877
1787654373.3238838,1.218680008458504,-1.6630762898385345,0.19620745381360674,0.46746203303337097,0.533102810382843,0.020380141213536263,0.9609506130218506
1787654373.3240914,1.2486546739527586,-2.174198114261661,0.19620226903296425,0.46746203303337097,0.533102810382843,1.382645905323443e-06,0.9701030254364014
1787654373.4704216,1.2356842891943862,-1.660843696224846,0.19620799455310278,0.46746203303337097,0.533102810382843,0.020380141213536263,0.9623858332633972
1787654373.4707398,1.2683675764780582,-2.171799469944111,0.19620205486550713,0.46746203303337097,0.533102810382843,1.382645905323443e-06,0.9726777076721191
1787654373.6706123,1.2526737817715843,-1.6583623245595698,0.19620859464061005,0.46746203303337097,0.533102810382843,0.020380141213536263,0.9634106755256653
1787654373.671086,1.2883537008758055,-2.1691175921056036,0.19620176122048902,0.46746203303337097,0.533102810382843,1.6801576521174866e-06,0.975092351436615
1787654373.81919,1.2696412538227897,-1.655649804668053,0.19620828477766877,0.46746203303337097,0.533102810382843,0.019124267622828484,0.9640668630599976
1787654373.8193264,1.3086739423936147,-2.16615979395671,0.1962005757943419,0.46746203303337097,0.533102810382843,1.682294964666653e-06,0.9767065644264221
1787654373.977583,1.2865812902238694,-1.6525809202127393,0.19620841929438612,0.46746203303337097,0.533102810382843,0.019124267622828484,0.9639734625816345
1787654373.9776626,1.3292120180787474,-2.162803049279207,0.19620110875667265,0.46746203303337097,0.533102810382843,1.682294964666653e-06,0.97784823179245
1787654374.1692312,1.3034995812128156,-1.649193369220888,0.19620878931718314,0.46746203303337097,0.533102810382843,0.02026008628308773,0.9630669355392456
1787654374.1693842,1.3500513824671918,-2.1590726978199526,0.19620058320408698,0.46746203303337097,0.533102810382843,1.5743166841275524e-06,0.9782198071479797
1787654374.319484,1.3203904830737312,-1.6454673218765008,0.1962089588793667,0.46746203303337097,0.533102810382843,0.018602155148983,0.9612219929695129
1787654374.31956,1.3712030400466249,-2.154939680277897,0.1962000821644916,0.46746203303337097,0.533102810382843,1.5925397747196257e-06,0.977691650390625
1787654374.4700942,1.3372526763603174,-1.6413870598157607,0.1962091871937667,0.46746203303337097,0.533102810382843,0.01864701136946678,0.9584929347038269
1787654374.4701953,1.3926818248922226,-2.150377835176829,0.19619968105780763,0.46746203303337097,0.533102810382843,1.9771596271311864e-06,0.976296067237854
1787654374.6744761,1.3540842868356904,-1.6369328538899786,0.19620953338859778,0.46746203303337097,0.533102810382843,0.01843888871371746,0.9715209603309631
1787654374.6745582,1.4144955539953366,-2.145356376844253,0.19619919267649824,0.46746203303337097,0.533102810382843,1.8870782696467359e-06,0.9620327949523926
1787654374.819176,1.3498769905206818,-1.6346469024034094,0.1962098713087925,0.46746203303337097,0.533102810382843,0.01843888871371746,0.8696789145469666
1787654374.8193257,1.4080198623141331,-2.1433348286758593,0.1961987247918852,0.46746203303337097,0.533102810382843,1.9771596271311864e-06,0.9169350862503052
1787654374.9691322,1.3876417623032615,-1.6268307283214254,0.1962102615835855,0.46746203303337097,0.533102810382843,0.01843888871371746,0.9461683630943298
1787654374.9693792,1.4591403838080443,-2.1338139104671052,0.1961982467435494,0.46746203303337097,0.533102810382843,1.8710800304688746e-06,0.9680185317993164
1787654375.1191654,1.4043620429901202,-1.6211506838847431,0.19621064644386774,0.46746203303337097,0.533102810382843,0.018433066084980965,0.9411687254905701
1787654375.1193626,1.4819711688519486,-2.127234494551093,0.1961978250207275,0.46746203303337097,0.533102810382843,1.8710800304688746e-06,0.9643635749816895
1787654375.269708,1.4210378539191135,-1.615032486283195,0.19621104011906992,0.46746203303337097,0.533102810382843,0.01542588323354721,0.9359455108642578
1787654375.2698493,1.505133876003242,-2.1200788790839757,0.196197308939286,0.46746203303337097,0.533102810382843,1.734542479425727e-06,0.9604705572128296
1787654375.4708664,1.4376646726883615,-1.6084645337075252,0.1962115609943134,0.46746203303337097,0.533102810382843,0.012912308797240257,0.9305927157402039
1787654375.471041,1.5286185165089938,-2.1123210589982335,0.19619685637374243,0.46746203303337097,0.533102810382843,1.735752448439598e-06,0.9564279913902283
1787654375.6195545,1.4542388275888916,-1.6014382960347602,0.19621172411411306,0.46746203303337097,0.533102810382843,0.011434066109359264,0.9252164959907532
1787654375.619723,1.5524131916414678,-2.1039378423101254,0.19619636427816325,0.46746203303337097,0.533102810382843,1.6908944644455914e-06,0.9523321986198425
1787654375.8191931,1.4707538810465415,-1.5939453135610444,0.196212075436851,0.46746203303337097,0.533102810382843,0.010868032462894917,0.9198408126831055
1787654375.819332,1.57649936571963,-2.0949062823082336,0.19619585410788618,0.46746203303337097,0.533102810382843,1.707042883936083e-06,0.9482074975967407
1787654375.9713895,1.4872026686901871,-1.5859822813973306,0.1962124683441832,0.46746203303337097,0.533102810382843,0.010849300771951675,0.9145877957344055
1787654375.972039,1.6008570991972637,-2.085208352566835,0.1961954162757013,0.46746203303337097,0.533102810382843,1.5201584346868913e-06,0.9441595673561096
1787654376.1191456,1.5035790913690112,-1.5775451865267398,0.19621280767929497,0.46746203303337097,0.533102810382843,0.009111814200878143,0.9094885587692261
1787654376.1192904,1.625462046607912,-2.074826339300057,0.1961949562724842,0.46746203303337097,0.533102810382843,1.768293145687494e-06,0.9402178525924683
1787654376.3259685,1.5198747693783614,-1.5686318419785565,0.19621314904847856,0.46746203303337097,0.533102810382843,0.009111814200878143,0.9045876860618591
1787654376.32608,1.6502860752641733,-2.063744850239833,0.19619450430947552,0.46746203303337097,0.533102810382843,1.8532946342020296e-06,0.9364206790924072
1787654376.469835,1.5360811877403504,-1.5592424910397296,0.1962134564362356,0.46746203303337097,0.533102810382843,0.008702866733074188,0.8999273180961609
1787654376.4699216,1.6752987611402161,-2.0519518038010243,0.19619409291619727,0.46746203303337097,0.533102810382843,1.8532946342020296e-06,0.9328052401542664
1787654376.6220078,1.552189619389716,-1.5493786279879094,0.1962138040218279,0.46746203303337097,0.533102810382843,0.004039307590574026,0.8955115675926208
1787654376.6252966,1.7004672388118995,-2.0394375501336626,0.19619370843222858,0.46746203303337097,0.533102810382843,1.880524905573111e-06,0.9293756484985352
1787654376.7694788,1.5681899535991972,-1.5390441203334815,0.19621407071219923,0.46746203303337097,0.533102810382843,0.004039307590574026,0.8913851976394653
1787654376.7696807,1.7257569013138885,-2.026195694852264,0.1961932921991927,0.46746203303337097,0.533102810382843,1.3927848385719699e-06,0.9261714220046997
1787654376.9191048,1.5840705461805566,-1.5282406046745562,0.19621433188024795,0.46746203303337097,0.533102810382843,0.0032306716311722994,0.887563943862915
1787654376.9192567,1.7511296825737899,-2.0122191625566987,0.19619293401483923,0.46746203303337097,0.533102810382843,1.4263522416513297e-06,0.9232053756713867
1787654377.0695262,1.599820352521816,-1.5169728178622885,0.1962145320311335,0.46746203303337097,0.533102810382843,0.0034819196444004774,0.8840402364730835
1787654377.0696783,1.7765472016878388,-1.9975054601472104,0.19619256567207113,0.46746203303337097,0.533102810382843,1.4253730569180334e-06,0.9204737544059753
1787654377.2206328,1.6154265666362224,-1.5052445307764966,0.19621486136157976,0.46746203303337097,0.533102810382843,0.0034819196444004774,0.8808618783950806
1787654377.2207754,1.8019697663552614,-1.9820522846241186,0.19619229217221654,0.46746203303337097,0.533102810382843,1.2539734370875522e-06,0.9180166721343994
1787654377.3693411,1.6308769294066143,-1.4930592088476566,0.19621500919087592,0.46746203303337097,0.533102810382843,0.003723812522366643,0.8780772089958191
1787654377.369759,1.8273562325791632,-1.9658592542225453,0.1961922422612114,0.46746203303337097,0.533102810382843,1.0441265203553485e-06,0.9158720970153809
1787654378.1142297,1.6461568489292664,-1.4804234890517178,0.19621520283729582,0.46746203303337097,0.533102810382843,0.0034883704502135515,0.8766470551490784
1787654378.1144376,1.8526602087614208,-1.9489321462089508,0.19619181997367158,0.46746203303337097,0.533102810382843,1.1938376474063261e-06,0.9148091077804565
1787654378.114491,1.6612567308909751,-1.4673707187027067,0.19621521931252628,0.46746203303337097,0.533102810382843,0.0034847636707127094,0.8763605356216431
1787654378.114536,1.877788432696978,-1.931329791850256,0.19619161712617894,0.46746203303337097,0.533102810382843,8.494585017615464e-07,0.9146572947502136
1787654378.1145775,1.6761648153139064,-1.453935059772346,0.19621537859237725,0.46746203303337097,0.533102810382843,0.0017912962939590216,0.8766223192214966
1787654378.1146238,1.9026583911770107,-1.9131133035107857,0.19619150337530306,0.46746203303337097,0.533102810382843,8.494585017615464e-07,0.914939284324646
1787654378.114669,1.6908684933957019,-1.440137624570965,0.1962153183087294,0.46746203303337097,0.533102810382843,0.001585590187460184,0.8771742582321167
1787654378.114713,1.9272214116786588,-1.894319633739528,0.1961915120645376,0.46746203303337097,0.533102810382843,5.828998723700352e-07,0.9154500961303711
1787654378.169133,1.7053580074270536,-1.4259934893348543,0.19621534020332787,0.46746203303337097,0.533102810382843,0.001493323827162385,0.8779280781745911
1787654378.1693466,1.9514469424173746,-1.874974820248472,0.19619154176110182,0.46746203303337097,0.533102810382843,1.8839298832062923e-07,0.9161199331283569
1787654378.3190463,1.7196217931079087,-1.4115137538543612,0.1962152725651944,0.46746203303337097,0.533102810382843,0.001493323827162385,0.8786576986312866
1787654378.3192112,1.9753081580298617,-1.8550996894220357,0.19619161778067112,0.46746203303337097,0.533102810382843,5.367679705159389e-07,0.9167672395706177
1787654378.5191941,1.7336484957224207,-1.396704828717976,0.19621527527004873,0.46746203303337097,0.533102810382843,0.0006976625882089138,0.8793714046478271
1787654378.5193639,1.998790707866544,-1.834704379840378,0.19619169783594753,0.46746203303337097,0.533102810382843,7.4003446570714e-07,0.9173988103866577
1787654378.67493,1.7474265259667527,-1.3815734922001555,0.19621524174086583,0.46746203303337097,0.533102810382843,0.0006687340210191905,0.8801191449165344
1787654378.675025,2.0218796457116213,-1.8137996881982648,0.19619167666334367,0.46746203303337097,0.533102810382843,1.3900030353397597e-06,0.9180551171302795
1787654378.8190765,1.760947050643247,-1.3661282101259982,0.196215204014681,0.46746203303337097,0.533102810382843,0.0008674892014823854,0.8810305595397949
1787654378.8192606,2.044560623932217,-1.7923996500467951,0.19619166442014258,0.46746203303337097,0.533102810382843,1.3900030353397597e-06,0.9188401103019714
1787654379.0199869,1.774200447267441,-1.3503808072846846,0.19621513242603753,0.46746203303337097,0.533102810382843,0.001047709141857922,0.8813967108726501
1787654379.0200984,2.0668122118475014,-1.7705264423721718,0.19619175989380863,0.46746203303337097,0.533102810382843,1.2983553006051807e-06,0.9191864132881165
1787654379.174026,1.7871741132239478,-1.3343223060719365,0.19621516096848649,0.46746203303337097,0.533102810382843,0.001047709141857922,0.9030582904815674
1787654379.1741757,2.0886452721623963,-1.748156982944863,0.1961917988406521,0.46746203303337097,0.533102810382843,1.0805789543155697e-06,0.9369991421699524
1787654379.3692374,1.800498025874055,-1.3182841787235424,0.1962147630065322,0.46746203303337097,0.533102810382843,0.0009712072787806392,0.9461203217506409
1787654379.3694332,2.109751805994575,-1.7263357673779307,0.19619290438884077,0.46746203303337097,0.533102810382843,1.0805789543155697e-06,0.9762552380561829
1787654379.7190444,1.8149204792961164,-1.3020640114166353,0.1962141825369198,0.46746203303337097,0.533102810382843,0.0011277747107669711,0.9867653846740723
1787654379.7192225,2.1296058578113835,-1.7059416069543434,0.19619491124384625,0.46746203303337097,0.533102810382843,1.1390870895411354e-06,1.0029270648956299
1787654380.7193167,1.8284937107428851,-1.2847597778001099,0.19621175052936693,0.46746203303337097,0.533102810382843,0.0023828325793147087,0.23784230649471283
1787654380.7195494,2.1469319321137967,-1.6856850813528177,0.19619986357536992,0.46746203303337097,0.533102810382843,8.270304761026637e-07,0.2106150984764099
1787654380.8719978,1.971632680062725,-1.1741862900111488,0.1961903554966121,0.46746203303337097,0.533102810382843,0.003907731268554926,0.7661571502685547
1787654380.8720748,2.281425686673079,-1.5818286491974385,0.19619759106700682,0.46746203303337097,0.533102810382843,1.1442245977377752e-06,0.7445430159568787
1787654381.0695634,1.99516622484521,-1.1588101480282667,0.19618877237932786,0.46746203303337097,0.533102810382843,0.0038121328689157963,0.7939321398735046
1787654381.0697236,2.300177241456364,-1.5700427824661112,0.19619968752189632,0.46746203303337097,0.533102810382843,1.1443216862971894e-06,0.773331344127655
1787654381.2192333,2.01960585907736,-1.143932250512376,0.19618481352115605,0.46746203303337097,0.533102810382843,0.0038121328689157963,0.8226388692855835
1787654381.2194138,2.319052696703415,-1.5592340579111712,0.19619920271630417,0.46746203303337097,0.533102810382843,1.1443216862971894e-06,0.8047783970832825
1787654381.3692417,2.0446370605904454,-1.1294493417308877,0.1961808730059325,0.46746203303337097,0.533102810382843,0.004797083325684071,0.8388203382492065
1787654381.3694267,2.3383153725761314,-1.5488501628472648,0.19619865351195148,0.46746203303337097,0.533102810382843,1.7663164726400282e-06,0.8242825865745544
1787654381.576055,2.0696595280963876,-1.115703093962462,0.1961807393218104,0.46746203303337097,0.533102810382843,0.004244747571647167,0.8367574214935303
1787654381.5761762,2.3584944241859995,-1.5384540874860122,0.19619734517922371,0.46746203303337097,0.533102810382843,1.7203138895638403e-06,0.8219041228294373
1787654381.7190726,2.0951834775295466,-1.1023288937186881,0.196179947184267,0.46746203303337097,0.533102810382843,0.004070643801242113,0.8332912921905518
1787654381.7192626,2.379039400832174,-1.5284389903856936,0.19619795963444614,0.46746203303337097,0.533102810382843,1.755093421706988e-06,0.8178361058235168
1787654381.9192371,2.1211502050542963,-1.0892277687863579,0.1961733998869268,0.46746203303337097,0.533102810382843,0.004070643801242113,0.8295555710792542
1787654381.9193869,2.399804328805917,-1.5187576033279497,0.19619695596482126,0.46746203303337097,0.533102810382843,1.9194606011296855e-06,0.813441812992096
1787654382.0691957,2.1475439527062448,-1.0763972412578755,0.19617240421074794,0.46746203303337097,0.533102810382843,0.004210228566080332,0.8258959650993347
1787654382.069388,2.4207526175479344,-1.5094111265428367,0.19619701811279755,0.46746203303337097,0.533102810382843,2.1186062895139912e-06,0.809136152267456
1787654382.2706058,2.1743584735945505,-1.0638636713989587,0.19617300199441098,0.46746203303337097,0.533102810382843,0.002553690457716584,0.8222792744636536
1787654382.2706938,2.4418779368555774,-1.5004153136022391,0.19619459253181962,0.46746203303337097,0.533102810382843,2.110067043759045e-06,0.8048784732818604
1787654382.4190907,2.2015793549369223,-1.051644764630913,0.19616963807342164,0.46746203303337097,0.533102810382843,0.0025312441866844893,0.8187425136566162
1787654382.419282,2.463163674202163,-1.4917784298534895,0.1961951778762167,0.46746203303337097,0.533102810382843,2.094678166031372e-06,0.8007169365882874
1787654382.6193445,2.22920874105347,-1.0397662505143503,0.19616934696003382,0.46746203303337097,0.533102810382843,0.002046401845291257,0.8153427839279175
1787654382.6195488,2.484613195107988,-1.4835145624391148,0.19619199724538303,0.46746203303337097,0.533102810382843,2.353000581933884e-06,0.7967143058776855
1787654382.7720277,2.257231558914079,-1.0282510122669335,0.1961641887220434,0.46746203303337097,0.533102810382843,0.0017990663181990385,0.9861702919006348
1787654382.7721252,2.506214879764228,-1.475633739979669,0.19619389973172519,0.46746203303337097,0.533102810382843,2.353000581933884e-06,0.9867820143699646
1787654382.919145,2.2603397438176787,-1.030970656090684,0.1961653344542457,0.46746203303337097,0.533102810382843,0.0015867175534367561,0.6200287342071533
1787654382.91931,2.5094012689298477,-1.4783098517833912,0.1961919013914917,0.46746203303337097,0.533102810382843,2.353000581933884e-06,0.5807918310165405
1787654383.1200233,2.3144266917575145,-1.0064243500013508,0.1961590429553925,0.46746203303337097,0.533102810382843,0.0016492764698341489,0.9868102073669434
1787654383.1200933,2.549858416301479,-1.4610845553341159,0.19618670199480115,0.46746203303337097,0.533102810382843,2.2264282506512245e-06,0.9861677289009094
1787654383.2713292,2.317860219232667,-1.009206750700544,0.1961538084850758,0.46746203303337097,0.533102810382843,0.0016492764698341489,0.6135498881340027
1787654383.273008,2.5530194018439634,-1.4640079795536869,0.1961864773987042,0.46746203303337097,0.533102810382843,2.2264282506512245e-06,0.5732545852661133
1787654383.4191637,2.3730715323827862,-0.9863339669370417,0.19615091743557433,0.46746203303337097,0.533102810382843,0.00017028926231432706,0.7999876737594604
1787654383.419343,2.594031340617968,-1.4482005733013037,0.1961836318296381,0.46746203303337097,0.533102810382843,2.346056817259523e-06,0.7786543965339661
1787654383.6200168,2.4029117640111033,-0.9769976468304441,0.19617938986123512,0.46746203303337097,0.533102810382843,0.00017028926231432706,0.8194524645805359
1787654383.6214452,2.6162994719559536,-1.4424111033176854,0.19620426237860228,0.46746203303337097,0.533102810382843,2.4438020318484632e-06,0.8005024790763855
1787654383.769061,2.430075799350506,-0.9685053919000263,0.19619396442408804,0.46746203303337097,0.533102810382843,0.00015847031318116933,0.8465716242790222
1787654383.769263,2.6366693594070414,-1.4369742815475943,0.1962133433153052,0.46746203303337097,0.533102810382843,1.85938017693843e-06,0.8317451477050781
1787654383.9691627,2.450927193189501,-0.9620475362978496,0.19620234138455397,0.46746203303337097,0.533102810382843,0.00015005917521193624,0.8520060777664185
1787654383.9693372,2.6529761401530374,-1.432494369561282,0.19621250672412058,0.46746203303337097,0.533102810382843,2.2269432520261034e-06,0.8391699194908142
1787654384.3192978,2.468442588247297,-0.9565139421551825,0.1962036811361074,0.46746203303337097,0.533102810382843,0.00013422039046417922,0.8749544620513916
1787654384.3196123,2.667241088990584,-1.428343525864101,0.19620994931019173,0.46746203303337097,0.533102810382843,2.2269432520261034e-06,0.8691897988319397
1787654386.2191818,2.518222376735881,-0.936281541335703,0.19620307249350122,0.46746203303337097,0.533102810382843,0.0001067377015715465,0.9293113350868225
1787654386.219348,2.724331116395964,-1.404963936387662,0.19620509518411589,0.46746203303337097,0.533102810382843,2.172040694858879e-06,0.9442312717437744
1787654386.3763816,2.5328813016646166,-0.928262018153378,0.19620421113756556,0.46746203303337097,0.533102810382843,4.082469331478933e-06,0.9413148164749146
1787654386.3764825,2.745450060229447,-1.3940500846407402,0.19620379729196233,0.46746203303337097,0.533102810382843,2.137079036401701e-06,0.9541144967079163
1787654386.57006,2.54260764920301,-0.9229310015931553,0.19620672922917745,0.46746203303337097,0.533102810382843,4.053291377204005e-06,0.9600478410720825
1787654386.570213,2.7588394992701764,-1.3870298994594095,0.19620274693933218,0.46746203303337097,0.533102810382843,1.7003467291942798e-06,0.9673466086387634
1787654386.7194295,2.5559824229198096,-0.9158414310692891,0.19620796910577712,0.46746203303337097,0.533102810382843,4.076516233908478e-06,0.9220647811889648
1787654386.7292116,2.774328515584118,-1.3789493923468727,0.19620354765142997,0.46746203303337097,0.533102810382843,1.3370083706831792e-06,0.9218305945396423
1787654387.0691264,2.5734587732226855,-0.906923355251217,0.19620766530643616,0.46746203303337097,0.533102810382843,4.192982942186063e-06,0.8340076804161072
1787654387.0692735,2.7922078020779395,-1.3698411258676695,0.19620293490893206,0.46746203303337097,0.533102810382843,8.690785762155429e-07,0.8264018297195435
1787654387.9693425,2.617443033924549,-0.8856709236176042,0.19620653774661043,0.46746203303337097,0.533102810382843,4.192982942186063e-06,0.25460949540138245
1787654387.9694812,2.835460501931764,-1.34893368236383,0.19620493801733038,0.46746203303337097,0.533102810382843,1.1451719501565094e-06,0.21105797588825226
1787654388.119226,2.760638384362453,-0.8243078893836049,0.1962059327577238,0.46746203303337097,0.533102810382843,5.222927484282991e-06,0.9939343333244324
1787654388.1194112,2.964525101964183,-1.293961172526483,0.19621025805400966,0.46746203303337097,0.533102810382843,8.77856678016542e-07,0.9922360777854919
1787654388.27405,2.761495543760814,-0.8263508788728988,0.19620483805528158,0.46746203303337097,0.533102810382843,5.124051313032396e-06,0.6156986355781555
1787654388.2741344,2.9650062093159786,-1.296167235534056,0.19620918894985664,0.46746203303337097,0.533102810382843,8.77856678016542e-07,0.5823061466217041
1787654388.4241178,2.8139104262130967,-0.8074622517814942,0.19620269385336292,0.46746203303337097,0.533102810382843,5.154239261173643e-06,0.9723978638648987
1787654388.427003,3.0067371401532146,-1.2817636942466646,0.1962108495042686,0.46746203303337097,0.533102810382843,6.24594861164951e-07,0.9759605526924133
1787654388.569112,2.814668616337469,-0.8105077153735707,0.19620219150673454,0.46746203303337097,0.533102810382843,5.154239261173643e-06,0.6450510621070862
1787654388.5692914,3.008366882484078,-1.2844538954651827,0.1962104599117551,0.46746203303337097,0.533102810382843,6.24594861164951e-07,0.6121115684509277
1787654388.7191322,2.8687659212072725,-0.7926438678927243,0.19620201973665968,0.46746203303337097,0.533102810382843,3.8139182834129315e-06,0.8362773060798645
1787654388.7193959,3.0500065807694487,-1.2714923023935367,0.19621189843406656,0.46746203303337097,0.533102810382843,6.615416623390047e-07,0.8217408061027527
1787654388.869208,2.8964683068267223,-0.7858042062671784,0.19620271925597998,0.46746203303337097,0.533102810382843,4.00403177991393e-06,0.831915020942688
1787654388.869321,3.072120174117296,-1.2667308341787817,0.1962118246890473,0.46746203303337097,0.533102810382843,1.1695714192683226e-06,0.8167079091072083
1787654389.0192497,2.924545125968195,-0.7792982376632825,0.1962010348653701,0.46746203303337097,0.533102810382843,3.649053724075202e-06,0.8275697231292725
1787654389.0193946,3.0943480707196533,-1.262320969875014,0.19621200971185931,0.46746203303337097,0.533102810382843,1.642987854211242e-06,0.8116969466209412
1787654389.1692271,2.952984582859471,-0.7731497137966724,0.19620126117674258,0.46746203303337097,0.533102810382843,4.127981355850352e-06,0.8232783675193787
1787654389.169416,3.1166779051521254,-1.2582770126468188,0.1962133918827043,0.46746203303337097,0.533102810382843,1.642987854211242e-06,0.8067505359649658
1787654389.3190217,2.9817750489247086,-0.7673809456845744,0.19620124131029082,0.46746203303337097,0.533102810382843,1.4671824146716972e-06,0.8190890550613403
1787654389.3191192,3.139099552313321,-1.2546108713810056,0.1962130470994497,0.46746203303337097,0.533102810382843,8.172107186510402e-07,0.8019257187843323
1787654389.4691963,3.010906429664291,-0.7620137367290625,0.19619929342342624,0.46746203303337097,0.533102810382843,1.6672017864038935e-06,0.8149229884147644
1787654389.4693365,3.1616077041610477,-1.25133277954187,0.1962136395389421,0.46746203303337097,0.533102810382843,1.4641415191363194e-06,0.7971304059028625
1787654389.6191,3.0403641027454658,-0.7570679661193476,0.19619943570343717,0.46746203303337097,0.533102810382843,1.9115457234875066e-06,0.8108912110328674
1787654389.6193507,3.184188225393429,-1.248452358969501,0.1962138520072687,0.46746203303337097,0.533102810382843,1.4641415191363194e-06,0.7924928069114685
1787654389.8192232,3.070130122125954,-0.7525673924095424,0.19619941691604903,0.46746203303337097,0.533102810382843,3.1071497232915135e-06,0.8070036172866821
1787654389.819355,3.206830077818449,-1.2459811355482477,0.19621339982092534,0.46746203303337097,0.533102810382843,1.187160705740098e-06,0.7880236506462097
1787654389.9192533,3.1001937626723084,-0.7485342745207821,0.1961997127580659,0.46746203303337097,0.533102810382843,3.7430174870678457e-06,0.8031719326972961
1787654389.9193888,3.2295299418374324,-1.2439292205467745,0.19621423415418895,0.49268975853919983,0.5414625406265259,1.3370024589676177e-06,0.783622145652771
1787654390.0691476,3.1305370882815136,-0.7449874812354235,0.1961998950691406,0.46746203303337097,0.533102810382843,3.2129335068020737e-06,0.7995137572288513
1787654390.0694137,3.2522730326631195,-1.2423046432809628,0.19621332970067368,0.4911710321903229,0.5409435629844666,1.3941439647169318e-06,0.779422402381897
1787654390.2191322,3.161143693416804,-0.7419487478185124,0.1961981626374868,0.46746203303337097,0.533102810382843,3.2306270441040397e-06,0.7959634065628052
1787654390.2192795,3.275052482789053,-1.2411168432324118,0.19621314959908687,0.4944160282611847,0.5420549511909485,1.3384160411078483e-06,0.7753495573997498
1787654390.3691049,3.191993891061187,-0.7394356393395041,0.19619767401116409,0.46746203303337097,0.533102810382843,4.347921276348643e-06,0.8150231838226318
1787654390.369277,3.29785531809998,-1.24037212035696,0.1962135219873037,0.49268975853919983,0.5414625406265259,1.9231422356824623e-06,0.7966143488883972
1787654390.5191524,3.2202051026534346,-0.7371438486213564,0.1961989722817871,0.46746203303337097,0.533102810382843,4.241840542817954e-06,0.8171037435531616
1787654390.519327,3.3188359370977616,-1.239553998103206,0.19621291650109782,0.4911710321903229,0.5409435629844666,1.7642605598666705e-06,0.7993965148925781
1787654390.7191188,3.2447578800145656,-0.7355678791543494,0.19620033132720863,0.46746203303337097,0.533102810382843,4.003076810477069e-06,0.7858141660690308
1787654390.7192695,3.3375252227592065,-1.239093667937055,0.1962126135340446,0.48982444405555725,0.5404852628707886,1.7251543340535136e-06,0.7640397548675537
1787654390.8690891,3.2758995879205823,-0.7335926622716489,0.19619877612789627,0.46746203303337097,0.533102810382843,4.283732323528966e-06,0.8133136630058289
1787654390.8692398,3.360104316983663,-1.2386209420594394,0.19621354089085785,0.4911710321903229,0.5409435629844666,1.5953919501043856e-06,0.794487476348877
1787654390.969035,3.304300138066129,-0.7329377674761437,0.19619804838744823,0.46746203303337097,0.533102810382843,4.0715203795116395e-06,0.8102863430976868
1787654390.9691868,3.3810707680151224,-1.239149452586781,0.19621336777590356,0.4911710321903229,0.5409435629844666,1.7860285197457415e-06,0.7909969091415405
1787654391.170737,3.3330372153825905,-0.7329526992993092,0.1961978025272805,0.46746203303337097,0.533102810382843,3.236472821299685e-06,0.805230975151062
1787654391.1709936,3.4021855014651545,-1.240261790767418,0.196213475622971,0.49268975853919983,0.5414625406265259,2.1852556528756395e-06,0.785241961479187
1787654391.2719343,3.362095246579754,-0.7334891124054921,0.19619737197175896,0.46746203303337097,0.533102810382843,3.0114154014881933e-06,0.8001640439033508
1787654391.2720208,3.4233421181237853,-1.2418126515532653,0.1962139355214712,0.4911710321903229,0.5409435629844666,2.245017185487086e-06,0.7794834971427917
1787654391.4207897,3.3914575578014876,-0.7345557542803423,0.19619830007807526,0.46746203303337097,0.533102810382843,3.0108105875115143e-06,0.7952604293823242
1787654391.4210224,3.444526864945704,-1.243797983853125,0.19621439274851282,0.4911710321903229,0.5409435629844666,2.2272793103184085e-06,0.7739165425300598
1787654391.6192553,3.421097538811098,-0.7361706325679732,0.19619690046638202,0.46746203303337097,0.533102810382843,2.251255182272871e-06,0.7905830144882202
1787654391.619475,3.465724135803844,-1.2462220677324845,0.19621499658420025,0.48982444405555725,0.5404852628707886,1.8641674159880495e-06,0.7686110734939575
1787654391.7190385,3.4509913360559334,-0.738357200488065,0.19619727930140668,0.46746203303337097,0.533102810382843,1.058429006661754e-06,0.7860932946205139
1787654391.7191725,3.4869243837934665,-1.249094721902753,0.19621458459318636,0.4911710321903229,0.5409435629844666,1.7011906265906873e-06,0.763523519039154
1787654391.8715827,3.4811163564567966,-0.7411339425486488,0.19619871831859276,0.46746203303337097,0.533102810382843,1.058429006661754e-06,0.7818344831466675
1787654391.871673,3.5081177710742164,-1.2524214578802688,0.19621529169459656,0.48982444405555725,0.5404852628707886,8.975084710982628e-06,0.7587020397186279
1787654392.0204513,3.511443041401043,-0.7445170188217043,0.19619808243331874,0.46746203303337097,0.533102810382843,4.439509382336837e-07,0.7978407740592957
1787654392.0205438,3.5292898013833063,-1.2562058821494357,0.19621553263456007,0.48982444405555725,0.5404852628707886,8.975084710982628e-06,0.7766194939613342
1787654392.170989,3.539625880970853,-0.7477301773669238,0.19619746990939654,0.46746203303337097,0.533102810382843,2.9150834279789706e-07,0.8299421668052673
1787654392.1711125,3.549053819390276,-1.2596433669904974,0.196213797152216,0.4911710321903229,0.5409435629844666,8.879598681232892e-06,0.8128247857093811
1787654392.3190632,3.5613628265798725,-0.7502663580548274,0.1961975892180984,0.46746203303337097,0.533102810382843,2.9150834279789706e-07,0.8428866863250732
1787654392.3192177,3.565067726312885,-1.262252953121819,0.19621136153736843,0.4911710321903229,0.5409435629844666,8.879598681232892e-06,0.8282207250595093
1787654392.669058,3.579591161951384,-0.7521921772524488,0.19619861528671598,0.46746203303337097,0.533102810382843,2.9150834279789706e-07,0.9644290208816528
1787654392.6691816,3.579296541097882,-1.2641920923815433,0.19620892803917953,0.4911710321903229,0.5409435629844666,4.5149245124775916e-05,0.9641369581222534
1787654396.2690759,3.6469711422028754,-0.7541059280401801,0.19620395991641132,0.46746203303337097,0.533102810382843,0.0,0.14997437596321106
1787654396.2692468,3.646036832693794,-1.266105075562484,0.19620248501454557,0.4911710321903229,0.5409435629844666,4.867709503741935e-05,0.14995796978473663
1787654397.669022,3.8499138535809436,-0.754468571799902,0.19619446248243042,0.46746203303337097,0.533102810382843,0.006934056058526039,0.03571496531367302
1787654397.6692073,3.84898326403421,-1.2664677260990402,0.19619421197731232,0.46746203303337097,0.533102810382843,0.0092439791187644,0.04015243425965309
1787654399.1191435,4.063563088261942,-0.7554070494092529,0.2127249488982801,0.5673694610595703,0.5701242685317993,0.11771923303604126,0.030428815633058548
1787654399.1193323,4.0636144635653615,-1.267407027750281,0.21258516561951685,0.5864840149879456,0.5787102580070496,0.13437850773334503,0.029986415058374405
1787654399.819119,4.27035033585878,-0.7562175024124536,0.23796487960872698,0.7176333069801331,0.6638474464416504,0.29421553015708923,0.6324060559272766
1787654399.8192875,4.270866214281376,-1.268216319280307,0.23893719404933816,0.7379773855209351,0.6842318773269653,0.3022524118423462,0.5972680449485779
1787654401.0191426,4.332865885509306,-0.765136566494506,0.2507617044969428,0.7608646750450134,0.7113683819770813,0.34163814783096313,0.36229363083839417
1787654401.0193207,4.355570644661008,-1.276632326580056,0.25152415211394363,0.7721942067146301,0.7268117070198059,0.337917298078537,0.3127067983150482
1787654401.5191507,4.399987711572415,-0.7521051031971981,0.2713989608991249,0.7880690097808838,0.7509124279022217,0.3668272793292999,0.7325370907783508
1787654401.5193145,4.406379768770094,-1.2640651872056137,0.27128069476771316,0.7976614832878113,0.7666558027267456,0.36799564957618713,0.7116547226905823
1787654402.7691276,4.409684067400522,-0.7446041585573038,0.27990147170018026,0.7988370060920715,0.7686182260513306,0.3681226670742035,0.2778524160385132
1787654402.7693117,4.410816789690229,-1.256602849148739,0.2796611118239625,0.7988370060920715,0.7686182260513306,0.3677884638309479,0.33958345651626587
1787654404.2724721,4.506603689731273,-0.7288136846818891,0.29782112156818585,0.8169580698013306,0.8002747297286987,0.370505154132843,0.45722538232803345
1787654404.2726374,4.487655601569971,-1.2404533318129294,0.2946840148348677,0.8075546622276306,0.7832480669021606,0.3676171898841858,0.43177151679992676
1787654405.819164,4.607904901656116,-0.7258694428686041,0.29006501577872756,0.8169580698013306,0.8002747297286987,0.3714178502559662,0.23094753921031952
1787654405.8194418,4.583783095219548,-1.2372829999274895,0.2857857505830451,0.8169580698013306,0.8002747297286987,0.37126314640045166,0.30026307702064514
1787654407.1691368,4.678634682361146,-0.7375601765528503,0.28788335883967464,0.8169580698013306,0.8002747297286987,0.3721389174461365,0.5707025527954102
1787654407.1692958,4.6703725749744525,-1.249491429436759,0.28642394037934793,0.8169580698013306,0.8002747297286987,0.3733392357826233,0.6016539931297302
1787654408.5691018,4.628274215101276,-0.7384593699911308,0.2790030287752831,0.8169580698013306,0.8002747297286987,0.3716200292110443,0.002942738588899374
1787654408.5692704,4.626202051034498,-1.2504550451002734,0.27863586993534023,0.8169580698013306,0.8002747297286987,0.3733392357826233,0.021700190380215645
1787654410.069091,4.438538186764321,-0.7356372287681678,0.2455470786041215,0.8075546622276306,0.7832480669021606,0.36963310837745667,0.9123331904411316
1787654410.0692585,4.440217480380994,-1.24763438960173,0.24584249580156248,0.8075546622276306,0.7832480669021606,0.36761564016342163,0.9042983651161194
1787654411.4691346,4.449832329439226,-0.7362316651897385,0.24753921122984235,0.8075546622276306,0.7832480669021606,0.36963310837745667,0.42797115445137024
1787654411.469315,4.4497042848176145,-1.248231648685948,0.24751675113271954,0.8075546622276306,0.7832480669021606,0.36761564016342163,0.4275861084461212
1787654412.8831718,4.564164615465632,-0.7362819107932552,0.2676976611579425,0.8169580698013306,0.8002747297286987,0.3709034025669098,0.9934101104736328
1787654412.883301,4.563959440679863,-1.2482818684014494,0.2676614325132573,0.8169580698013306,0.8002747297286987,0.3711863160133362,0.9933872818946838
1787654414.5191045,4.562838375351434,-0.7363636292447597,0.267463888393928,0.8169580698013306,0.8002747297286987,0.3705301880836487,0.3839140236377716
1787654414.5193849,4.56262862777307,-1.2483635849459422,0.26742690271348235,0.8169580698013306,0.8002747297286987,0.3711863160133362,0.3844973146915436
1787654416.1190932,4.425154367178417,-0.7363440298000441,0.2438171006451175,0.7988370060920715,0.7686182260513306,0.3681226670742035,0.6593273878097534
1787654416.1192224,4.425075760994192,-1.2483440237317214,0.24381118201439447,0.8075546622276306,0.7832480669021606,0.36761564016342163,0.659645140171051
1787654423.1209729,4.356380348568211,-0.7360878307896666,0.23519763999144103,0.7721942067146301,0.7268117070198059,0.35089701414108276,0.17504118382930756
1787654423.1211035,4.356402072896379,-1.248087830321922,0.23520029027055547,0.7721942067146301,0.7268117070198059,0.3488869071006775,0.1750364452600479
1787654424.069283,4.1676468254769725,-0.7360983552905007,0.21904375749909918,0.6604235172271729,0.6193652749061584,0.22203387320041656,0.03827726095914841
1787654424.069485,4.167669176076754,-1.2480983548007172,0.219042347142994,0.6463150978088379,0.610470175743103,0.20753605663776398,0.03828220069408417
1787654425.2690823,3.981184117777766,-0.736105174769315,0.20428436804682223,0.5156897306442261,0.5495947003364563,0.06738018244504929,0.011128842830657959
1787654425.269207,3.9812046098466567,-1.2481051743545302,0.20428656228862688,0.49104613065719604,0.5409010648727417,0.044875502586364746,0.011125091463327408
1787654426.5190284,3.7881325172749056,-0.736114644878392,0.19620607366738263,0.46746203303337097,0.533102810382843,0.0013427927624434233,2.297878745594062e-05
1787654426.5192077,3.788154187393065,-1.2481146444197535,0.1962063011045983,0.48982444405555725,0.5404852628707886,0.0015335016651079059,2.247021984658204e-05
1787654427.7212677,3.588132568457795,-0.7361232585635851,0.19620583332264585,0.46746203303337097,0.533102810382843,2.6230009098071605e-07,5.873246664123144e-06
1787654427.7213688,3.588154363959212,-1.2481232580996489,0.19620599708731956,0.48982444405555725,0.5404852628707886,9.26571465242887e-06,5.722241894545732e-06
1787654428.8720422,3.38813274297688,-0.7361317644487019,0.19620561274241172,0.46746203303337097,0.533102810382843,2.4363780539715663e-06,1.815634277591016e-05
1787654428.8721397,3.388154559189314,-1.2481317639838827,0.19620577941543416,0.48982444405555725,0.5404852628707886,1.727476615087653e-06,1.7004018445732072e-05
1787654430.2225196,3.1881329101782327,-0.7361404626041649,0.1962059406618156,0.46746203303337097,0.533102810382843,4.250588062859606e-06,7.4858739935734775e-06
1787654430.2227914,3.1881546427087724,-1.2481404621428247,0.19620560958614428,0.46746203303337097,0.533102810382843,1.279687239730265e-06,8.795016583462711e-06
1787654431.6190498,2.9631336829900934,-0.7361499707940565,0.19620610263318736,0.46746203303337097,0.533102810382843,1.8556835357230739e-06,0.03290584683418274
1787654431.6192648,2.963154972779623,-1.248149970351419,0.1962060276308432,0.46746203303337097,0.533102810382843,1.0689303735489375e-06,0.03294387459754944
1787654432.8691053,2.7528103605764964,-0.7361872702557708,0.19620544952690097,0.46746203303337097,0.533102810382843,4.651031304092612e-06,0.03507527336478233
1787654432.869262,2.7528397398326896,-1.248187269412699,0.19620585534141308,0.46746203303337097,0.533102810382843,7.748851658107014e-07,0.03505184128880501
1787654435.6760087,2.456406677347246,-0.7367253243492982,0.19620463107785954,0.46746203303337097,0.533102810382843,0.0037940319161862135,0.9101932048797607
1787654435.6761298,2.4496017134620374,-1.2486801001507781,0.19620539101204462,0.46746203303337097,0.533102810382843,2.2856218038214138e-06,0.8983819484710693
1787654435.8191473,2.4672445318841563,-0.7371647712069298,0.19620361767691943,0.46746203303337097,0.533102810382843,0.0037940319161862135,0.9183492660522461
1787654435.8193455,2.457369157138811,-1.2490695250156079,0.1962023077964752,0.46746203303337097,0.533102810382843,2.2856218038214138e-06,0.907616376876831
1787654435.9728053,2.4797087687005672,-0.737898955339638,0.19620307160470393,0.46746203303337097,0.533102810382843,0.003681885078549385,0.9261798858642578
1787654435.9760988,2.46634603086397,-1.2497245479347723,0.19620160536767692,0.46746203303337097,0.533102810382843,2.2856218038214138e-06,0.9169726371765137
1787654436.1691384,2.4942171725679065,-0.7389790706059005,0.19620166871032493,0.46746203303337097,0.533102810382843,0.003681885078549385,0.938305139541626
1787654436.1693025,2.477236266246913,-1.2506974001542623,0.19620664384077532,0.46746203303337097,0.533102810382843,2.2660979084321298e-06,0.9335987567901611
1787654436.3190541,2.510453857052092,-0.740215967793673,0.19620267368623706,0.46746203303337097,0.533102810382843,0.0009381608688272536,0.9351922273635864
1787654436.3192062,2.4914341798524045,-1.251862576176692,0.1962057352745511,0.46746203303337097,0.533102810382843,2.2660979084321298e-06,0.9316402673721313
1787654436.4690375,2.5288760227752567,-0.7415352564004403,0.19620234586850507,0.46746203303337097,0.533102810382843,0.0009381608688272536,0.9310280680656433
1787654436.4692085,2.5081734494900667,-1.2531165338590058,0.1962059836408069,0.46746203303337097,0.533102810382843,2.2153546979097882e-06,0.9284473061561584
1787654436.6713583,2.5494680150547047,-0.7428828825742533,0.19620141185912734,0.46746203303337097,0.533102810382843,0.0005374748143367469,0.9291775822639465
1787654436.6716623,2.527371798134491,-1.2544058607332609,0.19620503876531323,0.46746203303337097,0.533102810382843,2.112557922373526e-06,0.9263302087783813
1787654436.819131,2.570550661225112,-0.7443601374909541,0.19620106443049962,0.46746203303337097,0.533102810382843,0.0005374748143367469,0.9347305297851562
1787654436.8193424,2.5469541657449293,-1.2558161037200009,0.19620418945280554,0.46746203303337097,0.533102810382843,2.112557922373526e-06,0.931226372718811
1787654436.9724069,2.5893033668568797,-0.7459125915073718,0.196199984394585,0.46746203303337097,0.533102810382843,0.0006459339056164026,0.9328035712242126
1787654436.972579,2.5640287306042366,-1.257288375778126,0.1962048596265724,0.46746203303337097,0.533102810382843,1.9867582068400225e-06,0.9287563562393188
1787654437.1189718,2.608234212003756,-0.7476471283844475,0.1961996842523602,0.46746203303337097,0.533102810382843,4.770914074470056e-06,0.9306065440177917
1787654437.1191072,2.5810844545058003,-1.2589267882904835,0.19620552978530717,0.46746203303337097,0.533102810382843,1.9867582068400225e-06,0.9259673953056335
1787654437.2690575,2.6273641596774726,-0.7495846005746987,0.19619923670037234,0.46746203303337097,0.533102810382843,4.770914074470056e-06,0.9277490377426147
1787654437.2692094,2.598123905367349,-1.2607489650406942,0.19620452387016404,0.46746203303337097,0.533102810382843,1.9867582068400225e-06,0.922391951084137
1787654437.4789686,2.6467464838108823,-0.7517268896218896,0.19619803090649926,0.46746203303337097,0.533102810382843,4.806348897545831e-06,0.9251948595046997
1787654437.4790874,2.6151533094399326,-1.262751224942285,0.1962046274997081,0.46746203303337097,0.533102810382843,1.8177750007453142e-06,0.9191864132881165
1787654437.672406,2.6663390728058567,-0.7541361141989639,0.196196262870621,0.46746203303337097,0.533102810382843,4.871952569374116e-06,0.9216023683547974
1787654437.672622,2.632155273060531,-1.264993694922616,0.19620348427986287,0.46746203303337097,0.533102810382843,1.8177750007453142e-06,0.9147601127624512
1787654437.8194103,2.686228509126767,-0.7567939274677584,0.19619572031881324,0.46746203303337097,0.533102810382843,4.871952569374116e-06,0.9185803532600403
1787654437.8197951,2.6491478500383434,-1.267449412760701,0.19620358146115288,0.46746203303337097,0.533102810382843,1.438694198441226e-06,0.9110193848609924
1787654437.9692109,2.706355659207249,-0.7597800625451188,0.19619510008559618,0.46746203303337097,0.533102810382843,4.396592885314021e-06,0.9150322079658508
1787654437.9694378,2.66611498580441,-1.270196253639211,0.1962036490764074,0.46746203303337097,0.533102810382843,1.438694198441226e-06,0.9066671133041382
1787654438.119705,2.7267535762380755,-0.7631025201490852,0.19619314131727414,0.46746203303337097,0.533102810382843,4.416639058035798e-06,0.9152939319610596
1787654438.1198413,2.683057616717824,-1.2732345256333288,0.19620325211724574,0.46746203303337097,0.533102810382843,1.438694198441226e-06,0.928783655166626
1787654438.2690282,2.71871722063674,-0.7643261045275804,0.19619167099562065,0.46746203303337097,0.533102810382843,4.416639058035798e-06,0.7498438358306885
1787654438.269173,2.678896355944361,-1.274775219152068,0.196202358747635,0.46746203303337097,0.533102810382843,1.438694198441226e-06,0.7204496264457703
1787654438.4189913,2.7684582313080015,-0.7708568818189689,0.19619110859505695,0.46746203303337097,0.533102810382843,4.414379873196594e-06,0.9020856022834778
1787654438.4191408,2.7168743548391796,-1.2802517223548844,0.1962022368753153,0.46746203303337097,0.533102810382843,7.55893154291698e-07,0.8909709453582764
1787654438.6190705,2.7897869515209703,-0.7753451475898422,0.1961865414570403,0.46746203303337097,0.533102810382843,4.414379873196594e-06,0.8999131917953491
1787654438.6193128,2.733736676399477,-1.2842678985503224,0.19620115726309356,0.46746203303337097,0.533102810382843,8.896855661078007e-07,0.8883446455001831
1787654438.7695975,2.810747266865446,-0.7794961254292951,0.19618582744276214,0.46746203303337097,0.533102810382843,4.3455243030621205e-06,0.9090195298194885
1787654438.7697198,2.7500665673004874,-1.2878875617307715,0.19619981419493415,0.46746203303337097,0.533102810382843,8.896855661078007e-07,0.8994293212890625
1787654438.9190574,2.8280492254398277,-0.7830203022528641,0.19618776770101812,0.46746203303337097,0.533102810382843,3.9661003938817885e-06,0.8897551894187927
1787654438.9191606,2.7641170079894852,-1.2910130890681515,0.1961985157373339,0.46746203303337097,0.533102810382843,6.812374522269238e-07,0.8780228495597839
1787654439.219048,2.8445562355773233,-0.7862750568997088,0.19618751482693866,0.46746203303337097,0.533102810382843,2.9008676847297465e-06,0.8897656798362732
1787654439.2192118,2.7774427636595695,-1.2938573475344222,0.19619852220310732,0.46746203303337097,0.533102810382843,6.812374522269238e-07,0.8818729519844055
1787654442.8690107,2.8554314623887973,-0.7878535498714647,0.19620567860493118,0.46746203303337097,0.533102810382843,2.9008676847297465e-06,0.9267717003822327
1787654442.8691556,2.777937495018714,-1.2939550071115462,0.1962048356282343,0.46746203303337097,0.533102810382843,1.0969741879307549e-06,0.9158704876899719
1787654443.0190902,2.8466464650594023,-0.7860523334382983,0.1962060597155368,0.46746203303337097,0.533102810382843,3.9661003938817885e-06,0.935438334941864
1787654443.0192611,2.7657363311455683,-1.2916188970378533,0.1962056323361027,0.46746203303337097,0.533102810382843,8.896855661078007e-07,0.9263085722923279
1787654443.169088,2.8358658984007703,-0.783639003281835,0.1962064748968141,0.46746203303337097,0.533102810382843,3.9661003938817885e-06,0.9468641877174377
1787654443.169266,2.75150182408256,-1.2886406893790896,0.19620464146344374,0.46746203303337097,0.533102810382843,8.567840268369764e-07,0.9417697787284851
1787654443.320439,2.821922327474292,-0.7805882497453978,0.19620807708733082,0.46746203303337097,0.533102810382843,3.887172169925179e-06,0.942426323890686
1787654443.3215384,2.7355042796236617,-1.2852425086178927,0.19620533136110943,0.46746203303337097,0.533102810382843,8.567840268369764e-07,0.9381381869316101
1787654443.4710884,2.805364999506949,-0.7770638381190629,0.196206904361601,0.46746203303337097,0.533102810382843,3.83967471861979e-06,0.9370736479759216
1787654443.4712012,2.7171227859847216,-1.2814023273801174,0.19620529969087486,0.46746203303337097,0.533102810382843,1.0920128943325835e-06,0.933359682559967
1787654443.669269,2.786472988024845,-0.773074424414741,0.19620876440201812,0.46746203303337097,0.533102810382843,4.215010449115653e-06,0.9351269602775574
1787654443.669375,2.6965532786949087,-1.277116531638267,0.1962043273994058,0.46746203303337097,0.533102810382843,1.3791802757623373e-06,0.930976390838623
1787654443.8190923,2.7672925203354515,-0.7688706654288018,0.19620850011386376,0.46746203303337097,0.533102810382843,4.414379873196594e-06,0.9398313164710999
1787654443.8192525,2.67554076210803,-1.27258250254668,0.19620541644742506,0.46746203303337097,0.533102810382843,1.438694198441226e-06,0.9349119663238525
1787654443.969116,2.750615074500651,-0.7649108354735599,0.19620801226031676,0.46746203303337097,0.533102810382843,4.384951353131328e-06,0.9376552104949951
1787654443.9692454,2.6568197505064717,-1.2682461483493939,0.19620501001175544,0.46746203303337097,0.533102810382843,1.438694198441226e-06,0.9320765733718872
1787654444.1691988,2.7339732251747972,-0.7607554068679789,0.19620869553288636,0.46746203303337097,0.533102810382843,4.384951353131328e-06,0.9349345564842224
1787654444.1694658,2.637906660670526,-1.2636621727489987,0.19620476617113727,0.46746203303337097,0.533102810382843,1.5943625157888164e-06,0.9285915493965149
1787654444.3190718,2.717371617773962,-0.7563950063145519,0.19620925554710264,0.46746203303337097,0.533102810382843,4.396592885314021e-06,0.9320476651191711
1787654444.3192332,2.618768866605429,-1.2588106683266767,0.19620406759948653,0.46746203303337097,0.533102810382843,1.600130644874298e-06,0.9249735474586487
1787654444.4742732,2.7008178085038415,-0.7517934946260714,0.1962088236896769,0.46746203303337097,0.533102810382843,4.396592885314021e-06,0.9283198714256287
1787654444.47438,2.5994242874372233,-1.2536533892826909,0.19620424545709525,0.46746203303337097,0.533102810382843,1.984195478144102e-06,0.9203163981437683
1787654444.619816,2.6843273382305792,-0.7469664772429028,0.19620892663303205,0.46746203303337097,0.533102810382843,4.396592885314021e-06,0.9244305491447449
1787654444.6229992,2.5798192377494846,-1.248187044367198,0.19620388349600995,0.46746203303337097,0.533102810382843,2.124917045875918e-06,0.9155601263046265
1787654444.8191497,2.66788713006578,-0.7418538948039715,0.19620970709668487,0.46746203303337097,0.533102810382843,4.444542810233543e-06,0.9207427501678467
1787654444.8192778,2.5599608106563405,-1.242349558656334,0.19620309539862993,0.46746203303337097,0.533102810382843,2.1347877918742597e-06,0.9111226201057434
1787654444.9691105,2.651517487472725,-0.7364029029748107,0.19621013012831492,0.46746203303337097,0.533102810382843,4.747549610328861e-06,0.9162391424179077
1787654444.9692292,2.5399100263481356,-1.2360905800049498,0.19620338128986983,0.46746203303337097,0.533102810382843,2.155228457922931e-06,0.9056861996650696
1787654445.1740077,2.63521598666665,-0.7306342782114911,0.19621049752844893,0.46746203303337097,0.533102810382843,4.65081484435359e-06,0.9113821387290955
1787654445.174218,2.519601078923962,-1.2294099723429106,0.19620333021382075,0.46746203303337097,0.533102810382843,2.3768461687723175e-06,0.8998542428016663
1787654445.3191314,2.618984848889155,-0.7245296719211034,0.19621074677595057,0.46746203303337097,0.533102810382843,4.979572622687556e-06,0.9063160419464111
1787654445.3193035,2.4990223829042075,-1.2222776068240304,0.19620335205885475,0.46746203303337097,0.533102810382843,2.3768461687723175e-06,0.893804132938385
1787654445.4689498,2.6028320518769044,-0.7180630902139987,0.19621092176137786,0.46746203303337097,0.533102810382843,5.226006578595843e-06,0.9009554982185364
1787654445.4691052,2.478179983428402,-1.2146573529434295,0.1962034569870517,0.46746203303337097,0.533102810382843,7.084125172696076e-06,0.8874191641807556
1787654445.6709938,2.5867618262810033,-0.7112212785211823,0.19621201765820825,0.46746203303337097,0.533102810382843,0.0005329128471203148,0.895401120185852
1787654445.6710818,2.4570658527351097,-1.2065221510833986,0.1962027932358504,0.46746203303337097,0.533102810382843,7.189102689153515e-06,0.8808202147483826
1787654445.8190906,2.570779182903915,-0.7039873986664693,0.19621246025019354,0.46746203303337097,0.533102810382843,0.0005561906145885587,0.8897120356559753
1787654445.8192463,2.4356804261825333,-1.19784195806197,0.19620263105416022,0.46746203303337097,0.533102810382843,7.272611128428252e-06,0.8740761876106262
1787654445.9690313,2.5548901347651536,-0.6963454151670607,0.19621292910214524,0.46746203303337097,0.533102810382843,0.0005780617357231677,0.8839408755302429
1787654445.9691808,2.414029560570554,-1.1885875288944971,0.19620240706423311,0.46746203303337097,0.533102810382843,6.182453944347799e-05,0.8672440052032471
1787654446.1691747,2.5391000050868593,-0.6882839752560146,0.19621344227236942,0.46746203303337097,0.533102810382843,0.0006300110253505409,0.8781551718711853
1787654446.1693919,2.3921204029929077,-1.178733765161094,0.1962011798540209,0.46746203303337097,0.533102810382843,8.044436981435865e-05,0.8604050874710083
1787654446.3189929,2.523411916912657,-0.6797866495660223,0.19621291791582088,0.46746203303337097,0.533102810382843,0.0006300110253505409,0.8723592758178711
1787654446.3191462,2.3699638131614185,-1.1682512638067786,0.19620344278377502,0.46746203303337097,0.533102810382843,0.0005517355748452246,0.853559136390686
1787654446.473551,2.507838349882459,-0.6708463009950146,0.19621279371651176,0.46746203303337097,0.533102810382843,0.0007150492165237665,0.8666725158691406
1787654446.4736376,2.3475786242330536,-1.1571186733927252,0.19619947156652592,0.46746203303337097,0.533102810382843,0.0005343383527360857,0.8468452095985413
1787654446.619994,2.4923814466934435,-0.6614527740305995,0.1962131284010444,0.46746203303337097,0.533102810382843,0.0007176463259384036,0.8610913157463074
1787654446.6201673,2.3249811131421585,-1.1453134235143572,0.19619870360445,0.46746203303337097,0.533102810382843,0.0005343383527360857,0.8402553796768188
1787654446.819217,2.4770470270575053,-0.6516042992767295,0.19621311285595633,0.46746203303337097,0.533102810382843,0.0016890495317056775,0.8556742072105408
1787654446.8194652,2.3021906100755753,-1.132820709265978,0.19619906647813123,0.46746203303337097,0.533102810382843,0.0013703206786885858,0.8338635563850403
1787654447.0190408,2.4618438261055293,-0.6412937327421975,0.1962146346921431,0.46746203303337097,0.533102810382843,0.00190547329839319,0.8504371047019958
1787654447.0191987,2.2792349224478206,-1.1196220593245612,0.1961974927738803,0.46746203303337097,0.533102810382843,0.003023712430149317,0.8276781439781189
1787654447.175622,2.4467792467624836,-0.6305246910478545,0.1962153166705576,0.46746203303337097,0.533102810382843,0.0021598932798951864,0.8454342484474182
1787654447.175773,2.256139130327993,-1.105709229588528,0.19619693920643458,0.46746203303337097,0.533102810382843,0.0033592560794204473,0.8217693567276001
1787654447.3189554,2.4318635516672082,-0.6192948252238507,0.19621501562350166,0.46746203303337097,0.533102810382843,0.0029025969561189413,0.840684175491333
1787654447.3191085,2.2329367229942574,-1.0910703190449702,0.19619876873682493,0.46746203303337097,0.533102810382843,0.003893219167366624,0.8161584138870239
1787654447.5190678,2.4171016120114444,-0.6076083822381573,0.1962171678647222,0.46746203303337097,0.533102810382843,0.0032067177817225456,0.8361897468566895
1787654447.519259,2.209657151511856,-1.0757011031411208,0.19619605637433174,0.46746203303337097,0.533102810382843,0.003956769127398729,0.8108418583869934
1787654447.6746445,2.4024995385027443,-0.5954689508915146,0.19621555709026384,0.46746203303337097,0.533102810382843,0.0032067177817225456,0.831985592842102
1787654447.6747477,2.1863296213364984,-1.0595966990402388,0.196197929471077,0.46746203303337097,0.533102810382843,0.003956769127398729,0.805870771408081
1787654447.869059,2.388076905317848,-0.5828833422603584,0.19621591280327622,0.46746203303337097,0.533102810382843,0.0031442309264093637,0.8280634880065918
1787654447.8692515,2.1630018936461743,-1.0427585848061531,0.19619555494591934,0.46746203303337097,0.533102810382843,0.00987491849809885,0.8012319803237915
1787654448.0202904,2.373840595305784,-0.569850847204569,0.19621595267321118,0.46746203303337097,0.533102810382843,0.0031442309264093637,0.9486831426620483
1787654448.0208292,2.139707941811278,-1.0251813866266466,0.19619504283283995,0.46746203303337097,0.533102810382843,0.00991081353276968,0.9416648745536804
1787654448.1690044,2.37849494406068,-0.56629273865902,0.1962162843917441,0.46746203303337097,0.533102810382843,0.0031442309264093637,0.6889798641204834
1787654448.1691456,2.141964838258434,-1.0203824969842212,0.19619546760584372,0.46746203303337097,0.533102810382843,0.00991081353276968,0.6405910849571228
1787654448.3223798,2.345972946019869,-0.5424681042644053,0.19621706787421087,0.46746203303337097,0.533102810382843,0.008161882869899273,0.8182545900344849
1787654448.3225627,2.093381701280999,-0.9878237628037925,0.19619497223205842,0.46746203303337097,0.533102810382843,0.010752403177320957,0.7896341681480408
1787654448.5189779,2.3323689248175246,-0.5281342036845357,0.1962175996699414,0.46746203303337097,0.533102810382843,0.011623048223555088,0.816045880317688
1787654448.519131,2.070442810519557,-0.968064550773147,0.19619864546493476,0.46746203303337097,0.533102810382843,0.01121361181139946,0.7870325446128845
1787654448.6782591,2.3189928188251083,-0.5133946376774446,0.19621750500657353,0.46746203303337097,0.533102810382843,0.012269752100110054,0.835769772529602
1787654448.678398,2.04772456625861,-0.9476267585057135,0.19619774387798433,0.46746203303337097,0.533102810382843,0.01261168159544468,0.8100393414497375
1787654448.869227,2.306204593719689,-0.49981130985332706,0.19621573540106804,0.46746203303337097,0.533102810382843,0.012269752100110054,0.8602832555770874
1787654448.869501,2.0267477871282114,-0.9288193434889613,0.19619768602929485,0.46746203303337097,0.533102810382843,0.012982560321688652,0.8395071029663086
1787654449.0190713,2.295579516254325,-0.4889261574587523,0.19621426831776562,0.46746203303337097,0.533102810382843,0.012744451873004436,0.8676072359085083
1787654449.0192363,2.010618994177665,-0.9142983481331717,0.19619818594014232,0.46746203303337097,0.533102810382843,0.014402502216398716,0.8494329452514648
1787654449.3190286,2.2857049614109037,-0.4795152081920581,0.1962125507741687,0.46746203303337097,0.533102810382843,0.013942371122539043,0.8872380256652832
1787654449.3191793,1.9968645316227285,-0.9022624210299155,0.19619999666749696,0.46746203303337097,0.533102810382843,0.014402502216398716,0.8775548934936523
1787654451.8707786,2.27793309381411,-0.4723740716990149,0.19620335925817894,0.46746203303337097,0.533102810382843,0.013923851773142815,0.9445668458938599
1787654451.8708713,1.9822830106559084,-0.8903872632714035,0.1962034780916948,0.46746203303337097,0.533102810382843,0.01493227668106556,0.9324028491973877
1787654452.0189729,2.2863985235462616,-0.47883067830489967,0.19620461435249298,0.46746203303337097,0.533102810382843,0.013923851773142815,0.9524780511856079
1787654452.0191522,1.9884612937459496,-0.8952168056976704,0.1962083248211296,0.46746203303337097,0.533102810382843,0.01493227668106556,0.9421122074127197
1787654452.219375,2.295722009178507,-0.4862923702102072,0.19620429191883382,0.46746203303337097,0.533102810382843,0.012744451873004436,0.9579739570617676
1787654452.2194984,1.9953570292603815,-0.9009306207748812,0.19620702152586617,0.46746203303337097,0.533102810382843,0.014402502216398716,0.9500972032546997
1787654452.3690817,2.3066721677891717,-0.49492027743614064,0.196204474349265,0.46746203303337097,0.533102810382843,0.00934259220957756,0.955245316028595
1787654452.369166,2.0040657858484403,-0.907925577165524,0.19620651947546455,0.46746203303337097,0.533102810382843,0.014402502216398716,0.952375590801239
1787654452.5190294,2.31902948932851,-0.5045401727033578,0.19620316039196595,0.46746203303337097,0.533102810382843,0.00934259220957756,0.8938369154930115
1787654452.519211,2.015428819151443,-0.9168151210819129,0.19620589815902162,0.46746203303337097,0.533102810382843,0.012965871021151543,0.917478084564209
1787654452.719131,2.3141854405930338,-0.5016387994491347,0.19620285446945607,0.46746203303337097,0.533102810382843,0.00934259220957756,0.8603845834732056
1787654452.719333,2.015836327169574,-0.9177299030703685,0.19620544272620516,0.46746203303337097,0.533102810382843,0.012982560321688652,0.8355726003646851
1787654452.869074,2.349793708194632,-0.5281449559978919,0.19620307763436143,0.46746203303337097,0.533102810382843,0.002681527752429247,0.9370210766792297
1787654452.8692143,2.0444059576347433,-0.9390978995342281,0.19620568382879802,0.46746203303337097,0.533102810382843,0.01261168159544468,0.9349925518035889
1787654453.0219889,2.3664319299709113,-0.5409747640412018,0.1962038384017585,0.46746203303337097,0.533102810382843,0.002144287573173642,0.8940175771713257
1787654453.0220993,2.060156892887451,-0.9512668571308002,0.19620660989870156,0.46746203303337097,0.533102810382843,0.01261168159544468,0.917613685131073
1787654453.168934,2.3579111261696384,-0.5353765939557453,0.19620433254960723,0.46746203303337097,0.533102810382843,0.002681527752429247,0.8499396443367004
1787654453.16908,2.05681174403862,-0.9494818487793941,0.19620711824839104,0.46746203303337097,0.533102810382843,0.01261168159544468,0.8241614103317261
1787654453.3720822,2.3958195794828443,-0.5642485738236536,0.1962037013678314,0.46746203303337097,0.533102810382843,0.001953334314748645,0.8967028856277466
1787654453.3732803,2.087436453496702,-0.9729585536322829,0.19620714296875066,0.46746203303337097,0.533102810382843,0.011812054552137852,0.919308066368103
1787654453.5193076,2.387466912541383,-0.5589375158522896,0.19620376855425833,0.46746203303337097,0.533102810382843,0.001953334314748645,0.846806526184082
1787654453.5195463,2.0840112281326273,-0.9713191929298617,0.19620704000271186,0.46746203303337097,0.533102810382843,0.011857985518872738,0.8201096057891846
1787654453.7190187,2.4253490722296522,-0.5883969990439082,0.1962035494206403,0.46746203303337097,0.533102810382843,0.0015364033170044422,0.9450548887252808
1787654453.719173,2.114397046823915,-0.9951559422589742,0.1962068101670806,0.46746203303337097,0.533102810382843,0.010747671127319336,0.9402948617935181
1787654453.8690758,2.440189372205765,-0.6008527319629271,0.19620323346185164,0.46746203303337097,0.533102810382843,0.0014551987405866385,0.9447150230407715
1787654453.869312,2.127743468695172,-1.0064653024863597,0.19620681435034276,0.46746203303337097,0.533102810382843,0.010466822423040867,0.9392988681793213
1787654454.0190055,2.45508390866084,-0.61359355989304,0.19620286076100335,0.46746203303337097,0.533102810382843,0.00020795362070202827,0.9442225694656372
1787654454.0191197,2.14098726107931,-1.0179291828126127,0.19620689627416338,0.46746203303337097,0.533102810382843,0.008733962662518024,0.9381112456321716
1787654454.2250345,2.4700286622268504,-0.6266447029025489,0.19620265801081277,0.46746203303337097,0.533102810382843,0.00017830217257142067,0.94350665807724
1787654454.2251306,2.154115533188456,-1.0295626782774487,0.1962072365068705,0.46746203303337097,0.533102810382843,0.008005905896425247,0.9366403818130493
1787654454.3690717,2.4850298714055334,-0.6400357959609513,0.19620229020414479,0.46746203303337097,0.533102810382843,0.00015741048264317214,0.9425626993179321
1787654454.3692427,2.167120634037178,-1.0413806810316741,0.1962071315635144,0.46746203303337097,0.533102810382843,0.007695084437727928,0.9348927736282349
1787654454.5188997,2.500084383367793,-0.6537909049992197,0.19620200495601614,0.46746203303337097,0.533102810382843,0.00015741048264317214,0.9413445591926575
1787654454.5190907,2.179988652206532,-1.0533941117732248,0.19620732189896356,0.46746203303337097,0.533102810382843,0.006565474439412355,0.9328179359436035
1787654454.769299,2.5151929087816725,-0.6679409028895278,0.19620157197303123,0.46746203303337097,0.533102810382843,0.0001528570574009791,0.9398236274719238
1787654454.7717578,2.192708627082822,-1.0656190240144063,0.19620755219381963,0.46746203303337097,0.533102810382843,0.006565474439412355,0.9303886890411377
1787654454.8689525,2.5303534006947888,-0.6825133503625481,0.1962012220042886,0.46746203303337097,0.533102810382843,0.00016027993115130812,0.938006579875946
1787654454.8690999,2.205267684484857,-1.0780677424143679,0.19620791460867112,0.46746203303337097,0.533102810382843,0.006565474439412355,0.9276251196861267
1787654455.0735304,2.545560094449542,-0.6975386878070124,0.1962007991104123,0.46746203303337097,0.533102810382843,5.9266276366543025e-06,0.9358620643615723
1787654455.073724,2.2176529836592125,-1.090757363150804,0.19620814842006393,0.46746203303337097,0.533102810382843,0.005623903125524521,0.9244899153709412
1787654455.2690623,2.560806886092169,-0.7130443955235828,0.19620045260391009,0.46746203303337097,0.533102810382843,5.9085077737108804e-06,0.9334126114845276
1787654455.269225,2.2298505037932914,-1.10370009169506,0.19620847868047356,0.46746203303337097,0.533102810382843,0.0037639758083969355,0.9210188984870911
1787654455.4190469,2.576084571906364,-0.7290593880959277,0.19619999634156765,0.46746203303337097,0.533102810382843,6.0623719946306664e-06,0.9306275248527527
1787654455.4191844,2.241847084177534,-1.1169115528679934,0.19620884747965323,0.46746203303337097,0.533102810382843,0.0024068530183285475,0.9171748757362366
1787654455.5691905,2.5913846159101293,-0.7456099503399333,0.1961995894772289,0.46746203303337097,0.533102810382843,5.466983111546142e-06,0.9275491237640381
1787654455.5694005,2.253629338821342,-1.130402586322399,0.19620919897093617,0.46746203303337097,0.533102810382843,0.0024068530183285475,0.913013756275177
1787654455.819071,2.606694400202175,-0.7627219410828989,0.19619917491273622,0.46746203303337097,0.533102810382843,5.466983111546142e-06,0.9241882562637329
1787654455.8192205,2.2651840064420754,-1.1441857674780094,0.1962094619311772,0.46746203303337097,0.533102810382843,0.0024068530183285475,0.9085494875907898
1787654455.971296,2.622000623552912,-0.7804196570328426,0.1961987240497059,0.46746203303337097,0.533102810382843,4.975820047548041e-06,0.920586884021759
1787654455.9724524,2.2764988278242213,-1.1582721534186178,0.19620982755181648,0.46746203303337097,0.533102810382843,0.0020468535367399454,0.9038335084915161
1787654456.1222494,2.6372860233260886,-0.7987245538750358,0.1961982357766432,0.46746203303337097,0.5331028699874878,5.156718088983325e-06,0.9167657494544983
1787654456.123324,2.2875608264309917,-1.172671457211264,0.19621014927688313,0.46746203303337097,0.533102810382843,0.0020468535367399454,0.898890495300293
1787654456.3190718,2.652532166502107,-0.8176549363342569,0.19619779352226593,0.46746203303337097,0.5331028699874878,5.076019078842364e-06,0.966929018497467
1787654456.3192272,2.2983577475913792,-1.1873906268311285,0.19621052339797404,0.46746203303337097,0.533102810382843,0.0020468535367399454,0.9715989232063293
1787654456.518986,2.6469954882722933,-0.8171698977684632,0.19619734309238196,0.46746203303337097,0.5331028699874878,5.076019078842364e-06,0.7925122380256653
1787654456.5191605,2.2936737589311518,-1.1877205088745801,0.19621091763204396,0.46746203303337097,0.533102810382843,0.002104672836139798,0.75029057264328
1787654456.6873024,2.682821057637269,-0.8574549877106992,0.19619688319138448,0.46746203303337097,0.533102810382843,4.910328698315425e-06,0.9044232368469238
1787654456.6874008,2.319110393271864,-1.2178139093719849,0.19621123558350814,0.46746188402175903,0.533102810382843,0.000606345129199326,0.8832184672355652
1787654456.8189242,2.697816401571995,-0.8783466572293025,0.19619643966946163,0.46746203303337097,0.533102810382843,5.032005446992116e-06,0.9001420140266418
1787654456.8190584,2.329044440216452,-1.2335244159492986,0.19621156005049842,0.46746203303337097,0.533102810382843,7.464168447768316e-05,0.8778613209724426
1787654457.0191066,2.712678979410751,-0.8999083598188221,0.19619598969382915,0.46746203303337097,0.5331028699874878,4.1922608033928555e-06,0.8958616256713867
1787654457.0192206,2.3386714098266834,-1.249568677328427,0.19621189255825192,0.46746203303337097,0.533102810382843,7.148849545046687e-05,0.8725347518920898
1787654457.2191098,2.7273794985389768,-0.9221430944249784,0.19619553263473757,0.46746203303337097,0.533102810382843,4.1089901969826315e-06,0.8916202187538147
1787654457.2192783,2.34798107693341,-1.2659465810340873,0.19621222470033803,0.46746203303337097,0.533102810382843,7.532523886766285e-05,0.8672827482223511
1787654457.3189583,2.7418878642572815,-0.9450501717904627,0.1961950989926685,0.46746203303337097,0.533102810382843,3.675731250041281e-06,0.8874194025993347
1787654457.31914,2.356964203629033,-1.2826561183976797,0.19621253440973987,0.46746203303337097,0.533102810382843,6.576331361429766e-05,0.8621065616607666
1787654457.5209668,2.7561747345285066,-0.9686242313629196,0.19619468882851113,0.46746188402175903,0.5331028699874878,3.362579036547686e-06,0.8833355903625488
1787654457.5223,2.365612517728145,-1.2996909232528004,0.1962128293307143,0.46746188402175903,0.5331028699874878,6.45276959403418e-05,0.8570935726165771
1787654457.7191734,2.7702077298210357,-0.9928585446457945,0.19619428360954097,0.46746203303337097,0.533102810382843,2.872544655474485e-06,0.8793925046920776
1787654457.7192922,2.373917505160346,-1.317046850232025,0.19621324432594614,0.46746188402175903,0.5331028699874878,6.45276959403418e-05,0.8522700667381287
1787654457.8692875,2.783953415902039,-1.0177428168894713,0.1961938939786107,0.46746203303337097,0.533102810382843,2.8771753477485618e-06,0.8756080269813538
1787654457.869423,2.3818701916647247,-1.3347177061211277,0.1962134772635561,0.46746203303337097,0.533102810382843,1.0366301467001904e-05,0.8476557731628418
1787654458.0189347,2.797379602498092,-1.0432637981954607,0.19619356692492557,0.46746188402175903,0.5331028699874878,2.352385990889161e-06,0.8720160722732544
1787654458.019088,2.389463057679467,-1.3526956841676465,0.1962137394600556,0.46746203303337097,0.533102810382843,1.0088680028275121e-05,0.8432878255844116
1787654458.1739986,2.810452462677408,-1.069406076116864,0.19619320750708055,0.46746188402175903,0.5331028699874878,1.9816743588307872e-06,0.868614137172699
1787654458.1741045,2.396687548433187,-1.370972976333065,0.19621405131317096,0.46746203303337097,0.533102810382843,2.072966026389622e-06,0.8391619920730591
1787654458.369026,2.823139183200877,-1.096151369247623,0.1961928842571,0.46746203303337097,0.533102810382843,2.012844561249949e-06,0.8654376864433289
1787654458.3691587,2.403535214586335,-1.3895393530926365,0.1962142918411958,0.46746203303337097,0.533102810382843,1.7815535784393433e-06,0.8353167176246643
1787654458.5190082,2.835406023401495,-1.1234808440289217,0.19619251848335684,0.46746203303337097,0.533102810382843,1.436890784134448e-06,0.8624891638755798
1787654458.5191624,2.4099968213276908,-1.4083861095231915,0.19621453140600514,0.46746188402175903,0.5331028699874878,1.7803184846343356e-06,0.8317533731460571
1787654458.719143,2.847220092816238,-1.1513734050101805,0.19619228044840406,0.46746203303337097,0.533102810382843,7.152987677727651e-07,0.8598039746284485
1787654458.7192748,2.416063097802534,-1.4275031664378277,0.19621474515699014,0.46746203303337097,0.533102810382843,1.6515854213139392e-06,0.8285118341445923
1787654458.8690064,2.8585488713714393,-1.1798050998559946,0.19619202615295156,0.46746203303337097,0.533102810382843,5.802111786579189e-07,0.8579093217849731
1787654458.869168,2.421725252270756,-1.4468802302500388,0.1962148468827397,0.46746188402175903,0.5331028699874878,1.5256168808264192e-06,0.826222836971283
1787654459.0190742,2.8693513976534395,-1.208705781370122,0.19619188547452823,0.46746203303337097,0.533102810382843,3.731618960500782e-07,0.8571614027023315
1787654459.019257,2.4269829283876807,-1.466492780392624,0.19621500347578155,0.46746203303337097,0.5331028699874878,1.37290396651224e-06,0.8253149390220642
1787654459.219063,2.87959257065794,-1.2379656982586469,0.19619176041602432,0.46746203303337097,0.533102810382843,3.7773645544803003e-07,0.8571420907974243
1787654459.2192152,2.4318500961603897,-1.486301511193258,0.1962151038599182,0.46746203303337097,0.533102810382843,1.294822709496657e-06,0.8252826929092407
1787654459.3189898,2.889250148199124,-1.267506342308551,0.19619173304995338,0.46746203303337097,0.533102810382843,4.0761531039379406e-08,0.8573131561279297
1787654459.319124,2.4363336465049277,-1.5062753560967763,0.1962151358157608,0.46746188402175903,0.5331028699874878,1.6428115486633033e-05,0.825477123260498
1787654459.5252347,2.8983132969149863,-1.29729834768809,0.19619184586497868,0.46746203303337097,0.533102810382843,4.0761531039379406e-08,0.8575421571731567
1787654459.5254674,2.4404309000818203,-1.5264003120501832,0.19621625376447488,0.46746188402175903,0.5331028699874878,1.6428115486633033e-05,0.825741171836853
1787654459.6718805,2.9067745716305176,-1.327320890037911,0.19619188367187723,0.46746203303337097,0.533102810382843,4.0761531039379406e-08,0.957037627696991
1787654459.6719885,2.4441379623916752,-1.5466639254612036,0.19621644549644424,0.46746203303337097,0.533102810382843,2.2575821276404895e-05,0.947863757610321
1787654459.8690913,2.9026272899048444,-1.3313094958483267,0.1961918560965367,0.46746203303337097,0.533102810382843,2.508155683145219e-09,0.7508952021598816
1787654459.8692265,2.4386516967343597,-1.5478057968485681,0.1962162550604085,0.46746188402175903,0.533102810382843,2.169707659049891e-05,0.6969065070152283
1787654460.0235684,2.921863373993269,-1.387938456610816,0.1961919619789036,0.46746203303337097,0.5331028699874878,1.1482602246815077e-07,0.8585881590843201
1787654460.0236576,2.450375394304437,-1.5875457821458525,0.19621649142464243,0.46746203303337097,0.533102810382843,0.00024810709874145687,0.8269583582878113
1787654460.1701574,2.928482665959337,-1.4185274394191425,0.1961919091641231,0.46746203303337097,0.533102810382843,7.834757411728788e-07,0.8589699864387512
1787654460.1718967,2.4528912629028663,-1.6081502670141234,0.19621627433723454,0.46746203303337097,0.533102810382843,0.00024810709874145687,0.8274025917053223
1787654460.3189938,2.934479522156992,-1.4492715577984843,0.19619198329650972,0.46746203303337097,0.5331028699874878,7.662406460440252e-07,0.8591679930686951
1787654460.319071,2.4550038456331427,-1.6288462638036854,0.19621617301749655,0.46746188402175903,0.5331028699874878,0.00027148518711328506,0.8276261687278748
1787654460.5193353,2.939848584109812,-1.4801727957369988,0.19619193959548903,0.46746203303337097,0.533102810382843,1.1393021850381047e-06,0.8595303297042847
1787654460.519713,2.4567040091914385,-1.6496287462033903,0.1962159911268812,0.46746203303337097,0.533102810382843,0.00032294183620251715,0.8280467987060547
1787654460.6689186,2.94458856387758,-1.5111993648835422,0.1961920217783987,0.46746203303337097,0.533102810382843,1.3729487591263023e-06,0.8603100776672363
1787654460.6690764,2.4579950299562667,-1.6704812915333116,0.19621628501580154,0.46746188402175903,0.5331028699874878,0.0010253312066197395,0.8289629220962524
1787654460.8690834,2.9486987341665243,-1.5422990318422394,0.19619202686657156,0.46746203303337097,0.533102810382843,1.4126879932518932e-06,0.8607501983642578
1787654460.8692555,2.4588843943464704,-1.6913826054204808,0.19621643558585,0.46746203303337097,0.5331028699874878,0.0010471913265064359,0.8294743895530701
1787654461.022099,2.9521763657703155,-1.5734861354283123,0.1961921935542907,0.46746203303337097,0.533102810382843,1.5154922721194453e-06,0.8607873916625977
1787654461.022201,2.459361788458081,-1.7123306232021684,0.19621675734126118,0.46746203303337097,0.533102810382843,0.0013279570266604424,0.8295062184333801
1787654461.1690762,2.955015054013641,-1.6047829036597205,0.19619254162310984,0.46746203303337097,0.533102810382843,1.6353105820599012e-06,0.8611388206481934
1787654461.1692827,2.4594139131308976,-1.733326703927871,0.1962163816096153,0.46746203303337097,0.533102810382843,0.0013279570266604424,0.829912543296814
1787654461.3705325,2.9572175144100767,-1.6361444947061081,0.19619337099055514,0.46746203303337097,0.533102810382843,1.664663500378083e-06,0.8615372180938721
1787654461.3706715,2.459049614986046,-1.7543508543522808,0.19621623248713774,0.46746203303337097,0.533102810382843,0.002700813114643097,0.8303733468055725
1787654461.5191102,2.958782488394612,-1.6675523156806664,0.1961938203066556,0.46746203303337097,0.533102810382843,1.7354511783196358e-06,0.8620721697807312
1787654461.519235,2.4582680997602333,-1.775391762273643,0.19621680887980308,0.46746188402175903,0.533102810382843,0.0026781922206282616,0.8309963345527649
1787654461.6690414,2.9597129830501996,-1.6989793376869868,0.19619404340899826,0.46746203303337097,0.5331028699874878,1.9959206838393584e-06,0.8624733090400696
1787654461.6693976,2.457073739609315,-1.7964359457213304,0.1962164847928114,0.46746203303337097,0.533102810382843,0.0037834623362869024,0.8314587473869324
1787654461.819097,2.960004900238777,-1.7304232940280857,0.1961940092947686,0.46746203303337097,0.533102810382843,2.0728768959088484e-06,0.8629023432731628
1787654461.8191957,2.455459890526216,-1.8174769137172573,0.19621576165369214,0.46746203303337097,0.533102810382843,0.0037834623362869024,0.8319559097290039
1787654461.9730568,2.9596625519457667,-1.7618657656843464,0.19619386980091907,0.46746188402175903,0.5331028699874878,2.242828713860945e-06,0.8630195260047913
1787654461.9731636,2.4534306623468773,-1.838503050736691,0.19621607213620734,0.46746188402175903,0.5331028699874878,0.0050076330080628395,0.8320839405059814
1787654462.1190734,2.9586791862389066,-1.7933194389972593,0.19619435668236315,0.46746203303337097,0.533102810382843,2.409302396699786e-06,0.8632646203041077
1787654462.1192136,2.4509759989945406,-1.8595121362439353,0.19621656304053095,0.46746203303337097,0.533102810382843,0.006789893377572298,0.8323621153831482
1787654462.269013,2.9570566749232285,-1.8247606466122936,0.19619392832064597,0.46746203303337097,0.533102810382843,7.252571776916739e-06,0.8634642362594604
1787654462.269179,2.448098958188679,-1.880492523208084,0.19621645531378928,0.46746203303337097,0.533102810382843,0.006765126716345549,0.8325883746147156
1787654462.469187,2.9547960687569357,-1.8561758106720012,0.1961944684624346,0.46746203303337097,0.533102810382843,5.858380063727964e-06,0.8636566996574402
1787654462.4693484,2.4448002005884644,-1.9014330090645737,0.19621555737797924,0.46746203303337097,0.533102810382843,0.0074019404128193855,0.8328044414520264
1787654463.1531825,2.9518961978510365,-1.8875526253244552,0.19619410859854647,0.46746203303337097,0.533102810382843,6.724204467900563e-06,0.8641993999481201
1787654463.1533191,2.4410783246765346,-1.9223247400990777,0.19621600789732008,0.46746203303337097,0.533102810382843,0.008872009813785553,0.8334335088729858
1787654463.153432,2.948368960943797,-1.9188481031169842,0.19619394661689582,0.46746203303337097,0.533102810382843,5.417352804215625e-05,0.864950954914093
1787654463.1535897,2.436946078681536,-1.9431510871380995,0.19621553900504535,0.46746203303337097,0.533102810382843,0.008872009813785553,0.8343074321746826
1787654463.1537406,2.944223849298401,-1.9500313345894449,0.19619403920227946,0.46746203303337097,0.533102810382843,5.34408500243444e-05,0.8649595379829407
1787654463.1539912,2.4324116739444315,-1.963898441539022,0.19621649553073972,0.46746188402175903,0.5331028699874878,0.009956426918506622,0.8343088626861572
1787654463.1541479,2.939442814415498,-1.9811488624060036,0.19619464475408038,0.46746203303337097,0.533102810382843,0.00016429695824626833,0.8849733471870422
1787654463.1543972,2.427454258559013,-1.9845720502018964,0.19621602945157934,0.46746203303337097,0.533102810382843,0.010795972310006618,0.8583706021308899
1787654463.2690227,2.935111659175419,-2.009396821948122,0.19619619469827498,0.46746203303337097,0.533102810382843,0.0001915805332828313,0.9005801677703857
1787654463.2691534,2.423142569976995,-2.0037708688322478,0.19621508580388775,0.46746203303337097,0.533102810382843,0.011395211331546307,0.8755213618278503
1787654463.6190996,2.9307560349473696,-2.033762603111985,0.19619628231010766,0.46746203303337097,0.533102810382843,0.0001915805332828313,0.926443874835968
1787654463.6192849,2.418911840963221,-2.021132450453727,0.19621440815919838,0.46746203303337097,0.533102810382843,0.010667127557098866,0.9021822810173035
1787654464.7690442,2.923372177967383,-2.088830192573374,0.1961997061706311,0.46746203303337097,0.533102810382843,0.00020672929531428963,0.2308172881603241
1787654464.7692127,2.4118227713737874,-2.0673545211323017,0.19621194934519925,0.46746188402175903,0.5331028699874878,0.011862499639391899,0.20029433071613312
1787654465.069056,2.91673184035166,-2.2582618267181997,0.19620776834094464,0.46746203303337097,0.533102810382843,0.00020628994388971478,0.7303398847579956
1787654465.069227,2.404891639828549,-2.2454708485936674,0.19620510772243469,0.46746188402175903,0.5331028699874878,0.00985640473663807,0.7489939332008362
1787654465.2190192,2.9183835616222793,-2.3023783343999167,0.19620863082275314,0.46746203303337097,0.533102810382843,0.00019303576846141368,0.8077471852302551
1787654465.2191641,2.406389161674634,-2.2999836763666224,0.1962027017527645,0.46746203303337097,0.533102810382843,0.011980974115431309,0.8207540512084961
1787654465.3690336,2.919728845976468,-2.3245416051364436,0.19620899359102725,0.46746203303337097,0.533102810382843,0.00019249461183790118,0.8569153547286987
1787654465.3691547,2.4077358258692425,-2.327215050298897,0.1962017516445331,0.46746203303337097,0.533102810382843,0.01172003522515297,0.8610328435897827
1787654465.7191494,2.921041508152582,-2.3484204952586665,0.19620952368551642,0.46746203303337097,0.533102810382843,0.00017796733300201595,0.8255075216293335
1787654465.7193003,2.409060399261934,-2.3528186868926446,0.1962024913893029,0.46746203303337097,0.533102810382843,0.010951132513582706,0.8259459137916565
1787654466.6699848,2.923262788880505,-2.397392805346898,0.19620784951888545,0.46746203303337097,0.533102810382843,0.00021452584769576788,0.7289079427719116
1787654466.670074,2.411294019515454,-2.403047818555066,0.19620332727818748,0.46746188402175903,0.5331028699874878,0.012853124178946018,0.6917362213134766
1787654466.8192713,2.9233827710541838,-2.5537549505440964,0.1962011144808346,0.46746203303337097,0.533102810382843,5.815469194203615e-05,0.9078361392021179
1787654466.8195693,2.4114935156541732,-2.5431064686769043,0.19620743480949293,0.46746203303337097,0.533102810382843,0.008867419324815273,0.8894600868225098
1787654466.9689248,2.9222514730301308,-2.5803983507190793,0.196199507099111,0.46746203303337097,0.533102810382843,5.815469194203615e-05,0.9208570718765259
1787654466.9690719,2.4104980553433837,-2.564510008094831,0.19620689547167514,0.46746203303337097,0.533102810382843,0.007158537860959768,0.9050396680831909
1787654467.1690667,2.920640389958317,-2.607343786728249,0.19619975215510976,0.46746203303337097,0.533102810382843,4.1632563807070255e-05,0.9392364025115967
1787654467.16924,2.4090867468005808,-2.5859692664959235,0.1962072943929934,0.46746203303337097,0.533102810382843,0.007158537860959768,0.9265375137329102
1787654467.3199453,2.9186095782013246,-2.6339521313558865,0.19619772234651686,0.46746203303337097,0.533102810382843,3.900540468748659e-05,0.934089720249176
1787654467.320057,2.4072578137067153,-2.6081961056730036,0.19620717074690028,0.46746203303337097,0.533102810382843,0.006091190502047539,0.9202664494514465
1787654467.4690323,2.916135931609326,-2.6601730416600557,0.1961990909988294,0.46746203303337097,0.533102810382843,5.164662070455961e-06,0.9074680209159851
1787654467.4692402,2.4050464735599424,-2.6296514787918723,0.19620750948970508,0.46746203303337097,0.533102810382843,0.0061605144292116165,0.9218284487724304
1787654467.7190742,2.9152583586599397,-2.6560176921694647,0.1962003403537445,0.46746203303337097,0.533102810382843,5.164662070455961e-06,0.8052863478660583
1787654467.7192156,2.4039946592817643,-2.628569019520287,0.1962085829606941,0.46746203303337097,0.533102810382843,0.0061605144292116165,0.7666472792625427
1787654468.0190184,2.9115112503235796,-2.7000176733424266,0.19620166159357308,0.46746203303337097,0.533102810382843,2.5772826575121144e-06,0.9235451817512512
1787654468.0191538,2.4007962727768986,-2.663765615912397,0.19620811010646513,0.46746203303337097,0.533102810382843,0.001484161475673318,0.9302138090133667
1787654490.5203238,2.90478420480933,-2.782064311928574,0.19621038027607687,0.46746203303337097,0.533102810382843,2.148105750165996e-06,0.12195517867803574
1787654490.5218518,2.394007424860385,-2.746693687835378,0.1962063498023526,0.46746203303337097,0.533102810382843,0.0005764237139374018,0.12179385125637054
1787654491.9690099,2.8899740388139703,-2.9948681958211045,0.19620797533340212,0.46746203303337097,0.533102810382843,4.070839452197106e-07,0.009241368621587753
1787654491.969208,2.3791944840559127,-2.9595376645905347,0.19620594414499193,0.46746203303337097,0.533102810382843,1.6051109241743688e-06,0.00929892249405384
1787654496.869079,2.866781454001539,-3.3306896789239517,0.19620567672887945,0.46746203303337097,0.533102810382843,4.5480999233404873e-07,0.12226320803165436
1787654496.8692443,2.3560028032252314,-3.295346081043577,0.19620560243661295,0.46746203303337097,0.533102810382843,4.531649722139264e-07,0.12203354388475418
1787654498.419042,2.8520746710537677,-3.5434583617994284,0.19620585875264313,0.46746203303337097,0.533102810382843,4.340297721228126e-07,3.146156814182177e-05
1787654498.419182,2.341292117779371,-3.5081712073372615,0.19620518691845912,0.46746203303337097,0.533102810382843,2.411123034562479e-07,2.9671602533198893e-05
1787654499.871962,2.8365676855623643,-3.7679227139405413,0.19620580994855072,0.46746203303337097,0.533102810382843,0.0007368461228907108,0.00569672929123044
1787654499.8720772,2.3257851134988594,-3.732635831446666,0.19620557838801692,0.46746203303337097,0.533102810382843,0.0009976944420486689,0.004490966442972422
1787654501.769411,2.821820724957011,-3.965896610274898,0.20082640880036773,0.45582249760627747,0.5637422204017639,0.040877409279346466,0.019107965752482414
1787654501.7695606,2.3110277891692257,-3.930865195426094,0.19811039646862738,0.39372456073760986,0.5831303596496582,0.05720450356602669,0.036885932087898254
1787654503.1779983,2.7973325755095404,-4.199059972167345,0.23436100536801224,0.35107508301734924,0.6745681762695312,0.2662755250930786,0.7836772799491882
1787654503.1781552,2.287014618997902,-4.159383076524915,0.22230583162537154,0.39379051327705383,0.6793794631958008,0.2053968608379364,0.7948122024536133
1787654503.2209454,2.7959668022738926,-4.3569060420709285,0.26158526815547795,0.3448646664619446,0.746558666229248,0.35576605796813965,0.24590258300304413
1787654503.2210345,2.2884570151862453,-4.293277913569687,0.23857924125640456,0.41804197430610657,0.7063735723495483,0.3254416286945343,0.3000739812850952
1787654503.6191435,2.81047279031257,-4.404072187691899,0.2694963384508201,0.24841246008872986,0.7740440368652344,0.3844151794910431,0.10399109870195389
1787654503.619349,2.3086128961327033,-4.305649776833553,0.2451308781718823,0.2861945629119873,0.7270808815956116,0.3280063569545746,0.1697998344898224
1787654503.9190187,2.8215079029555503,-4.454278906497261,0.2738935342976321,0.23933769762516022,0.782177746295929,0.38557684421539307,0.14795780181884766
1787654503.9191685,2.3271171958055077,-4.322828146614531,0.2528572225977743,0.29740041494369507,0.7263674139976501,0.33836302161216736,0.07797221094369888
1787654504.268971,2.8228668064491336,-4.497010320202969,0.2781564057127431,0.23825930058956146,0.7915567755699158,0.3645462393760681,0.14922678470611572
1787654504.2691004,2.3355008671627084,-4.340937590928508,0.26203981797583326,0.3226979672908783,0.7316523194313049,0.3348432183265686,0.07700316607952118
1787654504.8201385,2.8156416945247154,-4.530927196632285,0.2826772410526854,0.25380223989486694,0.7873666286468506,0.36817848682403564,0.6702234745025635
1787654504.8203628,2.3346279275972694,-4.356053241751289,0.2689347547220045,0.315173476934433,0.7421014308929443,0.3535383343696594,0.6448407769203186
1787654505.1726491,2.786412454710579,-4.546485880266857,0.29081406025294454,0.18132683634757996,0.8110591769218445,0.37137436866760254,0.02799760177731514
1787654505.172755,2.296546181863741,-4.3988987878876635,0.27098769169480275,0.24200819432735443,0.766279399394989,0.3734641969203949,0.09435063600540161
1787654505.47268,2.770978807201077,-4.552544940260042,0.2986175398330166,0.18860182166099548,0.8081244230270386,0.3700084388256073,0.2307763248682022
1787654505.473979,2.2751149701015825,-4.428378074979945,0.2695375703784179,0.3504067659378052,0.7368891835212708,0.3718959093093872,0.28451040387153625
1787654506.518965,2.762943462900275,-4.555522841333806,0.30586151322183064,0.19731035828590393,0.801307201385498,0.37810173630714417,0.06778132170438766
1787654506.519167,2.2627370181426234,-4.451148599708597,0.2735577934967973,0.3564910292625427,0.7405356168746948,0.3690912425518036,0.13736338913440704
1787654507.3689976,2.7623589124954404,-4.636218673044653,0.31195590896908354,0.15809695422649384,0.8215505480766296,0.36896708607673645,0.7225702404975891
1787654507.3692076,2.2663993899295334,-4.510741685020283,0.2913724823221575,0.31170377135276794,0.7625715136528015,0.37366366386413574,0.7351845502853394
1787654508.6720457,2.7595748021018633,-4.720083855258334,0.32361982329262523,0.13555675745010376,0.833669900894165,0.370959997177124,0.002039610408246517
1787654508.6721563,2.270161423838435,-4.571590098422217,0.2997839394727491,0.4128228724002838,0.7462256550788879,0.38696083426475525,0.11548144370317459
1787654510.2692215,2.732257351850087,-4.834987655338385,0.3330427068499784,0.19715479016304016,0.8048619627952576,0.3692554831504822,0.16980481147766113
1787654510.2694104,2.250734540112821,-4.663453975124315,0.30378559952791506,0.44982025027275085,0.7406032681465149,0.384831041097641,0.15095894038677216
1787654511.768817,2.662108613050072,-5.014103556407525,0.34703555805766184,0.20734262466430664,0.8012195229530334,0.3805253803730011,0.013275207951664925
1787654511.7689676,2.1813880295512176,-4.8405658732847225,0.31643501660997875,0.262549489736557,0.7803160548210144,0.3859744966030121,0.01327321957796812
1787654513.218955,2.5846694710641045,-5.222147779086603,0.3837191451364771,0.16339801251888275,0.8189933896064758,0.37604793906211853,0.01322421245276928
1787654513.2191284,2.1039493048387397,-5.048608906343761,0.353118794952188,0.12575173377990723,0.8396441340446472,0.37090641260147095,0.013228075578808784
1787654514.6689792,2.50723101402692,-5.430191257249909,0.4204029262200129,0.10883650183677673,0.851071298122406,0.35816651582717896,0.013333683833479881
1787654514.6698353,2.0265108795728963,-5.256652444017002,0.38980173944206337,0.09139034152030945,0.8637891411781311,0.35984721779823303,0.013334686867892742
1787654521.2192106,2.3658127165140153,-5.807619038335141,0.4869524846531561,0.09139034152030945,0.8637891411781311,0.3680576682090759,0.1020977720618248
1787654521.2193663,1.8849837390422877,-5.634372680723479,0.4564042605184431,0.09139034152030945,0.8637891411781311,0.36598870158195496,0.10126931220293045
1787654522.6704361,2.292654600205703,-6.001365547052126,0.521114777329633,0.09139034152030945,0.8637891411781311,0.3703313171863556,0.13685818016529083
1787654522.6706214,1.81175861648672,-5.828300328733395,0.49059457006884366,0.09139034152030945,0.8637891411781311,0.3680584132671356,0.13685321807861328
1787654523.969537,2.232589017766669,-6.163237244165982,0.549658064165647,0.09139034152030945,0.8637891411781311,0.3705245554447174,0.09890822321176529
1787654523.9709904,1.7516931366849058,-5.9901715060549705,0.5191391872091555,0.09139034152030945,0.8637891411781311,0.3708970844745636,0.09890484809875488
1787654525.2693944,2.1553614280391176,-6.371355643776592,0.5863550898922053,0.09139034152030945,0.8637891411781311,0.37000811100006104,0.013413436710834503
1787654525.269551,1.674464899678466,-6.198292068748014,0.555834146115833,0.09139034152030945,0.8637891411781311,0.369951993227005,0.013417217880487442
1787654526.5194433,2.08671509112491,-6.556349107349127,0.618975496046026,0.09139034152030945,0.8637891411781311,0.36891230940818787,0.1336347758769989
1787654526.5196333,1.6058183319785662,-6.383286724714016,0.5884514275229461,0.09139034152030945,0.8637891411781311,0.36814045906066895,0.13340631127357483
1787654528.020601,2.0267830111374376,-6.717431420773628,0.6483632716781385,0.09139034152030945,0.8637891411781311,0.37395817041397095,0.05800686776638031
1787654528.0207767,1.545882826532998,-6.544415112186054,0.6176326776366108,0.09139034152030945,0.8637891411781311,0.36893928050994873,0.0616421103477478
1787654529.4210796,1.9526340669865903,-6.915294352998488,0.6920590752406972,0.11605290323495865,0.8421028852462769,0.43945425748825073,0.05395720899105072
1787654529.4211748,1.4717116808839887,-6.742304460587845,0.6615278507461797,0.11538251489400864,0.8457362055778503,0.39186662435531616,0.05766971781849861
1787654530.919828,1.8846867581673397,-7.094320532187809,0.73246996781308,0.13966654241085052,0.821338951587677,0.49742111563682556,0.04439364746212959
1787654530.9200156,1.4037517689788122,-6.921371310499199,0.7019068709226229,0.13518859446048737,0.828486442565918,0.4450666606426239,0.04100116342306137
1787654532.3195572,1.8151951548834668,-7.272958081332634,0.7755628758529007,0.16191315650939941,0.801777184009552,0.5376765727996826,0.061995361000299454
1787654532.3197079,1.3341669232336624,-7.101398229168309,0.7391890187407291,0.21293024718761444,0.7813702821731567,0.5395095944404602,0.05255497992038727
1787654533.919757,1.7434795577290216,-7.453302555360591,0.8225144791189143,0.16159136593341827,0.8020601868629456,0.5601365566253662,0.029433617368340492
1787654533.9198983,1.2624017034806718,-7.2840376046837365,0.7771550851176094,0.21530213952064514,0.7717485427856445,0.5556861162185669,0.029438113793730736
1787654535.4701293,1.6664762722947344,-7.6574991927133365,0.8772328441895555,0.1667528748512268,0.7975215911865234,0.5569342970848083,0.029543014243245125
1787654535.4703276,1.1853981370550308,-7.488233169308046,0.8318804339465532,0.20236577093601227,0.7772760987281799,0.539926290512085,0.029546773061156273
1787654537.0199115,1.5894657954757512,-7.861700396984849,0.9319477930365713,0.1667528748512268,0.7975215911865234,0.5545321702957153,0.029724817723035812
1787654537.0201278,1.1083885477524857,-7.692432828810077,0.8865917340454458,0.1854628026485443,0.7860305905342102,0.5480943322181702,0.029725033789873123
1787654538.5714545,1.5124561324744064,-8.065906399780106,0.9866620387463764,0.18430933356285095,0.7867043614387512,0.5558363795280457,0.030027644708752632
1787654538.5716088,1.031379627154657,-7.896636585429111,0.9413064880506051,0.2078237682580948,0.7748365998268127,0.5618618130683899,0.030016237869858742
1787654540.070064,1.4354448765540533,-8.270110333811047,1.0413770988503972,0.1854628026485443,0.7860305905342102,0.5527622103691101,0.10164566338062286
1787654540.0703123,0.9543693728745802,-8.100837519629383,0.9960221196467794,0.1867898404598236,0.7852687835693359,0.5532329082489014,0.10194845497608185
1787654545.5201497,1.35135903905118,-8.479077057382666,1.09737211642276,0.1667528748512268,0.7975215911865234,0.5465367436408997,0.3148277699947357
1787654545.520266,0.8701246361126915,-8.310226519788538,1.0521289359133128,0.1854628026485443,0.7860305905342102,0.5470768213272095,0.3222002387046814
1787654546.770171,1.2674504260070654,-8.576877141699736,1.123579467186927,0.1832972913980484,0.7873044013977051,0.5461236238479614,0.2630823850631714
1787654546.7702813,0.7856389647125034,-8.409569509450222,1.078747871673719,0.20489637553691864,0.7761242389678955,0.5519777536392212,0.2631898820400238
1787654548.1702678,1.199834886305302,-8.707583531970258,1.1585992390270787,0.1854628026485443,0.7860305905342102,0.5523136854171753,0.03847053647041321
1787654548.1704602,0.7180158341398621,-8.540295972673817,1.1137743187813358,0.22613997757434845,0.7677264213562012,0.5592964887619019,0.0384746752679348
1787654549.6703534,1.1237272505781044,-8.910082635114323,1.2128575991717843,0.18430933356285095,0.7867043614387512,0.5607377290725708,0.137798473238945
1787654549.6705399,0.6419079870060231,-8.742795636152836,1.1680328601394518,0.21124714612960815,0.7733883261680603,0.5667626261711121,0.13780349493026733
1787654550.9703746,1.056077336466412,-9.091875372651641,1.2615676018520274,0.1667528748512268,0.7975215911865234,0.5481424927711487,0.08341850340366364
1787654550.9705777,0.5742576054555173,-8.924589404996953,1.2167440384682042,0.20489637553691864,0.7761242389678955,0.5436463952064514,0.08341939747333527
1787654552.220869,0.9799699929038523,-9.296398903853536,1.3163650102878635,0.1832972913980484,0.7873044013977051,0.5524836182594299,0.030316241085529327
1787654552.2210567,0.49815017551955765,-9.12911229235431,1.2715447783733336,0.1667528748512268,0.7975215911865234,0.5481772422790527,0.030317271128296852
1787654553.623783,0.9123222496944564,-9.478190674850563,1.3650731143254593,0.1854628026485443,0.7860305905342102,0.5555330514907837,0.02999105490744114
1787654553.6241999,0.43050186899911347,-9.310904870795117,1.3202559244524077,0.1667528748512268,0.7975215911865234,0.5484092831611633,0.029982876032590866
1787654555.070523,0.8362075787001737,-9.682697981004534,1.4198835619183179,0.1867898404598236,0.7852687835693359,0.5512036085128784,0.030153973028063774
1787654555.0706513,0.35438934966668634,-9.515410113190594,1.3750509459640885,0.21124714612960815,0.7733883261680603,0.552056074142456,0.030150633305311203
1787654556.5704477,0.7600962915066791,-9.887219963492416,1.474674141378674,0.18833249807357788,0.784400463104248,0.5555998682975769,0.05835721269249916
1787654556.5705879,0.2782790256764856,-9.719928725003534,1.4298437513204512,0.2309078723192215,0.7661053538322449,0.5611592531204224,0.05845794826745987
1787654558.6279619,0.6871840972295513,-10.083268357589557,1.527214139966253,0.20236577093601227,0.7772760987281799,0.5648776292800903,0.1598602831363678
1787654558.6280653,0.20535867014241121,-9.915998301732028,1.4823924239603454,0.35132890939712524,0.7421412467956543,0.5610262155532837,0.16381610929965973
1787654559.9239833,0.6139772790587487,-10.2355098804143,1.568002287023025,0.20236577093601227,0.7772760987281799,0.5563830137252808,0.15509577095508575
1787654559.9240794,0.13185803859118073,-10.069030774354678,1.5233957267816833,0.27290239930152893,0.7547502517700195,0.560752809047699,0.15518149733543396
1787654561.3211203,0.5466817305494649,-10.390336665108535,1.6094900260854161,0.21124714612960815,0.7733883261680603,0.55959153175354,0.07263149321079254
1787654561.3213139,0.06455674420223426,-10.223873887559524,1.564884631452577,0.27290239930152893,0.7547502517700195,0.5636696815490723,0.07705207169055939
1787654562.6722236,0.4811940240157442,-10.561863476643964,1.6631053947989856,0.20556128025054932,0.7684460878372192,0.6191672682762146,0.056227657943964005
1787654562.6723638,-0.0009559192918556503,-10.39547498710484,1.618492585905497,0.1854628026485443,0.7860305905342102,0.5539408922195435,0.061673395335674286
1787654563.9709969,0.41595753203683483,-10.724875357769163,1.7152776179490996,0.2284832000732422,0.7492235898971558,0.684604287147522,0.019095757976174355
1787654563.9711514,-0.066191838618848,-10.558486759995889,1.6706590242086754,0.18591751158237457,0.7806696891784668,0.5991858839988708,0.024002812802791595
1787654565.5211337,0.3503017456952523,-10.880548990865025,1.765346508525508,0.2761083245277405,0.7229679226875305,0.7236499190330505,0.0572797916829586
1787654565.5212333,-0.1318332854956384,-10.71427722559608,1.7201412900998934,0.20804105699062347,0.7612161636352539,0.6836486458778381,0.07222035527229309
1787654567.0710196,0.27065921262975384,-11.039918133429452,1.8216393348547881,0.2455647587776184,0.7282208204269409,0.7346208095550537,0.34522098302841187
1787654567.071162,-0.21154167726274709,-10.877215906995993,1.7654762927320995,0.23199352622032166,0.7401542663574219,0.7342978715896606,0.34871548414230347
1787654568.5710878,0.1940079623703609,-11.156063420698445,1.863467835834924,0.24556483328342438,0.7282208204269409,0.7349059581756592,0.7059734463691711
1787654568.571234,-0.28815102684781657,-10.99420866580856,1.8045632737396091,0.2455647587776184,0.7282208204269409,0.7393943071365356,0.7055855393409729
1787654570.021112,0.12664604018765185,-11.145488375648114,1.8596221114172595,0.2455647587776184,0.7282208204269409,0.7356331944465637,0.5151872038841248
1787654570.0212283,-0.35548128522900374,-10.983551326213924,1.8006845672952714,0.2455647587776184,0.7282208204269409,0.7394925355911255,0.5137765407562256
1787654571.4271102,0.042568016404210346,-11.071074316064314,1.8326329185905375,0.2455647587776184,0.7282208204269409,0.7405536770820618,0.23157569766044617
1787654571.427203,-0.4395163397291143,-10.908808674903652,1.7742502561791962,0.2346918284893036,0.7377816438674927,0.735256552696228,0.21942858397960663
1787654572.778221,-0.028917419370705022,-10.917602149433263,1.778439415286207,0.2401120960712433,0.7330155372619629,0.7398001551628113,0.044531188905239105
1787654572.7783766,-0.5111847321621311,-10.75241007792892,1.7307548420466248,0.21419593691825867,0.7558040022850037,0.6954094767570496,0.0393654964864254
1787654573.9750218,-0.09523133672591139,-10.766963849259518,1.728739284321434,0.21705326437950134,0.7532916069030762,0.7037459015846252,0.18195730447769165
1787654573.975187,-0.5778682189247712,-10.601896473590948,1.6844854547554524,0.19390353560447693,0.7736475467681885,0.6275904774665833,0.175508514046669
1787654575.3215399,-0.1462400476416898,-10.608613780118532,1.6782482587240526,0.1923779398202896,0.7749890089035034,0.6221394538879395,0.05107728764414787
1787654575.3217013,-0.6290569832558053,-10.4440426261868,1.6341104973651717,0.17123422026634216,0.7935811281204224,0.5781642198562622,0.04376962035894394
1787654576.5865345,-0.22243660714306251,-10.469620425301866,1.6335741258326775,0.19213180243968964,0.7798023819923401,0.5748314261436462,0.013480882160365582
1787654576.5866368,-0.7053371210707222,-10.30527638386495,1.589504525283283,0.1667528748512268,0.7975215911865234,0.5560871958732605,0.010936244390904903
1787654577.92696,-0.2808837021056867,-10.293036271337636,1.5834193770848803,0.18430933356285095,0.7867043614387512,0.5628660917282104,0.4475647211074829
1787654577.9270573,-0.7638129232003246,-10.128764717411697,1.5393941117968248,0.33467942476272583,0.744171142578125,0.5509913563728333,0.4477863013744354
1787654579.5865495,-0.36381068479720846,-10.201556685742846,1.5588979262569431,0.1667528748512268,0.7975215911865234,0.5584258437156677,0.28235331177711487
1787654579.586648,-0.8467560374626217,-10.037329130563938,1.5148854682610708,0.5260171294212341,0.73466557264328,0.5969328880310059,0.2986047863960266
1787654599.6721914,-0.43444861381607625,-10.143433598339406,1.5433366549772847,0.1667528748512268,0.7975215911865234,0.5584254264831543,0.32426342368125916
1787654599.6725416,-0.918745435834304,-9.982960891605362,1.5003355087542525,0.40524208545684814,0.7373384833335876,0.5391644835472107,0.33097586035728455
1787654601.1722674,-0.5100011301741829,-10.241608008864004,1.5696315704477732,0.1667528748512268,0.7975215911865234,0.5599946975708008,0.23203688859939575
1787654601.1724336,-0.9947741335180809,-10.08248344664164,1.526987591664387,0.3178325593471527,0.746536374092102,0.5892069339752197,0.2321641892194748
1787654602.6727695,-0.5823539332215577,-10.398103250412168,1.6115695368336829,0.1667528748512268,0.7975215911865234,0.5653690099716187,0.08533621579408646
1787654602.6728573,-1.0671355276382142,-10.23900332298055,1.5689313050915203,0.2840414047241211,0.7524113655090332,0.5783085823059082,0.08967160433530807
1787654604.12228,-0.6526424298695952,-10.590182192712481,1.6721831381843952,0.1872066706418991,0.7795361876487732,0.6283840537071228,0.08240726590156555
1787654604.1224236,-1.1374483732335092,-10.431158328282097,1.6295379998840882,0.24964302778244019,0.7578238844871521,0.5953518152236938,0.08747321367263794
1787654605.7223024,-0.714958082740703,-10.756254696817855,1.7253202441089968,0.21419593691825867,0.7558040022850037,0.7003452181816101,0.06555401533842087
1787654605.7224638,-1.199760974518981,-10.597219362007976,1.682683189739253,0.2107125222682953,0.7647756338119507,0.6638157367706299,0.06353895366191864
1787654607.3726492,-0.7876552271235451,-10.94460717158138,1.7879133824034654,0.23649507761001587,0.7361960411071777,0.7413044571876526,0.08094620704650879
1787654607.3727798,-1.2725125937638626,-10.787114981578819,1.7404418740767467,0.2420182079076767,0.7393428683280945,0.7460853457450867,0.0931725800037384
1787654608.9724233,-0.8631835376715744,-11.114275271457569,1.84826213442582,0.2455647587776184,0.7282208204269409,0.7425479292869568,0.5054293870925903
1787654608.9729552,-1.348039142754477,-10.959702035580609,1.7919935199927404,0.2401120960712433,0.7330155372619629,0.7472324371337891,0.5054264664649963
1787654610.5940406,-0.9354699243968824,-11.198854138936776,1.8790479754372116,0.2455647587776184,0.7282208204269409,0.7400950193405151,0.6427401304244995
1787654610.5941474,-1.4203258252202104,-11.044280784524998,1.8227822350378318,0.2455647587776184,0.7282208204269409,0.740302324295044,0.6427719593048096
1787654612.072486,-0.9997167278024448,-11.150819225693692,1.8615633449136426,0.24556483328342438,0.7282208204269409,0.7417834401130676,0.4072422385215759
1787654612.0726342,-1.4845744909046932,-10.996251258086783,1.8052988538970787,0.2455647587776184,0.7282208204269409,0.7418718934059143,0.40433770418167114
1787654613.5726285,-1.079084570697563,-11.040195752084756,1.8216645581598976,0.24556483328342438,0.7282208204269409,0.7454752326011658,0.002193852560594678
1787654613.572784,-1.5639735984715872,-10.884926025107834,1.76764657385029,0.2346918284893036,0.7377816438674927,0.7385546565055847,0.015379167161881924
1787654624.5230196,-1.1253976655432667,-9.984170788289589,1.5006631875541343,0.18430933356285095,0.7867043614387512,0.5431708693504333,0.09195443987846375
1787654624.5231776,-1.610706432790495,-9.826575825717242,1.4584349007691277,0.43026572465896606,0.7359145283699036,0.5457062125205994,0.09165135025978088
1787654626.023262,-1.0573435480816589,-9.788920967333661,1.4483473358587249,0.1667528748512268,0.7975215911865234,0.5585126876831055,0.030502023175358772
1787654626.0234544,-1.5426746867829142,-9.631391040385699,1.4061335001799722,0.33467942476272583,0.744171142578125,0.569830060005188,0.030497482046484947
1787654627.4730566,-0.9856724419786055,-9.582904436033221,1.393143253941235,0.1667528748512268,0.7975215911865234,0.5479673743247986,0.030735526233911514
1787654627.4732063,-1.4710034169184367,-9.425373589972686,1.350930965405726,0.2309078723192215,0.7661053538322449,0.5495573282241821,0.030731700360774994
1787654628.923226,-0.9219651169142409,-9.399780420987415,1.3440752829004963,0.18430933356285095,0.7867043614387512,0.5510423183441162,0.030667487531900406
1787654628.924899,-1.407295744616001,-9.242247879723585,1.3018653284160908,0.41419529914855957,0.7367739677429199,0.5354648232460022,0.030665237456560135
1787654630.4256244,-0.858258217845453,-9.216656780856464,1.2950068599961804,0.1867898404598236,0.7852687835693359,0.5587761402130127,0.030582409352064133
1787654630.4258323,-1.3435885232196383,-9.059123298914582,1.2527967101188557,0.43026572465896606,0.7359145283699036,0.5756726264953613,0.030575713142752647
1787654631.82347,-0.7945503715581311,-9.033531669203745,1.2459375161429973,0.20015694200992584,0.7783122658729553,0.5641845464706421,0.03054075501859188
1787654631.8236291,-1.2798803125496239,-8.875996816208266,1.2037282935857556,0.554527223110199,0.7354804277420044,0.5667113661766052,0.0305368322879076
1787654633.323319,-0.7308425038874631,-8.850407193868417,1.1968691780612286,0.20489637553691864,0.7761242389678955,0.5707893371582031,0.030471956357359886
1787654633.3234732,-1.2161721653500552,-8.692871612757141,1.1546594589370922,0.5478111505508423,0.7352355122566223,0.5591586232185364,0.030470622703433037
1787654634.8735287,-0.659171163524986,-8.644392352006117,1.1416690879030835,0.2078237682580948,0.7748365998268127,0.5573033690452576,0.0184335820376873
1787654634.8740013,-1.1445006531878026,-8.486856576353668,1.0994581195037243,0.35499146580696106,0.7417322993278503,0.5938263535499573,0.017094580456614494
1787654636.1233861,-0.5946443117949405,-8.4474160067409,1.088890286340536,0.2220274657011032,0.7691946625709534,0.5532414317131042,0.030628787353634834
1787654636.1235275,-1.0800666386741513,-8.290147380539727,1.0467507113549213,0.35132890939712524,0.7421412467956543,0.530598521232605,0.030628632754087448
1787654637.4734006,-0.5310443407931367,-8.264258531013818,1.0398129437255226,0.21124714612960815,0.7733883261680603,0.5680525898933411,0.030639491975307465
1787654637.4735954,-1.0164665149523173,-8.106989456014654,0.9976732844544561,0.20489637553691864,0.7761242389678955,0.555900514125824,0.030638450756669044
1787654638.8234491,-0.4674442335173408,-8.081097114139679,0.9907359882593411,0.2840414047241211,0.7524113655090332,0.5766035318374634,0.03061131201684475
1787654638.8237603,-0.9528660408177949,-7.923827462602426,0.9485942547578369,0.23649443686008453,0.7643083333969116,0.5463525652885437,0.030611468479037285
1787654640.2280087,-0.40384310266518414,-7.897936540043242,0.9416579359319344,0.3709062933921814,0.7401031851768494,0.578632116317749,0.030582141131162643
1787654640.2283957,-0.8892649056443338,-7.740666706817514,0.8995168307064718,0.2918095886707306,0.7509089112281799,0.5412508249282837,0.0305767934769392
1787654641.9735541,-0.34024430869345934,-7.714772603873429,0.8925795596915979,0.2840414047241211,0.7524113655090332,0.5560324788093567,0.10592154413461685
1787654641.9736552,-0.8256650808908895,-7.557500974711831,0.8504332836982461,0.26358285546302795,0.7568932771682739,0.5239496231079102,0.10045333206653595
1787654644.8738031,-0.28447997442173406,-7.383541227308841,0.8038259265756058,0.20489637553691864,0.7761242389678955,0.5527710914611816,0.16613689064979553
1787654644.8740904,-0.7706811853115791,-7.228534257922417,0.7622901351315421,0.4534801244735718,0.7378751039505005,0.5686721205711365,0.17405691742897034
1787654646.073623,-0.2176986839069617,-7.1983671015540205,0.7564497018695459,0.18827730417251587,0.7887043356895447,0.5540409684181213,0.03989415615797043
1787654646.073787,-0.7038800249080076,-7.041190959532492,0.7237791640464125,0.2755691707134247,0.7702574133872986,0.5004681348800659,0.0421333946287632
1787654647.2736626,-0.15447746792508282,-7.017459573694082,0.7143510808019804,0.15062139928340912,0.8156837224960327,0.49606576561927795,0.05101817101240158
1787654647.2738323,-0.6405906705262261,-6.859166250387651,0.6864015181315961,0.20301805436611176,0.8007383942604065,0.42331892251968384,0.046603571623563766
1787654648.5740335,-0.09370787803233185,-6.83768944896296,0.6753097350031901,0.10691794008016586,0.8501355648040771,0.4140789806842804,0.045619092881679535
1787654648.5741642,-0.5798232665678725,-6.679403523746538,0.6473562932236646,0.09139034152030945,0.8637891411781311,0.36617621779441833,0.04198000580072403
1787654650.1258507,-0.03273600931677989,-6.657252459966334,0.636768606344745,0.09139034152030945,0.8637891411781311,0.3746272623538971,0.01231659296900034
1787654650.1260774,-0.5188373071918906,-6.4989174970967385,0.608847866074894,0.1326025426387787,0.8354220390319824,0.37214794754981995,0.01232018694281578
1787654651.62381,0.03791967075959171,-6.44687369008513,0.5996683705911093,0.11220038682222366,0.8486813306808472,0.371367484331131,0.013425029814243317
1787654651.6239858,-0.4481846104171202,-6.288546430560838,0.5717558874840837,0.13897967338562012,0.8316896557807922,0.3753002882003784,0.013419470749795437
1787654653.1755369,0.1085699220630214,-6.236498862614375,0.5625744556406126,0.10883650183677673,0.851071298122406,0.372344434261322,0.013731143437325954
1787654653.1756473,-0.37753433164482103,-6.078171700439149,0.5346609419835825,0.20734262466430664,0.8012195229530334,0.3938297629356384,0.01373289991170168
1787654654.4810426,0.17136979059839116,-6.0494967699271625,0.5296025488944526,0.18860182166099548,0.8081244230270386,0.3732169568538666,0.013599293306469917
1787654654.4811435,-0.3147343722613687,-5.891169900209719,0.5016857945005834,0.1535331904888153,0.823836624622345,0.3717460036277771,0.013593966141343117
1787654655.9738996,0.24201948564018716,-5.839120794313146,0.49250787304295096,0.16339801251888275,0.8189933896064758,0.3759757876396179,0.013458328321576118
1787654655.9740527,-0.2440844661858621,-5.680793205940208,0.46459151978706215,0.11220038682222366,0.8486813306808472,0.36636778712272644,0.013438585214316845
1787654657.4740858,0.3126752444942221,-5.628745869779164,0.45540792563249394,0.1535331904888153,0.823836624622345,0.36324405670166016,0.013683167286217213
1787654657.4742687,-0.17342795634335365,-5.470415150664368,0.42749625208798964,0.09139034152030945,0.8637891411781311,0.38697895407676697,0.0136849544942379
1787654658.926946,0.38332765468391994,-5.418367204827087,0.41831214941914924,0.09139034152030945,0.8637891411781311,0.36430609226226807,0.013503496535122395
1787654658.9270256,-0.10277578463132889,-5.260036925307446,0.3904021355689476,0.10883650183677673,0.851071298122406,0.38300129771232605,0.013506721705198288
1787654660.4760196,0.4539796650655281,-5.207992528465699,0.38121447240792,0.09139034152030945,0.8637891411781311,0.38094276189804077,0.013459060341119766
1787654660.4762168,-0.03212446575725014,-5.049663765068589,0.3533079018881749,0.11220038682222366,0.8486813306808472,0.3734287917613983,0.013456802815198898
1787654661.9741585,0.5246319680206141,-4.997614763262171,0.34411746453598324,0.11220038682222366,0.8486813306808472,0.3835279643535614,0.013455505482852459
1787654661.9743414,0.03852758678245527,-4.839286639322773,0.31621162803361424,0.09139034152030945,0.8637891411781311,0.36587682366371155,0.013465585187077522
1787654663.4243457,0.595280085287901,-4.787234845665171,0.30702168977179434,0.09139034152030945,0.8637891411781311,0.3750198781490326,0.013242421671748161
1787654663.424513,0.1091745459884444,-4.6289102330035785,0.279116104525446,0.09139034152030945,0.8637891411781311,0.3810560405254364,0.013228818774223328
1787654664.674224,0.6659289526709513,-4.57685985706643,0.26992164395360785,0.09139034152030945,0.8637891411781311,0.37566128373146057,0.005531136877834797
1787654664.6743426,0.17982329672738698,-4.4185344045002735,0.24202285671475646,0.14840392768383026,0.8231130838394165,0.3840991258621216,0.013146867975592613
1787654665.8743298,0.7336463636198585,-4.394924850807357,0.24409192749684264,0.11364463716745377,0.8476735353469849,0.3718944191932678,9.012754162540659e-05
1787654665.8745162,0.24754233551631866,-4.23468191843596,0.23108898604003278,0.2218477427959442,0.7639811038970947,0.2347983568906784,0.004213536158204079
1787654667.1243348,0.7982600958333883,-4.214773148455186,0.22341474228179795,0.18269728124141693,0.7812209725379944,0.26674702763557434,0.023223109543323517
1787654667.124481,0.3123386190184587,-4.05345266371878,0.22327483370790255,0.3293439447879791,0.6518524885177612,0.0534183643758297,0.021780481562018394
1787654668.3744075,0.8571462344268737,-4.037382516845843,0.20938338903395784,0.30449777841567993,0.6755037307739258,0.1081196665763855,0.03777272626757622
1787654668.3745725,0.3712341916501889,-3.8760335665728713,0.20932925586836623,0.5091232657432556,0.5843215584754944,0.05176648497581482,0.03828135505318642
1787654669.825614,0.9163583741199401,-3.8589308337438113,0.19620927939170676,0.4343441426753998,0.5550490021705627,0.02108912169933319,0.0030754299368709326
1787654669.825708,0.4305456052924617,-3.6972832119130685,0.19620847683448975,0.6979344487190247,0.6465640664100647,0.08380860090255737,0.003043738193809986
1787654671.3296225,0.9873943254776428,-3.6454213364201706,0.19620495218093711,0.46746203303337097,0.533102810382843,0.01450480055063963,0.0005641909083351493
1787654671.3297138,0.5015735877172521,-3.483797666340597,0.19621060539049637,0.7091703414916992,0.656019926071167,0.018714800477027893,0.0005832577007822692
1787654672.1290905,1.0584161178209623,-3.4319257529233753,0.19620835519922653,0.46746203303337097,0.533102810382843,0.038652203977108,0.4475806653499603
1787654672.1350331,0.5725958390208352,-3.270300703191141,0.19621072579376359,0.5945042967796326,0.5824937224388123,1.1414916798457853e-06,0.42295315861701965
1787654672.3273094,1.0976613882488404,-3.3184809823480506,0.19620374048197284,0.46746203303337097,0.533102810382843,0.04262373596429825,0.730964720249176
1787654672.3277073,0.6149188555553087,-3.147883071848422,0.19619587948344017,0.48982444405555725,0.5404852628707886,1.0900533879976138e-06,0.7073276042938232
1787654672.4750273,1.1059256008698948,-3.2983155968491182,0.19620374924132192,0.46746203303337097,0.533102810382843,0.04262373596429825,0.7688578963279724
1787654672.4751177,0.6251513521722996,-3.122247082657416,0.19619376980069106,0.48982444405555725,0.5404852628707886,1.0900533879976138e-06,0.7472485899925232
1787654672.6245844,1.114618405271197,-3.2789934740679696,0.19620638060085593,0.46746203303337097,0.533102810382843,0.04262373596429825,0.7936640381813049
1787654672.6247187,0.6362390812524401,-3.0965182095592496,0.19619245831447268,0.46746203303337097,0.533102810382843,1.2205463235659408e-06,0.7734778523445129
1787654672.9745061,1.125544956099025,-3.2619537971001025,0.19620630471221684,0.46746203303337097,0.533102810382843,0.03995765745639801,0.6678054332733154
1787654672.9746675,0.650127477596846,-3.07189533032998,0.19618776771595936,0.46746203303337097,0.533102810382843,1.6352558986909571e-06,0.6363236308097839
1787654673.1270614,1.1441178517442123,-3.2236873867054383,0.19620503229928274,0.46746203303337097,0.533102810382843,0.030309781432151794,0.8359166383743286
1787654673.127396,0.6742869727334133,-3.020210250843511,0.19618744346936304,0.46746203303337097,0.533102810382843,1.178302909465856e-06,0.8209280371665955
1787654673.2745845,1.1553104357989672,-3.205162854889755,0.19620573217194257,0.46746203303337097,0.533102810382843,0.027419893071055412,0.8333622217178345
1787654673.274728,0.6882913474632988,-2.9953125014913073,0.1961881632248653,0.46746203303337097,0.533102810382843,1.178302909465856e-06,0.8181489109992981
1787654673.4798775,1.1671383253671082,-3.1868050871503155,0.19620570212977348,0.46746203303337097,0.533102810382843,0.027567105367779732,0.8310444355010986
1787654673.4799938,0.703061870518169,-2.9705250747684526,0.19618841219811964,0.46746203303337097,0.533102810382843,1.178302909465856e-06,0.815642237663269
1787654673.62592,1.1796084601144896,-3.168627894932657,0.19620760478874738,0.46746203303337097,0.533102810382843,0.027567105367779732,0.8285141587257385
1787654673.6260757,0.7186021581120956,-2.945878733179614,0.19618633523222312,0.46746203303337097,0.533102810382843,1.3252841881694621e-06,0.8128711581230164
1787654673.7795367,1.1926790790553554,-3.150652959927638,0.1962066012511159,0.46746203303337097,0.533102810382843,0.021025558933615685,0.8247541785240173
1787654673.7796247,0.7348828889195065,-2.9213787829023667,0.1961997831638676,0.46746203303337097,0.533102810382843,1.6640192370687146e-06,0.8086174130439758
1787654673.9774802,1.2061401347787966,-3.1328964587597943,0.19621698219319003,0.46746203303337097,0.533102810382843,0.016563499346375465,0.9884389042854309
1787654673.9819648,0.7517462128631649,-2.896951203185492,0.19620707722903122,0.46746203303337097,0.533102810382843,9.511078360446845e-07,0.9885523319244385
1787654674.174513,1.2100601537497608,-3.1340781974749468,0.1962172289763919,0.46746203303337097,0.533102810382843,0.01869366131722927,0.645809531211853
1787654674.1746566,0.7556872565038728,-2.898092456171564,0.19620498680722295,0.46746203303337097,0.533102810382843,1.2310442798479926e-06,0.6118864417076111
1787654674.325622,1.2341165363274034,-3.098101757079158,0.1962180964441351,0.46746203303337097,0.533102810382843,0.018418150022625923,0.8133724927902222
1787654674.3256934,0.7871601064180924,-2.8483539852322193,0.1962032568689415,0.46746203303337097,0.533102810382843,1.266684762413206e-06,0.795664370059967
1787654674.524532,1.2486274295812645,-3.0810927153310614,0.19621771325956133,0.46746203303337097,0.533102810382843,0.01676512137055397,0.8099057078361511
1787654674.5247078,0.8057151401584315,-2.8242411946222314,0.19620400976082564,0.46746203303337097,0.533102810382843,1.315073063778982e-06,0.7917165160179138
1787654674.6745486,1.2634880129251682,-3.064357413353843,0.19621754739229066,0.46746203303337097,0.533102810382843,0.016765395179390907,0.806603729724884
1787654674.6746829,0.8248408796404175,-2.800287929569243,0.1962035901247072,0.46746203303337097,0.533102810382843,1.315073063778982e-06,0.7879536747932434
1787654674.824601,1.2786954273052231,-3.047908821323268,0.19621651668060602,0.46746203303337097,0.533102810382843,0.01450722198933363,0.8034812211990356
1787654674.824817,0.844537530582706,-2.7765217903942756,0.19620398567746294,0.46746203303337097,0.533102810382843,1.421918341293349e-06,0.7843952178955078
1787654675.0246294,1.294246937162126,-3.0317594659171343,0.19621791585943635,0.46746203303337097,0.533102810382843,0.010546633042395115,0.8004916906356812
1787654675.0247872,0.864803616026403,-2.7529720313017485,0.19620266815503154,0.46746203303337097,0.533102810382843,1.3968738130643032e-06,0.7809864282608032
1787654675.1745973,1.3101423345805199,-3.0159206564973453,0.1962184124301845,0.46746203303337097,0.533102810382843,0.010546633042395115,0.9676185250282288
1787654675.174773,0.8856418618767263,-2.7296631702972243,0.1962020220817725,0.46746203303337097,0.533102810382843,1.2291861821722705e-06,0.9645019173622131
1787654675.3245664,1.3143590942370977,-3.017829661923401,0.19621790494910166,0.46746203303337097,0.533102810382843,0.012409978546202183,0.6232889294624329
1787654675.3247004,0.8906626315919999,-2.7303834803917124,0.19620162972300462,0.46746203303337097,0.533102810382843,1.1717798997779028e-06,0.5864078998565674
1787654675.5249426,1.3429183586046338,-2.9852326623476486,0.196217420683125,0.46746203303337097,0.533102810382843,0.012086139991879463,0.7947978973388672
1787654675.5251338,0.9289582529308131,-2.683933756552486,0.19620077265507355,0.46746203303337097,0.533102810382843,1.0906130682997173e-06,0.774470329284668
1787654675.6748464,1.3597408750030302,-2.9704090255713544,0.19621728247789694,0.46746203303337097,0.533102810382843,0.012086139991879463,0.7940359711647034
1787654675.6759744,0.9513300976155795,-2.661629757133618,0.19620005358439352,0.46746203303337097,0.533102810382843,9.74576892076584e-07,0.773584246635437
1787654675.8246992,1.3768266339700546,-2.955942763842662,0.19621731368687628,0.46746203303337097,0.533102810382843,0.00574358319863677,0.7933078408241272
1787654675.824863,0.9741331389617042,-2.63974354057868,0.19620042539274324,0.46746203303337097,0.533102810382843,9.662960565037793e-07,0.7727380990982056
1787654676.0247085,1.3941729333211805,-2.941839721413638,0.19621714533173826,0.46746203303337097,0.533102810382843,0.00574358319863677,0.7928347587585449
1787654676.0248084,0.9973633910273709,-2.6182872730871294,0.19619907604611556,0.46746203303337097,0.533102810382843,6.595885224669473e-07,0.7721812725067139
1787654676.17461,1.4117656910520784,-2.9281040577460717,0.19621680504654826,0.46746203303337097,0.533102810382843,0.004859218839555979,0.7921103239059448
1787654676.175568,1.020997306039835,-2.5972807379082057,0.19619873915690272,0.46746203303337097,0.533102810382843,1.183998961096222e-06,0.771340012550354
1787654676.324648,1.4296073930120816,-2.914739046136929,0.19621661018331849,0.46746203303337097,0.533102810382843,0.004225386772304773,0.7916251420974731
1787654676.3248272,1.0450464013033895,-2.576720047693687,0.19619797003577194,0.46746203303337097,0.533102810382843,1.3072997262497665e-06,0.7707699537277222
1787654676.4748058,1.4476836438097351,-2.9017496661845694,0.19621611317307275,0.46746203303337097,0.533102810382843,0.004225386772304773,0.7914209365844727
1787654676.4755573,1.069486858636748,-2.5566247738571306,0.19619659929323174,0.46746203303337097,0.533102810382843,1.3953123243481969e-06,0.7705191969871521
1787654676.6746693,1.4659791911269031,-2.8891391165825633,0.1962152935577219,0.46746203303337097,0.533102810382843,0.004225386772304773,0.8153722882270813
1787654676.6748035,1.0942911322708002,-2.537014157940189,0.19619517171342923,0.46746203303337097,0.533102810382843,1.417481257703912e-06,0.7972285747528076
1787654676.7745006,1.4827933107941025,-2.8773879541239524,0.1962135370173421,0.46746203303337097,0.533102810382843,0.002762764459475875,0.845740556716919
1787654676.7746408,1.1168794314647723,-2.5192664208939273,0.1961947983676441,0.46746203303337097,0.533102810382843,1.7221960888491594e-06,0.831731379032135
1787654676.9748008,1.4963117432826476,-2.867814746575933,0.1962112211805643,0.46746203303337097,0.533102810382843,0.0024895162787288427,0.8556061387062073
1787654676.9750597,1.1342336891230846,-2.5058154613839645,0.19619650627434618,0.46746203303337097,0.533102810382843,1.9357121345819905e-06,0.843808114528656
1787654677.2769332,1.5079764517609373,-2.859103226320944,0.19620863146189327,0.46746203303337097,0.533102810382843,0.0024895162787288427,0.8523527979850769
1787654677.2770402,1.1485754281569056,-2.4944459843315525,0.19619877932741714,0.46746203303337097,0.533102810382843,1.9357121345819905e-06,0.8433062434196472
1787654677.6246772,1.5276117659626043,-2.8435620496281517,0.19620716223600265,0.46746203303337097,0.533102810382843,0.002432935405522585,0.8012698292732239
1787654677.6248055,1.1710129602488233,-2.476164047814345,0.19620199237473362,0.46746203303337097,0.533102810382843,1.960506779141724e-06,0.7845206260681152
1787654677.7746558,1.5545591259440248,-2.822582670583952,0.19620840859451452,0.46746203303337097,0.533102810382843,0.002432935405522585,0.8468507528305054
1787654677.774873,1.204734736162572,-2.4487285596451893,0.19620146440871286,0.46746203303337097,0.533102810382843,1.8197243889517267e-06,0.8341361284255981
1787654677.9298894,1.5695531832277962,-2.8112010732840877,0.19620811291610812,0.46746203303337097,0.533102810382843,0.002432935405522585,0.8658071160316467
1787654677.9299798,1.2234222356093187,-2.433924825638533,0.19620016152585318,0.46746203303337097,0.533102810382843,1.786093207556405e-06,0.8543683886528015
1787654678.124658,1.5848738243440328,-2.7999914496912908,0.19620802403532694,0.46746203303337097,0.533102810382843,0.002213452011346817,0.884236216545105
1787654678.1248004,1.2427302957410242,-2.4190953933211894,0.1961992612338646,0.46746203303337097,0.533102810382843,1.786093207556405e-06,0.8747389912605286
1787654678.2750165,1.5990236600092926,-2.7902617242771592,0.19620804453980153,0.46746203303337097,0.533102810382843,0.0010832635452970862,0.878646731376648
1787654678.2751803,1.260244495670223,-2.406370232179973,0.1961977918597603,0.46746203303337097,0.533102810382843,1.9026666677746107e-06,0.8683444857597351
1787654678.424708,1.6134366525282433,-2.7808241915466136,0.19620788856112248,0.46746203303337097,0.533102810382843,0.0010832635452970862,0.8726223111152649
1787654678.4248633,1.278312186476129,-2.3937381647679437,0.19619666412806758,0.46746203303337097,0.533102810382843,1.9106000763713382e-06,0.8614516854286194
1787654678.5749261,1.6281132714385649,-2.7716810417403313,0.19620735971357411,0.46746203303337097,0.533102810382843,0.0009607325191609561,0.8663952350616455
1787654678.5750058,1.2969610161261746,-2.3811913701023233,0.1961952949663433,0.46746203303337097,0.533102810382843,1.8981495486514177e-06,0.8543302416801453
1787654678.7749321,1.643063323400767,-2.7628391021549614,0.19620695508503155,0.46746203303337097,0.533102810382843,0.000963131373282522,0.8600345849990845
1787654678.7751896,1.3162167847606059,-2.368738429749821,0.19619321602898682,0.46746203303337097,0.533102810382843,1.7517531887278892e-06,0.8470580577850342
1787654678.8746731,1.6582951699891204,-2.754312484033184,0.19620637156094792,0.46746203303337097,0.533102810382843,0.0009584340150468051,0.8600252866744995
1787654678.8748121,1.3361011624766972,-2.3563991501173804,0.19619170545585504,0.46746203303337097,0.533102810382843,1.7775835203792667e-06,0.8467721939086914
1787654679.0769587,1.6729049003990057,-2.745930246158241,0.1962051348367583,0.46746203303337097,0.533102810382843,0.0010759090073406696,0.8686618208885193
1787654679.0770538,1.3554905635356247,-2.3441938418466526,0.19619083881935243,0.46746203303337097,0.533102810382843,1.7775835203792667e-06,0.8568450212478638
1787654679.2289462,1.685465998973528,-2.738874495791297,0.19620438007208413,0.46746203303337097,0.533102810382843,0.0010148768778890371,0.8502535223960876
1787654679.2290378,1.3716806516901119,-2.3342972402985254,0.1961914123216768,0.46746203303337097,0.533102810382843,1.7729970522850635e-06,0.8369821906089783
1787654679.5759492,1.6972200571753189,-2.7320854972197846,0.19620313899559108,0.46746203303337097,0.533102810382843,0.0010148768778890371,0.8701043128967285
1787654679.5760396,1.3867466485455573,-2.324961115230479,0.1961920194963088,0.46746203303337097,0.533102810382843,1.726950245029002e-06,0.862352728843689
1787654681.6747453,1.7057398016272431,-2.7267429090979687,0.19620642977994132,0.46746203303337097,0.533102810382843,0.0010148768778890371,0.9458213448524475
1787654681.6748831,1.4022630919937482,-2.314376704486039,0.19620443490422299,0.46746203303337097,0.533102810382843,1.6169794889719924e-06,0.9558099508285522
1787654682.0247085,1.6858726406536608,-2.7395905587396094,0.19620451676030465,0.46746203303337097,0.533102810382843,0.0010148768778890371,0.9764715433120728
1787654682.0248687,1.3878958535176855,-2.32323273867812,0.19620584576657735,0.46746203303337097,0.533102810382843,1.7723212977216463e-06,0.9654580354690552
1787654682.177989,1.673191376612324,-2.747572177127303,0.19620319921055474,0.46746203303337097,0.533102810382843,0.001005405094474554,1.0024423599243164
1787654682.178693,1.3784375674497995,-2.3289265131386045,0.19620596389462103,0.46746203303337097,0.533102810382843,1.7723212977216463e-06,0.9946108460426331
1787654682.3249207,1.6587999694307778,-2.756656755176143,0.1962023145734212,0.46746203303337097,0.533102810382843,0.001050427439622581,0.9991264343261719
1787654682.3251011,1.366212549439968,-2.3364941656422906,0.19620671103550008,0.46746203303337097,0.533102810382843,1.7729970522850635e-06,0.990792989730835
1787654682.524816,1.64245877561233,-2.767033439090526,0.19620238040779708,0.46746203303337097,0.533102810382843,0.0009607325191609561,0.9851986765861511
1787654682.5250096,1.3521915815104912,-2.345264597183285,0.19620732712053018,0.46746203303337097,0.533102810382843,1.7775835203792667e-06,0.97813880443573
1787654682.67486,1.6240912744172529,-2.778538882150621,0.19620267253545312,0.46746203303337097,0.533102810382843,0.0010752156376838684,0.9856982231140137
1787654682.6750832,1.3358722165759884,-2.355367788306066,0.19620828469124738,0.46746203303337097,0.533102810382843,1.6074832274171058e-06,0.978252112865448
1787654682.9248514,1.6051196597057877,-2.790111922877431,0.19620214657981316,0.46746203303337097,0.533102810382843,0.0011432585306465626,0.9976013898849487
1787654682.9250274,1.319045702335435,-2.3654877468319837,0.19620782026197853,0.46746203303337097,0.533102810382843,1.6074832274171058e-06,0.989172637462616
1787654683.0748062,1.5878640377548474,-2.800148870015797,0.19620165992577618,0.46746203303337097,0.533102810382843,0.0011432585306465626,0.9313969016075134
1787654683.0749595,1.3041389164053077,-2.373951667459536,0.19620861742880388,0.46746203303337097,0.533102810382843,1.6074832274171058e-06,0.9465397596359253
1787654683.2248917,1.5941662823837761,-2.7941626476558974,0.19620110157428247,0.46746203303337097,0.533102810382843,0.0011432585306465626,1.0018672943115234
1787654683.225463,1.3066907756707213,-2.370486081173208,0.19620841673781705,0.46746203303337097,0.533102810382843,1.6085522247522022e-06,0.9914389252662659
1787654683.374875,1.576176029190636,-2.804245016995577,0.19620101930988845,0.46746203303337097,0.533102810382843,0.0012259283103048801,0.997736394405365
1787654683.3750103,1.2915704621699833,-2.3786352530580266,0.19620888539861206,0.46746203303337097,0.533102810382843,2.087317398036248e-06,0.9865524768829346
1787654683.57487,1.557759297913114,-2.814190036909677,0.19620101349088548,0.46746203303337097,0.533102810382843,0.0012259283103048801,0.992881178855896
1787654683.5750601,1.2762735451517493,-2.3865105179555304,0.19620872825514846,0.46746203303337097,0.533102810382843,2.087317398036248e-06,0.9808014035224915
1787654683.72487,1.5388693887636613,-2.8240367666325117,0.1962002986757446,0.46746203303337097,0.533102810382843,0.0011743163922801614,0.9396843910217285
1787654683.7250245,1.26080060523056,-2.3941277628319453,0.19620899500782954,0.46746203303337097,0.533102810382843,2.087317398036248e-06,0.904716432094574
1787654683.8767033,1.495017946475624,-2.849039086944053,0.1961999642897229,0.46746203303337097,0.533102810382843,0.0013416064903140068,0.9824668765068054
1787654683.8768137,1.2271987152591879,-2.41267128416112,0.19620918557833186,0.46746203303337097,0.533102810382843,2.072729557767161e-06,0.9684630036354065
1787654684.074858,1.4749670115474658,-2.8584100638764234,0.19619949019697797,0.46746203303337097,0.533102810382843,0.001164825982414186,0.9770327210426331
1787654684.075055,1.2112513002768186,-2.41955015054217,0.19620935265034295,0.46746203303337097,0.533102810382843,1.6479857549711596e-06,0.962019681930542
1787654684.174765,1.4543615241682346,-2.8676105543457986,0.19619891685391969,0.46746203303337097,0.533102810382843,0.001164825982414186,0.9715288877487183
1787654684.1749516,1.1950984003336265,-2.4261055911775316,0.19620974773623914,0.46746203303337097,0.533102810382843,1.6479857549711596e-06,0.9554880857467651
1787654684.3760154,1.4331799321639407,-2.8766188256976952,0.19619852137295427,0.46746203303337097,0.533102810382843,0.0012185091618448496,0.9659532904624939
1787654684.376133,1.1787296825945548,-2.4323226740592,0.196210066975023,0.46746203303337097,0.533102810382843,1.6479857549711596e-06,0.9488675594329834
1787654684.52486,1.4114052676385955,-2.885410894863004,0.1961980369702615,0.46746203303337097,0.533102810382843,0.001036939094774425,0.9603896141052246
1787654684.525044,1.1621393831333053,-2.4381855392878964,0.19621038662525442,0.46746203303337097,0.533102810382843,1.5644798168068519e-06,0.9422544836997986
1787654684.6748111,1.389022327746098,-2.8939622941246124,0.19619750422286716,0.46746203303337097,0.533102810382843,0.001036939094774425,0.954842746257782
1787654684.6749725,1.1453195492475539,-2.443681320091701,0.19621077305893395,0.46746203303337097,0.533102810382843,1.4674727708552382e-06,0.9356562495231628
1787654684.8247802,1.366021349517035,-2.902246912333226,0.19619701955831703,0.46746203303337097,0.533102810382843,0.001036939094774425,0.9493734240531921
1787654684.824975,1.1282670389390363,-2.4487969287613907,0.19621117167664465,0.46746203303337097,0.533102810382843,1.5236474837365677e-06,0.9291439056396484
1787654685.024931,1.3423961026072377,-2.910237392350278,0.19619657212759467,0.46746203303337097,0.533102810382843,0.001159922918304801,0.9440086483955383
1787654685.0250661,1.110978914180401,-2.4535207573590334,0.19621150169576884,0.46746203303337097,0.533102810382843,1.0540594530539238e-06,0.9227484464645386
1787654685.1768541,1.3181438794312168,-2.9179086069075355,0.19619607824526283,0.46746203303337097,0.533102810382843,0.0003478561120573431,0.9388073086738586
1787654685.176968,1.0934542572735735,-2.457844944524238,0.19621186186020842,0.46746203303337097,0.533102810382843,6.968476213842223e-07,0.9165405631065369
1787654685.3249283,1.2932669897277607,-2.9252292447740835,0.19619556780726904,0.46746203303337097,0.533102810382843,0.0003478561120573431,0.9337688684463501
1787654685.3250945,1.0756929566475018,-2.4617580592063737,0.19621223069338023,0.46746203303337097,0.533102810382843,4.755511611165275e-07,0.9105198383331299
1787654685.5252416,1.2677720461340596,-2.932173390405435,0.1961951617985442,0.46746203303337097,0.533102810382843,0.00034235737985000014,0.9289591908454895
1787654685.5254445,1.057699032848181,-2.4652544158651573,0.19621257578788218,0.46746203303337097,0.533102810382843,2.890567714075587e-07,0.9047638773918152
1787654685.680708,1.241669783339715,-2.9387109950121753,0.19619472676353486,0.46746203303337097,0.533102810382843,0.0003755603393074125,0.9243877530097961
1787654685.6808314,1.0394759138182808,-2.4683264302178554,0.19621292587140463,0.46746203303337097,0.533102810382843,2.810186003898707e-07,0.8992843627929688
1787654685.8249314,1.2149745366314593,-2.944815350196904,0.19619428607963654,0.46746188402175903,0.5331028699874878,0.00015608657849952579,0.9200484752655029
1787654685.8251417,1.021029568409041,-2.4709700706573074,0.1962132398780442,0.46746203303337097,0.533102810382843,1.0869788269474157e-07,0.8940749764442444
1787654685.9748719,1.1877048122543514,-2.9504590453794686,0.19619388299853371,0.46746203303337097,0.533102810382843,0.00012741953833028674,0.9160193204879761
1787654685.9750679,1.0023691293500017,-2.4731806316044374,0.19621354941823824,0.46746203303337097,0.533102810382843,7.323387194446696e-07,0.8892280459403992
1787654686.1248658,1.1598822386776517,-2.955612291412777,0.19619345571060198,0.46746203303337097,0.533102810382843,1.173548866972851e-06,0.912257730960846
1787654686.1249857,0.983501443825369,-2.474952521105961,0.19621384874509273,0.46746203303337097,0.533102810382843,7.323387194446696e-07,0.8846942186355591
1787654686.277547,1.1315314592207237,-2.9602489126070433,0.1961931008352773,0.46746203303337097,0.533102810382843,1.173548866972851e-06,0.9088003635406494
1787654686.277707,0.9644376529355229,-2.4762823234111453,0.19621415345213078,0.46746203303337097,0.533102810382843,6.684514346488868e-07,0.8805170655250549
1787654686.4301398,1.1026800315502485,-2.9643432755972787,0.19619281091333915,0.46746203303337097,0.5331028699874878,1.2550751762319123e-06,0.9056445956230164
1787654686.430237,0.9451886311319218,-2.477167272156346,0.19621438855927734,0.46746203303337097,0.533102810382843,6.035191972841858e-07,0.8766948580741882
1787654686.574957,1.0733570862329902,-2.967866921636462,0.19619241462928758,0.46746203303337097,0.533102810382843,1.2830704463340226e-06,0.9027801752090454
1787654686.5750947,0.9257654331579251,-2.477600969884744,0.1962146756085024,0.46746203303337097,0.533102810382843,5.657637984768371e-07,0.8732157945632935
1787654686.7248619,1.0435940653668503,-2.970795406293308,0.1961921909459617,0.46746203303337097,0.533102810382843,1.9312424228701275e-06,0.9002010822296143
1787654686.725009,0.9061811188045289,-2.4775797520397607,0.1962149133030125,0.46746203303337097,0.533102810382843,5.669891720572195e-07,0.8700736165046692
1787654686.8748238,1.013422894229291,-2.9731034327333687,0.1961919153034172,0.46746203303337097,0.5331028699874878,1.835265265981434e-06,0.8982797265052795
1787654686.8749306,0.8864483699492304,-2.4770979190048146,0.19621503944213406,0.46746203303337097,0.533102810382843,5.541556333810149e-07,0.8677133321762085
1787654687.0248616,0.9829094617725962,-2.9747719962342063,0.19619176032458396,0.46746203303337097,0.533102810382843,1.868618937805877e-06,0.8975738883018494
1787654687.024991,0.8665867651454391,-2.47616089557301,0.1962151444473632,0.46746203303337097,0.533102810382843,5.541556333810149e-07,0.8668036460876465
1787654687.1749554,0.9521744331027134,-2.975795223988635,0.19619165914620604,0.46746188402175903,0.5331028699874878,1.6537863984922296e-06,0.9135516881942749
1787654687.175099,0.8466288619330974,-2.474792098401538,0.19621529046433753,0.46746203303337097,0.533102810382843,9.899376891553402e-07,0.8854449987411499
1787654687.3248684,0.9220283602977669,-2.976639368244326,0.19619257921631628,0.46746188402175903,0.5331028699874878,1.6609750446150429e-06,0.9460583925247192
1787654687.3250275,0.8263163363673763,-2.473665007104569,0.1962151889915399,0.46746203303337097,0.533102810382843,9.899376891553402e-07,0.9210748672485352
1787654687.4750037,0.8936801047982712,-2.9774942444201757,0.19619463576085214,0.46746203303337097,0.533102810382843,1.7052865359801217e-06,0.9650611281394958
1787654687.4751368,0.805063661460188,-2.4732213762468245,0.1962144935144304,0.46746203303337097,0.5331028699874878,1.3599491239801864e-06,0.9396674036979675
1787654688.1256278,0.8663369639141808,-2.9787638041836644,0.1961971578724202,0.46746203303337097,0.533102810382843,1.6901602748475852e-06,0.9091381430625916
1787654688.1257477,0.7833221415652493,-2.473538568279067,0.1962137566603817,0.46746203303337097,0.533102810382843,1.3428165175355389e-06,0.89409339427948
1787654689.074944,0.8150728615256888,-2.983786676731464,0.19620245156911043,0.46746203303337097,0.533102810382843,1.211393623634649e-06,0.2264442890882492
1787654689.075077,0.7364882817747658,-2.4778534165418202,0.19621014892324307,0.46746203303337097,0.533102810382843,2.4001568817766383e-05,0.21179993450641632
1787654689.9250667,0.6187893055190339,-3.015196266931158,0.1961960397921957,0.46746203303337097,0.5331028699874878,1.2972831200386281e-06,0.7790498733520508
1787654689.927503,0.5378812414793939,-2.509629372076526,0.19619667484952114,0.46746203303337097,0.533102810382843,0.0003548105014488101,0.7628648281097412
1787654690.0750582,0.5201666256815245,-3.0290394682778077,0.19620257224613616,0.46746188402175903,0.5331028699874878,1.32058539747959e-06,1.0053493976593018
1787654690.0752375,0.4453639593876503,-2.522533238211282,0.19620694523446428,0.46746188402175903,0.5331028699874878,0.0005268658860586584,0.9658608436584473
1787654690.2288196,0.4677912718883509,-3.0352209725456154,0.19620124115308074,0.46746203303337097,0.533102810382843,1.3423510836219066e-06,0.9849449396133423
1787654690.2289383,0.4013462892113978,-2.5275507407613675,0.19620733929605866,0.46746203303337097,0.533102810382843,0.0005378839559853077,0.9654113054275513
1787654690.4250224,0.4416687671463039,-3.0369072766212852,0.19620029192112856,0.46746203303337097,0.533102810382843,1.3423510836219066e-06,0.9849191904067993
1787654690.4251375,0.38058690029382836,-2.528563883350298,0.19620800909795358,0.46746203303337097,0.533102810382843,0.0005147194606252015,0.9682232737541199
1787654690.5751574,0.4151941462178559,-3.0381268181563974,0.1961998353323106,0.46746203303337097,0.533102810382843,1.6124330386446672e-06,0.9982532262802124
1787654690.5753286,0.3596877121129023,-2.529144465119311,0.19620818897454445,0.46746203303337097,0.533102810382843,0.0005147194606252015,0.9847483038902283
1787654690.7752795,0.3890330813683354,-3.038854495633211,0.1961993290422166,0.46746203303337097,0.533102810382843,1.5759402458570548e-06,0.9972424507141113
1787654690.7754126,0.33796151468964936,-2.529408036237433,0.1962086075442962,0.46746203303337097,0.533102810382843,0.0005147194606252015,0.9834030866622925
1787654690.9249446,0.3625654252150121,-3.039116919402153,0.19619922734932055,0.46746203303337097,0.533102810382843,1.5759402458570548e-06,0.9961674213409424
1787654690.92508,0.3160499261988625,-2.529234277754569,0.19620911469665997,0.46746203303337097,0.533102810382843,0.0005454278434626758,0.9820244908332825
1787654691.1270247,0.3358088554776692,-3.03889604619231,0.196199109154225,0.46746203303337097,0.533102810382843,1.5986515791155398e-06,0.9948585033416748
1787654691.12711,0.293960996819795,-2.5286091106140347,0.1962093014858181,0.46746188402175903,0.533102810382843,0.000430550571763888,0.9802806973457336
1787654691.275069,0.3087669404081939,-3.038228484253166,0.1961992055146835,0.46746203303337097,0.533102810382843,5.7965389714809135e-06,0.9928115606307983
1787654691.275931,0.2717430386170147,-2.527568880805242,0.19620933301615667,0.46746203303337097,0.533102810382843,0.0004549481673166156,0.9775462746620178
1787654691.4251246,0.28141791664712035,-3.0371902466109963,0.19619892079956217,0.46746203303337097,0.533102810382843,6.128526820248226e-06,0.9562975764274597
1787654691.4252777,0.2494628344939134,-2.5261884143105284,0.1962094158641741,0.46746203303337097,0.533102810382843,0.0004549481673166156,0.9644325375556946
1787654691.5750744,0.28255772484320596,-3.0340610303469284,0.19619840226035534,0.46746203303337097,0.533102810382843,6.128526820248226e-06,0.9492757320404053
1787654691.5752513,0.2482652612449764,-2.5232107324993334,0.19620977711936727,0.46746203303337097,0.533102810382843,0.0004549481673166156,0.9101284742355347
1787654691.7250671,0.22583392477587713,-3.033970637793673,0.19619816920040598,0.46746203303337097,0.533102810382843,7.924843885120936e-06,0.984341561794281
1787654691.725218,0.20479806182930096,-2.5224029567092705,0.1962100021851735,0.46746203303337097,0.533102810382843,0.000463765551103279,0.966921865940094
1787654691.9251645,0.19762455711539775,-3.031753685278953,0.196197872213107,0.46746203303337097,0.533102810382843,7.692255167057738e-06,0.9812188744544983
1787654691.9253104,0.18243961931341243,-2.5199789130289627,0.19621021807359004,0.46746203303337097,0.533102810382843,0.0004637621168512851,0.963092565536499
1787654692.0819547,0.1691549408886776,-3.0291073665350776,0.19619757903946786,0.46746203303337097,0.533102810382843,7.692255167057738e-06,0.9780429601669312
1787654692.082046,0.16007945758027758,-2.5171878069997193,0.19621053450606377,0.46746203303337097,0.533102810382843,0.0004637621168512851,0.9592185020446777
1787654692.2253327,0.14044313973494565,-3.0260135225499054,0.19619738646943408,0.46746203303337097,0.533102810382843,4.895201345789246e-05,0.9748663902282715
1787654692.2255785,0.13773258938795424,-2.5140206976637156,0.19621087260347464,0.46746188402175903,0.5331028699874878,0.0004401800688356161,0.9553557634353638
1787654692.4251602,0.11150502468597819,-3.022455379428357,0.19619710341011726,0.46746203303337097,0.533102810382843,4.895201345789246e-05,0.9717227220535278
1787654692.42538,0.11541010211660264,-2.5104702720525234,0.19621108971521573,0.46746203303337097,0.533102810382843,0.0005428233416751027,0.9515425562858582
1787654692.5751352,0.0823593187019827,-3.018413798173151,0.19619539061471888,0.46746203303337097,0.533102810382843,4.738497227663174e-05,0.9785783290863037
1787654692.5752943,0.09312387025579454,-2.506526970627545,0.19621005826757962,0.46746203303337097,0.533102810382843,0.0005419188528321683,0.9596079587936401
1787654692.7251515,0.053401179155833894,-3.0143261046976564,0.19619580512981283,0.46746203303337097,0.533102810382843,5.655484346789308e-05,0.9918982982635498
1787654692.7253535,0.0705727029996911,-2.5026141363236762,0.19620965093793913,0.46746203303337097,0.533102810382843,0.0005057372036390007,0.9752557873725891
1787654692.9250991,0.02530836882635432,-3.010367622804734,0.19619663709567586,0.46746203303337097,0.533102810382843,6.114069401519373e-05,0.9746686220169067
1787654692.9252036,0.047063921614740434,-2.498830042820851,0.19621031571031683,0.46746203303337097,0.533102810382843,0.00038897187914699316,0.9586734175682068
1787654693.2252626,-0.0019043654576205611,-3.0068304169881372,0.19619815279932656,0.46746203303337097,0.533102810382843,7.797587750246748e-05,0.8810092806816101
1787654693.2255025,0.023432081271182632,-2.495457691540919,0.19620980794943077,0.46746203303337097,0.533102810382843,0.00021567333897110075,0.8712235689163208
1787654694.625191,-0.05332989252311679,-3.001531199083912,0.1962005042779116,0.46746203303337097,0.533102810382843,8.335939492098987e-05,0.15648066997528076
1787654694.6253252,-0.024659561378903665,-2.4903345519209106,0.19620693757762023,0.46746203303337097,0.533102810382843,0.00019113942107651383,0.14116811752319336
1787654695.8252048,-0.2519010579873838,-2.991240563554257,0.19620443687471434,0.46746203303337097,0.533102810382843,7.256703042912704e-07,0.6396172642707825
1787654695.8253617,-0.22554922701475835,-2.4799191568020316,0.19620328989453095,0.46746203303337097,0.533102810382843,7.333467237913283e-07,0.6090279221534729
1787654695.981037,-0.43163227681582467,-2.9826849184270454,0.1962004346187651,0.46746203303337097,0.533102810382843,2.001261236728169e-06,0.9862772822380066
1787654695.9811497,-0.3934303531106817,-2.4721120901355986,0.1962064094760236,0.46746203303337097,0.533102810382843,3.2219481909123715e-06,0.9610577821731567
1787654696.1255026,-0.45847437480610415,-2.9807533291329076,0.19619829891172982,0.46746203303337097,0.533102810382843,1.8465811990608927e-06,0.9734480381011963
1787654696.1256297,-0.41485392272127525,-2.470614861546662,0.196205275446905,0.46746203303337097,0.533102810382843,2.7748942557082046e-06,0.9508160948753357
1787654696.2751093,-0.48525471880003557,-2.978249814167119,0.196197177008508,0.46746203303337097,0.533102810382843,1.390016336699773e-06,0.9764060378074646
1787654696.2752233,-0.4354200562268248,-2.4686808724599136,0.19620449907930929,0.46746203303337097,0.533102810382843,2.712700052143191e-06,0.9573560357093811
1787654696.42514,-0.5120089697844814,-2.975223532778063,0.1961958997407481,0.46746203303337097,0.533102810382843,1.2551120107673341e-06,0.9950665235519409
1787654696.4252717,-0.45586062377986364,-2.4663115923292462,0.19620636709086672,0.46746203303337097,0.533102810382843,2.712700052143191e-06,0.9792703986167908
1787654696.6253464,-0.538230322644694,-2.97179246053642,0.19619512978112336,0.46746203303337097,0.533102810382843,1.2551120107673341e-06,0.9573676586151123
1787654696.6254768,-0.47696458336133685,-2.463471194909801,0.19620522019107528,0.46746203303337097,0.533102810382843,2.3957391022122465e-06,0.9659276008605957
1787654696.7752762,-0.5359289006886127,-2.9713665666376685,0.19619641723079748,0.46746203303337097,0.533102810382843,1.2551120107673341e-06,0.9524332284927368
1787654696.7754471,-0.47708983693111134,-2.4627586975529536,0.19620543089419887,0.46746203303337097,0.533102810382843,2.3957391022122465e-06,0.9131669402122498
1787654696.9251559,-0.5911015959589648,-2.963317670269462,0.19619593264925617,0.46746203303337097,0.533102810382843,1.317590317739814e-06,0.9616633057594299
1787654696.9253829,-0.5192930035523023,-2.456378299192224,0.19620634360369438,0.46746203303337097,0.533102810382843,2.2046031062927796e-06,0.9691210985183716
1787654697.1252127,-0.5893474232873023,-2.962337413405409,0.19619561755865766,0.46746203303337097,0.533102810382843,1.317590317739814e-06,0.949198305606842
1787654697.1253777,-0.519638184420187,-2.45510509790132,0.19620679467499386,0.46746203303337097,0.533102810382843,2.2046031062927796e-06,0.9090015292167664
1787654697.2800758,-0.6448892593681218,-2.95245634191357,0.19619596358237476,0.46746203303337097,0.533102810382843,1.2522230008471524e-06,0.9654546976089478
1787654697.280171,-0.5619279141948456,-2.4472223217912177,0.19620682852007756,0.46746203303337097,0.533102810382843,1.7115014543378493e-06,0.9718932509422302
1787654697.4752288,-0.6436267023148277,-2.9508600658620128,0.1961947858359086,0.46746203303337097,0.533102810382843,1.2522230008471524e-06,0.9467490315437317
1787654697.4753737,-0.5624607153207162,-2.4453345151723958,0.19620724501271308,0.46746203303337097,0.533102810382843,1.7115014543378493e-06,0.9057864546775818
1787654697.6752522,-0.6993898817860397,-2.9390423129205407,0.19619575908456374,0.46746203303337097,0.533102810382843,1.2536287385955802e-06,0.9856709837913513
1787654697.6754541,-0.6047584631084891,-2.4358635231667316,0.1962076320148606,0.46746203303337097,0.533102810382843,3.482935539977916e-07,0.9671645164489746
1787654697.8252842,-0.7268281832177939,-2.93134396901954,0.19619510043433333,0.46746203303337097,0.533102810382843,1.2390809160933713e-06,0.9846746921539307
1787654697.825441,-0.6262080430132895,-2.4293284441451233,0.19620814994159994,0.46746203303337097,0.533102810382843,2.4014532755245455e-05,0.9658877849578857
1787654698.025602,-0.7543481092676465,-2.922969036625936,0.19619475132081043,0.46746203303337097,0.533102810382843,1.2381839269437478e-06,0.983817994594574
1787654698.025773,-0.6476572280281163,-2.4222085592789036,0.19620844454461694,0.46746203303337097,0.533102810382843,2.82743749266956e-05,0.964784562587738
1787654698.175273,-0.7819290331819057,-2.9139085779097975,0.19619428974610773,0.46746203303337097,0.533102810382843,7.501690788558335e-07,0.9829869866371155
1787654698.1754286,-0.6690987985474212,-2.4144955845246328,0.19620808816146904,0.46746203303337097,0.533102810382843,2.6296589567209594e-05,0.9637237787246704
1787654698.3254178,-0.809541821424903,-2.9041616933990695,0.1961949051648261,0.46746203303337097,0.533102810382843,7.466136509037824e-08,0.9808402061462402
1787654698.3255992,-0.6905106918585895,-2.4061902182973607,0.1962082915651245,0.46746203303337097,0.533102810382843,2.4521972591173835e-05,0.9611144065856934
1787654698.5269704,-0.8372108263415857,-2.893834122373517,0.1961945340989351,0.46746203303337097,0.533102810382843,4.071388275406207e-07,0.9777417778968811
1787654698.52707,-0.7118360657780974,-2.397421824757503,0.19620829047728877,0.46746203303337097,0.533102810382843,2.9709415684919804e-05,0.9573847055435181
1787654698.6903503,-0.8649439367513354,-2.8829965184154256,0.19619398091537688,0.46746203303337097,0.533102810382843,1.207753967946701e-07,0.9746299982070923
1787654698.6904678,-0.7330254728636334,-2.3882829460662363,0.19620877997529257,0.46746203303337097,0.533102810382843,0.00013288436457514763,0.9536450505256653
1787654698.8367536,-0.8927199692193839,-2.8716423367150976,0.19619431580699762,0.46746203303337097,0.533102810382843,1.0600275857086672e-07,0.9716199636459351
1787654698.8369899,-0.7540621324500607,-2.378775210502805,0.19620851750548443,0.46746203303337097,0.533102810382843,0.0001355852873530239,0.950029730796814
1787654699.0252776,-0.9205157676315775,-2.8597591198781047,0.19619457961680073,0.46746203303337097,0.533102810382843,4.0143959267879836e-08,0.9686684608459473
1787654699.0254285,-0.774934354971678,-2.3688924861896905,0.19620939017538816,0.46746203303337097,0.533102810382843,0.0001355852873530239,0.9464880228042603
1787654699.1829941,-0.9483082034399681,-2.847337138778885,0.19619290138746567,0.46746203303337097,0.533102810382843,4.0143959267879836e-08,0.9657973647117615
1787654699.1831234,-0.7956280917234033,-2.358631927793862,0.1962084674422139,0.46746203303337097,0.533102810382843,0.00015004948363639414,0.9430433511734009
1787654699.3821805,-0.9760756922586468,-2.8343687165080214,0.1961928810666253,0.46746203303337097,0.533102810382843,4.303450680254173e-07,0.9630564451217651
1787654699.3822908,-0.8161316064241638,-2.3479924330264073,0.19620940935750925,0.46746203303337097,0.533102810382843,0.00013396944268606603,0.9397573471069336
1787654699.5270164,-1.0037892078362942,-2.8208422548052883,0.19619357659678757,0.46746203303337097,0.533102810382843,7.839435625101032e-07,1.0
1787654699.527108,-0.8364299694265716,-2.3369673896957806,0.19620887931392864,0.46746203303337097,0.533102810382843,0.00013396944268606603,1.0
1787654699.7758608,-1.0314311211410798,-2.8067558945801014,0.1961940480908424,0.46746203303337097,0.533102810382843,1.893820638088073e-07,0.9578205347061157
1787654699.7760139,-0.8565134311090462,-2.3255617534558857,0.19621022170320473,0.46746203303337097,0.533102810382843,0.00024471915094181895,0.933482825756073
1787654699.925414,-1.058973127781696,-2.7920978432346235,0.19619317670993677,0.46746203303337097,0.533102810382843,2.2833482660189475e-08,0.9553511142730713
1787654699.9255602,-0.8763695432084707,-2.313767486054111,0.19621051371851136,0.46746203303337097,0.533102810382843,0.00025381907471455634,0.9305244088172913
1787654700.0789604,-1.0863923000477131,-2.7768671103688263,0.1961932325014489,0.46746203303337097,0.533102810382843,3.711948579621094e-07,0.9529769420623779
1787654700.0790663,-0.8959851469254468,-2.3015891751381226,0.19621119672342027,0.46746203303337097,0.533102810382843,0.00025381907471455634,0.9276810884475708
1787654700.2753365,-1.113666339425147,-2.761056431548168,0.19619403402101906,0.46746203303337097,0.533102810382843,7.332178029173519e-07,0.9508903622627258
1787654700.2755086,-0.9153497977224315,-2.289024071416268,0.19621062871130654,0.46746203303337097,0.533102810382843,0.00025381907471455634,0.9251884818077087
1787654700.4253492,-1.1407531780054623,-2.744678252824672,0.19619426153030542,0.46746203303337097,0.533102810382843,2.711166189328651e-07,0.9497443437576294
1787654700.4254715,-0.9344475841889726,-2.2760824763996013,0.19621089316136145,0.46746203303337097,0.533102810382843,0.00020819259225390851,0.9238569736480713
1787654700.5753396,-1.1675429585279342,-2.727808679160378,0.19619404984494837,0.46746203303337097,0.533102810382843,2.203608318041006e-07,0.9486724138259888
1787654700.575507,-0.9532452092148616,-2.2628135454791733,0.19621114225324743,0.46746203303337097,0.533102810382843,0.0002113511727657169,0.9226125478744507
1787654700.7753096,-1.1940212655383828,-2.7104524313759333,0.1961942148420626,0.46746203303337097,0.533102810382843,2.6865731683756167e-07,0.9474583268165588
1787654700.7754757,-0.9717365281056145,-2.2492220169292114,0.19621135400688308,0.46746203303337097,0.533102810382843,0.00026139398687519133,0.9211892485618591
1787654700.9281423,-1.2201965635610965,-2.6925939975698894,0.19619402875803288,0.46746203303337097,0.533102810382843,2.6865731683756167e-07,0.9468510150909424
1787654700.9283655,-0.9899220783340609,-2.2353001520742684,0.1962120634606066,0.46746203303337097,0.533102810382843,0.00030370987951755524,0.9205127358436584
1787654701.0752914,-1.246001522943502,-2.6742894642557316,0.19619408402993252,0.46746203303337097,0.533102810382843,3.6770893530047033e-07,0.9457706809043884
1787654701.0754707,-1.0077830256797493,-2.221083167705263,0.19621220607841042,0.46746203303337097,0.533102810382843,0.0002728909603320062,0.9192482233047485
1787654701.2753954,-1.2714761114453912,-2.6554977492205234,0.19619400407797224,0.46746203303337097,0.533102810382843,8.247534992733563e-07,0.9449964165687561
1787654701.2755547,-1.0253266398446474,-2.2065496037924444,0.1962126417612949,0.46746203303337097,0.533102810382843,0.0002728909603320062,0.9183594584465027
1787654701.425318,-1.296584806105268,-2.636248924131005,0.19619399373764165,0.46746203303337097,0.533102810382843,1.2118036920583108e-06,0.9606410264968872
1787654701.4254818,-1.0425430162070182,-2.1917190954197046,0.19621326016519844,0.46746203303337097,0.533102810382843,0.0002752247964963317,0.937163233757019
1787654701.627652,-1.3208132336885738,-2.617605966791919,0.19619511682728366,0.46746203303337097,0.533102810382843,1.626142079658166e-06,0.988813579082489
1787654701.6277435,-1.0599411227696234,-2.177049793953189,0.19621296009286274,0.46746203303337097,0.533102810382843,0.0002754089655354619,0.9693752527236938
1787654701.7767103,-1.343620631913765,-2.6001657491493186,0.19619698292742538,0.46746203303337097,0.533102810382843,1.605395482329186e-06,0.9803140759468079
1787654701.7767923,-1.0781831085145384,-2.1623450998703153,0.19621236464570363,0.46746203303337097,0.533102810382843,5.028825034969486e-05,0.9624555706977844
1787654702.083734,-1.3656105437372918,-2.583806803374018,0.1961981968668469,0.46746203303337097,0.533102810382843,1.779654326128366e-06,0.8903294801712036
1787654702.083949,-1.0967858000358803,-2.148057727611417,0.19621027616486106,0.46746203303337097,0.533102810382843,5.127756594447419e-05,0.8797319531440735
1787654702.8753133,-1.4078621374876803,-2.554340954560198,0.19619997551888896,0.46746203303337097,0.533102810382843,1.7911731902131578e-06,0.25974521040916443
1787654702.8754427,-1.1359744188182102,-2.1204964336002226,0.19620832541624822,0.46746203303337097,0.533102810382843,0.00019234100182075053,0.2983708083629608
1787654703.0253108,-1.510072579890741,-2.4954475235582487,0.19621087414587607,0.46746203303337097,0.533102810382843,1.7034720940500847e-06,0.721720278263092
1787654703.0254426,-1.2516399426171787,-2.0534559264014156,0.19620499342535386,0.46746203303337097,0.533102810382843,0.00017324922373518348,0.743790328502655
1787654703.2254019,-1.5300874844537122,-2.485891565241955,0.19621063038602488,0.46746203303337097,0.533102810382843,1.7034720940500847e-06,0.7572702765464783
1787654703.2255645,-1.2768776025782138,-2.0408873453897183,0.1962047739476619,0.46746203303337097,0.533102810382843,0.000205318967346102,0.7779951095581055
1787654703.3753624,-1.5500983264399328,-2.477299015957079,0.19621245085363487,0.46746203303337097,0.533102810382843,1.7526638202980394e-06,0.7935009598731995
1787654703.37598,-1.3029490886964352,-2.0289004720158546,0.19620383705289596,0.46746203303337097,0.533102810382843,0.000228768156375736,0.8112977743148804
1787654703.5891578,-1.5704328798061935,-2.46917193461799,0.19621338640300542,0.46746203303337097,0.533102810382843,1.755418111315521e-06,0.8140423893928528
1787654703.589407,-1.3295569555180489,-2.017372433670086,0.1962069398965597,0.46746203303337097,0.533102810382843,0.00010424558422528207,0.8285393118858337
1787654703.7253761,-1.5916803153701464,-2.4611453047074905,0.19621366816223354,0.46746203303337097,0.533102810382843,1.4039619600225706e-06,0.8118851780891418
1787654703.7255447,-1.3560700057039632,-2.0065776178563848,0.19620660839761375,0.46746203303337097,0.533102810382843,8.83169996086508e-05,0.8266113996505737
1787654703.8756323,-1.6132850394883262,-2.4535642842263155,0.1962132537581692,0.46746203303337097,0.533102810382843,1.4039619600225706e-06,0.8086116909980774
1787654703.8758104,-1.3830508763871094,-1.9962501361053189,0.1962049201114939,0.46746203303337097,0.533102810382843,8.923556742956862e-05,0.8237562775611877
1787654704.0254717,-1.635142082848405,-2.4463858297476904,0.19621475491032345,0.46746203303337097,0.533102810382843,1.4368480378834647e-06,0.8040695786476135
1787654704.0256,-1.410455817397198,-1.9863205278912217,0.19620270060496628,0.46746203303337097,0.533102810382843,8.923556742956862e-05,0.81984543800354
1787654704.2254548,-1.6571442056672978,-2.439567634125921,0.19621451240321264,0.46746203303337097,0.533102810382843,1.444926510885125e-06,0.7995622754096985
1787654704.2256222,-1.4382480676106966,-1.9767194078345627,0.1962017511811036,0.46746203303337097,0.533102810382843,3.5575078072724864e-05,0.8159668445587158
1787654704.37561,-1.6792813618228812,-2.4331136506189406,0.19621489625645872,0.46746203303337097,0.533102810382843,1.3763448123427224e-06,0.7951242327690125
1787654704.3759818,-1.4664195757274483,-1.9674594228743774,0.19620061772048736,0.46746203303337097,0.533102810382843,3.490183371468447e-05,0.812150776386261
1787654704.5754778,-1.7015418787414403,-2.4270365033050885,0.1962149852441946,0.46746203303337097,0.533102810382843,1.2811983651772607e-06,0.9863663911819458
1787654704.5756407,-1.494959081131182,-1.9585628675013522,0.19619800445234511,0.46746203303337097,0.533102810382843,3.374624429852702e-05,0.9841865301132202
1787654704.7254837,-1.7045016485966382,-2.429760415709445,0.1962138682080961,0.46746203303337097,0.533102810382843,1.3802913372273906e-06,0.7866547107696533
1787654704.7256558,-1.4973927961729556,-1.9615191073261076,0.19619460151538076,0.46746203303337097,0.533102810382843,3.0025732485228218e-05,0.8048720359802246
1787654704.9255545,-1.7268668727045817,-2.424192037343821,0.1962158098073289,0.46746203303337097,0.533102810382843,1.3802913372273906e-06,0.5658467411994934
1787654704.9257967,-1.5264727856279041,-1.9530379126233095,0.19619083874795146,0.46746203303337097,0.533102810382843,9.705372576718219e-07,0.6039186716079712
1787654705.0754652,-1.7689842363839459,-2.4111760384558596,0.1962122630967492,0.46746203303337097,0.533102810382843,1.4098076235313783e-06,0.7787879109382629
1787654705.0755947,-1.5826703656756589,-1.93427862705288,0.19618820414749108,0.46746203303337097,0.533102810382843,9.31360375489021e-07,0.798114001750946
1787654705.2255042,-1.7916627318359342,-2.4067143356577585,0.19621045927919192,0.46746203303337097,0.533102810382843,1.379595687467372e-06,0.7750470042228699
1787654705.2256823,-1.6125660836196056,-1.9270598876784948,0.19617682321895089,0.46746203303337097,0.533102810382843,1.3704159300687024e-06,0.7949023842811584
1787654705.3783107,-1.814421883131837,-2.40268455394994,0.19620970580295896,0.46746203303337097,0.533102810382843,1.379595687467372e-06,0.7714288830757141
1787654705.3784342,-1.642765911564054,-1.920317239420215,0.19617367106739445,0.46746203303337097,0.533102810382843,1.3072608453512657e-06,0.7917993068695068
1787654705.5260627,-1.837239216071705,-2.399094954057559,0.19621006188788237,0.46746203303337097,0.533102810382843,1.3749253184869303e-06,0.7678476572036743
1787654705.5271053,-1.6732436921820801,-1.9140697301316942,0.196192746220749,0.46746203303337097,0.533102810382843,1.603956775397819e-06,0.7887241840362549
1787654705.7255282,-1.8601215298406755,-2.3959394201781543,0.19621032248870088,0.46746203303337097,0.533102810382843,1.605184820618888e-06,0.7645024657249451
1787654705.725692,-1.7040033049207322,-1.9083216399142837,0.19619554474899306,0.46746203303337097,0.533102810382843,1.8235717789139017e-06,0.7858554124832153
1787654705.876067,-1.8830530351816681,-2.3932377928829247,0.19620820116786591,0.46746203303337097,0.533102810382843,1.605184820618888e-06,0.7618783712387085
1787654705.876239,-1.7350197580772075,-1.9031050060911827,0.19619472990076842,0.46746203303337097,0.533102810382843,1.6388340782214073e-06,0.7836143970489502
1787654706.02558,-1.9060084994207314,-2.3909898442568567,0.19620784277353215,0.46746203303337097,0.533102810382843,1.7873021533887368e-06,0.7608357071876526
1787654706.0257235,-1.7662348911993084,-1.8984379807797414,0.19619267751148328,0.46746203303337097,0.533102810382843,1.6081738749562646e-06,0.7827555537223816
1787654706.175499,-1.9289296602819266,-2.38918017570909,0.19620454033827436,0.46746203303337097,0.533102810382843,2.0553802642098162e-06,0.7602632641792297
1787654706.1756437,-1.7975183241255523,-1.8943316529316827,0.19618922322103552,0.46746203303337097,0.533102810382843,1.9064418665948324e-06,0.7823035717010498
1787654706.375528,-1.9518087308889749,-2.38780713356639,0.19620423294476053,0.46746203303337097,0.533102810382843,2.0553802642098162e-06,0.7595289945602417
1787654706.37561,-1.8288386233545673,-1.890793700647255,0.19619194828283587,0.46746203303337097,0.533102810382843,1.203478404931957e-06,0.7817107439041138
1787654706.5280046,-1.9746370562749302,-2.386875035120854,0.19619944329710076,0.46746203303337097,0.533102810382843,2.429148253213498e-06,0.7592095732688904
1787654706.5281696,-1.8601920669159486,-1.887829602090037,0.196185963431096,0.46746203303337097,0.533102810382843,1.3114486137055792e-06,0.78147953748703
1787654706.7254622,-1.9973892557531592,-2.386363123612762,0.1962069985949196,0.46746203303337097,0.533102810382843,2.9956893285998376e-06,0.7841696739196777
1787654706.7256439,-1.8915326093747828,-1.8854256326092607,0.19618409356697172,0.46746203303337097,0.533102810382843,1.0711032700783107e-06,0.8037738800048828
1787654706.875507,-2.0183791292772355,-2.3858217894840403,0.19621248971076716,0.46746203303337097,0.533102810382843,2.9409598027996253e-06,0.8189525008201599
1787654706.875671,-1.920136700005856,-1.8833355464845343,0.19618627712985143,0.46746203303337097,0.533102810382843,9.491513424109144e-07,0.8341509699821472
1787654707.027162,-2.0352857093599597,-2.3852675570698,0.19621008548973143,0.46746203303337097,0.533102810382843,3.3906069347722223e-06,0.8293251991271973
1787654707.0272737,-1.9420703940801567,-1.8818245072749713,0.19618537580095133,0.46746203303337097,0.533102810382843,9.491513424109144e-07,0.8421913385391235
1787654707.3755965,-2.050080231782361,-2.3845033232827,0.19621136828433963,0.46746203303337097,0.533102810382843,3.2450363960379036e-06,0.8606498837471008
1787654707.375764,-1.960372842470506,-1.880423385427138,0.19618782292810868,0.46746203303337097,0.533102810382843,5.612607765215216e-07,0.8665043711662292
1787654709.0760527,-2.1035317705764704,-2.377307215798738,0.19620294161088353,0.46746203303337097,0.533102810382843,2.1033569282735698e-05,0.8716781735420227
1787654709.0763507,-2.0208385190248457,-1.8720292466097161,0.1962031354858812,0.46746203303337097,0.533102810382843,2.050779130513547e-06,0.883194625377655
1787654709.2273192,-2.1112346781536826,-2.376471123052169,0.19620316707138133,0.46746203303337097,0.533102810382843,1.902540861919988e-05,0.8845546841621399
1787654709.2274785,-2.0315183245453565,-1.870714953571954,0.1962028628634049,0.46746203303337097,0.533102810382843,2.050779130513547e-06,0.8947204351425171
1787654709.4258788,-2.1202821711378204,-2.3755771078341894,0.19619890098918058,0.46746203303337097,0.533102810382843,1.902540861919988e-05,0.8981931805610657
1787654709.426084,-2.043866910214805,-1.869311655829678,0.1962010770118245,0.46746203303337097,0.533102810382843,2.050779130513547e-06,0.9064675569534302
1787654709.5756195,-2.131303894083527,-2.374393475605103,0.19620283091840823,0.46746203303337097,0.533102810382843,1.902540861919988e-05,0.9191386699676514
1787654709.5757668,-2.0581762656558826,-1.8676426986343642,0.19620251324621957,0.46746203303337097,0.533102810382843,2.050779130513547e-06,0.923050582408905
1787654709.775656,-2.145604997388965,-2.372629996161286,0.1962020851842673,0.46746203303337097,0.533102810382843,1.902540861919988e-05,0.9079171419143677
1787654709.7758281,-2.0742859394928095,-1.865621522879998,0.19620342027206572,0.46746203303337097,0.533102810382843,3.496446879580617e-06,0.9121598601341248
1787654709.9301,-2.1623262263910625,-2.3704278116742645,0.19620085184789937,0.46746203303337097,0.533102810382843,1.902540861919988e-05,0.8993055820465088
1787654709.930241,-2.0930079302038216,-1.8631419220525047,0.19620293935617866,0.46746203303337097,0.533102810382843,4.113997874810593e-06,0.9034684896469116
1787654710.1270006,-2.1816338112959315,-2.3678638353892896,0.19620178156728404,0.46746203303337097,0.533102810382843,2.1386067601270042e-05,0.8939294219017029
1787654710.1270764,-2.11436310275925,-1.8603023595342285,0.19620267884230272,0.46746203303337097,0.533102810382843,4.175389221927617e-06,0.8988916277885437
1787654710.2757132,-2.2008420753545264,-2.3652296912399002,0.19620388292342048,0.46746203303337097,0.533102810382843,2.1386067601270042e-05,0.8843735456466675
1787654710.27589,-2.135913500853062,-1.8573632912770812,0.19620246377983833,0.46746203303337097,0.533102810382843,4.142259513173485e-06,0.863877534866333
1787654710.4756842,-2.195867069980661,-2.3657803279725176,0.1962002519966932,0.46746203303337097,0.533102810382843,2.1386067601270042e-05,0.5842653512954712
1787654710.475847,-2.126374732960901,-1.858518250645754,0.19620154381525753,0.46746203303337097,0.533102810382843,4.175389221927617e-06,0.6162889003753662
1787654710.829958,-2.2284268544215915,-2.3613431678028656,0.19620260246330856,0.46746203303337097,0.533102810382843,8.938420069171116e-05,0.8569897413253784
1787654710.8300552,-2.1677050792336776,-1.852956635707952,0.1962010098972985,0.46746203303337097,0.533102810382843,5.104624506202526e-06,0.8633170127868652
1787654714.3256965,-2.3095140293450602,-2.351089790707906,0.1962015235533692,0.46746203303337097,0.533102810382843,0.00011477634689072147,0.12032951414585114
1787654714.3258471,-2.2491184195253635,-1.8426644074946048,0.19620587269910497,0.46746203303337097,0.533102810382843,5.5662007980572525e-06,0.12041015177965164
1787654715.875808,-2.5213089878898898,-2.325954819720258,0.19620366130318023,0.46746203303337097,0.533102810382843,0.00011536898091435432,4.0099286024997127e-07
1787654715.8760064,-2.460895596632026,-1.8175315490524167,0.19620403413742332,0.46746203303337097,0.533102810382843,1.6711865100660361e-06,4.872055114901741e-07
1787654717.375827,-2.744736902100153,-2.2994058558653823,0.19620406959862677,0.46746203303337097,0.533102810382843,1.5225632523652166e-06,4.272073510946939e-06
1787654717.37601,-2.6843234824933755,-1.7909825885659725,0.19620416208001232,0.46746203303337097,0.533102810382843,3.5871842101187212e-06,5.6550238696218e-06
1787654718.7758737,-2.968164977240391,-2.2728569630259616,0.19620275415575342,0.4911710321903229,0.5409435629844666,1.160381430054258e-06,8.48075046633312e-07
1787654718.7760162,-2.907751072049733,-1.7644337534268124,0.19620347082451026,0.46746203303337097,0.533102810382843,3.5195054692849226e-07,7.016083714006527e-07
1787654720.0758765,-3.16676792424623,-2.2492575756695112,0.19620368464867882,0.4911710321903229,0.5409435629844666,5.04490287767112e-07,2.1814096271555172e-06
1787654720.076051,-3.1063540441917823,-1.74083436308315,0.19620404627463334,0.46746203303337097,0.533102810382843,5.210050630921614e-07,1.37961774271389e-06
1787654721.376759,-3.3653703188406516,-2.2256587865885695,0.19620335429551228,0.46746203303337097,0.533102810382843,4.1050586219171237e-07,0.12499695271253586
1787654721.377164,-3.3049566129113654,-1.7172355533129107,0.19620454389523112,0.46746203303337097,0.533102810382843,3.897191902524355e-07,0.12499774247407913
1787654722.731531,-3.563973219146877,-2.20206002093814,0.1962027002314708,0.46746203303337097,0.533102810382843,5.289600721880561e-07,3.958076376875397e-06
1787654722.735092,-3.5035596057432854,-1.6936367766694396,0.1962043767501519,0.46746203303337097,0.533102810382843,4.664059076731064e-07,3.951261078327661e-06
1787654723.9759295,-3.762575723232599,-2.17846116909274,0.1962022512924699,0.46746203303337097,0.533102810382843,0.0002778417547233403,0.004739618394523859
1787654723.9760766,-3.7021621357681447,-1.6700379217420953,0.19620401201681334,0.46746203303337097,0.533102810382843,7.439156206601183e-07,0.003398146480321884
1787654725.4773467,-3.959527168058587,-2.1538161545682644,0.20039515947137204,0.5245896577835083,0.41570383310317993,0.053551431745290756,0.021471142768859863
1787654725.47745,-3.899379793916361,-1.6453670896517651,0.1979781842268148,0.4813496768474579,0.5003486275672913,0.013754610903561115,0.018848489969968796
1787654726.876051,-4.167887719121632,-2.1211212774505634,0.22974200283597532,0.6432112455368042,0.2586597502231598,0.22135083377361298,0.020525893196463585
1787654726.8761709,-4.106861452358897,-1.6129732355517117,0.21541153601291665,0.5621947646141052,0.3571183979511261,0.16668735444545746,0.02324249967932701
1787654727.43108,-4.3723324943264705,-2.096434588381087,0.2619325332394872,0.7841771841049194,0.12902015447616577,0.35492512583732605,0.5241630673408508
1787654727.4313023,-4.312213065520637,-1.5883956510097046,0.2412905276533852,0.7641811370849609,0.14630620181560516,0.3424498736858368,0.5611886382102966
1787654728.109578,-4.4625642912005095,-2.0992710115008233,0.27574502923961725,0.8013383150100708,0.11376456916332245,0.3742234706878662,0.45543554425239563
1787654728.1096752,-4.37482782080667,-1.5952920951629204,0.25449500218777305,0.7862741947174072,0.12718479335308075,0.3539910614490509,0.49540168046951294
1787654728.2261648,-4.5090465017200545,-2.105492411776551,0.28151681240818294,0.8157030940055847,0.10095257312059402,0.3745262026786804,0.32686465978622437
1787654728.2263143,-4.396481392250592,-1.6064023817838122,0.26196590214868554,0.7862741947174072,0.12718479335308075,0.37470152974128723,0.27170097827911377
1787654730.976291,-4.545049207397553,-2.108556784626997,0.28846303881865515,0.8157030940055847,0.10095257312059402,0.37439754605293274,0.09798634797334671
1787654730.9765177,-4.414565308709219,-1.613632700904633,0.27549756410036147,0.8013383150100708,0.11376456916332245,0.3747701942920685,0.07503946125507355
1787654731.6261976,-4.731632313643077,-2.0444902637803897,0.329362627197171,0.8157030940055847,0.10095257312059402,0.3734445869922638,0.14274975657463074
1787654731.6263602,-4.603789232237524,-1.5492206848737826,0.30681954075352635,0.8157030940055847,0.10095257312059402,0.37429577112197876,0.18529576063156128
1787654732.2790582,-4.782109551844846,-2.0255121905369857,0.32837675881752415,0.8157030940055847,0.10095257312059402,0.37362056970596313,0.13655434548854828
1787654732.2791817,-4.669124352164338,-1.5265055913943841,0.30912166428930243,0.8157030940055847,0.10095257312059402,0.3736908733844757,0.08953966945409775
1787654733.6263635,-4.838394720815739,-2.0061140041739582,0.3230887193798995,0.8157030940055847,0.10095257312059402,0.3732999265193939,0.09335144609212875
1787654733.6265273,-4.742613782073626,-1.5034112304100558,0.3069662808621528,0.8157030940055847,0.10095257312059402,0.3727264106273651,0.08421728014945984
1787654735.077246,-5.025369542986573,-1.9688209689207448,0.34903002382252646,0.8157030940055847,0.10095257312059402,0.3725622296333313,0.014956079423427582
1787654735.0774014,-4.929276138174563,-1.4662049745402193,0.33208246516321205,0.8157030940055847,0.10095257312059402,0.371866375207901,0.01494174636900425
1787654736.4767072,-5.218721356381212,-1.9307065949773883,0.3831241168493431,0.8157030940055847,0.10095257312059402,0.36925527453422546,0.015019821003079414
1787654736.476826,-5.1226283939208,-1.4280906060974987,0.36617388712014987,0.8157030940055847,0.10095257312059402,0.36853110790252686,0.014990880154073238
1787654737.928608,-5.41207100922961,-1.8925932338090539,0.4172142174902082,0.8157030940055847,0.10095257312059402,0.363098680973053,0.1485636979341507
1787654737.928703,-5.315975525283031,-1.3899775657925535,0.4002687688564404,0.8157030940055847,0.10095257312059402,0.36295199394226074,0.14857681095600128
1787654744.130402,-5.712448880867385,-1.833276766509564,0.47017265146277976,0.8157030940055847,0.10095257312059402,0.36462196707725525,0.10472830384969711
1787654744.13051,-5.616381183731567,-1.3306556335824014,0.4532317452875887,0.8157030940055847,0.10095257312059402,0.3651006519794464,0.10471898317337036
1787654745.476562,-5.917857058336493,-1.7925527511973076,0.5063918312656006,0.8157030940055847,0.10095257312059402,0.36991745233535767,0.01463942602276802
1787654745.4766915,-5.821790327334657,-1.2899314441897225,0.4894506112207426,0.8157030940055847,0.10095257312059402,0.3699527680873871,0.014639552682638168
1787654746.8307092,-6.111210505158309,-1.7544472367294333,0.5404837987053195,0.8157030940055847,0.10095257312059402,0.3702753484249115,0.014673634432256222
1787654746.8308067,-6.015144024895155,-1.2518258942255178,0.523542209954228,0.8157030940055847,0.10095257312059402,0.37030142545700073,0.01467369869351387
1787654748.1767042,-6.30456279346222,-1.7163429560961287,0.5745788310527925,0.8157030940055847,0.10095257312059402,0.37077558040618896,0.014687820337712765
1787654748.1768146,-6.208496997850664,-1.2137215278496838,0.557635903884728,0.8157030940055847,0.10095257312059402,0.3702886998653412,0.01468395534902811
1787654749.5342433,-6.497916649780025,-1.67823816288483,0.6086710054806775,0.8157030940055847,0.10095257312059402,0.3703768253326416,0.1378334015607834
1787654749.5343704,-6.40185038248311,-1.1756167525930263,0.5917302202593314,0.8157030940055847,0.10095257312059402,0.3701687455177307,0.1378317028284073
1787654750.7768235,-6.667100826799485,-1.644896525413803,0.6385031075692955,0.8157030940055847,0.10095257312059402,0.3733263313770294,0.14066386222839355
1787654750.7769375,-6.571034502527212,-1.1422751486568778,0.6215616504953807,0.8157030940055847,0.10095257312059402,0.3702395260334015,0.14207032322883606
1787654752.1768157,-6.8546067209926935,-1.6077048377140537,0.6782036333620984,0.8030288815498352,0.11668054759502411,0.41814351081848145,0.029805930331349373
1787654752.1770484,-6.758596177579113,-1.1050737818272465,0.6612331527695383,0.811739444732666,0.10587123036384583,0.38624832034111023,0.03258740156888962
1787654753.6291134,-7.039903787635677,-1.5708947415808459,0.7201215239325199,0.7755268216133118,0.15080946683883667,0.5031653642654419,0.030745133757591248
1787654753.6311283,-6.943863326870889,-1.0682695531778197,0.7031465459086851,0.7854630947113037,0.1384790539741516,0.4660228192806244,0.03250909969210625
1787654754.9768982,-7.225472112395804,-1.5335392083632717,0.7625651042517918,0.7549464106559753,0.17634867131710052,0.5548447370529175,0.0234726220369339
1787654754.9770954,-7.12963955523712,-1.0309122193557214,0.7445032408475931,0.7673372030258179,0.16097235679626465,0.5354621410369873,0.014770325273275375
1787654756.3269758,-7.414587983799782,-1.4928133322397918,0.8121518618451308,0.7466114163398743,0.18669192492961884,0.555970311164856,0.033175330609083176
1787654756.3271766,-7.32063015078673,-0.990138944627603,0.7869648482428345,0.7466114163398743,0.18669192492961884,0.5562167763710022,0.03315798565745354
1787654757.6270216,-7.604250729536852,-1.4548135953316008,0.8629727505658508,0.7466114163398743,0.18669192492961884,0.5533017516136169,0.03314093127846718
1787654757.627222,-7.51029321430465,-0.9521390700010788,0.8377873001008506,0.7466114163398743,0.18669192492961884,0.5535264611244202,0.033103056252002716
1787654758.977182,-7.793918312945074,-1.416819998817002,0.9137883859488984,0.7466114163398743,0.18669192492961884,0.5527842044830322,0.03293884918093681
1787654758.9774098,-7.699953787363375,-0.9141463490394,0.8886116158726751,0.7466114163398743,0.18669192492961884,0.5524022579193115,0.03292834386229515
1787654760.277054,-7.983581614304443,-1.3788220512729739,0.9646100460724492,0.7466114163398743,0.18669192492961884,0.5543641448020935,0.033133506774902344
1787654760.2771823,-7.889616186668171,-0.876148702062732,0.9394306417329787,0.7466114163398743,0.18669192492961884,0.5548226833343506,0.03310674801468849
1787654761.680978,-8.173244958649395,-1.3408233417569793,1.0154215461409508,0.7466114163398743,0.18669192492961884,0.5553057789802551,0.03302762284874916
1787654761.6810741,-8.07927693971676,-0.8381499997269846,0.9902516706889072,0.7466114163398743,0.18669192492961884,0.5603775382041931,0.033016473054885864
1787654763.1271129,-8.362907030785527,-1.3028235233005363,1.0662330452001731,0.7466114163398743,0.18669192492961884,0.5553224086761475,0.03305666148662567
1787654763.1272779,-8.268940566583476,-0.8001493500384339,1.0410739684956078,0.7459592223167419,0.18580500781536102,0.7340719699859619,0.033096812665462494
1787654764.5355687,-8.552564281998054,-1.2648187993708548,1.117068788954616,0.7466114163398743,0.18669192492961884,0.5557228326797485,0.033138904720544815
1787654764.535742,-8.458610547152906,-0.7621432891644128,1.0918888932570425,0.7455859184265137,0.18484866619110107,1.128602147102356,0.03311940282583237
1787654765.9289525,-8.742229899455001,-1.226823774005784,1.1678894385707055,0.7466114163398743,0.18669192492961884,0.555688738822937,0.1539926379919052
1787654765.9290404,-8.648274529307013,-0.7241484038993027,1.142712848081387,0.7454942464828491,0.1845981478691101,1.125718593597412,0.15398064255714417
1787654772.3273718,-9.093463361762455,-1.156244806657479,1.2619982341133875,0.7466114163398743,0.18669192492961884,0.5556772351264954,0.09656941145658493
1787654772.3274882,-8.999529697500888,-0.653565059095983,1.2368280511600185,0.7465326189994812,0.18637962639331818,0.34063035249710083,0.09656115621328354
1787654773.7283149,-9.307695084797741,-1.1128451774398147,1.3194016403122328,0.7466114163398743,0.18669192492961884,0.553483247756958,0.03285432979464531
1787654773.7284431,-9.213762519074882,-0.6101653040502215,1.2942298706934008,0.7466114163398743,0.18669192492961884,0.55503249168396,0.032853636890649796
1787654775.127446,-9.49736251341709,-1.0748583238941012,1.370222788508554,0.7466114163398743,0.18669192492961884,0.5298340320587158,0.03285001963376999
1787654775.1276026,-9.40343034107424,-0.572178351452082,1.3450515290119798,0.7466114163398743,0.18669192492961884,0.5539528727531433,0.03284631669521332
1787654776.4274714,-9.687030534505675,-1.0368713483320655,1.421044228209193,0.7466114163398743,0.18669192492961884,0.5059618949890137,0.03282298892736435
1787654776.4276435,-9.593097922261359,-0.5341914562994048,1.3958730045005217,0.7466114163398743,0.18669192492961884,0.5556924939155579,0.03282682225108147
1787654778.1657841,-9.876696972627109,-0.9988841657198486,1.4718659165344414,0.7466114163398743,0.18669192492961884,0.5698336958885193,0.03285910561680794
1787654778.1658826,-9.782765518699918,-0.4962041414575562,1.4466930110448994,0.7466114163398743,0.18669192492961884,0.5561903119087219,0.032857902348041534
1787654779.1774967,-10.06636514951486,-0.9608977300913284,1.5226874381864273,0.7466114163398743,0.18669192492961884,0.6196900010108948,0.03289883956313133
1787654779.1776452,-9.972434148497074,-0.4582176286186556,1.4975143845135082,0.7466114163398743,0.18669192492961884,0.555196225643158,0.0328960083425045
1787654780.5275326,-10.256032869668338,-0.9229107412790958,1.5735083353893908,0.7466114163398743,0.18669192492961884,0.5676811337471008,0.003295173170045018
1787654780.5276725,-10.162101952477268,-0.4202306367679085,1.5483350296019815,0.7466114163398743,0.18669192492961884,0.5551968216896057,0.002789193531498313
1787654781.7274704,-10.444341252523454,-0.8851105581873275,1.6254172809352672,0.7419559359550476,0.1924692690372467,0.5719353556632996,0.13263890147209167
1787654781.7276342,-10.350434852619664,-0.382426522089436,1.600231016634201,0.7466114163398743,0.18669192492961884,0.5576834082603455,0.1355890929698944
1787654782.827632,-10.602558765854825,-0.8530009173790394,1.6760793768545055,0.7246131300926208,0.21399088203907013,0.6218094825744629,0.13748420774936676
1787654782.8339844,-10.508686653022918,-0.35031071909207884,1.6508882875829043,0.7378661036491394,0.19754458963871002,0.5802151560783386,0.1407364308834076
1787654784.0290885,-10.76090079738458,-0.8208858238090144,1.7267459546736958,0.7048048973083496,0.2385718673467636,0.6938672065734863,0.12863124907016754
1787654784.029257,-10.666989377873328,-0.3182033705036058,1.701546819286984,0.7175275087356567,0.2227836549282074,0.6519460082054138,0.12884745001792908
1787654785.4277415,-10.919574833698697,-0.7878681002608102,1.7783883926958182,0.6837551593780518,0.2646937072277069,0.737623929977417,0.016661185771226883
1787654785.427941,-10.826250257800208,-0.2851724611179295,1.7513399561403058,0.6919093132019043,0.2545746862888336,0.7184093594551086,0.006185123231261969
1787654786.8280866,-11.10369879341783,-0.7475794383383958,1.844415217526988,0.6739140152931213,0.2764628529548645,0.7414004802703857,0.058350492268800735
1787654786.8281794,-11.012569500001835,-0.2448478975115727,1.8112421902399019,0.6739140152931213,0.2764628529548645,0.7415967583656311,0.05832391977310181
1787654788.2277298,-11.28823652337143,-0.7096972351525694,1.9115774235838952,0.6739140152931213,0.2764628529548645,0.738472044467926,0.05825118348002434
1787654788.2278998,-11.197102547546715,-0.20696620448797637,1.878409528605525,0.6739140152931213,0.2764628529548645,0.7392279505729675,0.05822596326470375
1787654789.5277975,-11.472770258299064,-0.6718157913112202,1.97873849829846,0.6739140152931213,0.2764628529548645,0.7375677824020386,0.05833984911441803
1787654789.527952,-11.381632811381209,-0.1690849378174164,1.9455774561754093,0.6739140152931213,0.2764628529548645,0.7387344241142273,0.058325350284576416
1787654790.8359246,-11.657302017584549,-0.6339315435901957,2.0459033572929557,0.6739140152931213,0.2764628529548645,0.7394580245018005,0.10832663625478745
1787654790.8361514,-11.566164770760082,-0.1312008902039239,2.0127387317550602,0.6739140152931213,0.2764628529548645,0.7394263744354248,0.10837909579277039
1787654795.8279004,-11.917969540884137,-0.5797066931589306,2.1407828549175036,0.6739140152931213,0.2764628529548645,0.7410792112350464,0.04010883718729019
1787654795.8280227,-11.826852799517244,-0.07697235378652234,2.1076177609410482,0.6739140152931213,0.2764628529548645,0.7410233616828918,0.040103841572999954
1787654796.9280343,-12.134663591910677,-0.5344921329799774,2.2196527635292407,0.6739140152931213,0.2764628529548645,0.7407644987106323,0.058083828538656235
1787654796.9281826,-12.043547332524582,-0.03175766372471289,2.186488314218061,0.6739140152931213,0.2764628529548645,0.7411193251609802,0.058083999902009964
1787654797.9780042,-12.31920046130084,-0.4966155775063131,2.2868187527931014,0.6739140152931213,0.2764628529548645,0.7403578162193298,0.058068715035915375
1787654797.9781895,-12.228084393424067,0.006118912835795631,2.253654096980996,0.6739140152931213,0.2764628529548645,0.7411717772483826,0.05806897580623627
1787654798.9779365,-12.50373711179944,-0.4587389017102136,2.3539843819471997,0.6739140152931213,0.2764628529548645,0.7405613660812378,0.058082465082407
1787654798.9780982,-12.412621195577605,0.043995603902482555,2.320819540964412,0.6739140152931213,0.2764628529548645,0.7415799498558044,0.05808380991220474
1787654804.278054,-12.742851967496618,-0.4097834620781332,2.441014614739297,0.6739140152931213,0.2764628529548645,0.741242527961731,0.08137786388397217
1787654804.278213,-12.651734876765362,0.09295093891363049,2.4078514147108816,0.6739140152931213,0.2764628529548645,0.7401748895645142,0.08137906342744827
1787654805.4787114,-12.532275405594513,-0.4530573406198486,2.3643714115140644,0.6739140152931213,0.2764628529548645,0.7411666512489319,0.11735910922288895
1787654805.4788005,-12.441159509524413,0.04967729867247661,2.3312085416298314,0.6739140152931213,0.2764628529548645,0.7412671446800232,0.11736050248146057
1787654806.9282215,-12.350574493147358,-0.4897026868821424,2.2982377084441006,0.6739140152931213,0.2764628529548645,0.7404232025146484,0.025484075769782066
1787654806.9284506,-12.259458825788224,0.013031977568404962,2.2650745915595922,0.6739140152931213,0.2764628529548645,0.7411877512931824,0.025488736107945442
1787654808.1789558,-12.149495561777256,-0.5307042689309207,2.2250512136289404,0.6739140152931213,0.2764628529548645,0.7406298518180847,0.05806859955191612
1787654808.1790543,-12.058379493806283,-0.02796970506085339,2.1918876726858767,0.6739140152931213,0.2764628529548645,0.741209864616394,0.05806853249669075
1787654809.4339678,-11.941890129798042,-0.5733152804410018,2.1494888889711503,0.6739140152931213,0.2764628529548645,0.7410792112350464,0.09875580668449402
1787654809.4340603,-11.850774382465223,-0.07058062643785262,2.1163258334376853,0.6739140152931213,0.2764628529548645,0.7408871650695801,0.09875602275133133
1787654810.9782693,-11.749778966263706,-0.6122806074102911,2.0795660479546902,0.6739140152931213,0.2764628529548645,0.7404627203941345,0.004422933328896761
1787654810.9784307,-11.6586630301723,-0.1095459768601556,2.046403155502348,0.6739140152931213,0.2764628529548645,0.7404210567474365,0.004430087748914957
1787654812.3784776,-11.53763683582962,-0.6556957241693211,2.002354963530295,0.6739140152931213,0.2764628529548645,0.738304078578949,0.05819837749004364
1787654812.3787305,-11.44652221546237,-0.15296098882526998,1.9691900448076618,0.6739140152931213,0.2764628529548645,0.7390272617340088,0.05820094421505928
1787654813.728381,-11.353098020338795,-0.6935720612506794,1.9351863145777704,0.6739140152931213,0.2764628529548645,0.7372060418128967,0.058225762099027634
1787654813.7285745,-11.261982779861206,-0.19083736525189854,1.9020225031001239,0.6739140152931213,0.2764628529548645,0.7386842370033264,0.05822159722447395
1787654815.0785751,-11.16855919635022,-0.731448426881607,1.8680191904701313,0.6739140152931213,0.2764628529548645,0.7399352788925171,0.05809712037444115
1787654815.0787497,-11.077440490062529,-0.22871439625342294,1.8348548148119412,0.6739140152931213,0.2764628529548645,0.7407776713371277,0.05809556320309639
1787654816.3783896,-10.984020898793895,-0.7693263807912958,1.8008526538226188,0.6790622472763062,0.27048397064208984,0.7395655512809753,0.08055973798036575
1787654816.3785439,-10.892901414103724,-0.2665925033953231,1.7676880940002924,0.6843738555908203,0.26392585039138794,0.7368177771568298,0.09078211337327957
1787654817.6784236,-10.777715075539042,-0.814598077856739,1.7307327417992153,0.7048048973083496,0.2385718673467636,0.6938672065734863,0.16703195869922638
1787654817.6786005,-10.683802565364896,-0.311915739853843,1.7055353710488064,0.7175275087356567,0.2227836549282074,0.6519460082054138,0.16410386562347412
1787654818.7785444,-10.618859756089531,-0.846719765249464,1.681418429134056,0.7246131300926208,0.21399088203907013,0.6218094825744629,0.1632462739944458
1787654818.7787416,-10.52496628077975,-0.34403379072580226,1.6562226693430018,0.7342443466186523,0.20203877985477448,0.5947222113609314,0.1606258898973465
1787654819.979365,-10.460113521226598,-0.878845666684867,1.632096961661106,0.7378661036491394,0.19754458963871002,0.5765847563743591,0.06766914576292038
1787654819.979587,-10.366176857920815,-0.3761685471314034,1.6068855205200565,0.7466114163398743,0.18669192492961884,0.5583820939064026,0.06602153182029724
1787654821.4310553,-10.274486651579762,-0.9162329485091703,1.5784524455452265,0.7466114163398743,0.18669192492961884,0.5676811337471008,0.026415035128593445
1787654821.431142,-10.180537571682832,-0.4135561514416292,1.5532808727608645,0.7466114163398743,0.18669192492961884,0.5551968216896057,0.02645261026918888
1787654823.1264322,-10.073913974551779,-0.9561247237774848,1.5247085222077372,0.7466114163398743,0.18669192492961884,0.6196900010108948,0.03279345482587814
1787654823.1265948,-9.979972164531155,-0.4534465022467899,1.499538263393281,0.7466114163398743,0.18669192492961884,0.555196225643158,0.0327923484146595
1787654824.237641,-9.860537471003695,-0.9988638809060407,1.467534007482462,0.7466114163398743,0.18669192492961884,0.5714691877365112,0.14025427401065826
1787654824.2377279,-9.76659578650957,-0.4961856058091326,1.4423643499559236,0.7466114163398743,0.18669192492961884,0.5561903119087219,0.14025211334228516
1787654825.6840537,-9.670870129020955,-1.0368541134353346,1.4167118505028902,0.7466114163398743,0.18669192492961884,0.5104570984840393,0.06946980208158493
1787654825.684348,-9.576928219507838,-0.5341758295956527,1.3915432074520213,0.7466114163398743,0.18669192492961884,0.5557105541229248,0.06946971267461777
1787654827.0787044,-9.433784221885197,-1.0843421020205275,1.3531860500772765,0.7466114163398743,0.18669192492961884,0.5424546599388123,0.03279188647866249
1787654827.0788825,-9.33984275258694,-0.5816638082139596,1.3280159630332826,0.7466114163398743,0.18669192492961884,0.5530855655670166,0.03279021754860878
1787654828.5286667,-9.220407728398252,-1.1270810238247257,1.2960122342888376,0.7466114163398743,0.18669192492961884,0.55622398853302,0.03279237449169159
1787654828.528833,-9.12646635770645,-0.6244027244272278,1.2708418908786798,0.7466114163398743,0.18669192492961884,0.518079936504364,0.032790061086416245
1787654829.9787488,-9.00703196263768,-1.1698203131028369,1.238837576209056,0.7466114163398743,0.18669192492961884,0.5554935932159424,0.032775070518255234
1787654829.9789722,-8.913090355903151,-0.6671420111411337,1.21366816499158,0.7465278506278992,0.18635860085487366,0.3766363859176636,0.032772745937108994
1787654831.4807768,-8.7936554683666,-1.2125595952301516,1.181662855319989,0.7466114163398743,0.18669192492961884,0.5557122230529785,0.03281303495168686
1787654831.4809988,-8.699713769084886,-0.7098812758401416,1.1564941376073323,0.7455418705940247,0.18473127484321594,0.9260891675949097,0.03281297907233238
1787654832.9788756,-8.580278076067874,-1.255298086533719,1.1244893962004516,0.7466114163398743,0.18669192492961884,0.5557062029838562,0.03279266878962517
1787654832.9795713,-8.486336708198575,-0.752619754673665,1.0993196905756606,0.7454942464828491,0.1845981478691101,1.1661317348480225,0.032789960503578186
1787654834.4288945,-8.366901053562117,-1.2980372680155379,1.0673156373002375,0.7466114163398743,0.18669192492961884,0.5552071332931519,0.032807689160108566
1787654834.4294312,-8.272959453948026,-0.7953590020078851,1.0421454814507911,0.7459592223167419,0.18580500781536102,0.742636501789093,0.03281393274664879
1787654835.6788297,-8.153523469299763,-1.340774150699378,1.0101433014419687,0.7466114163398743,0.18669192492961884,0.5552526116371155,0.03298373520374298
1787654835.6790385,-8.059583760175205,-0.8380956818425928,0.9849701411836423,0.7466114163398743,0.18669192492961884,0.5596274733543396,0.032988399267196655
1787654836.8790617,-7.96385429693964,-1.3787634975630905,0.9593195259350191,0.7466114163398743,0.18669192492961884,0.5543641448020935,0.03273937851190567
1787654836.8792648,-7.869914395571472,-0.876085171249005,0.9341442367607364,0.7466114163398743,0.18669192492961884,0.5548226833343506,0.03272925689816475
1787654838.0788474,-7.774189212156457,-1.4167565837097953,0.9084969264087945,0.7466114163398743,0.18669192492961884,0.5527532696723938,0.03283345699310303
1787654838.0790172,-7.680246505386152,-0.9140784412911345,0.8833284346146253,0.7466114163398743,0.18669192492961884,0.5525094866752625,0.03282923623919487
1787654839.3289483,-7.584520473726698,-1.4547472769133079,0.8576741934718544,0.7466114163398743,0.18669192492961884,0.5533017516136169,0.03289558365941048
1787654839.3290813,-7.490576623079807,-0.9520692912794122,0.8325068399223898,0.7466114163398743,0.18669192492961884,0.5535264611244202,0.03289622813463211
1787654840.5305908,-7.394850523094584,-1.4927382893171641,0.8068545408161459,0.7466114163398743,0.18669192492961884,0.5564480423927307,0.003826356027275324
1787654840.5306752,-7.300906361235602,-0.9900605191334456,0.7816840458719098,0.7466114163398743,0.18669192492961884,0.5567095279693604,0.01034995075315237
1787654841.830777,-7.205432479379186,-1.5327239485013997,0.7569132884077658,0.7560531497001648,0.17497527599334717,0.5543404817581177,0.052960105240345
1787654841.8308766,-7.110124134498139,-1.0300671172475278,0.7370027537627128,0.7700731158256531,0.15757715702056885,0.5314052104949951,0.05382799729704857
1787654843.1290214,-7.0188569128983875,-1.5709143195275965,0.7146577914596228,0.7773110270500183,0.14859534800052643,0.5009165406227112,0.05292307958006859
1787654843.1291854,-6.922830507461546,-1.0682863348837524,0.6976860940858447,0.7902340292930603,0.1325584352016449,0.45690447092056274,0.050647180527448654
1787654844.4349825,-6.83322741968866,-1.6077325167609757,0.6743393002898418,0.8030288815498352,0.11668054759502411,0.41814351081848145,0.04376834258437157
1787654844.4351428,-6.737161387984376,-1.1051123313893312,0.6573608784089645,0.8114913702011108,0.10617908835411072,0.38662540912628174,0.04215240851044655
1787654845.929159,-6.6464723179000815,-1.6447869959384853,0.6348630981360807,0.8157030940055847,0.10095257312059402,0.3733263313770294,0.013779271394014359
1787654845.9293299,-6.550366444407655,-1.1421730457463948,0.6179256203852269,0.8157030940055847,0.10095257312059402,0.370283305644989,0.013743998482823372
1787654847.334992,-6.428952168424631,-1.6876742219348952,0.596506645210603,0.8157030940055847,0.10095257312059402,0.3704671859741211,0.014365608803927898
1787654847.3351226,-6.332850256417792,-1.1850594175466442,0.5795720380881989,0.8157030940055847,0.10095257312059402,0.3701950013637543,0.014355278573930264
1787654848.7792435,-6.21143007380306,-1.7305568357541348,0.5581516716013177,0.8157030940055847,0.10095257312059402,0.3705374300479889,0.0143613051623106
1787654848.779501,-6.115329515277068,-1.2279418042762953,0.5412161236762236,0.8157030940055847,0.10095257312059402,0.3704787492752075,0.014338057488203049
1787654850.129526,-5.993911801968499,-1.7734405365395158,0.5197965020167659,0.8157030940055847,0.10095257312059402,0.3703848421573639,0.014340768568217754
1787654850.1297574,-5.897808900384346,-1.2708259506450346,0.5028610258431854,0.8157030940055847,0.10095257312059402,0.37045612931251526,0.014328748919069767
1787654851.5334935,-5.776390972313926,-1.816319720906963,0.48144475222830374,0.8157030940055847,0.10095257312059402,0.36569944024086,0.014354037120938301
1787654851.5335827,-5.680289026237807,-1.3137050315641758,0.4645069242318881,0.8157030940055847,0.10095257312059402,0.36600562930107117,0.014323713257908821
1787654852.979318,-5.558870378307205,-1.8592088970741638,0.4430807269213276,0.8157030940055847,0.10095257312059402,0.36181333661079407,0.014413142576813698
1787654852.9794593,-5.462764537345974,-1.3565946781416136,0.42615104116059743,0.8157030940055847,0.10095257312059402,0.3623359501361847,0.014402623288333416
1787654854.4309673,-5.341347157106411,-1.902093721510058,0.40472736826636957,0.8157030940055847,0.10095257312059402,0.3653949201107025,0.014151656068861485
1787654854.431079,-5.245242072817091,-1.3994794866767546,0.38779385957279644,0.8157030940055847,0.10095257312059402,0.36491426825523376,0.014128574170172215
1787654855.8821168,-5.123826972302112,-1.9449788266573151,0.3663635075709793,0.8157030940055847,0.10095257312059402,0.37182706594467163,0.014203623868525028
1787654855.8822105,-5.027722742729518,-1.4423640919813725,0.3494399871071456,0.8157030940055847,0.10095257312059402,0.37054601311683655,0.014166864566504955
1787654857.2816112,-4.906310879142109,-1.9878644147566054,0.328007719640175,0.8157030940055847,0.10095257312059402,0.3731515407562256,0.014372780919075012
1787654857.281704,-4.810202907842803,-1.485250341003611,0.3110858190923122,0.8157030940055847,0.10095257312059402,0.3724519610404968,0.014361121691763401
1787654858.7294705,-4.688790131521976,-2.030745096872476,0.2896483328300944,0.8157030940055847,0.10095257312059402,0.3736591935157776,0.021031467244029045
1787654858.7317667,-4.59268324464187,-1.528130699267666,0.27272989275517234,0.8157030940055847,0.10095257312059402,0.37430766224861145,0.020432347431778908
1787654859.9293215,-4.476213929824272,-2.0731851667509944,0.25276760897950545,0.8004372119903564,0.11457179486751556,0.37409794330596924,0.02709769643843174
1787654859.9294772,-4.379948021805072,-1.5705494886389229,0.23746237974053908,0.7841771841049194,0.12902015447616577,0.3569723069667816,0.032845813781023026
1787654861.2318363,-4.287116368061354,-2.116218363247151,0.22908144738437392,0.722386360168457,0.18265016376972198,0.30107906460762024,0.015915362164378166
1787654861.2321675,-4.1887634995221275,-1.6137571861548254,0.22721630259104192,0.6172789931297302,0.2871364951133728,0.2216837853193283,0.013636342249810696
1787654863.1551156,-4.103592937977593,-2.1520814540600584,0.2146703523629092,0.603215754032135,0.3036263585090637,0.16188783943653107,0.0204771775752306
1787654863.1553247,-4.00566670777412,-1.6495334946928852,0.2146259223411907,0.5141525864601135,0.4341386556625366,0.06890226900577545,0.01397479698061943
1787654863.155467,-3.918998815348677,-2.187662576560201,0.19999412494069732,0.5109635591506958,0.43999671936035156,0.04290228337049484,0.655866801738739
1787654863.1556487,-3.818631416301746,-1.6855964659778122,0.1999178804214415,0.48048973083496094,0.5022844076156616,0.007949955761432648,0.6439245343208313
1787654863.1557806,-3.869048285871935,-2.196730894279548,0.19621343409301278,0.46746203303337097,0.533102810382843,0.007639886811375618,0.7155002951622009
1787654863.1558957,-3.7634434652459094,-1.6957402538425046,0.19620601612047128,0.46746203303337097,0.533102810382843,0.0006816395907662809,0.7007398009300232
1787654863.2798955,-3.844752706593955,-2.2022956799386235,0.19621188738532955,0.46746203303337097,0.533102810382843,0.007639886811375618,0.7432703375816345
1787654863.280102,-3.734802519752838,-1.7022407266058845,0.1962040773996753,0.46746203303337097,0.533102810382843,0.0006816395907662809,0.7285531759262085
1787654863.4406087,-3.8213229023553192,-2.2082202882177553,0.1962090075983718,0.46746203303337097,0.533102810382843,0.006986835040152073,0.781737744808197
1787654863.4408035,-3.706186873368839,-1.7093338334430401,0.19620054945851645,0.46746203303337097,0.533102810382843,1.3606155562229105e-06,0.7690560817718506
1787654863.6299815,-3.7984734451055666,-2.2144744505454486,0.1962066316939189,0.46746203303337097,0.533102810382843,0.001448117196559906,0.8137118220329285
1787654863.6301003,-3.678043733481816,-1.716839358818742,0.19620027773489723,0.46746203303337097,0.533102810382843,1.0915179018411436e-06,0.8044201135635376
1787654863.830354,-3.7752776156608703,-2.2211948718588403,0.1962075301074814,0.46746203303337097,0.533102810382843,0.0010598982917144895,0.8097374439239502
1787654863.830443,-3.6507814459466554,-1.7245615024067487,0.1961989772188534,0.46746203303337097,0.533102810382843,1.1396748504921561e-06,0.8001040816307068
1787654863.979588,-3.7521713359057,-2.228340920232047,0.19620765613247867,0.46746203303337097,0.533102810382843,0.0003203302330803126,0.8066110610961914
1787654863.9796984,-3.623489552946619,-1.732775587850442,0.19619893941672975,0.46746203303337097,0.533102810382843,1.1168348237333703e-06,0.7967647314071655
1787654864.1295214,-3.729029046243326,-2.2359209673050544,0.19620787150183125,0.46746203303337097,0.533102810382843,0.0003203302330803126,0.8037912845611572
1787654864.1296995,-3.5960866181405207,-1.7414815769589915,0.19619868760134898,0.46746203303337097,0.533102810382843,1.1191253861397854e-06,0.7937619090080261
1787654864.3295922,-3.705855878948857,-2.243936326824921,0.19620771223599714,0.46746203303337097,0.533102810382843,6.883698802084837e-07,0.801220178604126
1787654864.3297276,-3.5685894187960163,-1.7506798835381776,0.19619915536980842,0.46746203303337097,0.533102810382843,1.1121021543658571e-06,0.7910285592079163
1787654864.4822469,-3.6826722444025384,-2.252391521045215,0.19620784572119518,0.46746203303337097,0.533102810382843,5.011292500967102e-07,0.7988252639770508
1787654864.4824169,-3.5410269676183894,-1.7603746356797516,0.19619890084854205,0.46746203303337097,0.533102810382843,1.105745354834653e-06,0.7884887456893921
1787654864.6819556,-3.6594848998361296,-2.261290259745393,0.19620868976987,0.46746203303337097,0.533102810382843,5.011292500967102e-07,0.7965433597564697
1787654864.682047,-3.513413203638215,-1.7705693008724508,0.1961990624916229,0.46746203303337097,0.533102810382843,1.2970884881724487e-06,0.7860659956932068
1787654864.879471,-3.636315870454607,-2.2706303154586296,0.19620849013279892,0.46746203303337097,0.533102810382843,5.011292500967102e-07,0.7927557229995728
1787654864.8796065,-3.485772808744904,-1.7812625738931613,0.19619920671785465,0.46746203303337097,0.533102810382843,1.1075298971263692e-06,0.7819416522979736
1787654865.0320392,-3.6132219942072688,-2.2803268128895415,0.19620895821667597,0.4944160282611847,0.5420549511909485,7.98484904862562e-07,0.7879718542098999
1787654865.0321734,-3.458097192645103,-1.7923920879109898,0.19619893804094,0.46746203303337097,0.533102810382843,1.148601313616382e-06,0.7766901254653931
1787654865.229688,-3.5902426940488414,-2.2903271787122184,0.19620886392086126,0.48982444405555725,0.5404852628707886,6.854766070318874e-07,0.7831255197525024
1787654865.2299135,-3.430383028023435,-1.803923141848562,0.19619881482459992,0.46746203303337097,0.533102810382843,1.193625735140813e-06,0.7713638544082642
1787654865.4299746,-3.5673945038137753,-2.3006289270663154,0.19620914653506683,0.4886224865913391,0.5400776267051697,5.710232926503522e-07,0.7783695459365845
1787654865.4310315,-3.4026449955924085,-1.8158592916442664,0.19619848860480366,0.46746203303337097,0.533102810382843,1.099226778933371e-06,0.7661343216896057
1787654865.5803819,-3.5446913160312823,-2.311238141904342,0.19620940340262802,0.48982444405555725,0.5404852628707886,3.8311216599140607e-07,0.773621678352356
1787654865.580466,-3.3749016220109693,-1.8282107517043038,0.1961984021009954,0.46746203303337097,0.533102810382843,1.1498424328237888e-06,0.7609084248542786
1787654865.7796428,-3.522149708032313,-2.322155724549359,0.19620946317041893,0.48982444405555725,0.5404852628707886,3.8311216599140607e-07,0.769033670425415
1787654865.7797723,-3.3471706008920594,-1.8409839132987995,0.19619840623771295,0.46746203303337097,0.533102810382843,9.9747978765663e-07,0.7558577060699463
1787654865.9294052,-3.4997782098199868,-2.3333873208347296,0.1962098440346081,0.49268975853919983,0.5414625406265259,5.384999326452089e-07,0.7644587159156799
1787654865.9295359,-3.31946847684779,-1.8541875711880458,0.19619826601113968,0.46746203303337097,0.533102810382843,9.171824899567582e-07,0.7508165836334229
1787654866.1345174,-3.477594495446934,-2.344933934184455,0.19621009900210662,0.49268975853919983,0.5414625406265259,6.605419002880808e-07,0.7600017189979553
1787654866.1346207,-3.2918147332580574,-1.8678282018598114,0.1961980985743369,0.46746203303337097,0.533102810382843,7.360948757195729e-07,0.7459033727645874
1787654866.2796636,-3.4556077296497176,-2.3567991837862508,0.19621036582816068,0.4944160282611847,0.5420549511909485,6.743781000295712e-07,0.7556366920471191
1787654866.2798772,-3.2642249213335846,-1.8819132811511787,0.19619773636503993,0.46746203303337097,0.533102810382843,6.855386800452834e-07,0.7410891652107239
1787654866.4794836,-3.4338318351272936,-2.3689870394687125,0.1962104026387935,0.4911710321903229,0.5409435629844666,3.955351246531791e-07,0.7513043284416199
1787654866.4796522,-3.2367184905588116,-1.8964509781694472,0.19619756504976063,0.46746203303337097,0.533102810382843,1.2222190548527578e-07,0.7363061308860779
1787654866.6365244,-3.4122802054696266,-2.3814937545701644,0.1962105826601155,0.4911710321903229,0.5409435629844666,2.3186285602605494e-07,0.7471122741699219
1787654866.6366277,-3.209311883089359,-1.9114428425070236,0.196197212949715,0.46746203303337097,0.533102810382843,3.815861191469594e-07,0.7316768765449524
1787654866.779512,-3.3909617485355437,-2.3943237673598174,0.1962107160784386,0.4911710321903229,0.5409435629844666,2.3186285602605494e-07,0.7430039048194885
1787654866.7819626,-3.182021892822074,-1.9268966216882533,0.19619715994283765,0.46746203303337097,0.533102810382843,3.815861191469594e-07,0.7271368503570557
1787654866.979655,-3.3698905451427854,-2.4074785151741556,0.19621093328303227,0.49268975853919983,0.5414625406265259,2.2452385906035488e-07,0.7390636801719666
1787654866.9798307,-3.1548681114011043,-1.9428180447323693,0.19619691107543094,0.46746203303337097,0.533102810382843,4.886923647973163e-07,0.7227777242660522
1787654867.1329534,-3.34907916419769,-2.4209522798238337,0.19621105655021104,0.4911710321903229,0.5409435629844666,2.0391063060287706e-07,0.7353274822235107
1787654867.133046,-3.1278714051433285,-1.9592043755171609,0.19619682477209288,0.46746203303337097,0.533102810382843,6.719496070672903e-08,0.718641459941864
1787654867.280048,-3.3285397164547943,-2.4347458278861533,0.1962113948186697,0.4944160282611847,0.5420549511909485,1.8600742635044298e-07,0.7320683002471924
1787654867.2815819,-3.1010539781652344,-1.9760583104459266,0.19619658348241412,0.46746203303337097,0.533102810382843,1.839536878378567e-08,0.7150232791900635
1787654867.4796271,-3.3082902276758595,-2.4488466284248194,0.19621139494830633,0.49268975853919983,0.5414625406265259,5.026141991493205e-08,0.7296791672706604
1787654867.4797268,-3.074451753058058,-1.9933649410171925,0.19619640426862076,0.46746203303337097,0.533102810382843,1.839536878378567e-08,0.7123509049415588
1787654867.6309485,-3.2883563928311617,-2.4632286240029573,0.1962115905108578,0.496395468711853,0.5427375435829163,6.9134698605921585e-06,0.727850615978241
1787654867.6310267,-3.048119921622299,-2.0110887809581413,0.19619634181830653,0.46746203303337097,0.533102810382843,4.793046741724538e-07,0.7102922797203064
1787654867.7794726,-3.2687511514576064,-2.477882398626506,0.19621161914980076,0.4944160282611847,0.5420549511909485,1.623617936274968e-05,0.72550368309021
1787654867.7796113,-3.0220922642008023,-2.0292139318276394,0.19619620521289746,0.46746203303337097,0.533102810382843,6.42718816834531e-07,0.7076662182807922
1787654867.9796062,-3.2494713018137418,-2.492813376066541,0.19621175637640897,0.49268975853919983,0.5414625406265259,0.00015441000869031996,0.723325252532959
1787654867.9797664,-2.9963524889491104,-2.047757350011126,0.1961960796007583,0.46746203303337097,0.533102810382843,6.224499315976573e-07,0.7052261233329773
1787654868.1329246,-3.2305228797001035,-2.5080203508965493,0.19621182604951165,0.4944160282611847,0.5420549511909485,0.00020514785137493163,0.7211275100708008
1787654868.1330707,-2.9709157063100093,-2.0667176030321484,0.1961959599249155,0.46746203303337097,0.533102810382843,1.2072872550561442e-06,0.7027645111083984
1787654868.485156,-3.21163551412201,-2.528110595667386,0.1962148730286487,0.4944160282611847,0.5420549511909485,0.00020514785137493163,0.44861045479774475
1787654868.485262,-2.94551440981319,-2.0907051116005557,0.1961961723324771,0.46746203303337097,0.533102810382843,2.727337573560362e-07,0.41082462668418884
1787654868.629616,-3.1757195272688037,-2.5552502977871447,0.1962150121041503,0.49268975853919983,0.5414625406265259,0.001566270599141717,0.7152795791625977
1787654868.6298037,-2.8965243255511828,-2.1260719677460664,0.19619601189918215,0.46746203303337097,0.533102810382843,4.888357238996832e-07,0.6961955428123474
1787654868.8300762,-3.158150098095527,-2.57151435681218,0.1962149240338896,0.4944160282611847,0.5420549511909485,0.0018494270043447614,0.9788572788238525
1787654868.8333757,-2.872407907648085,-2.1466668544899954,0.19619571726739485,0.46746203303337097,0.533102810382843,9.159859359897382e-07,0.9785386323928833
1787654868.9795785,-3.158402471768712,-2.5760824142407612,0.19621520280989063,0.49268975853919983,0.5414625406265259,0.0017207878408953547,0.7117828130722046
1787654868.9797294,-2.872447109773499,-2.1513783634914807,0.1962002582681121,0.46746203303337097,0.533102810382843,7.807323072483996e-07,0.6922562122344971
1787654869.1820097,-3.1413660568768766,-2.59256957501568,0.19621484476153409,0.46746203303337097,0.533102810382843,0.00518783088773489,0.44045859575271606
1787654869.1821022,-2.848803305794345,-2.1723898081848136,0.19619984544577382,0.46746203303337097,0.533102810382843,1.2330106073932257e-06,0.4017636179924011
1787654869.329725,-3.107606379945112,-2.621803071233258,0.1962148950543702,0.46746203303337097,0.533102810382843,0.00986755546182394,0.9742256999015808
1787654869.329895,-2.802234501523673,-2.2108383335267656,0.19619968991765133,0.49268975853919983,0.5414625406265259,2.318819497304503e-06,0.9732251763343811
1787654869.5340834,-3.108368678821556,-2.626289640661089,0.19621475205586872,0.46746203303337097,0.533102810382843,0.00986755546182394,0.4376383423805237
1787654869.5342197,-2.8025997390854682,-2.2156202416781796,0.19619953085709188,0.4911710321903229,0.5409435629844666,1.9548785985534778e-06,0.3986141085624695
1787654869.679703,-3.0757574002479746,-2.656509321678865,0.19621386184849093,0.46746203303337097,0.533102810382843,0.00988132506608963,0.7050223350524902
1787654869.6798763,-2.7573853341145567,-2.2555314827960227,0.19619867027378157,0.5416035652160645,0.5594495534896851,2.6801778858498437e-06,0.6846432685852051
1787654869.8298824,-3.06039673257361,-2.674217177735421,0.19621272433529327,0.46746203303337097,0.533102810382843,0.011630578897893429,1.0
1787654869.831972,-2.735556587370455,-2.2784610914265255,0.19619810040776162,0.5620116591453552,0.5678204298019409,2.070035179713159e-06,1.0
1787654870.0297678,-3.045413774642201,-2.692156704013208,0.19620952361277788,0.46746203303337097,0.533102810382843,0.01231219619512558,0.7016572952270508
1787654870.030137,-2.7141283578581987,-2.301779998193879,0.19619611095826184,0.5745296478271484,0.5732611417770386,2.7774790396506432e-06,0.6808585524559021
1787654870.1797273,-3.0308139554831746,-2.710315573450632,0.19620628398739626,0.46746203303337097,0.533102810382843,0.016451725736260414,0.6993939876556396
1787654870.1798613,-2.693121161246067,-2.3254681017645367,0.19619024793338607,0.6028293967247009,0.5865639448165894,3.155639433316537e-06,0.6783322691917419
1787654870.3296037,-3.0165961431105,-2.7287084932379666,0.19620322393891498,0.46746203303337097,0.533102810382843,0.01814006268978119,0.733585774898529
1787654870.329752,-2.672517622109897,-2.3495594843022682,0.19618299734381162,0.6028293967247009,0.5865639448165894,0.0006878676358610392,0.7152168154716492
1787654870.5797617,-3.0035027758456265,-2.7454276967193145,0.19619702491742502,0.46746203303337097,0.533102810382843,0.01814006268978119,0.7758536338806152
1787654870.5798936,-2.6539095478370984,-2.371357416497209,0.19617740011587287,0.6028293967247009,0.5865639448165894,0.0006878676358610392,0.761541485786438
1787654870.8865116,-2.99291803841099,-2.7586769186100812,0.19620852943270722,0.46746203303337097,0.533102810382843,0.01814006268978119,0.7962607741355896
1787654870.8866065,-2.6397081091555736,-2.388019737832487,0.19619392157294335,0.6210695505142212,0.596000075340271,0.0006878676358610392,0.7855916023254395
1787654873.8298757,-2.975989921128413,-2.7783354464315324,0.19620490175116262,0.46746203303337097,0.533102810382843,0.01926061324775219,0.9307959079742432
1787654873.8302677,-2.61470314966407,-2.415546432313342,0.19620505390435677,0.6545037031173706,0.615495502948761,0.0010591937461867929,0.9161328673362732
1787654873.979662,-2.983467424462886,-2.7701435713169493,0.19620391065212142,0.46746203303337097,0.533102810382843,0.01926061324775219,0.9391050338745117
1787654873.9798365,-2.6198374443752663,-2.409703232872773,0.19620584064813149,0.6210695505142212,0.596000075340271,0.0006878676358610392,0.9259198307991028
1787654874.1843882,-2.9919549464335256,-2.7606533193670755,0.19620327353871478,0.46746203303337097,0.533102810382843,0.018120376393198967,0.9566969871520996
1787654874.1857584,-2.6257156837028313,-2.402864551472132,0.19620491548085453,0.6210695505142212,0.596000075340271,0.0006878676358610392,0.945679783821106
1787654874.3798163,-3.0017074877188956,-2.74982966644879,0.1962034512526776,0.46746203303337097,0.533102810382843,0.018119243904948235,1.0030224323272705
1787654874.3799636,-2.632911516856925,-2.394676837568998,0.19620727979755068,0.6210695505142212,0.596000075340271,0.0006878676358610392,0.9962649345397949
1787654874.5298269,-3.012473203121783,-2.7378638637304893,0.1962031498674777,0.46746203303337097,0.533102810382843,0.01814241148531437,0.9862414598464966
1787654874.5300276,-2.6422722929721405,-2.384175743899211,0.19620696980655414,0.6210695505142212,0.596000075340271,0.0006878676358610392,0.9810047745704651
1787654874.7298145,-3.0248166029306085,-2.7241476669272084,0.19620340150927124,0.46746203303337097,0.533102810382843,0.01863257586956024,0.9692736864089966
1787654874.7299938,-2.6534432186885835,-2.3716908476329395,0.19620649871697415,0.6028293967247009,0.5865639448165894,0.0006878676358610392,0.9655089378356934
1787654874.8797858,-3.0388297198765155,-2.7087126913161184,0.19620282245606288,0.46746203303337097,0.533102810382843,0.014745025895535946,0.9686514139175415
1787654874.8820844,-2.666504157088962,-2.3572618764233875,0.19620530583098536,0.6028293967247009,0.5865639448165894,0.0006878676358610392,0.9648007154464722
1787654875.079765,-3.0530725619384,-2.692809445753017,0.1962029049368812,0.46746203303337097,0.533102810382843,0.014745025895535946,0.9805402755737305
1787654875.0798707,-2.679774152304894,-2.34239212689815,0.1962063199247267,0.6028293967247009,0.5865639448165894,0.0006878676358610392,0.9759236574172974
1787654875.2298255,-3.065576862675649,-2.6784901592688137,0.1962029854399389,0.46746203303337097,0.533102810382843,0.011630578897893429,0.9847944974899292
1787654875.2299976,-2.691210855249688,-2.329213632048473,0.19620708950508278,0.5945044755935669,0.5824937224388123,0.0006620271597057581,0.9795058369636536
1787654875.4297595,-3.078087683428948,-2.663923623687154,0.19620163919599745,0.46746203303337097,0.533102810382843,0.011630578897893429,0.9893785715103149
1787654875.4299269,-2.702539939234833,-2.3159180320589394,0.19620675856806605,0.5871007442474365,0.5789873600006104,0.0005278795724734664,0.9833648204803467
1787654875.5826209,-3.090601173460396,-2.6490872616413226,0.1962021199341327,0.46746203303337097,0.533102810382843,0.010128895752131939,0.9945348501205444
1787654875.5827205,-2.713749587491495,-2.3024940099328717,0.1962069038583882,0.5464932918548584,0.5614026188850403,2.3951763523655245e-06,0.9877029061317444
1787654875.779798,-3.1031206326230394,-2.633955903363221,0.19620047996296333,0.46746203303337097,0.533102810382843,0.009805316105484962,1.0000711679458618
1787654875.7799761,-2.7248284247072188,-2.288935606278386,0.19620592659220057,0.5464932918548584,0.5614026188850403,2.3951763523655245e-06,0.9923416972160339
1787654875.9297504,-3.1156482758607,-2.6185003897196535,0.19619887510522074,0.46746203303337097,0.533102810382843,0.006776357069611549,1.0019073486328125
1787654875.9299285,-2.7357662792487885,-2.2752312990844072,0.19620691246074587,0.5416035652160645,0.5594495534896851,3.051805606446578e-06,0.9933739900588989
1787654876.1298828,-3.128161585567493,-2.6026976705909366,0.19619958044943117,0.46746203303337097,0.533102810382843,0.006092242430895567,0.9968615770339966
1787654876.1301048,-2.7465432136215324,-2.2613599812725544,0.1962062214027581,0.5191097855567932,0.5508501529693604,3.051805606446578e-06,0.9876080751419067
1787654876.2799408,-3.1406663563581487,-2.5865180604622817,0.19619965293329397,0.46746203303337097,0.533102810382843,0.00522367749363184,0.9910600185394287
1787654876.280068,-2.757149655232645,-2.2473146702774005,0.19620635326855626,0.5159464478492737,0.5496881008148193,2.5745137008925667e-06,0.9810499548912048
1787654876.481384,-3.153155057630477,-2.569935932903501,0.19620039120338184,0.46746203303337097,0.533102810382843,0.0016443916829302907,0.9848629236221313
1787654876.4814932,-2.767570270188026,-2.2330852661910763,0.19620571608372062,0.5159464478492737,0.5496881008148193,2.5745137008925667e-06,0.9740511775016785
1787654876.6334462,-3.16562132817436,-2.5529213521724117,0.19620012932399541,0.46746203303337097,0.533102810382843,0.0016443916829302907,0.9783685207366943
1787654876.6336944,-2.777791555551318,-2.2186578820687215,0.19620475523203493,0.5159464478492737,0.5496881008148193,2.2702001842844766e-06,0.9667190909385681
1787654876.779865,-3.1780511356734897,-2.5354474895999117,0.1962002620509976,0.46746203303337097,0.533102810382843,0.0016443916829302907,0.971459150314331
1787654876.7800741,-2.787795483629377,-2.204019479293031,0.1962058875924937,0.5159464478492737,0.5496881008148193,2.2702001842844766e-06,0.958918035030365
1787654876.9798064,-3.1904396228003833,-2.5174858544896064,0.19620044926170838,0.46746203303337097,0.533102810382843,0.0014905037824064493,0.964339017868042
1787654876.9799619,-2.797569644770846,-2.1891610452989263,0.1962061916219025,0.4911710321903229,0.5409435629844666,2.267481022499851e-06,0.950878381729126
1787654877.1298287,-3.2027675928367385,-2.4990124985267848,0.19619952302720509,0.46746203303337097,0.533102810382843,0.0003804165462497622,0.9374569058418274
1787654877.1299877,-2.807094605255548,-2.174071139415531,0.1962056473251286,0.46746203303337097,0.533102810382843,1.7681355757304118e-06,0.9486182928085327
1787654877.2809505,-3.196762356441818,-2.5023195326912435,0.19619901301339362,0.46746203303337097,0.533102810382843,0.00039915365050546825,0.8551942706108093
1787654877.2810338,-2.8029591233456594,-2.17511468320896,0.1962078611065615,0.46746203303337097,0.533102810382843,1.7681355757304118e-06,0.8170645833015442
1787654877.479815,-3.2271945363767,-2.460427212545636,0.19619895974952817,0.46746203303337097,0.533102810382843,0.0003137347521260381,0.9416528940200806
1787654877.4799385,-2.825345991275682,-2.143154858422488,0.19620941683893733,0.46746203303337097,0.533102810382843,8.881356734491419e-07,0.9252515435218811
1787654877.632029,-3.239253796188925,-2.4402734780185513,0.196198554523391,0.46746203303337097,0.533102810382843,5.472838893183507e-06,0.9338477253913879
1787654877.6321337,-2.8340397870524843,-2.1273108497844344,0.19620988440456025,0.46746203303337097,0.533102810382843,8.150718144861457e-07,0.9164292216300964
1787654877.7797005,-3.2511853202188084,-2.4195206277051042,0.19619814758036813,0.46746203303337097,0.533102810382843,4.200317562208511e-06,0.9259886145591736
1787654877.7798526,-2.8424283510220887,-2.111199788340688,0.1962102609441822,0.46746203303337097,0.533102810382843,7.155506409617374e-07,0.9075427055358887
1787654877.9797726,-3.262967323037701,-2.398154025410041,0.19619766060791105,0.46746203303337097,0.533102810382843,4.200317562208511e-06,0.9181544780731201
1787654877.9799268,-2.8504984358933205,-2.0948168912348395,0.19621063180719756,0.46746203303337097,0.533102810382843,7.155506409617374e-07,0.8986810445785522
1787654878.1298482,-3.274575748143231,-2.3761618776896443,0.1961972103624897,0.46746203303337097,0.533102810382843,7.501135428356065e-07,0.9103768467903137
1787654878.130055,-2.858237482394476,-2.0781577698596676,0.19621098638996667,0.46746203303337097,0.533102810382843,6.845740472272155e-07,0.8898794651031494
1787654878.2841012,-3.2859858967961184,-2.353536481140331,0.19619676440706812,0.46746203303337097,0.533102810382843,9.233041282641352e-07,0.902719259262085
1787654878.284189,-2.8656340645873497,-2.0612210061027767,0.19621133490694653,0.46746203303337097,0.533102810382843,1.280004539694346e-06,0.8812092542648315
1787654878.4798558,-3.297172506636189,-2.330273186163649,0.19619628938685166,0.46746203303337097,0.533102810382843,9.608423852114356e-07,0.8952557444572449
1787654878.4800315,-2.8726785178770933,-2.0440060848925024,0.19621169091742904,0.46746203303337097,0.533102810382843,1.1237226544835721e-06,0.8727537989616394
1787654878.6320035,-3.308106786566548,-2.3063710713443815,0.1961958563690854,0.46746203303337097,0.533102810382843,8.334142762578267e-07,0.8880042433738708
1787654878.632139,-2.8793602915432923,-2.0265131739329236,0.1962120338764257,0.46746203303337097,0.533102810382843,1.9219112346036127e-06,0.864533543586731
1787654878.829868,-3.3187618115121595,-2.2818334597108962,0.1961953943235343,0.46746203303337097,0.533102810382843,8.334142762578267e-07,0.881018877029419
1787654878.8300557,-2.8856716156029267,-2.0087457779717313,0.19621241287218147,0.46746203303337097,0.533102810382843,2.2491778963740217e-06,0.8566102981567383
1787654878.9798965,-3.329105550819723,-2.256666916302331,0.1961950177965933,0.46746203303337097,0.533102810382843,1.1371587333997013e-06,0.8743231892585754
1787654878.9801576,-2.89160151918391,-1.9907078555623379,0.1962127014116609,0.46746203303337097,0.533102810382843,2.2491778963740217e-06,0.8490100502967834
1787654879.1335306,-3.339111031777918,-2.230881924291558,0.19619459697283043,0.46746203303337097,0.533102810382843,1.083092001863406e-06,0.8679624795913696
1787654879.133621,-2.8971446383899684,-1.972406186984961,0.1962130213897348,0.46746203303337097,0.533102810382843,2.318118731636787e-06,0.8417842388153076
1787654879.3379648,-3.348748318486762,-2.204492157708954,0.19619421570274512,0.46746203303337097,0.533102810382843,1.0115883242178825e-06,0.8619711995124817
1787654879.3380823,-2.902293938047783,-1.9538480159049085,0.19621335102130608,0.46746203303337097,0.533102810382843,2.2135377548693214e-06,0.8349721431732178
1787654879.5319896,-3.357986613658343,-2.1775138364742785,0.19619382429516485,0.46746203303337097,0.533102810382843,7.920699545138632e-07,0.8563714623451233
1787654879.5322602,-2.907042138691989,-1.935040992417379,0.19621363029605493,0.46746203303337097,0.533102810382843,1.8633028275871766e-06,0.8285990357398987
1787654879.6799257,-3.366794363365913,-2.149965766657839,0.1961934726535706,0.46746203303337097,0.533102810382843,7.166345881159941e-07,0.8511536717414856
1787654879.680085,-2.9113814639073947,-1.915993352498978,0.19621395336651895,0.46746203303337097,0.533102810382843,1.842253823269857e-06,0.8226547241210938
1787654879.8299303,-3.3751417393492193,-2.121869899665338,0.19619313015581155,0.46746203303337097,0.533102810382843,6.655883453277056e-07,0.8463408350944519
1787654879.8301442,-2.9153051899516074,-1.8967158470809542,0.196214175966382,0.46746203303337097,0.533102810382843,1.842253823269857e-06,0.8171654939651489
1787654880.0314257,-3.3829986814251005,-2.09324923359196,0.1961928226913773,0.46746203303337097,0.533102810382843,6.655883453277056e-07,0.8419280052185059
1787654880.031585,-2.9188062233392746,-1.8772183066647492,0.19621443769721583,0.46746203303337097,0.533102810382843,1.842253823269857e-06,0.812126100063324
1787654880.1799319,-3.390336675736004,-2.0641294122382545,0.19619256406560606,0.46746203303337097,0.533102810382843,6.271408778957266e-07,0.8379178047180176
1787654880.180097,-2.9218781891112546,-1.8575122643024595,0.19621465766307353,0.46746203303337097,0.533102810382843,2.3262791728484444e-06,0.8075401186943054
1787654880.3370345,-3.3971267019651563,-2.0345367959641583,0.19619227631930328,0.46746203303337097,0.533102810382843,7.437739668603172e-07,0.8343858122825623
1787654880.3382194,-2.9245134088783686,-1.837608700743387,0.1962148679423996,0.46746203303337097,0.533102810382843,2.0511718048510375e-06,0.8034937381744385
1787654880.5298872,-3.4033402649179867,-2.0045040270568926,0.19619228120993087,0.46746203303337097,0.533102810382843,7.75090768456721e-07,0.8322237730026245
1787654880.530108,-2.926705120322048,-1.8175202353628919,0.19621635906951584,0.46746203303337097,0.533102810382843,1.749492071212444e-06,0.8010001182556152
1787654880.6829765,-3.4089501158178654,-1.9741212994536261,0.19619214272481839,0.46746203303337097,0.533102810382843,7.75090768456721e-07,0.831529438495636
1787654880.6831012,-2.9284615150538142,-1.797274744648648,0.1962164205780933,0.46746203303337097,0.533102810382843,1.4672497172796284e-06,0.8001717925071716
1787654880.83383,-3.4139423206241317,-1.9434923909058388,0.19619190348260698,0.46746203303337097,0.533102810382843,3.9526531736555626e-07,0.8317659497261047
1787654880.8339214,-2.9298007085309785,-1.7769063805253693,0.19621609770741408,0.46746203303337097,0.533102810382843,1.6286807067444897e-06,0.8004013895988464
1787654881.029885,-3.4183098843196817,-1.9126928683396596,0.19619188552615666,0.46746203303337097,0.533102810382843,3.7888037240918493e-07,0.8323186039924622
1787654881.0300453,-2.930734252535341,-1.7564430596800253,0.19621605014713175,0.46746203303337097,0.533102810382843,3.6638430174207315e-05,0.8009923100471497
1787654881.1834755,-3.4220480396723825,-1.8817596991785541,0.1961920764146535,0.46746203303337097,0.533102810382843,7.494458031942486e-07,0.8329496383666992
1787654881.183625,-2.931263584247112,-1.73590148806743,0.19621583317059735,0.46746203303337097,0.533102810382843,2.5097653633565642e-05,0.8016747832298279
1787654881.3301923,-3.4251529476161897,-1.8507152553797506,0.1961917759595919,0.46746203303337097,0.533102810382843,9.946181762643391e-07,0.8334011435508728
1787654881.3345177,-2.931386568465113,-1.7152945693817292,0.19621675315698353,0.46746203303337097,0.533102810382843,2.8107633625040762e-05,0.8021546602249146
1787654881.5309978,-3.4276211460975494,-1.819563356383865,0.19619204685698813,0.46746203303337097,0.533102810382843,1.2168048897365225e-06,0.8340317010879517
1787654881.5311499,-2.93109773657162,-1.6946293609829353,0.19621625235516413,0.46746203303337097,0.533102810382843,2.9954600904602557e-05,0.802841067314148
1787654881.7299583,-3.429451109138442,-1.7883355126054399,0.19619204047697988,0.46746203303337097,0.533102810382843,1.2217269613756798e-06,0.8346168398857117
1787654881.730128,-2.930398275444181,-1.673922800929415,0.19621630293693695,0.46746203303337097,0.533102810382843,0.00019892246928066015,0.8034780621528625
1787654881.837232,-3.4306404582221304,-1.7570454556121624,0.19619215701872703,0.46746203303337097,0.533102810382843,1.1094598448835313e-06,0.8350232839584351
1787654881.837454,-2.9292852383425543,-1.653185247121015,0.19621648143484063,0.46746203303337097,0.533102810382843,0.0003141023335047066,0.8039127588272095
1787654882.0299911,-3.4311865667969514,-1.7256971856130616,0.1961920278460033,0.46746203303337097,0.533102810382843,1.0620800594551838e-06,0.8357851505279541
1787654882.030155,-2.9277542309931106,-1.6324240242078352,0.19621709901650822,0.46746203303337097,0.533102810382843,0.00034898376907221973,0.8047546744346619
1787654882.1798983,-3.431093725697986,-1.6943325616817233,0.19619218214706804,0.46746203303337097,0.533102810382843,1.2224552392581245e-06,0.8369190692901611
1787654882.1800396,-2.9258127016473034,-1.611657982098526,0.19621718284190917,0.46746203303337097,0.533102810382843,0.00041001432691700757,0.8060229420661926
1787654882.379994,-3.4303666690068946,-1.6629925950750712,0.1961922160052745,0.46746203303337097,0.533102810382843,1.1637793022600817e-06,0.8376317024230957
1787654882.3801541,-2.9234670802829275,-1.5909037168976858,0.1962166004179862,0.46746203303337097,0.533102810382843,0.0014772070571780205,0.8068135380744934
1787654882.579985,-3.4290023444790827,-1.631666272048854,0.19619230931412407,0.46746203303337097,0.533102810382843,1.1637793022600817e-06,0.8383017182350159
1787654882.5813267,-2.9207094657230894,-1.5701654689931106,0.19621739803281035,0.46746203303337097,0.533102810382843,0.0014772070571780205,0.8075571656227112
1787654882.7299716,-3.427002755222328,-1.6003683436004792,0.19619230099087534,0.46746203303337097,0.533102810382843,1.6809295857456164e-06,0.8385534286499023
1787654882.7301059,-2.9175404681572035,-1.5494549125885024,0.19621681550964312,0.46746203303337097,0.533102810382843,0.0014772070571780205,0.8078249096870422
1787654882.8860424,-3.424360150564307,-1.5690852888760751,0.19619224735712013,0.46746203303337097,0.533102810382843,1.7299471437581815e-06,0.8388134241104126
1787654882.8862596,-2.9139495008871465,-1.5287743956865187,0.19621646305101634,0.46746203303337097,0.533102810382843,0.0029611142817884684,0.8081031441688538
1787654883.0822554,-3.421075337365592,-1.537832184216477,0.19619236008445343,0.46746203303337097,0.533102810382843,1.8164433868150809e-06,0.8390169143676758
1787654883.0823872,-2.909937384425277,-1.5081338264585362,0.19621706769558248,0.46746203303337097,0.533102810382843,0.0032344067003577948,0.8083179593086243
1787654883.2299268,-3.4171479071290776,-1.5066218845827917,0.19619208586745934,0.46746203303337097,0.533102810382843,2.015846575886826e-06,0.9305645823478699
1787654883.2300835,-2.9055034746436146,-1.4875437787921133,0.1962162947198366,0.46746203303337097,0.533102810382843,0.0030121938325464725,0.9227027297019958
1787654883.4312549,-3.4118890049453223,-1.5043126360333618,0.1961924191291782,0.46746203303337097,0.533102810382843,2.015846575886826e-06,0.7484722137451172
1787654883.4314852,-2.900143471935928,-1.4881723488652068,0.19621639955468165,0.46746203303337097,0.533102810382843,0.0034877778962254524,0.6950681805610657
1787654883.6300538,-3.4073853287025657,-1.4444344221698897,0.1961921967819303,0.46746203303337097,0.533102810382843,2.071568587780348e-06,0.8402531147003174
1787654883.6302283,-2.895389778026997,-1.44656879289891,0.1962156491221204,0.46746203303337097,0.533102810382843,0.003452553879469633,0.8096862435340881
1787654883.7798743,-3.4015553355337147,-1.4134873855532661,0.19619218909746014,0.46746203303337097,0.533102810382843,1.9504852843965637e-06,0.8404789566993713
1787654883.7800333,-2.88971325929424,-1.4262030630523772,0.19621535377071173,0.46746203303337097,0.533102810382843,0.0025600558146834373,0.8099312782287598
1787654883.981486,-3.3950925398620875,-1.3826460861618688,0.19619212765829291,0.46746188402175903,0.5331028699874878,2.008242518058978e-06,0.8410394191741943
1787654883.981695,-2.883622250696991,-1.4059300459163795,0.19621492070817304,0.46746203303337097,0.533102810382843,0.0028556573670357466,0.8105612397193909
1787654884.1298852,-3.388009097625119,-1.3519466905080337,0.19619213891080706,0.46746203303337097,0.533102810382843,1.6620027736280463e-06,0.8416559100151062
1787654884.1300337,-2.8771270921859964,-1.3857634910635053,0.196214913717427,0.46746203303337097,0.533102810382843,0.003801823826506734,0.8112573027610779
1787654884.331097,-3.3803113122103574,-1.3214083506778198,0.19619223443166448,0.46746188402175903,0.5331028699874878,1.8266674715050613e-06,0.8418292999267578
1787654884.3311872,-2.8702319505773217,-1.3657146067453805,0.19621480234659602,0.46746203303337097,0.533102810382843,0.003912905231118202,0.8114457130432129
1787654884.4800293,-3.3719894989354917,-1.291015213045591,0.1961922355131905,0.46746188402175903,0.5331028699874878,1.9481844901747536e-06,0.8422014117240906
1787654884.480192,-2.8629274964932283,-1.3457863473843978,0.19621487868697304,0.46746203303337097,0.533102810382843,0.003912905231118202,0.8118630051612854
1787654884.6799645,-3.3630551347060837,-1.2607948136625722,0.19619222769886704,0.46746188402175903,0.5331028699874878,1.9481844901747536e-06,0.9346384406089783
1787654884.6801403,-2.8552230374982868,-1.3259911366695025,0.19621485305807998,0.46746203303337097,0.533102810382843,0.005997239612042904,0.9271596074104309
1787654884.8320136,-3.3575624270771067,-1.2593280352076985,0.1961922675046459,0.46746188402175903,0.5331028699874878,1.9481844901747536e-06,0.7503709197044373
1787654884.83211,-2.850093275913699,-1.3272917027834081,0.19621478746935556,0.46746203303337097,0.533102810382843,0.005997239612042904,0.697345495223999
1787654884.9805639,-3.343372328486346,-1.200934550372179,0.196192319955211,0.46746203303337097,0.533102810382843,1.9273513771622675e-06,0.8430400490760803
1787654884.980724,-2.8386302329254196,-1.2868380803549866,0.19621479788939525,0.46746203303337097,0.533102810382843,0.006477502174675465,0.8128023147583008
1787654885.1800206,-3.33261713928461,-1.1712960082565307,0.1961922853048317,0.46746203303337097,0.533102810382843,1.8898709868153674e-06,0.8435381054878235
1787654885.1801617,-2.8297353102485885,-1.2674930223548626,0.19621473415318638,0.46746203303337097,0.533102810382843,0.007172929588705301,0.813368558883667
1787654885.3329968,-3.321276922187316,-1.1418933483811993,0.19619231757272762,0.46746203303337097,0.533102810382843,1.948211320268456e-06,0.8436590433120728
1787654885.3330956,-2.820460129358417,-1.2483195646719516,0.1962148255765865,0.46746203303337097,0.533102810382843,0.007814510725438595,0.8135017156600952
1787654885.530737,-3.3093376844321276,-1.1127137115801164,0.19619238370297049,0.46746203303337097,0.533102810382843,2.3959482859936543e-06,0.8441787958145142
1787654885.5309255,-2.8107929199670916,-1.2293203894319054,0.19621485303380654,0.46746203303337097,0.533102810382843,0.0076360017992556095,0.8140951991081238
1787654885.729943,-3.296825916725002,-1.0837963761393543,0.19619234058459462,0.46746203303337097,0.533102810382843,2.641511400724994e-06,0.8444008827209473
1787654885.7301068,-2.8007535128066943,-1.2105093177259771,0.19621481672608126,0.4911710321903229,0.5409435629844666,0.008512301370501518,0.814346194267273
1787654885.9377787,-3.2837345102335127,-1.0551352582544997,0.19619237824092367,0.46746203303337097,0.533102810382843,2.63539459410822e-06,0.8441041111946106
1787654885.9378867,-2.7903365025841045,-1.1918919968378072,0.19621473111812587,0.49268975853919983,0.5414625406265259,0.008632292971014977,0.8139968514442444
1787654886.0806224,-3.2700446967613837,-1.0267092046758646,0.1961923697257825,0.46746203303337097,0.533102810382843,2.6579305085761007e-06,0.8448058366775513
1787654886.0807092,-2.779529692688674,-1.173471019460715,0.19621474398428765,0.4944160282611847,0.5420549511909485,0.011006989516317844,0.8148051500320435
1787654886.280052,-3.25580736293633,-0.9985938495515504,0.19619241284700542,0.46746188402175903,0.5331028699874878,2.6626346425473457e-06,0.8450400233268738
1787654886.2802217,-2.768366584214989,-1.1552638426588522,0.19621475765870153,0.4926820397377014,0.5414594411849976,0.007837378419935703,0.8150714635848999
1787654886.485063,-3.241011679667385,-0.970771907507749,0.19619243446841755,0.46746203303337097,0.533102810382843,2.681800197024131e-06,0.8446708917617798
1787654886.4851472,-2.7568414519478956,-1.1372747305812205,0.19621476431645146,0.4926820397377014,0.5414594411849976,0.007837378419935703,0.8146390914916992
1787654886.6810277,-3.225630254395355,-0.943218494531996,0.1961924376962953,0.46746203303337097,0.533102810382843,2.5614124297135277e-06,0.8452271223068237
1787654886.6811476,-2.7449365606480565,-1.1195068160230206,0.19621474141604806,0.4926820397377014,0.5414594411849976,0.007837378419935703,0.815281093120575
1787654886.8298712,-3.2097182873039203,-0.9160019396409274,0.19619238878987819,0.46746188402175903,0.5331028699874878,2.6170600904151797e-06,0.84550541639328
1787654886.8300076,-2.732687806698775,-1.1019748410871135,0.1962147787811546,0.5190921425819397,0.5508424043655396,0.007806188892573118,0.8156003952026367
1787654887.0301447,-3.193271171717252,-0.889116528763993,0.19619242479539023,0.46746188402175903,0.5331028699874878,2.6170600904151797e-06,0.845531165599823
1787654887.0303228,-2.720093375975148,-1.0846843510621473,0.19621474522401838,0.5619817972183228,0.5678024291992188,0.007806188892573118,0.8156272768974304
1787654887.1837943,-3.176280028172908,-0.8625582293949703,0.19619248812746362,0.46746203303337097,0.533102810382843,2.6244438231515232e-06,0.8455866575241089
1787654887.1840189,-2.707147659843376,-1.0676407018093195,0.1962147129356975,0.5619817972183228,0.5678024291992188,0.007806188892573118,0.8156881928443909
1787654887.3800654,-3.1587555306582313,-0.8363402021746262,0.1961924658576769,0.46746203303337097,0.533102810382843,2.707475687202532e-06,0.8456735014915466
1787654887.3802044,-2.6938590151616726,-1.0508518088207617,0.19621467512758872,0.5618531107902527,0.5677246451377869,0.012434200383722782,0.8157870173454285
1787654887.5822577,-3.140704702073908,-0.8104756503846646,0.19619244125680818,0.46746203303337097,0.533102810382843,2.915364575528656e-06,0.8457337617874146
1787654887.5824869,-2.6802316411377376,-1.034325063280149,0.1962147666006931,0.581839919090271,0.5765020251274109,0.014024723321199417,0.815855085849762
1787654887.7839668,-3.122133864786573,-0.7849743303446851,0.19619246586666364,0.46746203303337097,0.533102810382843,2.8257757094252156e-06,0.8459360599517822
1787654887.7840738,-2.666270475204154,-1.0180678084679193,0.1962147108870068,0.581839919090271,0.5765020251274109,0.014024723321199417,0.816089391708374
1787654887.9805193,-3.1030598480576472,-0.7598545536637491,0.1961924266158657,0.46746203303337097,0.533102810382843,2.757192305580247e-06,0.845801591873169
1787654887.9806523,-2.6519863308014227,-1.0020872548630373,0.19621478270667478,0.6306694149971008,0.6011438369750977,0.014454863965511322,0.815929114818573
1787654888.1300752,-3.0834716528600623,-0.7351084631748506,0.19619244669022062,0.46746203303337097,0.533102810382843,2.6748903110274114e-06,0.9411259293556213
1787654888.1303267,-2.637375565886223,-0.9863897412090603,0.19621472051129146,0.6417287588119507,0.6074904203414917,0.016016557812690735,0.9340343475341797
1787654888.3302014,-3.0778796886545448,-0.7357236830980484,0.1961924562117246,0.46746203303337097,0.5331028699874878,2.752996351773618e-06,0.8463981747627258
1787654888.33042,-2.6330766350496293,-0.9892867778259434,0.19621472176930738,0.6705124974250793,0.6257723569869995,0.023222820833325386,0.8166253566741943
1787654888.5301023,-3.057839242120148,-0.7115068254787099,0.19619249820045814,0.46746203303337097,0.533102810382843,2.623135060275672e-06,0.7489473819732666
1787654888.5304573,-2.618222896245181,-0.9739596173212742,0.1962147149774356,0.6705124974250793,0.6257723569869995,0.023222820833325386,0.6965358257293701
1787654888.7301693,-3.021854810906335,-0.663348123687173,0.19619253141133033,0.46746188402175903,0.5331028699874878,2.8682579795713536e-06,0.9417387247085571
1787654888.730363,-2.591718776086172,-0.9410655899348854,0.1962146704760425,0.6704455018043518,0.6256541013717651,0.020944174379110336,0.9346233010292053
1787654888.8839555,-3.0162957420982166,-0.6642768672382339,0.19619249961825247,0.46746188402175903,0.5331028699874878,2.8682579795713536e-06,0.7477421164512634
1787654888.8840468,-2.5875893748403658,-0.9441962309467814,0.19621471625441295,0.6704455018043518,0.6256541013717651,0.020944174379110336,0.6952442526817322
1787654889.0800045,-2.978353547559675,-0.6175630945871251,0.19619241575417407,0.46746203303337097,0.533102810382843,2.929724132627598e-06,0.8468491435050964
1787654889.080172,-2.5597541600279445,-0.9123826194861469,0.19621469522547874,0.6720765829086304,0.6267516613006592,0.015683624893426895,0.8171519637107849
1787654889.2804978,-2.9559740630563507,-0.5953673855262243,0.19619250795193302,0.46746203303337097,0.533102810382843,2.9074315079924418e-06,0.8468859195709229
1787654889.2806022,-2.5433696485074453,-0.8985201466925348,0.1962146889664955,0.696118950843811,0.644511342048645,0.013516201637685299,0.8171947002410889
1787654889.4847229,-2.9331532167897287,-0.5736219801870241,0.19619253066115747,0.46746203303337097,0.5331028699874878,3.344716787978541e-06,0.8468201756477356
1787654889.4880056,-2.526708331148996,-0.8849843967463247,0.19621468566196396,0.696118950843811,0.644511342048645,0.013516201637685299,0.817115068435669
1787654889.6311545,-2.909893174993864,-0.5523291964516237,0.1961925152003823,0.46746188402175903,0.5331028699874878,3.7385439100035e-06,0.8467949032783508
1787654889.631315,-2.509774141717542,-0.8717799105199004,0.19621468024389224,0.7089508175849915,0.6550620794296265,0.01392884086817503,0.8170852065086365
1787654889.8302517,-2.8862045785007093,-0.5315023511135906,0.1961925283003048,0.46746203303337097,0.533102810382843,3.5259881769889034e-06,0.8466055989265442
1787654889.8303869,-2.4925733064276367,-0.8589140508999198,0.19621464528634108,0.745546281337738,0.6908006072044373,0.0075950296595692635,0.8168606162071228
1787654889.9849782,-2.8620842043672945,-0.511142497439585,0.1961925067520409,0.46746203303337097,0.533102810382843,3.4732108815660467e-06,0.8468536734580994
1787654889.9850993,-2.4751071238614197,-0.8463927601852997,0.1962146896053307,0.7520822286605835,0.6983809471130371,0.0075950296595692635,0.8171547055244446
1787654890.180133,-2.8375760855605496,-0.49127771687604604,0.19619257929153788,0.46746203303337097,0.533102810382843,3.4732108815660467e-06,0.8469417691230774
1787654890.1803029,-2.457398562941122,-0.8342194769580507,0.19621464309331965,0.7520822286605835,0.6983809471130371,0.0075950296595692635,0.8172579407691956
1787654890.3303218,-2.8126797088842106,-0.47190746827796326,0.19619255829207455,0.46746203303337097,0.533102810382843,3.906910933437757e-06,0.8469346165657043
1787654890.3311007,-2.4394509440722376,-0.8223989640782562,0.1962146626365469,0.7520822286605835,0.6983807682991028,0.010335713624954224,0.8172500133514404
1787654890.530181,-2.787395703022235,-0.45303721159221033,0.19619256806062615,0.46746188402175903,0.5331028699874878,3.6479552818491356e-06,0.8470692038536072
1787654890.5303614,-2.4212657921775858,-0.8109378792328861,0.19621464174819156,0.7576130628585815,0.705126166343689,0.010335713624954224,0.8174101710319519
1787654890.7301328,-2.7617467456309233,-0.43467913890821563,0.1961923967230701,0.46746203303337097,0.533102810382843,3.6206906770530622e-06,0.8469485640525818
1787654890.7303073,-2.402856454354797,-0.7998390468009238,0.19621465713854558,0.7771883010864258,0.7313507199287415,0.0008049714379012585,0.8172657489776611
1787654890.9302008,-2.73572253684946,-0.41683103858202986,0.19619234743542818,0.46746203303337097,0.533102810382843,3.6206906770530622e-06,0.8473333120346069
1787654890.9303944,-2.3842217044768947,-0.7891093811553859,0.1962145336567816,0.7664209604263306,0.7165473103523254,0.0010958337225019932,0.817726194858551
1787654891.0804167,-2.709376340957935,-0.39951966391765914,0.1961925157883734,0.46746188402175903,0.5331028699874878,3.1517383831669576e-06,0.8469491600990295
1787654891.0805843,-2.3653868211419105,-0.7787494224612094,0.19621469103499886,0.784913957118988,0.7446170449256897,3.359758693477488e-06,0.8172646164894104
1787654891.2801418,-2.6826539564471275,-0.3827213974619774,0.1961925792919576,0.46746203303337097,0.533102810382843,3.019736368514714e-06,0.847166895866394
1787654891.2802403,-2.3463332493637936,-0.7687685208816892,0.19621463223185542,0.784913957118988,0.7446170449256897,3.359758693477488e-06,0.8175274729728699
1787654891.430525,-2.655615708720954,-0.36646797366022277,0.1961925740130996,0.46746203303337097,0.533102810382843,3.0023843464732636e-06,0.8473420143127441
1787654891.4306889,-2.3270870501006904,-0.7591675025316833,0.19621469420745122,0.7734745740890503,0.7276111841201782,2.689042503334349e-06,0.8177366852760315
1787654891.6302145,-2.6282722406752668,-0.3507613058460558,0.19619257724733477,0.46746203303337097,0.533102810382843,2.6270474791090237e-06,0.8475163578987122
1787654891.6304212,-2.30765795717358,-0.749948581102221,0.19621467382262694,0.7767390608787537,0.7323397994041443,2.689042503334349e-06,0.8179458379745483
1787654891.8369935,-2.6006351490919704,-0.3356072891202737,0.19619258168725467,0.46746203303337097,0.533102810382843,2.704111011553323e-06,0.847144365310669
1787654891.8371074,-2.288053757143931,-0.7411154554001789,0.1962146754652519,0.7767390608787537,0.7323397994041443,2.689042503334349e-06,0.8174980282783508
1787654891.980432,-2.572663949931451,-0.3209962587377889,0.19619253117900662,0.46746203303337097,0.533102810382843,2.640168986545177e-06,0.8474290370941162
1787654891.9805923,-2.2682610081594916,-0.732679205376367,0.19621461181314873,0.7696700692176819,0.7222561836242676,2.689042503334349e-06,0.8178424835205078
1787654892.1801178,-2.544430250287909,-0.3069543693657334,0.19619259923617666,0.46746203303337097,0.533102810382843,2.2256110696616815e-06,0.8679485321044922
1787654892.18027,-2.2483110624202753,-0.7246353793360109,0.19621466328538112,0.7696700692176819,0.7222561836242676,2.689042503334349e-06,0.842274010181427
1787654892.3300784,-2.5187894843783756,-0.29423474999203103,0.19619434899186616,0.46746203303337097,0.533102810382843,2.2206561425264226e-06,0.8916674852371216
1787654892.3302305,-2.2299523680165922,-0.7169842264468458,0.19621355809602775,0.7651880979537964,0.7161600589752197,3.838470092887292e-06,0.8712303638458252
1787654892.5302203,-2.499157542162557,-0.28453700342709703,0.1961967488902845,0.46746203303337097,0.533102810382843,2.1715172806580085e-06,0.900962769985199
1787654892.5303426,-2.215243451697006,-0.7106083460406083,0.19621219683733143,0.7696700692176819,0.7222561836242676,3.838470092887292e-06,0.8833397626876831
1787654892.9303055,-2.482828955142694,-0.27622676908933824,0.19619939592876368,0.46746203303337097,0.533102810382843,2.2509377686219523e-06,0.9131637215614319
1787654892.9305406,-2.202385727018821,-0.7045906280679792,0.19621036809390924,0.7696700692176819,0.7222561836242676,3.838470092887292e-06,0.9038116335868835
1787654893.5824816,-2.460440536035292,-0.263713148248432,0.19620332136547966,0.46746203303337097,0.533102810382843,2.3034156129142502e-06,0.806942880153656
1787654893.5835562,-2.182550880303161,-0.6937379605823595,0.19620709606740547,0.7696700692176819,0.7222561836242676,3.838470092887292e-06,0.8012034296989441
1787654893.980159,-2.4185982106806576,-0.23676080011000517,0.1962042609197096,0.46746203303337097,0.533102810382843,2.276605528095388e-06,0.9062545895576477
1787654893.9803371,-2.142680395001046,-0.6680534605939523,0.19620606938800894,0.7519220113754272,0.6994522213935852,3.1067884265212342e-06,0.8946722745895386
1787654894.130249,-2.3850325008110818,-0.21605809507593018,0.19620503909119474,0.46746203303337097,0.533102810382843,2.3432264697476057e-06,0.9356078505516052
1787654894.1304152,-2.113399553994664,-0.6500621759316656,0.19620713615251933,0.7518874406814575,0.6996678113937378,2.703177415241953e-06,0.9507297873497009
1787654894.2909822,-2.3879893313048375,-0.2185490829317266,0.19620354762048353,0.46746203303337097,0.533102810382843,2.3432264697476057e-06,0.8528278470039368
1787654894.291121,-2.1134195299433727,-0.6507011674644695,0.1962073332208728,0.7518874406814575,0.6996678113937378,2.703177415241953e-06,0.8255451321601868
1787654894.5302072,-2.3470178048330084,-0.193790349120439,0.19620308715678772,0.46746203303337097,0.533102810382843,2.2710969460604247e-06,0.9137829542160034
1787654894.530326,-2.080503160508398,-0.6309561578759944,0.1962070403441958,0.7316965460777283,0.6773082613945007,2.1504524738702457e-06,0.9346561431884766
1787654894.6866934,-2.354827486630046,-0.1995322323500238,0.196202427457464,0.46746203303337097,0.533102810382843,2.2710969460604247e-06,0.8508131504058838
1787654894.6867943,-2.0834356445880804,-0.6336871218155332,0.19620755191230074,0.7316965460777283,0.6773082613945007,2.1504524738702457e-06,0.8227058053016663
1787654894.8802645,-2.3132606895417,-0.17521425923778952,0.19620279464552812,0.46746203303337097,0.533102810382843,2.283735739183612e-06,0.9432605504989624
1787654894.8804164,-2.05018974404157,-0.6144609753484754,0.19620722703857116,0.7187129855155945,0.6646273136138916,2.1177065718802623e-06,0.9372408390045166
1787654895.081083,-2.295971629138722,-0.16608655160936714,0.1962026265558772,0.46746203303337097,0.533102810382843,2.429703954476281e-06,0.9446858763694763
1787654895.0811803,-2.0348590678533904,-0.6065002552075544,0.196207310800499,0.7091702818870544,0.656019926071167,2.1177065718802623e-06,0.9377646446228027
1787654895.2355886,-2.2791049089657496,-0.15680816302462647,0.19620285103688587,0.46746203303337097,0.533102810382843,2.7530679744813824e-06,0.9458725452423096
1787654895.2357073,-2.0201847623310027,-0.5985143523032814,0.19620727489016068,0.6963915228843689,0.6453182101249695,3.6170922612654977e-06,0.9412463903427124
1787654895.4421337,-2.26526959212077,-0.14912101756853852,0.19620262283398027,0.46746203303337097,0.533102810382843,2.867532884920365e-06,0.9347018003463745
1787654895.442738,-2.007674377541772,-0.5916011927271732,0.19620681611479446,0.6963915228843689,0.6453182101249695,3.6170922612654977e-06,0.927182674407959
1787654895.7839603,-2.251686899445801,-0.1416491448246066,0.19620229492998092,0.46746203303337097,0.533102810382843,2.794206920953002e-06,0.9160975217819214
1787654895.7840612,-1.9957293247748655,-0.5850786431177335,0.19620577032351383,0.6963915228843689,0.6453182101249695,3.6170922612654977e-06,0.9096494913101196
1787654910.5321128,-2.1805968958118505,-0.10118940584543709,0.19620524371589562,0.46746203303337097,0.533102810382843,2.82073278867756e-06,0.48701754212379456
1787654910.5322077,-1.9245919525554966,-0.5445915585559282,0.19620535915187168,0.6280025839805603,0.5997916460037231,3.0464875635516364e-06,0.4749203324317932
1787654910.8808317,-2.0625242161343094,-0.034235220359709634,0.19620401393688328,0.46746203303337097,0.533102810382843,2.259325583509053e-06,0.8925326466560364
1787654910.8810325,-1.8108292632110983,-0.480098036326683,0.1962073280516816,0.5678935647010803,0.5703458786010742,3.4699003208515933e-06,0.8772096633911133
1787654911.0806623,-2.0201223122558316,-0.01219549304990597,0.19620216836585053,0.46746203303337097,0.533102810382843,2.3144666556618176e-06,0.919603168964386
1787654911.0807502,-1.7743252664457723,-0.46133668716244974,0.19620688068582703,0.5620116591453552,0.5678204298019409,2.9368227387749357e-06,0.9050067067146301
1787654911.2305622,-1.998615595464402,-0.001863413820976434,0.19620193906569774,0.46746203303337097,0.533102810382843,2.3144666556618176e-06,0.930574893951416
1787654911.2307,-1.7566085556310231,-0.45305804215459283,0.19620776788395874,0.5372759103775024,0.5577470064163208,3.841725629172288e-06,0.9176960587501526
1787654911.381012,-1.9767187594713007,0.008236145926764776,0.1962019581608148,0.46746203303337097,0.533102810382843,2.3144666556618176e-06,0.9325969219207764
1787654911.3811045,-1.7386822078910475,-0.4450657403242885,0.1962077043414777,0.5159464478492737,0.5496881008148193,3.841725629172288e-06,0.9233776330947876
1787654911.583977,-1.9549815730291829,0.017860334640156433,0.1962011645523059,0.46746203303337097,0.533102810382843,2.3377554043690907e-06,0.9313669800758362
1787654911.5840945,-1.7199194716039332,-0.43699107893183176,0.19620788094413116,0.4911710321903229,0.5409435629844666,3.2027458019001642e-06,0.9217634201049805
1787654911.7829432,-1.9328291869330159,0.027260538634629045,0.19620067132397848,0.46746203303337097,0.533102810382843,2.394725242993445e-06,0.9301159381866455
1787654911.7842767,-1.7008654170967763,-0.429178733808127,0.19620810689301663,0.4911710321903229,0.5409435629844666,3.2027458019001642e-06,0.9201494455337524
1787654911.930503,-1.9102641623087708,0.036415002065848134,0.19620038242204585,0.46746203303337097,0.533102810382843,2.221407839897438e-06,0.9288603067398071
1787654911.9306514,-1.681517939355593,-0.42164521823485496,0.19620830242163512,0.4911710321903229,0.5409435629844666,3.2027458019001642e-06,0.9185133576393127
1787654912.1305425,-1.8872931760047118,0.04531323770763471,0.19620037851136676,0.46746203303337097,0.533102810382843,1.951247213582974e-06,0.9275277853012085
1787654912.1306896,-1.6618895599371575,-0.4144010320289371,0.19620839356566552,0.49268975853919983,0.5414625406265259,2.900763774960069e-06,0.9165252447128296
1787654912.3326242,-1.8639032620801574,0.05402584266655258,0.1962002813467207,0.46746203303337097,0.533102810382843,1.1589623909458169e-06,0.9260966777801514
1787654912.3327477,-1.6420451843024264,-0.4074099527107993,0.19620860246130375,0.48982444405555725,0.5404852628707886,2.902177129726624e-06,0.9143012762069702
1787654912.4806447,-1.8400828498138204,0.06257429471636186,0.19619999106130603,0.46746203303337097,0.533102810382843,1.091491981242143e-06,0.9245854616165161
1787654912.4808109,-1.62201403081367,-0.4006642940290589,0.19620876776778434,0.4911710321903229,0.5409435629844666,2.979442115247366e-06,0.9119618535041809
1787654912.6304328,-1.8158274985472493,0.07094360833896196,0.19619956158124718,0.46746203303337097,0.533102810382843,1.1955767149629537e-06,0.9230000376701355
1787654912.6305897,-1.6018045727739731,-0.3941780823544123,0.19620904756301177,0.49268975853919983,0.5414625406265259,3.153895704599563e-06,0.9095337986946106
1787654912.880707,-1.7911318999764068,0.07911501757218714,0.19619918406568243,0.46746203303337097,0.533102810382843,1.1955767149629537e-06,0.921353816986084
1787654912.8808413,-1.5814187026558737,-0.38796567649113983,0.1962093290136987,0.49268975853919983,0.5414625406265259,3.153895704599563e-06,0.907031238079071
1787654913.030619,-1.7659941656854645,0.08706915137843335,0.19619897910712938,0.46746203303337097,0.533102810382843,8.782914733274083e-07,0.9196575284004211
1787654913.030746,-1.56086155889489,-0.3820412977923557,0.19620947120249352,0.4911710321903229,0.5409435629844666,3.1020060760056367e-06,0.9044666886329651
1787654913.181065,-1.740414953887482,0.09478476248582787,0.19619868115000344,0.46746203303337097,0.533102810382843,3.9723829559079604e-07,0.9179253578186035
1787654913.1840997,-1.5401403247982997,-0.37642015346757585,0.19620984072838527,0.46746203303337097,0.533102810382843,3.0771745969104813e-06,0.9018613696098328
1787654913.3824842,-1.714395793816031,0.10224089391401203,0.19619835969666136,0.46746203303337097,0.533102810382843,5.249621040093189e-07,0.988950788974762
1787654913.3828475,-1.5192611270932808,-0.3711156965181436,0.19621008342352705,0.46746203303337097,0.533102810382843,2.664988869582885e-06,0.9951592683792114
1787654913.5835435,-1.7146462679558483,0.09852886412230022,0.19619801149521363,0.46746203303337097,0.533102810382843,5.249621040093189e-07,0.8303073644638062
1787654913.5846288,-1.517825517398586,-0.37412914331937563,0.19621031355123933,0.46746203303337097,0.533102810382843,2.664988869582885e-06,0.789629340171814
1787654913.8332431,-1.6610539999259986,0.1162852627902023,0.196197700632213,0.46746203303337097,0.533102810382843,3.99165259068468e-07,0.9126369953155518
1787654913.8333523,-1.4770589286103595,-0.3615115701480377,0.1962105746553692,0.46746203303337097,0.533102810382843,2.1076873508718563e-06,0.8939577341079712
1787654913.9821136,-1.6337444983187133,0.12282789990759359,0.1961973945027247,0.46746203303337097,0.533102810382843,2.7583163841882197e-07,0.910887598991394
1787654913.983099,-1.4557523613847032,-0.3572375112685606,0.1962108828167405,0.46746203303337097,0.533102810382843,2.1076873508718563e-06,0.8913528323173523
1787654914.180542,-1.6060210976504092,0.1290193295109626,0.19619701226969063,0.46746203303337097,0.533102810382843,2.9456103334268846e-07,0.9091641306877136
1787654914.180682,-1.4343204301863919,-0.3533320782768098,0.19621106805252705,0.46746203303337097,0.533102810382843,2.1380340058385627e-06,0.8887888789176941
1787654914.3306568,-1.5778941590505322,0.1348362818202783,0.19619661390132764,0.46746203303337097,0.533102810382843,4.2064328908963944e-07,0.9904260039329529
1787654914.330823,-1.4127715939900416,-0.3498064095399844,0.1962114100229897,0.46746203303337097,0.533102810382843,2.2026752048986964e-06,0.9921221733093262
1787654914.53053,-1.5767370952632664,0.13113424461276288,0.19619635881105252,0.46746203303337097,0.533102810382843,8.517972105437366e-07,0.8217014074325562
1787654914.5307236,-1.4111902709848498,-0.35336369009725366,0.1962116251034518,0.46746203303337097,0.533102810382843,2.2026752048986964e-06,0.7768402099609375
1787654914.7306159,-1.5204845767236248,0.14524903704974204,0.19619606456739816,0.46746203303337097,0.533102810382843,4.3340267552594014e-07,0.904253363609314
1787654914.7307665,-1.369363696357717,-0.34394057779162746,0.1962118375043296,0.46746203303337097,0.533102810382843,1.4905160696798703e-06,0.8814809918403625
1787654914.8805254,-1.4912309698158865,0.14979790362033318,0.19619570367682795,0.46746203303337097,0.533102810382843,8.512201929988805e-07,0.9027284979820251
1787654914.880664,-1.3475231302292707,-0.34162050931536014,0.19621210830881478,0.46746203303337097,0.533102810382843,1.4905160696798703e-06,0.8792065978050232
1787654915.0806918,-1.4616340816047608,0.15387777218854504,0.19619543686758262,0.46746203303337097,0.533102810382843,1.3380974905885523e-06,0.9012661576271057
1787654915.0809317,-1.3256056760739652,-0.339721531500968,0.19621234772936164,0.46746203303337097,0.533102810382843,1.52535437791812e-06,0.8770290613174438
1787654915.280704,-1.4317108843676136,0.15746358329223986,0.19619509730673626,0.46746203303337097,0.533102810382843,6.738128490724193e-07,0.8998733758926392
1787654915.2808228,-1.3036189000534422,-0.3382545253638254,0.1962125590238443,0.46746203303337097,0.533102810382843,1.4007307527208468e-06,0.8749493360519409
1787654915.4305375,-1.4014813418748655,0.16053398009641398,0.19619487668710142,0.46746203303337097,0.533102810382843,7.603729272886994e-07,0.898553729057312
1787654915.4306786,-1.2815745585909941,-0.33722737135775926,0.19621279398869138,0.46746203303337097,0.533102810382843,8.832819844428741e-07,0.8729693293571472
1787654915.630609,-1.3709651392632207,0.16307139759510625,0.19619465549730508,0.46746203303337097,0.533102810382843,4.2698459878920403e-07,0.9769889116287231
1787654915.6307502,-1.2594843076604214,-0.3366445455664596,0.196212966560319,0.46746203303337097,0.533102810382843,8.832819844428741e-07,0.9737595319747925
1787654915.8358204,-1.3683901473387985,0.15904733493594736,0.19619425307780455,0.46746203303337097,0.533102810382843,4.2698459878920403e-07,0.8111663460731506
1787654915.8360295,-1.2580517177244357,-0.3409220947197997,0.19621322524933035,0.46746203303337097,0.533102810382843,9.62212311605981e-07,0.7615278959274292
1787654915.9806209,-1.3091543735126023,0.16645494303503766,0.19619410830047398,0.46746203303337097,0.533102810382843,4.529221087068436e-07,0.8950073719024658
1787654915.9807646,-1.21519969974381,-0.33685064893300093,0.19621336192627117,0.46746203303337097,0.533102810382843,8.48684749144013e-07,0.8676565885543823
1787654916.1806638,-1.2779027734728414,0.16726336926041502,0.19619386168213812,0.46746203303337097,0.533102810382843,3.535652695063618e-07,0.89396733045578
1787654916.180842,-1.1930266157997713,-0.3376525024147136,0.19621358986528628,0.46746203303337097,0.533102810382843,3.0416282470469014e-07,0.8660935163497925
1787654916.3806238,-1.2464507383417454,0.16745981826193596,0.19619371788225556,0.46746203303337097,0.533102810382843,4.404714957217948e-07,0.8932075500488281
1787654916.380782,-1.170847616160164,-0.33892755076979647,0.19621375576900327,0.46746203303337097,0.533102810382843,4.442808290150424e-07,0.8649391531944275
1787654916.5306306,-1.2148658862427069,0.16703644095457065,0.1961935382598367,0.46746203303337097,0.533102810382843,4.404714957217948e-07,0.8931411504745483
1787654916.5307329,-1.148687450409971,-0.3406686055198294,0.19621391372743335,0.46746203303337097,0.533102810382843,7.254685101543146e-07,0.8647890090942383
1787654916.7306,-1.1833072103745998,0.16600991659823505,0.19619345428161125,0.46746203303337097,0.533102810382843,4.709759480192588e-07,0.8927046656608582
1787654916.7307603,-1.1266023669535208,-0.34284031707705553,0.1962139772705104,0.46746203303337097,0.533102810382843,1.818902455852367e-05,0.8641078472137451
1787654916.8805618,-1.1517040975280335,0.16435953248710095,0.19619337167722378,0.46746203303337097,0.533102810382843,5.560444265029219e-07,0.8929904103279114
1787654916.8807268,-1.1045708724676035,-0.34546637767280003,0.19621398796774475,0.46746203303337097,0.533102810382843,2.220839996880386e-05,0.8644641041755676
1787654917.0807307,-1.1202221804856738,0.16212359233494272,0.19619335213455108,0.46746203303337097,0.533102810382843,6.120255875430303e-07,0.892720103263855
1787654917.0808897,-1.082653390489542,-0.3484962129917118,0.19621400149128176,0.46746203303337097,0.533102810382843,1.9929937479901128e-05,0.8640279769897461
1787654917.283082,-1.088751771171027,0.1592670937641552,0.19619326108932403,0.46746203303337097,0.533102810382843,6.454448566728388e-07,0.9727892875671387
1787654917.2831829,-1.0608136450478007,-0.35197009255607786,0.196214047959108,0.46746203303337097,0.533102810382843,0.00011933378846151754,0.9669917225837708
1787654917.4308684,-1.086163656647671,0.15455692777811872,0.19619319528814408,0.46746203303337097,0.533102810382843,6.454448566728388e-07,0.8926813006401062
1787654917.4310477,-1.06021526403542,-0.35678511086507403,0.1962141013678608,0.46746203303337097,0.533102810382843,0.00011695117427734658,0.8638794422149658
1787654917.630675,-1.0548743671903165,0.15103579688497037,0.19619324640371502,0.46746203303337097,0.533102810382843,1.1660333711915882e-06,0.8045505881309509
1787654917.630846,-1.0386022228543783,-0.36070556052285385,0.1962141535307663,0.46746203303337097,0.533102810382843,0.00011933378846151754,0.7528287172317505
1787654917.8306541,-0.9947909088650113,0.14705557670784397,0.19619319840358307,0.46746203303337097,0.533102810382843,1.4545771591656376e-06,0.8925391435623169
1787654917.8307917,-0.9959283426279997,-0.3649431594301954,0.19621411455144067,0.46746203303337097,0.533102810382843,0.000257342413533479,0.8635770678520203
1787654917.9806442,-0.9636646210838767,0.14177613177948964,0.19619326251244462,0.46746203303337097,0.533102810382843,1.66802078638284e-06,0.8922817707061768
1787654917.9807928,-0.9745362412532567,-0.3701084327847245,0.19621413827684192,0.46746203303337097,0.533102810382843,0.000257342413533479,0.8631443381309509
1787654918.1327157,-0.9326028232588578,0.13587755295403986,0.19619320567057524,0.46746203303337097,0.533102810382843,1.7731917978380807e-06,0.8923941254615784
1787654918.135975,-0.953260540603356,-0.3757055373408004,0.19621414596866477,0.46746203303337097,0.533102810382843,0.0003199259517714381,0.8632726073265076
1787654918.3320239,-0.9016993994509337,0.12938739943573901,0.19619312042155754,0.46746203303337097,0.533102810382843,1.7463337371736998e-06,0.9738186001777649
1787654918.3322282,-0.9321299475305973,-0.3817074853947133,0.19621418503641355,0.46746203303337097,0.533102810382843,0.0003656481858342886,0.967544436454773
1787654918.4806983,-0.8996885183005262,0.12434187908346678,0.19619307574272835,0.46746203303337097,0.533102810382843,1.6759261143306503e-06,0.8026138544082642
1787654918.4808552,-0.9322462453353587,-0.38662191020522135,0.19621419612449295,0.46746203303337097,0.533102810382843,0.0003656481858342886,0.7506127953529358
1787654918.6807652,-0.8402873552280902,0.11459791992454868,0.1961930385208681,0.46746203303337097,0.533102810382843,1.9196579614799703e-06,0.8923621773719788
1787654918.6809268,-0.890300340132692,-0.3949535503818564,0.19621424023920198,0.46746203303337097,0.533102810382843,0.00031512812711298466,0.8630996346473694
1787654918.8306093,-0.8098405601948049,0.10631989369279365,0.19619306128241606,0.46746203303337097,0.533102810382843,1.7519030279800063e-06,0.892108678817749
1787654918.8307803,-0.8696255073027381,-0.40217765757835805,0.19621428730424986,0.46746203303337097,0.533102810382843,0.002603769302368164,0.8626717925071716
1787654918.9809415,-0.7795132946627057,0.09742512366842374,0.19619305115202937,0.46746203303337097,0.533102810382843,1.1966876627411693e-06,0.892112672328949
1787654918.982016,-0.8491031551163821,-0.40982358344813496,0.19621427890607188,0.46746203303337097,0.533102810382843,0.004015186335891485,0.8626381158828735
1787654919.184101,-0.7493742561345843,0.08794148339034516,0.19619301405656223,0.46746203303337097,0.533102810382843,1.14401677819842e-06,0.8921024203300476
1787654919.184207,-0.8287545876557406,-0.4178675344384536,0.1962142427459118,0.46746203303337097,0.533102810382843,0.004197676666080952,0.8625856637954712
1787654919.382019,-0.719431499387436,0.07786993321441149,0.19619294427177345,0.46746203303337097,0.533102810382843,1.1154933190482552e-06,0.9754628539085388
1787654919.3821092,-0.808585572419706,-0.42630816111871106,0.19621430726892788,0.46746203303337097,0.533102810382843,0.004196392372250557,0.9688506722450256
1787654919.5307624,-0.7180574733838324,0.0725836195348887,0.19619296934099142,0.46746203303337097,0.533102810382843,1.1154933190482552e-06,0.8921024203300476
1787654919.5309346,-0.8093993307379436,-0.431202708824031,0.19621427051343712,0.46746203303337097,0.533102810382843,0.004196392372250557,0.8625139594078064
1787654919.7316294,-0.6884354092438824,0.0618988816062106,0.19619290633335187,0.46746203303337097,0.533102810382843,1.1156352002217318e-06,0.8000317811965942
1787654919.7317991,-0.7895311945521798,-0.4400210738993724,0.19621431129199676,0.46746203303337097,0.533102810382843,0.004196392372250557,0.7477573752403259
1787654919.8806863,-0.6309310122980002,0.04418719108579916,0.19619293694809398,0.46746203303337097,0.533102810382843,9.904717899189563e-07,0.8921293020248413
1787654919.880856,-0.7492336746949054,-0.45395784764758895,0.19621427037530087,0.46746203303337097,0.533102810382843,0.00422035763040185,0.8624892234802246
1787654920.0306752,-0.6018978233233704,0.03181090405093387,0.19619289328562575,0.46746203303337097,0.533102810382843,1.0987319001287688e-06,0.8922303318977356
1787654920.0308428,-0.7298550828379918,-0.4639419973797112,0.19621435499342502,0.46746203303337097,0.533102810382843,0.00422035763040185,0.8626112937927246
1787654920.1822684,-0.5731413943579285,0.018884178693970938,0.196189935801429,0.46746203303337097,0.533102810382843,9.652189874032047e-07,0.892102837562561
1787654920.1824167,-0.7106979849683736,-0.47429143280330277,0.19621451059715037,0.46746203303337097,0.533102810382843,0.004515860229730606,0.862376868724823
1787654920.3807085,-0.5446173575386276,0.005376995258809386,0.19619330438703275,0.46746203303337097,0.533102810382843,8.332932566190721e-07,0.9032419919967651
1787654920.3816822,-0.6917541590814401,-0.485025656702471,0.19621741028583484,0.46746203303337097,0.533102810382843,0.008696909993886948,0.8776322603225708
1787654920.5825646,-0.5188411951852578,-0.006794438597104324,0.1961952930646722,0.46746203303337097,0.533102810382843,1.0436943966851686e-06,0.9122610688209534
1787654920.5826583,-0.6742147011030561,-0.49465002507701433,0.1962152719269326,0.46746203303337097,0.533102810382843,0.010364625602960587,0.8922651410102844
1787654920.780715,-0.49918485593872197,-0.016127219209625898,0.19619721610855675,0.46746203303337097,0.533102810382843,1.03460490663565e-06,0.9087002873420715
1787654920.780937,-0.6599776419989076,-0.5022235879628947,0.1962125748020778,0.46746203303337097,0.533102810382843,0.010364625602960587,0.8913750052452087
1787654921.732251,-0.46604011428201886,-0.031679970583938066,0.1962004827397231,0.46746203303337097,0.533102810382843,1.0483169035069295e-06,0.3730223476886749
1787654921.7328827,-0.6335344838959333,-0.5155080764755615,0.19621032964146687,0.46746203303337097,0.533102810382843,0.011337331496179104,0.3884292244911194
1787654923.2309294,-0.3454795712831325,-0.0748144259261252,0.19619804698042126,0.46746203303337097,0.533102810382843,1.3689322031495976e-06,5.6830333051038906e-05
1787654923.2310514,-0.5122148728403416,-0.5589046439356613,0.19620453591957998,0.46746203303337097,0.533102810382843,0.014393748715519905,5.891811815672554e-05
1787654924.3306673,-0.13275098632375504,-0.1480881225092332,0.1962059978527224,0.46746203303337097,0.533102810382843,1.9287435861770064e-06,0.2840869426727295
1787654924.330824,-0.2994846898925034,-0.6321788909439219,0.19620274801422888,0.46746203303337097,0.533102810382843,0.014693943783640862,0.2679572105407715
1787654924.6808167,0.03694731050038212,-0.20720875845195502,0.1962019354412693,0.46746203303337097,0.533102810382843,5.124131348566152e-05,0.8507733345031738
1787654924.6809924,-0.13623501933263932,-0.6890301782779353,0.19620745657836391,0.48980796337127686,0.5404791235923767,0.006718889344483614,0.828973650932312
1787654924.8307831,0.08880608747256473,-0.22756659915076632,0.19619735918281744,0.46746203303337097,0.533102810382843,5.349257480702363e-05,0.8928055763244629
1787654924.8321414,-0.09325922116640815,-0.70610209764737,0.19620565391369055,0.4926687479019165,0.541454553604126,0.004700296558439732,0.8732002973556519
1787654925.0306978,0.1149469775805256,-0.23877329697477132,0.1961987564539941,0.46746203303337097,0.533102810382843,5.581558798439801e-05,0.9099600911140442
1787654925.0308404,-0.07257926923414973,-0.7151952808531615,0.19620449930898176,0.49114790558815,0.5409348607063293,0.004658471327275038,0.8932534456253052
1787654925.1808767,0.14102773762375614,-0.25047535734015713,0.19620038320042496,0.46746203303337097,0.533102810382843,7.373395783361048e-05,0.9108262062072754
1787654925.181043,-0.05203061127106875,-0.7246825629844839,0.19620646623266022,0.49266356229782104,0.5414524674415588,0.0045564365573227406,0.8978840112686157
1787654925.3809483,0.1665371711947754,-0.26242320284862164,0.19619719265962415,0.46746203303337097,0.533102810382843,5.921654883422889e-05,0.9100399613380432
1787654925.3811631,-0.03092633325560691,-0.7348130464982303,0.19620237649210892,0.49114322662353516,0.5409331917762756,0.00394405098631978,0.8967991471290588
1787654925.531133,0.19208470505156716,-0.2749262715596026,0.1961955324141385,0.46746203303337097,0.533102810382843,4.777256981469691e-05,0.9093019366264343
1787654925.53131,-0.009858762973142476,-0.7454183923106767,0.19620130387907614,0.49635380506515503,0.5427212119102478,0.0035378902684897184,0.8957939743995667
1787654925.7308128,0.21764648091706362,-0.2879855359147743,0.1961976201185231,0.46746203303337097,0.533102810382843,4.777256981469691e-05,0.9086176156997681
1787654925.7310004,0.011158930809107112,-0.7565011617267536,0.19620213936654896,0.49437415599823,0.5420387387275696,0.0028543120715767145,0.8948653340339661
1787654925.8810523,0.24319337335687222,-0.3015987984397239,0.19619613894484061,0.46746203303337097,0.533102810382843,4.744248144561425e-05,0.9079804420471191
1787654925.8811424,0.0321061991702882,-0.7680601632130533,0.19620436851580586,0.49264273047447205,0.5414445400238037,0.00039141863817349076,0.8940078020095825
1787654926.030748,0.2687042794987997,-0.31576999879217904,0.19619436016185646,0.46746203303337097,0.533102810382843,4.393153722048737e-05,0.9073798060417175
1787654926.0309188,0.052970447507624946,-0.7801006069794366,0.19620026398779092,0.4911249876022339,0.5409262180328369,0.0003931871906388551,0.8932218551635742
1787654926.2307646,0.2941525618372426,-0.33049893203716696,0.19619339658335777,0.46746203303337097,0.533102810382843,8.47048249852378e-06,0.9809718728065491
1787654926.2309,0.07373663396214314,-0.7926253418957812,0.1962004780432941,0.4926375448703766,0.5414425134658813,0.0003166472597513348,0.9890350103378296
1787654926.380857,0.2935504221424286,-0.33325186105123106,0.19619629341149572,0.46746203303337097,0.533102810382843,8.47048249852378e-06,0.8149390816688538
1787654926.3810256,0.0752995370309814,-0.796404698828446,0.19619893589344775,0.4926375448703766,0.5414425134658813,0.0003166472597513348,0.7777356505393982
1787654926.5808418,0.34490997517673144,-0.36142536207467996,0.19619288236471444,0.46746203303337097,0.533102810382843,5.604818397841882e-06,0.981174111366272
1787654926.5810342,0.11483646921343137,-0.8188203574765862,0.19619880229023784,0.4911206066608429,0.5409244894981384,0.00022939449991099536,0.9880070090293884
1787654926.7307558,0.3445180828119636,-0.36449975462501016,0.1961915924634917,0.46746203303337097,0.533102810382843,6.518628197227372e-06,0.8134599328041077
1787654926.7308745,0.11624171160442624,-0.8227943087075626,0.19619841837215038,0.4911206066608429,0.5409244894981384,0.00022939449991099536,0.7750216722488403
1787654926.9314437,0.39549996260156495,-0.394118876911812,0.19619315658886272,0.46746203303337097,0.533102810382843,7.377406745945336e-06,0.9819822311401367
1787654926.9316573,0.155175090684726,-0.8462117389481911,0.19619897985510037,0.48977160453796387,0.5404654741287231,0.00021636340534314513,0.9878582954406738
1787654927.1309214,0.3941359195588785,-0.3966320482504839,0.1961890626101918,0.46746203303337097,0.533102810382843,7.377406745945336e-06,0.8318525552749634
1787654927.1311576,0.1553260123251181,-0.8495269897691216,0.1962014655345194,0.49111366271972656,0.5409219264984131,0.0002016402140725404,0.7936772108078003
1787654927.2890007,0.43939447899666273,-0.424165919588304,0.19619464143389453,0.46746203303337097,0.533102810382843,7.195541456894716e-06,0.9308460354804993
1787654927.289198,0.18888064101800772,-0.8706934291824886,0.19620716419733142,0.49110448360443115,0.5409185290336609,1.1379871693861787e-06,0.9150181412696838
1787654927.4309537,0.4574531776382269,-0.4368580642948671,0.19619353180974872,0.46746203303337097,0.533102810382843,3.336224096983642e-07,0.937666654586792
1787654927.4316661,0.20214054509172466,-0.8806592129673061,0.1962034916502298,0.49110448360443115,0.5409185290336609,1.1379871693861787e-06,0.9216371774673462
1787654927.6311867,0.47366432794681657,-0.44824205111509796,0.19619302702383537,0.46746203303337097,0.533102810382843,2.8806920226998045e-07,0.9450995922088623
1787654927.6314185,0.21357274223803324,-0.8892594735807764,0.19620421719370415,0.49110448360443115,0.5409185290336609,1.1379871693861787e-06,0.9297210574150085
1787654927.830932,0.48782418305936603,-0.45835831308852976,0.1961949838394488,0.46746188402175903,0.5331028699874878,2.1543712591665098e-07,0.9527112245559692
1787654927.831091,0.223207440515275,-0.8966755263773667,0.19620498696139135,0.49110448360443115,0.5409185290336609,1.1379871693861787e-06,0.9379866123199463
1787654930.1808877,0.5845415037570071,-0.5283341159415051,0.1962006539805419,0.46746203303337097,0.533102810382843,1.612732035027875e-06,0.9551602602005005
1787654930.1810694,0.2697778508529344,-0.932150711442103,0.19620361893195257,0.46746203303337097,0.533102810382843,7.630948175574304e-07,0.934681236743927
1787654930.3824089,0.5945182807179035,-0.538054813743674,0.19620218620231664,0.46746203303337097,0.533102810382843,1.612732035027875e-06,0.9521697163581848
1787654930.3824778,0.2744324565336558,-0.9376659561694396,0.19620452401018404,0.46746188402175903,0.5331028699874878,8.633242600808444e-07,0.9322640299797058
1787654930.5310347,0.6050816601986361,-0.5493785280851832,0.19620029460335683,0.46746188402175903,0.5331028699874878,1.6158344351424603e-06,0.9471949934959412
1787654930.5323977,0.27986183871940495,-0.944822667898834,0.19620230925554186,0.46746188402175903,0.5331028699874878,8.633242600808444e-07,0.9289443492889404
1787654930.7397952,0.6167632027880099,-0.5623533701188008,0.19619919932579793,0.46746188402175903,0.5331028699874878,1.6158344351424603e-06,0.9405335783958435
1787654930.7399638,0.28684097266454756,-0.9538828351381283,0.19620879309909528,0.46746188402175903,0.5331028699874878,8.633242600808444e-07,0.924236536026001
1787654930.930952,0.629902087351071,-0.5770746546065159,0.19620097660658967,0.46746203303337097,0.533102810382843,2.616839083202649e-06,0.9330346584320068
1787654930.9311218,0.295757799951871,-0.9650071166703723,0.19620966887225358,0.46746203303337097,0.533102810382843,7.795636634000402e-07,0.9176719188690186
1787654931.0810242,0.644693775259831,-0.5933861585928679,0.19620238923137368,0.46746203303337097,0.533102810382843,2.671551101229852e-06,0.9253359436988831
1787654931.0811749,0.3065509507041222,-0.9778382754399659,0.1962096880396334,0.46746203303337097,0.533102810382843,7.795636634000402e-07,0.9105158448219299
1787654931.2313359,0.6611123881762007,-0.611373260401979,0.19620349031735787,0.46746203303337097,0.533102810382843,2.8987053610762814e-06,0.9712362885475159
1787654931.231513,0.31909733594499456,-0.9923846827659728,0.19621217660684678,0.46746188402175903,0.5331028699874878,5.218623186920013e-07,0.9788957834243774
1787654931.4308982,0.6563885882695101,-0.6108083692690114,0.19619974079721159,0.46746203303337097,0.533102810382843,2.8987053610762814e-06,0.8364027142524719
1787654931.4310453,0.31597962516042044,-0.993255408349518,0.19621129708641066,0.46746188402175903,0.5331028699874878,5.218623186920013e-07,0.7965705990791321
1787654931.6310527,0.6925809543196771,-0.6478988291614778,0.19619834178737286,0.46746203303337097,0.533102810382843,2.433997224216e-06,0.9282556176185608
1787654931.6312058,0.3421284268015202,-1.0211641848717905,0.1962118543490465,0.46746188402175903,0.5331028699874878,7.706974542998069e-07,0.909630537033081
1787654931.7808743,0.7073227913605344,-0.666316136173488,0.19619769444273374,0.46746203303337097,0.533102810382843,2.2888375497132074e-06,0.9268902540206909
1787654931.781064,0.35228486661626374,-1.0352227256943578,0.19621188465331665,0.46746188402175903,0.5331028699874878,7.706974542998069e-07,0.9070048332214355
1787654931.9819834,0.7219934508840387,-0.6854129858957728,0.19619719888094714,0.46746203303337097,0.533102810382843,2.6857612738240277e-06,0.9277536273002625
1787654931.9820902,0.362138889820567,-1.0496226709063476,0.1962122426157256,0.46746188402175903,0.5331028699874878,7.706974542998069e-07,0.9077588319778442
1787654932.1309655,0.7364126601875169,-0.7039833097298936,0.19619737955144737,0.46746188402175903,0.5331028699874878,2.313421873623156e-06,0.929175078868866
1787654932.1311624,0.3717844454433334,-1.0634137825775023,0.19621155749050237,0.46746188402175903,0.5331028699874878,4.597432052833028e-07,0.9115378856658936
1787654932.280846,0.7480460469727236,-0.7194123259568517,0.1961987313420842,0.46746188402175903,0.5331028699874878,2.313421873623156e-06,0.9178165793418884
1787654932.2810102,0.37992522892228375,-1.0752649122769438,0.1962100085921648,0.46746203303337097,0.533102810382843,4.304485514694534e-07,0.8989748358726501
1787654932.6850238,0.7588753459774082,-0.7334864400463954,0.19619964087560357,0.46746203303337097,0.533102810382843,2.2468827864940977e-06,0.902360737323761
1787654932.6851234,0.3877840221340423,-1.0862402200012462,0.19620942570069813,0.46746188402175903,0.5331028699874878,7.143143534449337e-07,0.890982449054718
